=~=~=~=~=~=~=~=~=~=~=~= PuTTY log 2026.08.11 11:41:03 =~=~=~=~=~=~=~=~=~=~=~=
115,11314389,99833.62,27.49,-0.724,-0.622,-0.353
117,11374389,99835.91,27.49,-0.697,-0.815,0.391
119,11434389,99833.64,27.50,-0.666,-0.624,0.524
121,11494389,99834.03,27.49,-0.623,-0.657,0.521
153,12574397,99832.55,27.48,-0.628,-0.532,-0.517
155,12634423,99833.67,27.49,-0.619,-0.627,0.097
157,12694427,99836.09,27.49,-0.629,-0.831,0.234
159,12754397,99832.49,27.49,-0.613,-0.527,-0.074
161,12814415,99831.17,27.49,-0.602,-0.416,-0.035
163,12874407,99834.50,27.49,-0.644,-0.697,0.005
165,12934419,99833.88,27.50,-0.647,-0.644,-0.326
167,12994397,99835.16,27.50,-0.714,-0.752,-0.435
169,13054397,99832.04,27.50,-0.677,-0.489,-0.619
171,13114415,99832.88,27.50,-0.658,-0.559,0.327
173,13174397,99831.67,27.50,-0.636,-0.458,0.358
175,13234422,99835.75,27.50,-0.690,-0.802,0.097
177,13294426,99835.94,27.50,-0.706,-0.818,-0.442
179,13354397,99833.80,27.50,-0.686,-0.638,-0.216
181,13414415,99837.05,27.51,-0.707,-0.913,0.137
183,13474397,99835.96,27.50,-0.727,-0.820,-0.214
185,13534423,99832.88,27.50,-0.684,-0.559,-0.215
187,13594397,99835.35,27.50,-0.697,-0.768,0.347
189,13654408,99834.37,27.51,-0.714,-0.685,-0.115
191,13714415,99835.29,27.51,-0.744,-0.763,-0.384
193,13774397,99835.62,27.51,-0.746,-0.792,-0.288
195,13834423,99834.01,27.51,-0.701,-0.655,0.141
197,13894452,99836.70,27.51,-0.746,-0.882,0.290
199,13954397,99835.84,27.51,-0.725,-0.809,-0.232
201,14014415,99830.02,27.51,-0.682,-0.318,0.072
203,14074397,99835.89,27.51,-0.723,-0.814,0.259
205,14134423,99837.48,27.51,-0.726,-0.949,-0.022
207,14194397,99836.38,27.51,-0.716,-0.856,0.015
209,14254397,99834.21,27.51,-0.682,-0.672,0.126
211,14314415,99833.69,27.51,-0.687,-0.628,0.212
213,14374397,99833.40,27.51,-0.679,-0.604,-0.013
215,14434431,99836.34,27.51,-0.722,-0.852,-0.025
217,14494426,99834.73,27.51,-0.710,-0.717,-0.327
219,14554397,99830.66,27.51,-0.655,-0.371,0.100
221,14614415,99830.32,27.51,-0.601,-0.344,0.699
223,14674397,99831.66,27.51,-0.586,-0.457,0.801
225,14734423,99837.27,27.51,-0.650,-0.931,0.227
227,14794397,99837.85,27.51,-0.668,-0.980,-0.468
229,14854397,99835.39,27.51,-0.683,-0.772,-0.456
231,14914415,99833.30,27.51,-0.644,-0.596,-0.200
233,14974397,99831.57,27.51,-0.627,-0.449,0.311
235,15034422,99837.93,27.51,-0.722,-0.987,-0.086
237,15094427,99833.98,27.51,-0.741,-0.653,-1.016
239,15154397,99836.66,27.51,-0.742,-0.879,-0.383
241,15214425,99832.48,27.51,-0.701,-0.526,0.134
243,15274397,99833.31,27.51,-0.669,-0.596,0.464
245,15334422,99836.84,27.51,-0.739,-0.895,0.220
247,15394410,99835.75,27.51,-0.720,-0.802,-0.496
249,15454397,99837.31,27.51,-0.736,-0.934,0.069
251,15514415,99832.86,27.51,-0.723,-0.558,-0.234
253,15574397,99835.37,27.51,-0.704,-0.770,0.130
255,15634423,99833.96,27.51,-0.720,-0.651,0.187
257,15694427,99835.84,27.51,-0.727,-0.809,-0.173
259,15754397,99836.73,27.51,-0.766,-0.885,-0.177
261,15814415,99835.32,27.51,-0.779,-0.766,-0.542
263,15874397,99831.15,27.51,-0.710,-0.413,-0.076
265,15934423,99832.44,27.51,-0.702,-0.522,0.644
267,15994409,99833.19,27.51,-0.712,-0.586,0.209
269,16054397,99833.02,27.51,-0.705,-0.571,-0.036
271,16114415,99831.47,27.51,-0.668,-0.440,0.194
273,16174397,99836.11,27.50,-0.702,-0.832,0.383
275,16234423,99834.98,27.50,-0.667,-0.738,0.055
277,16294427,99834.82,27.50,-0.679,-0.724,0.210
279,16354397,99838.59,27.50,-0.695,-1.042,0.009
281,16414415,99837.62,27.50,-0.734,-0.960,-0.266
283,16474397,99833.48,27.50,-0.723,-0.611,-0.661
285,16534423,99834.94,27.50,-0.721,-0.734,-0.049
287,16594397,99831.06,27.50,-0.674,-0.406,0.181
289,16654397,99831.65,27.50,-0.637,-0.455,0.561
291,16714415,99831.78,27.50,-0.613,-0.467,0.631
293,16774407,99834.23,27.50,-0.622,-0.673,0.394
295,16834423,99831.38,27.49,-0.589,-0.433,0.097
297,16894452,99830.95,27.50,-0.573,-0.396,0.267
299,16954397,99832.06,27.49,-0.608,-0.491,0.045
301,17014415,99834.62,27.49,-0.598,-0.707,-0.109
303,17074397,99837.26,27.49,-0.631,-0.929,0.155
305,17134423,99833.91,27.49,-0.619,-0.647,-0.324
307,17194397,99834.60,27.49,-0.633,-0.705,-0.122
309,17254397,99834.30,27.49,-0.656,-0.680,-0.258
311,17314415,99836.09,27.49,-0.672,-0.831,-0.280
313,17374397,99830.55,27.49,-0.650,-0.363,-0.270
315,17434423,99831.89,27.49,-0.620,-0.476,0.174
317,17494427,99831.71,27.49,-0.619,-0.461,0.427
319,17554408,99833.10,27.49,-0.643,-0.578,-0.037
321,17614415,99834.26,27.49,-0.647,-0.676,-0.152
323,17674397,99833.14,27.49,-0.670,-0.582,-0.200
325,17734423,99832.41,27.49,-0.664,-0.520,-0.321
327,17794397,99836.67,27.49,-0.665,-0.880,0.226
329,17854397,99831.86,27.49,-0.619,-0.474,0.233
331,17914415,99833.61,27.49,-0.606,-0.621,0.412
333,17974397,99834.39,27.49,-0.628,-0.687,0.200
335,18034423,99829.49,27.48,-0.592,-0.273,-0.237
337,18094427,99834.95,27.49,-0.624,-0.735,0.214
339,18154397,99833.58,27.49,-0.609,-0.619,-0.004
341,18214415,99832.89,27.49,-0.604,-0.560,0.054
343,18274397,99837.98,27.49,-0.649,-0.991,0.044
345,18334431,99835.02,27.49,-0.632,-0.740,-0.284
347,18394410,99834.77,27.49,-0.651,-0.719,-0.139
349,18454396,99832.20,27.49,-0.624,-0.502,-0.181
351,18514415,99835.54,27.48,-0.631,-0.784,0.276
353,18574397,99834.40,27.49,-0.607,-0.688,0.205
355,18634423,99835.66,27.48,-0.648,-0.794,0.025
357,18694427,99830.89,27.49,-0.644,-0.392,-0.597
359,18754397,99834.73,27.49,-0.671,-0.717,-0.202
361,18814415,99839.75,27.49,-0.727,-1.140,-0.143
363,18874397,99836.33,27.48,-0.737,-0.851,-0.624
365,18934422,99833.31,27.48,-0.668,-0.596,-0.104
367,18994397,99835.23,27.48,-0.691,-0.758,0.556
369,19054397,99835.34,27.48,-0.730,-0.768,-0.307
371,19114425,99833.41,27.48,-0.672,-0.604,-0.211
373,19174397,99829.71,27.48,-0.642,-0.292,0.470
375,19234422,99833.39,27.49,-0.668,-0.603,0.243
377,19294427,99836.37,27.48,-0.697,-0.854,-0.064
379,19354397,99834.41,27.48,-0.677,-0.689,-0.179
381,19414415,99835.55,27.48,-0.699,-0.786,0.017
383,19474397,99831.98,27.48,-0.659,-0.484,-0.119
385,19534423,99840.17,27.48,-0.718,-1.176,0.319
387,19594397,99833.57,27.48,-0.694,-0.618,-0.378
389,19654397,99833.44,27.48,-0.676,-0.607,-0.052
391,19714415,99836.79,27.48,-0.689,-0.890,0.314
393,19774397,99834.75,27.48,-0.705,-0.718,-0.145
395,19834423,99829.09,27.47,-0.622,-0.239,-0.118
397,19894460,99831.81,27.47,-0.601,-0.470,0.867
399,19954397,99832.84,27.47,-0.589,-0.556,0.596
401,20014415,99831.82,27.47,-0.600,-0.470,0.087
403,20074397,99833.05,27.47,-0.537,-0.574,0.261
405,20134423,99832.54,27.47,-0.586,-0.531,0.438
407,20194397,99837.32,27.47,-0.620,-0.935,-0.444
409,20254397,99834.96,27.47,-0.607,-0.736,-0.222
411,20314415,99833.12,27.47,-0.631,-0.579,-0.253
413,20374397,99833.89,27.47,-0.644,-0.645,-0.379
415,20434423,99836.02,27.47,-0.618,-0.825,0.137
417,20494427,99832.84,27.47,-0.631,-0.556,0.135
419,20554397,99832.97,27.47,-0.611,-0.567,-0.160
421,20614415,99834.73,27.47,-0.649,-0.716,0.084
423,20674407,99836.66,27.47,-0.681,-0.879,-0.394
425,20734423,99836.52,27.47,-0.732,-0.867,-0.593
427,20794397,99833.48,27.47,-0.734,-0.610,-0.774
429,20854397,99835.83,27.47,-0.743,-0.809,-0.166
431,20914416,99835.57,27.47,-0.731,-0.787,0.088
433,20974397,99834.46,27.47,-0.698,-0.693,0.240
435,21034423,99834.41,27.47,-0.711,-0.689,0.234
437,21094427,99832.84,27.47,-0.706,-0.556,-0.167
439,21154397,99833.92,27.47,-0.673,-0.647,0.208
441,21214415,99839.54,27.47,-0.731,-1.122,0.389
443,21274397,99833.84,27.47,-0.726,-0.641,-0.580
445,21334423,99833.12,27.47,-0.714,-0.580,-0.279
447,21394410,99834.94,27.47,-0.694,-0.734,0.319
449,21454408,99836.92,27.47,-0.710,-0.901,0.347
451,21514415,99833.98,27.47,-0.672,-0.653,0.017
453,21574397,99837.27,27.47,-0.718,-0.931,0.149
455,21634423,99835.59,27.47,-0.720,-0.788,-0.400
457,21694427,99837.00,27.47,-0.728,-0.908,-0.128
459,21754397,99832.50,27.48,-0.672,-0.528,0.073
461,21814415,99832.48,27.47,-0.655,-0.526,0.463
463,21874397,99831.80,27.48,-0.616,-0.469,0.436
465,21934423,99837.23,27.48,-0.657,-0.928,0.460
467,21994397,99834.55,27.48,-0.657,-0.701,-0.264
469,22054397,99831.48,27.48,-0.644,-0.441,-0.268
471,22114415,99835.33,27.48,-0.647,-0.766,0.167
473,22174397,99833.82,27.48,-0.653,-0.639,0.064
475,22234431,99836.55,27.48,-0.708,-0.869,-0.320
477,22294426,99835.19,27.48,-0.699,-0.755,-0.483
479,22354397,99835.84,27.48,-0.712,-0.810,-0.071
481,22414415,99830.21,27.48,-0.656,-0.334,-0.079
483,22474397,99831.73,27.48,-0.636,-0.462,0.500
485,22534423,99832.96,27.48,-0.630,-0.567,0.465
487,22594397,99835.37,27.48,-0.654,-0.770,0.143
489,22654396,99837.11,27.48,-0.674,-0.917,-0.152
491,22714415,99834.32,27.48,-0.671,-0.681,-0.287
493,22774397,99834.85,27.48,-0.656,-0.726,-0.017
495,22834422,99833.90,27.48,-0.676,-0.645,0.025
497,22894465,99832.24,27.48,-0.665,-0.506,-0.281
499,22954396,99835.94,27.48,-0.700,-0.818,0.008
501,23014426,99835.60,27.48,-0.745,-0.790,-0.462
503,23074397,99831.44,27.48,-0.690,-0.438,-0.456
505,23134422,99835.19,27.48,-0.692,-0.755,0.529
507,23194397,99838.37,27.48,-0.720,-1.023,0.237
509,23254396,99836.02,27.48,-0.694,-0.825,-0.116
511,23314415,99838.44,27.48,-0.739,-1.030,0.001
513,23374397,99833.40,27.48,-0.720,-0.604,-0.497
515,23434423,99831.27,27.48,-0.663,-0.424,0.114
517,23494427,99832.21,27.48,-0.647,-0.503,0.676
519,23554397,99834.59,27.48,-0.653,-0.705,0.382
521,23614415,99832.16,27.48,-0.626,-0.499,0.108
523,23674397,99831.12,27.48,-0.579,-0.411,0.373
525,23734423,99836.14,27.48,-0.616,-0.835,0.546
527,23794409,99837.10,27.48,-0.670,-0.916,-0.351
529,23854397,99839.09,27.49,-0.726,-1.084,-0.803
531,23914416,99835.39,27.48,-0.732,-0.772,-0.804
533,23974397,99831.38,27.48,-0.663,-0.432,-0.135
535,24034423,99836.51,27.48,-0.702,-0.866,0.591
537,24094426,99837.21,27.49,-0.746,-0.925,-0.311
539,24154396,99828.27,27.49,-0.646,-0.170,-0.382
541,24214415,99831.83,27.49,-0.606,-0.471,1.010
543,24274397,99835.73,27.49,-0.611,-0.800,0.919
545,24334423,99838.04,27.49,-0.617,-0.996,0.281
547,24394410,99830.37,27.49,-0.556,-0.347,-0.004
549,24454397,99835.27,27.49,-0.600,-0.762,0.263
551,24514415,99835.19,27.49,-0.645,-0.755,-0.428
553,24574407,99835.07,27.49,-0.660,-0.745,-0.646
555,24634423,99832.95,27.49,-0.660,-0.566,-0.330
557,24694427,99834.41,27.50,-0.646,-0.689,0.035
559,24754397,99833.28,27.50,-0.666,-0.594,0.051
561,24814415,99834.08,27.50,-0.685,-0.661,-0.330
563,24874397,99836.45,27.50,-0.701,-0.861,-0.155
565,24934423,99834.41,27.50,-0.702,-0.688,-0.185
567,24994397,99830.07,27.50,-0.661,-0.322,-0.124
569,25054397,99833.36,27.50,-0.655,-0.600,0.429
571,25114415,99834.99,27.50,-0.693,-0.738,0.148
573,25174397,99833.33,27.51,-0.657,-0.598,-0.210
575,25234423,99830.24,27.51,-0.617,-0.337,0.338
577,25294427,99833.73,27.51,-0.663,-0.632,0.236
579,25354408,99834.83,27.51,-0.637,-0.724,-0.065
581,25414415,99831.03,27.51,-0.609,-0.403,0.254
583,25474397,99829.21,27.51,-0.559,-0.250,0.328
585,25534423,99835.85,27.51,-0.624,-0.811,0.462
587,25594397,99838.16,27.51,-0.703,-1.005,-0.650
589,25654397,99837.18,27.52,-0.707,-0.923,-0.893
591,25714415,99832.20,27.52,-0.689,-0.502,-0.342
593,25774397,99835.38,27.52,-0.699,-0.771,0.041
595,25834423,99834.46,27.52,-0.727,-0.693,-0.131
597,25894452,99835.54,27.52,-0.719,-0.784,-0.273
599,25954397,99833.48,27.52,-0.746,-0.611,-0.145
601,26014415,99836.11,27.52,-0.772,-0.833,-0.403
603,26074397,99832.87,27.52,-0.760,-0.559,-0.279
605,26134431,99831.47,27.52,-0.693,-0.440,0.247
607,26194397,99834.06,27.52,-0.667,-0.659,0.970
609,26254397,99829.39,27.52,-0.613,-0.265,0.561
611,26314415,99829.42,27.52,-0.608,-0.267,0.401
613,26374397,99834.11,27.52,-0.660,-0.664,0.057
615,26434423,99836.65,27.53,-0.678,-0.878,-0.292
617,26494427,99832.27,27.53,-0.645,-0.508,-0.156
619,26554397,99837.60,27.53,-0.700,-0.959,0.077
621,26614415,99831.44,27.53,-0.681,-0.438,-0.505
623,26674397,99835.40,27.53,-0.677,-0.773,0.058
625,26734422,99835.33,27.53,-0.701,-0.766,0.139
627,26794397,99833.39,27.53,-0.696,-0.603,-0.338
629,26854397,99837.34,27.53,-0.724,-0.936,-0.028
631,26914424,99833.98,27.53,-0.706,-0.653,-0.169
633,26974396,99838.59,27.53,-0.805,-1.042,-0.342
635,27034422,99835.01,27.54,-0.767,-0.740,-0.802
637,27094427,99836.00,27.53,-0.773,-0.823,0.141
639,27154397,99833.84,27.53,-0.702,-0.640,0.322
641,27214415,99835.34,27.54,-0.704,-0.768,0.735
643,27274397,99832.45,27.54,-0.682,-0.524,0.108
645,27334423,99838.00,27.54,-0.759,-0.992,-0.067
647,27394410,99836.23,27.54,-0.746,-0.843,-0.550
649,27454397,99830.24,27.54,-0.650,-0.337,0.205
651,27514415,99835.32,27.54,-0.666,-0.766,0.935
653,27574397,99833.91,27.54,-0.653,-0.647,0.198
655,27634423,99833.19,27.54,-0.613,-0.586,0.249
657,27694435,99834.87,27.54,-0.656,-0.728,0.250
659,27754397,99832.96,27.54,-0.646,-0.567,-0.389
661,27814415,99833.35,27.54,-0.635,-0.599,0.046
663,27874397,99833.90,27.54,-0.630,-0.646,0.215
665,27934420,99834.88,27.54,-0.678,-0.728,-0.128
667,27994397,99834.20,27.54,-0.668,-0.671,-0.458
669,28054397,99838.21,27.54,-0.709,-1.010,0.004
671,28114415,99834.84,27.54,-0.692,-0.726,-0.306
673,28174397,99832.91,27.54,-0.684,-0.562,-0.098
675,28234423,99831.29,27.54,-0.625,-0.425,0.262
677,28294427,99836.05,27.55,-0.622,-0.828,0.848
679,28354396,99831.57,27.55,-0.603,-0.449,0.223
681,28414415,99834.91,27.55,-0.638,-0.731,-0.056
683,28474407,99833.19,27.55,-0.647,-0.586,-0.334
685,28534423,99834.34,27.55,-0.649,-0.683,-0.178
687,28594397,99830.26,27.55,-0.616,-0.338,0.010
689,28654397,99830.73,27.55,-0.559,-0.379,0.498
691,28714415,99834.84,27.55,-0.599,-0.726,0.675
693,28774397,99835.64,27.55,-0.600,-0.793,-0.118
695,28834423,99833.97,27.55,-0.581,-0.652,0.011
697,28894452,99834.66,27.55,-0.570,-0.711,0.215
699,28954397,99829.90,27.55,-0.537,-0.308,0.113
701,29014415,99835.96,27.55,-0.596,-0.820,0.106
703,29074397,99833.88,27.55,-0.584,-0.644,-0.329
705,29134423,99832.21,27.55,-0.605,-0.503,-0.255
707,29194397,99837.12,27.55,-0.645,-0.918,-0.282
709,29254408,99836.62,27.56,-0.662,-0.876,-0.327
711,29314415,99832.41,27.56,-0.601,-0.520,-0.127
713,29374397,99835.21,27.56,-0.640,-0.756,0.353
715,29434423,99832.77,27.55,-0.605,-0.550,-0.143
717,29494427,99832.09,27.56,-0.572,-0.492,0.371
719,29554397,99836.67,27.56,-0.637,-0.880,0.226
721,29614415,99835.57,27.56,-0.681,-0.787,-0.748
723,29674397,99832.73,27.56,-0.668,-0.546,-0.691
725,29734423,99834.48,27.56,-0.657,-0.695,0.101
727,29794397,99835.74,27.56,-0.686,-0.802,0.128
729,29854397,99834.20,27.56,-0.688,-0.672,-0.333
731,29914416,99831.92,27.56,-0.644,-0.479,0.003
733,29974397,99834.21,27.56,-0.653,-0.672,0.428
735,30034431,99832.01,27.56,-0.665,-0.486,-0.113
737,30094426,99835.55,27.56,-0.709,-0.785,-0.331
739,30154397,99832.91,27.56,-0.695,-0.563,-0.372
741,30214415,99833.72,27.57,-0.670,-0.631,0.156
743,30274397,99830.95,27.57,-0.655,-0.396,0.269
745,30334423,99832.20,27.57,-0.634,-0.502,0.237
747,30394410,99837.61,27.56,-0.675,-0.960,0.370
749,30454397,99830.64,27.57,-0.620,-0.371,-0.190
751,30514415,99833.95,27.57,-0.597,-0.650,0.506
753,30574397,99832.17,27.57,-0.545,-0.500,0.697
755,30634422,99833.04,27.57,-0.571,-0.573,0.392
757,30694427,99837.35,27.57,-0.619,-0.938,-0.242
759,30754397,99833.13,27.57,-0.583,-0.581,-0.340
761,30814425,99833.55,27.57,-0.588,-0.616,0.114
763,30874397,99830.86,27.57,-0.574,-0.389,-0.055
765,30934422,99831.54,27.57,-0.535,-0.446,0.273
767,30994396,99836.10,27.57,-0.602,-0.832,0.327
769,31054397,99832.24,27.57,-0.588,-0.506,-0.575
771,31114415,99832.59,27.57,-0.582,-0.535,-0.064
773,31174397,99835.45,27.57,-0.636,-0.777,-0.066
775,31234423,99835.18,27.57,-0.627,-0.754,-0.406
777,31294427,99834.70,27.57,-0.634,-0.713,-0.039
779,31354397,99832.02,27.57,-0.606,-0.487,-0.073
781,31414415,99834.90,27.57,-0.621,-0.730,0.230
783,31474397,99831.48,27.57,-0.600,-0.442,-0.039
785,31534423,99833.02,27.57,-0.608,-0.571,0.069
787,31594409,99833.59,27.57,-0.611,-0.620,0.025
789,31654397,99834.90,27.57,-0.621,-0.730,-0.003
791,31714415,99834.70,27.57,-0.642,-0.714,-0.174
793,31774397,99835.12,27.57,-0.664,-0.750,-0.356
795,31834423,99830.62,27.57,-0.601,-0.369,-0.115
797,31894453,99831.13,27.57,-0.563,-0.412,0.682
799,31954397,99828.14,27.57,-0.487,-0.159,0.790
801,32014415,99833.03,27.57,-0.508,-0.572,0.862
803,32074397,99835.44,27.58,-0.526,-0.776,0.135
805,32134423,99834.17,27.57,-0.537,-0.669,-0.222
807,32194397,99836.66,27.57,-0.587,-0.879,-0.369
809,32254396,99835.90,27.58,-0.605,-0.815,-0.579
811,32314415,99831.30,27.57,-0.574,-0.427,-0.356
813,32374407,99835.29,27.57,-0.578,-0.763,0.270
815,32434423,99835.87,27.58,-0.552,-0.812,0.379
817,32494427,99828.65,27.58,-0.505,-0.202,0.206
819,32554396,99832.35,27.58,-0.526,-0.515,0.240
821,32614415,99829.53,27.58,-0.520,-0.277,-0.102
823,32674397,99831.20,27.58,-0.527,-0.418,-0.056
825,32734423,99833.80,27.58,-0.573,-0.638,-0.107
827,32794397,99831.67,27.58,-0.552,-0.458,-0.369
829,32854397,99833.48,27.58,-0.556,-0.610,0.138
831,32914416,99833.13,27.58,-0.519,-0.581,0.269
833,32974397,99833.95,27.58,-0.553,-0.649,0.226
835,33034423,99834.61,27.58,-0.541,-0.706,-0.188
837,33094427,99833.55,27.58,-0.551,-0.616,0.022
839,33154408,99831.54,27.58,-0.571,-0.446,-0.378
841,33214415,99834.01,27.58,-0.609,-0.655,-0.429
843,33274397,99834.58,27.57,-0.605,-0.703,-0.247
845,33334423,99830.03,27.58,-0.545,-0.319,0.138
847,33394410,99834.28,27.57,-0.574,-0.678,0.477
849,33454397,99832.50,27.57,-0.575,-0.527,-0.128
851,33514415,99835.71,27.57,-0.633,-0.799,-0.298
853,33574397,99832.50,27.58,-0.608,-0.528,-0.498
855,33634423,99834.20,27.57,-0.648,-0.671,-0.102
857,33694427,99830.52,27.57,-0.599,-0.361,-0.232
859,33754397,99833.02,27.57,-0.592,-0.571,0.475
861,33814415,99833.95,27.57,-0.625,-0.650,0.118
863,33874397,99829.43,27.57,-0.574,-0.268,-0.258
865,33934431,99834.29,27.57,-0.579,-0.679,0.517
867,33994397,99832.89,27.57,-0.562,-0.560,0.281
869,34054397,99835.03,27.57,-0.597,-0.741,0.024
871,34114415,99831.32,27.57,-0.588,-0.428,-0.396
873,34174397,99834.92,27.57,-0.621,-0.732,-0.141
875,34234423,99830.57,27.57,-0.598,-0.365,-0.266
877,34294427,99833.91,27.57,-0.578,-0.647,0.284
879,34354397,99834.12,27.57,-0.586,-0.665,0.392
881,34414415,99831.68,27.57,-0.574,-0.458,-0.116
883,34474397,99833.62,27.57,-0.592,-0.622,-0.009
885,34534422,99829.95,27.57,-0.531,-0.312,0.075
887,34594397,99829.59,27.57,-0.525,-0.281,0.477
889,34654397,99831.95,27.57,-0.516,-0.481,0.292
891,34714425,99832.48,27.57,-0.539,-0.526,0.127
893,34774397,99835.18,27.57,-0.577,-0.754,-0.295
895,34834422,99834.43,27.57,-0.605,-0.690,-0.500
897,34894452,99833.68,27.57,-0.624,-0.627,-0.546
899,34954397,99830.33,27.57,-0.574,-0.344,-0.168
901,35014415,99832.77,27.57,-0.541,-0.551,0.675
903,35074397,99834.53,27.58,-0.586,-0.699,0.377
905,35134423,99831.14,27.58,-0.527,-0.412,-0.200
907,35194397,99834.82,27.58,-0.581,-0.723,0.311
909,35254397,99832.30,27.58,-0.564,-0.511,-0.379
911,35314415,99834.11,27.58,-0.594,-0.664,-0.084
913,35374397,99834.48,27.58,-0.595,-0.695,-0.195
915,35434423,99834.32,27.58,-0.628,-0.681,-0.225
917,35494435,99837.20,27.58,-0.656,-0.925,-0.391
919,35554397,99833.43,27.59,-0.657,-0.606,-0.392
921,35614415,99831.20,27.59,-0.623,-0.418,-0.158
923,35674397,99833.07,27.59,-0.624,-0.576,0.343
925,35734423,99831.78,27.59,-0.588,-0.467,0.266
927,35794397,99833.45,27.59,-0.568,-0.608,0.539
929,35854397,99835.30,27.59,-0.553,-0.764,0.533
931,35914417,99832.98,27.59,-0.580,-0.568,-0.001
933,35974397,99838.28,27.60,-0.646,-1.016,-0.503
935,36034423,99834.33,27.60,-0.630,-0.682,-0.591
937,36094427,99831.98,27.60,-0.639,-0.484,-0.284
939,36154397,99835.23,27.60,-0.641,-0.758,-0.048
941,36214415,99831.88,27.60,-0.609,-0.476,0.151
943,36274407,99834.47,27.60,-0.632,-0.694,0.179
945,36334423,99836.23,27.60,-0.665,-0.843,-0.186
947,36394410,99832.41,27.60,-0.646,-0.521,-0.387
949,36454397,99832.73,27.60,-0.630,-0.546,0.085
951,36514415,99831.14,27.60,-0.615,-0.413,0.220
953,36574397,99833.96,27.60,-0.646,-0.651,0.062
955,36634423,99835.09,27.60,-0.601,-0.747,0.145
957,36694427,99831.95,27.60,-0.557,-0.481,0.617
959,36754397,99829.59,27.60,-0.505,-0.282,0.540
961,36814415,99832.31,27.61,-0.539,-0.511,0.439
963,36874397,99835.02,27.60,-0.583,-0.741,-0.285
965,36934423,99834.07,27.61,-0.603,-0.660,-0.539
967,36994397,99838.06,27.61,-0.642,-0.998,-0.336
969,37054408,99829.00,27.61,-0.594,-0.232,-0.445
971,37114415,99832.46,27.61,-0.562,-0.524,0.377
973,37174397,99830.64,27.61,-0.546,-0.371,0.580
975,37234423,99833.92,27.61,-0.544,-0.648,0.303
977,37294427,99832.48,27.61,-0.532,-0.526,0.214
979,37354397,99833.14,27.61,-0.550,-0.582,-0.007
981,37414415,99832.36,27.61,-0.539,-0.516,-0.133
983,37474397,99832.77,27.61,-0.558,-0.550,-0.038
985,37534423,99829.66,27.61,-0.550,-0.288,-0.297
987,37594397,99833.79,27.61,-0.543,-0.636,0.164
989,37654397,99832.27,27.61,-0.522,-0.509,0.353
991,37714415,99835.45,27.61,-0.548,-0.777,0.181
993,37774397,99831.44,27.61,-0.542,-0.438,-0.280
995,37834431,99833.73,27.61,-0.605,-0.631,-0.416
997,37894465,99831.00,27.61,-0.602,-0.401,-0.697
999,37954397,99832.48,27.61,-0.563,-0.525,0.126
1001,38014415,99838.72,27.61,-0.631,-1.053,0.451
1003,38074397,99835.62,27.61,-0.658,-0.792,-0.700
1005,38134423,99833.04,27.61,-0.642,-0.573,-0.580
1007,38194397,99832.67,27.61,-0.630,-0.542,0.068
1009,38254397,99831.77,27.61,-0.539,-0.466,0.613
1011,38314415,99835.15,27.62,-0.587,-0.751,0.865
1013,38374397,99832.00,27.62,-0.576,-0.485,-0.365
1015,38434422,99832.62,27.62,-0.569,-0.538,-0.019
1017,38494427,99833.05,27.62,-0.611,-0.574,-0.104
1019,38554397,99832.84,27.62,-0.610,-0.557,-0.443
1021,38614425,99831.33,27.62,-0.588,-0.428,0.003
1023,38674397,99835.12,27.62,-0.627,-0.749,0.140
1025,38734422,99833.61,27.62,-0.662,-0.622,-0.489
1027,38794397,99834.99,27.62,-0.641,-0.738,-0.311
1029,38854397,99831.12,27.62,-0.595,-0.411,0.328
1031,38914415,99833.06,27.62,-0.552,-0.575,0.684
1033,38974397,99833.68,27.62,-0.559,-0.627,0.626
1035,39034423,99839.00,27.62,-0.602,-1.077,0.030
1037,39094427,99835.23,27.62,-0.600,-0.758,-0.390
1039,39154397,99831.88,27.62,-0.560,-0.476,-0.171
1041,39214415,99832.62,27.62,-0.538,-0.537,0.433
1043,39274397,99835.80,27.62,-0.582,-0.807,0.241
1045,39334423,99832.05,27.62,-0.584,-0.490,-0.511
1047,39394418,99832.43,27.62,-0.575,-0.522,-0.197
1049,39454396,99834.58,27.62,-0.611,-0.703,0.025
1051,39514415,99833.96,27.62,-0.612,-0.651,-0.308
1053,39574397,99831.33,27.62,-0.550,-0.429,0.138
1055,39634423,99832.67,27.62,-0.534,-0.542,0.706
1057,39694427,99831.66,27.62,-0.504,-0.457,0.433
1059,39754396,99836.71,27.63,-0.560,-0.883,0.232
1061,39814415,99834.84,27.63,-0.587,-0.726,-0.572
1063,39874397,99830.60,27.63,-0.533,-0.367,-0.364
1065,39934423,99833.34,27.63,-0.570,-0.599,0.271
1067,39994397,99831.99,27.63,-0.580,-0.485,-0.333
1069,40054397,99833.38,27.63,-0.597,-0.601,-0.256
1071,40114415,99830.88,27.63,-0.561,-0.391,-0.045
1073,40174407,99833.70,27.63,-0.546,-0.629,0.491
1075,40234423,99833.12,27.63,-0.560,-0.580,0.236
1077,40294427,99834.42,27.63,-0.589,-0.690,-0.268
1079,40354397,99835.57,27.63,-0.621,-0.787,-0.386
1081,40414415,99831.45,27.63,-0.604,-0.439,-0.444
1083,40474397,99832.39,27.64,-0.610,-0.518,-0.050
1085,40534423,99830.66,27.64,-0.578,-0.372,0.093
1087,40594397,99830.88,27.64,-0.545,-0.390,0.459
1089,40654397,99831.36,27.64,-0.515,-0.431,0.608
1091,40714415,99831.10,27.64,-0.508,-0.409,0.421
1093,40774397,99832.44,27.64,-0.499,-0.522,0.221
1095,40834423,99830.83,27.64,-0.489,-0.387,0.145
1097,40894453,99831.72,27.64,-0.506,-0.462,-0.017
1099,40954408,99831.00,27.64,-0.527,-0.401,-0.291
1101,41014415,99834.12,27.64,-0.566,-0.665,-0.346
1103,41074397,99832.38,27.64,-0.544,-0.517,-0.245
1105,41134423,99835.72,27.64,-0.603,-0.799,-0.062
1107,41194397,99832.12,27.64,-0.560,-0.495,-0.394
1109,41254397,99833.07,27.64,-0.580,-0.576,0.160
1111,41314415,99833.55,27.64,-0.586,-0.616,-0.132
1113,41374397,99832.23,27.64,-0.559,-0.505,0.025
1115,41434423,99835.16,27.64,-0.585,-0.752,0.219
1117,41494427,99832.52,27.64,-0.595,-0.530,-0.302
1119,41554396,99831.52,27.65,-0.592,-0.445,-0.315
1121,41614415,99833.53,27.65,-0.577,-0.615,0.165
1123,41674397,99833.74,27.64,-0.545,-0.633,0.482
1125,41734431,99834.67,27.65,-0.588,-0.711,0.177
1127,41794397,99832.30,27.65,-0.572,-0.510,-0.432
1129,41854397,99832.95,27.65,-0.583,-0.565,-0.022
1131,41914416,99833.55,27.65,-0.593,-0.616,-0.098
1133,41974397,99833.93,27.65,-0.593,-0.648,-0.070
1135,42034423,99834.90,27.65,-0.606,-0.730,-0.007
1137,42094427,99832.95,27.65,-0.598,-0.565,-0.150
1139,42154396,99832.86,27.65,-0.590,-0.558,0.010
1141,42214415,99835.16,27.65,-0.609,-0.753,0.105
1143,42274397,99830.57,27.66,-0.568,-0.364,-0.080
1145,42334422,99828.65,27.66,-0.516,-0.202,0.387
1147,42394409,99836.77,27.66,-0.522,-0.889,0.910
1149,42454397,99831.14,27.66,-0.507,-0.413,0.204
1151,42514425,99829.29,27.66,-0.479,-0.256,-0.079
1153,42574397,99833.39,27.66,-0.493,-0.603,0.365
1155,42634422,99832.38,27.66,-0.514,-0.518,-0.079
1157,42694427,99834.82,27.66,-0.572,-0.723,-0.510
1159,42754397,99831.20,27.66,-0.509,-0.418,-0.357
1161,42814415,99834.55,27.67,-0.531,-0.701,0.501
1163,42874397,99833.46,27.66,-0.524,-0.609,-0.016
1165,42934420,99833.01,27.67,-0.524,-0.571,-0.027
1167,42994397,99832.80,27.67,-0.497,-0.553,0.128
1169,43054397,99834.77,27.67,-0.561,-0.719,0.012
1171,43114415,99833.66,27.67,-0.600,-0.626,-0.861
1173,43174397,99833.00,27.67,-0.542,-0.570,-0.250
1175,43234423,99832.16,27.67,-0.547,-0.499,0.486
1177,43294435,99832.32,27.67,-0.514,-0.512,0.162
1179,43354397,99832.75,27.67,-0.522,-0.548,0.343
1181,43414415,99830.03,27.67,-0.481,-0.319,0.068
1183,43474397,99830.34,27.67,-0.463,-0.346,0.421
1185,43534423,99831.93,27.67,-0.492,-0.479,0.169
1187,43594397,99834.68,27.67,-0.544,-0.712,-0.367
1189,43654397,99830.16,27.67,-0.519,-0.330,-0.551
1191,43714415,99830.73,27.67,-0.515,-0.378,0.032
1193,43774397,99831.85,27.67,-0.499,-0.473,0.253
1195,43834423,99832.31,27.67,-0.513,-0.512,0.178
1197,43894453,99828.31,27.67,-0.513,-0.174,-0.323
1199,43954397,99831.22,27.67,-0.509,-0.419,-0.053
1201,44014415,99833.41,27.67,-0.519,-0.605,0.260
1203,44074409,99834.15,27.67,-0.521,-0.667,0.044
1205,44134423,99829.29,27.67,-0.485,-0.256,-0.044
1207,44194397,99829.74,27.68,-0.430,-0.294,0.477
1209,44254397,99829.18,27.67,-0.422,-0.247,0.692
1211,44314415,99833.46,27.68,-0.467,-0.608,0.085
1213,44374398,99833.37,27.68,-0.481,-0.601,-0.351
1215,44434423,99832.02,27.68,-0.453,-0.487,-0.118
1217,44494427,99830.92,27.68,-0.446,-0.394,0.208
1219,44554397,99833.56,27.68,-0.480,-0.617,-0.014
1221,44614415,99830.35,27.68,-0.486,-0.346,-0.434
1223,44674397,99832.42,27.68,-0.499,-0.521,-0.236
1225,44734423,99830.40,27.68,-0.492,-0.350,-0.108
1227,44794397,99831.45,27.68,-0.500,-0.439,-0.031
1229,44854408,99834.85,27.68,-0.576,-0.726,-0.292
1231,44914416,99833.93,27.68,-0.564,-0.649,-0.642
1233,44974397,99831.27,27.68,-0.537,-0.424,0.021
1235,45034423,99832.04,27.68,-0.536,-0.489,0.215
1237,45094427,99828.22,27.68,-0.499,-0.166,0.091
1239,45154397,99833.41,27.68,-0.490,-0.604,0.540
1241,45214415,99833.35,27.68,-0.490,-0.600,0.409
1243,45274397,99827.93,27.68,-0.483,-0.141,-0.239
1245,45334423,99832.91,27.68,-0.491,-0.563,0.002
1247,45394410,99830.62,27.68,-0.467,-0.368,0.206
1249,45454397,99830.26,27.68,-0.468,-0.338,0.110
1251,45514415,99834.19,27.68,-0.494,-0.670,0.052
1253,45574397,99830.54,27.68,-0.474,-0.362,-0.156
1255,45634431,99833.67,27.68,-0.473,-0.626,0.176
1257,45694426,99833.14,27.68,-0.494,-0.582,0.046
1259,45754396,99830.30,27.68,-0.480,-0.342,-0.333
1261,45814415,99833.14,27.68,-0.501,-0.581,0.006
1263,45874397,99833.26,27.68,-0.489,-0.592,0.016
1265,45934423,99830.57,27.68,-0.499,-0.364,-0.082
1267,45994397,99833.32,27.68,-0.517,-0.597,-0.203
1269,46054397,99832.70,27.68,-0.509,-0.544,-0.055
1271,46114415,99830.06,27.68,-0.484,-0.321,0.043
1273,46174397,99827.07,27.68,-0.424,-0.069,0.341
1275,46234422,99829.62,27.68,-0.441,-0.284,0.563
1277,46294427,99833.45,27.68,-0.452,-0.608,0.152
1279,46354397,99832.91,27.68,-0.465,-0.562,-0.042
1281,46414425,99832.41,27.68,-0.474,-0.520,-0.262
1283,46474397,99832.50,27.68,-0.508,-0.527,-0.331
1285,46534422,99827.80,27.68,-0.436,-0.131,-0.214
1287,46594397,99829.59,27.68,-0.478,-0.282,0.360
1289,46654396,99832.60,27.68,-0.467,-0.536,-0.074
1291,46714415,99832.47,27.68,-0.443,-0.525,0.373
1293,46774397,99832.25,27.68,-0.449,-0.506,0.225
1295,46834423,99829.88,27.68,-0.433,-0.306,-0.084
1297,46894452,99832.00,27.68,-0.440,-0.486,0.116
1299,46954397,99832.95,27.68,-0.472,-0.565,-0.085
1301,47014415,99827.27,27.68,-0.441,-0.086,-0.432
1303,47074396,99832.20,27.68,-0.448,-0.502,0.232
1305,47134423,99834.34,27.68,-0.498,-0.683,0.037
1307,47194409,99836.16,27.68,-0.558,-0.837,-0.695
1309,47254397,99829.95,27.68,-0.523,-0.313,-0.748
1311,47314415,99832.42,27.68,-0.494,-0.521,0.296
1313,47374397,99831.00,27.68,-0.503,-0.401,0.364
1315,47434423,99830.16,27.68,-0.471,-0.330,-0.000
1317,47494427,99830.90,27.68,-0.456,-0.392,0.423
1319,47554397,99832.64,27.67,-0.462,-0.540,0.290
1321,47614415,99835.34,27.67,-0.526,-0.767,-0.189
1323,47674397,99830.39,27.67,-0.485,-0.350,-0.587
1325,47734423,99833.17,27.67,-0.472,-0.584,0.348
1327,47794397,99832.98,27.67,-0.496,-0.568,0.179
1329,47854396,99833.23,27.67,-0.476,-0.590,-0.134
1331,47914416,99832.23,27.67,-0.494,-0.505,0.054
1333,47974407,99831.26,27.67,-0.502,-0.422,-0.327
1335,48034423,99835.51,27.67,-0.529,-0.782,-0.087
1337,48094427,99832.93,27.67,-0.524,-0.564,-0.187
1339,48154396,99829.80,27.67,-0.494,-0.299,-0.107
1341,48214415,99833.04,27.67,-0.470,-0.573,0.479
1343,48274397,99831.23,27.67,-0.466,-0.421,0.400
1345,48334423,99827.62,27.67,-0.406,-0.116,0.129
1347,48394410,99831.66,27.67,-0.441,-0.457,0.479
1349,48454397,99835.04,27.67,-0.473,-0.742,-0.112
1351,48514415,99834.61,27.67,-0.517,-0.706,-0.489
1353,48574397,99831.78,27.67,-0.502,-0.467,-0.609
1355,48634423,99832.71,27.67,-0.490,-0.545,0.093
1357,48694427,99831.65,27.67,-0.469,-0.455,0.263
1359,48754408,99836.81,27.67,-0.543,-0.892,0.032
1361,48814415,99835.60,27.68,-0.591,-0.790,-0.859
1363,48874397,99831.83,27.67,-0.595,-0.471,-0.902
1365,48934423,99830.59,27.67,-0.529,-0.367,0.021
1367,48994397,99831.37,27.67,-0.499,-0.432,0.875
1369,49054397,99831.52,27.67,-0.494,-0.444,0.482
1371,49114415,99834.29,27.68,-0.501,-0.679,0.199
1373,49174397,99832.99,27.67,-0.493,-0.569,0.055
1375,49234423,99834.77,27.67,-0.541,-0.719,-0.178
1377,49294427,99833.52,27.67,-0.516,-0.614,-0.352
1379,49354397,99831.16,27.67,-0.502,-0.414,0.117
1381,49414415,99831.64,27.67,-0.522,-0.455,-0.032
1383,49474397,99831.59,27.67,-0.504,-0.451,-0.076
1385,49534431,99828.89,27.67,-0.477,-0.222,0.190
1387,49594397,99831.16,27.67,-0.464,-0.414,0.370
1389,49654397,99831.90,27.67,-0.479,-0.477,0.242
1391,49714415,99829.82,27.67,-0.473,-0.301,-0.195
1393,49774397,99832.69,27.67,-0.481,-0.544,0.047
1395,49834423,99833.10,27.67,-0.525,-0.578,-0.158
1397,49894452,99832.76,27.67,-0.500,-0.549,-0.341
1399,49954397,99834.73,27.67,-0.524,-0.715,0.171
1401,50014415,99834.02,27.67,-0.552,-0.656,-0.332
1403,50074397,99831.45,27.67,-0.505,-0.439,-0.234
1405,50134422,99828.33,27.67,-0.469,-0.175,0.398
1407,50194397,99829.77,27.67,-0.443,-0.297,0.509
1409,50254397,99831.97,27.67,-0.438,-0.483,0.542
1411,50314425,99831.53,27.67,-0.430,-0.446,0.221
1413,50374397,99830.48,27.67,-0.407,-0.357,0.153
1415,50434422,99832.67,27.67,-0.421,-0.542,0.249
1417,50494427,99831.41,27.67,-0.424,-0.436,-0.102
1419,50554397,99832.46,27.67,-0.447,-0.524,-0.196
1421,50614415,99835.14,27.67,-0.518,-0.750,-0.467
1423,50674397,99834.13,27.67,-0.517,-0.666,-0.714
1425,50734423,99832.49,27.67,-0.517,-0.527,-0.210
1427,50794397,99835.97,27.67,-0.541,-0.821,-0.038
1429,50854397,99831.81,27.67,-0.524,-0.469,-0.201
1431,50914415,99834.75,27.67,-0.531,-0.718,0.049
1433,50974397,99829.13,27.68,-0.476,-0.243,0.120
1435,51034423,99832.80,27.67,-0.521,-0.553,0.240
1437,51094435,99832.30,27.67,-0.542,-0.511,-0.391
1439,51154397,99833.48,27.67,-0.549,-0.611,-0.284
1441,51214415,99832.59,27.68,-0.527,-0.536,0.042
1443,51274397,99833.02,27.68,-0.526,-0.572,0.216
1445,51334423,99830.13,27.68,-0.473,-0.327,0.207
1447,51394409,99832.75,27.68,-0.464,-0.548,0.630
1449,51454397,99828.38,27.68,-0.429,-0.179,0.265
1451,51514415,99832.80,27.68,-0.469,-0.553,0.170
1453,51574397,99828.70,27.68,-0.425,-0.207,-0.134
1455,51634423,99833.37,27.68,-0.448,-0.601,0.333
1457,51694427,99829.91,27.68,-0.425,-0.308,-0.007
1459,51754397,99830.73,27.68,-0.405,-0.378,0.202
1461,51814415,99831.49,27.68,-0.446,-0.443,0.094
1463,51874407,99832.74,27.68,-0.453,-0.548,-0.357
1465,51934423,99830.62,27.68,-0.431,-0.368,-0.040
1467,51994397,99834.70,27.68,-0.471,-0.713,0.102
1469,52054397,99835.95,27.68,-0.508,-0.819,-0.346
1471,52114415,99829.41,27.68,-0.483,-0.266,-0.585
1473,52174397,99830.79,27.68,-0.460,-0.383,0.093
1475,52234423,99831.48,27.68,-0.475,-0.442,0.298
1477,52294427,99829.58,27.68,-0.465,-0.281,-0.147
1479,52354397,99831.41,27.68,-0.473,-0.435,0.044
1481,52414415,99834.83,27.68,-0.516,-0.725,-0.049
1483,52474397,99831.99,27.68,-0.533,-0.485,-0.554
1485,52534423,99832.65,27.68,-0.497,-0.540,-0.139
1487,52594397,99832.87,27.68,-0.513,-0.559,0.338
1489,52654408,99833.11,27.68,-0.517,-0.579,-0.138
1491,52714415,99830.44,27.68,-0.528,-0.353,-0.252
1493,52774397,99831.06,27.68,-0.507,-0.406,-0.115
1495,52834423,99830.70,27.68,-0.498,-0.375,0.289
1497,52894467,99828.94,27.68,-0.498,-0.226,0.007
1499,52954396,99832.12,27.68,-0.496,-0.496,0.095
1501,53014415,99833.74,27.68,-0.474,-0.633,0.409
1503,53074397,99831.82,27.68,-0.474,-0.470,0.230
1505,53134423,99830.71,27.68,-0.459,-0.376,-0.058
1507,53194397,99830.48,27.68,-0.492,-0.357,-0.102
1509,53254397,99832.05,27.68,-0.469,-0.490,-0.145
1511,53314415,99829.98,27.68,-0.442,-0.315,0.351
1513,53374397,99832.52,27.68,-0.468,-0.529,0.198
1515,53434431,99829.30,27.68,-0.417,-0.257,0.010
1517,53494426,99828.28,27.68,-0.385,-0.171,0.499
1519,53554397,99833.59,27.68,-0.432,-0.620,0.360
1521,53614415,99831.41,27.68,-0.439,-0.436,-0.361
1523,53674397,99831.98,27.68,-0.439,-0.484,-0.214
1525,53734423,99832.17,27.68,-0.452,-0.500,-0.047
1527,53794397,99834.64,27.68,-0.496,-0.709,-0.254
1529,53854397,99833.49,27.67,-0.518,-0.611,-0.551
1531,53914415,99829.32,27.68,-0.524,-0.259,-0.613
1533,53974397,99833.03,27.68,-0.493,-0.573,0.061
1535,54034422,99828.54,27.68,-0.461,-0.193,0.485
1537,54094427,99830.70,27.67,-0.437,-0.375,0.410
1539,54154396,99832.98,27.67,-0.427,-0.568,0.593
1541,54214425,99829.16,27.67,-0.413,-0.245,0.133
1543,54274397,99834.02,27.67,-0.460,-0.656,-0.051
1545,54334422,99830.70,27.67,-0.451,-0.375,-0.373
1547,54394410,99830.81,27.67,-0.470,-0.385,-0.231
1549,54454396,99828.83,27.67,-0.442,-0.217,-0.139
1551,54514415,99832.82,27.67,-0.489,-0.555,0.125
1553,54574397,99829.16,27.67,-0.461,-0.246,-0.312
1555,54634423,99832.20,27.67,-0.479,-0.502,0.124
1557,54694427,99829.14,27.67,-0.466,-0.244,-0.103
1559,54754397,99829.22,27.67,-0.416,-0.250,0.258
1561,54814415,99831.69,27.67,-0.426,-0.459,0.646
1563,54874397,99831.23,27.67,-0.419,-0.420,0.096
1565,54934423,99830.10,27.67,-0.400,-0.325,0.095
1567,54994409,99833.23,27.67,-0.433,-0.589,0.125
1569,55054397,99831.69,27.67,-0.402,-0.459,-0.082
1571,55114415,99832.48,27.67,-0.434,-0.526,0.088
1573,55174397,99830.45,27.67,-0.466,-0.354,-0.571
1575,55234423,99834.96,27.67,-0.517,-0.735,-0.554
1577,55294427,99830.68,27.67,-0.504,-0.374,-0.511
1579,55354397,99832.68,27.67,-0.492,-0.543,0.042
1581,55414415,99834.95,27.67,-0.507,-0.735,0.284
1583,55474397,99831.55,27.67,-0.478,-0.448,-0.044
1585,55534423,99832.66,27.67,-0.464,-0.541,0.259
1587,55594397,99829.50,27.67,-0.414,-0.274,0.368
1589,55654397,99831.73,27.67,-0.430,-0.462,0.421
1591,55714415,99832.71,27.67,-0.421,-0.545,0.099
1593,55774407,99832.34,27.67,-0.453,-0.514,-0.068
1595,55834423,99832.85,27.67,-0.454,-0.557,-0.337
1597,55894452,99828.40,27.67,-0.377,-0.181,0.195
1599,55954397,99831.82,27.67,-0.389,-0.470,0.724
1601,56014415,99826.81,27.67,-0.342,-0.047,0.135
1603,56074397,99832.76,27.67,-0.408,-0.550,0.175
1605,56134422,99830.42,27.67,-0.433,-0.352,-0.636
1607,56194397,99832.15,27.67,-0.502,-0.498,-0.783
1609,56254397,99834.90,27.68,-0.494,-0.730,-0.502
1611,56314415,99829.96,27.68,-0.455,-0.313,0.130
1613,56374397,99831.15,27.68,-0.451,-0.413,0.264
1615,56434423,99830.75,27.68,-0.445,-0.380,0.161
1617,56494427,99832.68,27.68,-0.456,-0.543,0.091
1619,56554408,99832.87,27.68,-0.481,-0.559,-0.155
1621,56614415,99835.47,27.68,-0.523,-0.779,-0.386
1623,56674397,99830.62,27.68,-0.504,-0.368,-0.496
1625,56734423,99831.62,27.68,-0.504,-0.453,-0.040
1627,56794397,99833.27,27.68,-0.509,-0.592,0.127
1629,56854397,99832.66,27.69,-0.546,-0.541,-0.213
1631,56914416,99831.88,27.69,-0.555,-0.475,-0.531
1633,56974397,99830.68,27.68,-0.529,-0.374,-0.096
1635,57034423,99830.54,27.68,-0.504,-0.362,0.342
1637,57094427,99833.09,27.69,-0.499,-0.578,0.466
1639,57154397,99834.33,27.68,-0.506,-0.682,0.250
1641,57214415,99831.02,27.69,-0.469,-0.402,0.033
1643,57274397,99835.46,27.69,-0.531,-0.778,0.101
1645,57334431,99834.20,27.69,-0.523,-0.671,-0.431
1647,57394410,99833.00,27.69,-0.480,-0.570,0.144
1649,57454397,99827.43,27.69,-0.429,-0.099,0.415
1651,57514415,99829.94,27.69,-0.429,-0.311,0.440
1653,57574397,99835.26,27.69,-0.485,-0.760,0.147
1655,57634423,99833.64,27.69,-0.469,-0.624,-0.325
1657,57694427,99833.66,27.69,-0.495,-0.626,-0.114
1659,57754397,99832.65,27.69,-0.489,-0.540,-0.292
1661,57814415,99834.68,27.69,-0.533,-0.712,-0.164
1663,57874397,99831.91,27.69,-0.512,-0.477,-0.393
1665,57934419,99833.25,27.69,-0.511,-0.591,0.112
1667,57994397,99834.05,27.69,-0.516,-0.659,0.118
1669,58054397,99833.50,27.69,-0.524,-0.612,-0.084
1671,58114425,99833.59,27.69,-0.519,-0.620,-0.088
1673,58174397,99829.70,27.69,-0.464,-0.291,0.165
1675,58234422,99828.46,27.69,-0.442,-0.186,0.462
1677,58294427,99833.16,27.70,-0.493,-0.583,0.185
1679,58354397,99832.55,27.70,-0.488,-0.532,-0.290
1681,58414415,99831.25,27.70,-0.474,-0.422,-0.017
1683,58474397,99834.50,27.70,-0.508,-0.697,0.067
1685,58534423,99833.56,27.70,-0.501,-0.617,-0.201
1687,58594397,99829.79,27.70,-0.491,-0.299,-0.157
1689,58654397,99828.00,27.70,-0.434,-0.147,0.153
1691,58714415,99830.40,27.70,-0.451,-0.350,0.573
1693,58774397,99832.23,27.70,-0.476,-0.505,-0.047
1695,58834422,99832.08,27.70,-0.471,-0.492,-0.168
1697,58894460,99832.91,27.70,-0.475,-0.562,0.043
1699,58954397,99829.47,27.70,-0.443,-0.272,0.006
1701,59014415,99832.33,27.70,-0.464,-0.513,0.201
1703,59074397,99833.72,27.70,-0.499,-0.631,-0.179
1705,59134422,99831.11,27.70,-0.478,-0.410,-0.353
1707,59194397,99829.46,27.70,-0.441,-0.271,0.183
1709,59254397,99832.10,27.70,-0.453,-0.494,0.411
1711,59314415,99834.42,27.70,-0.517,-0.690,-0.197
1713,59374397,99830.73,27.70,-0.495,-0.377,-0.663
1715,59434423,99829.79,27.70,-0.442,-0.298,0.239
1717,59494427,99831.19,27.70,-0.454,-0.416,0.564
1719,59554397,99832.53,27.70,-0.502,-0.530,-0.213
1721,59614415,99832.36,27.70,-0.514,-0.516,-0.550
1723,59674407,99831.30,27.70,-0.496,-0.427,-0.147
1725,59734423,99833.35,27.70,-0.500,-0.599,0.214
1727,59794397,99829.51,27.70,-0.479,-0.274,-0.001
1729,59854397,99828.82,27.71,-0.472,-0.217,0.030
1731,59914416,99833.34,27.70,-0.520,-0.599,0.024
1733,59974397,99831.21,27.71,-0.477,-0.419,-0.150
1735,60034423,99830.78,27.71,-0.444,-0.382,0.485
1737,60094427,99828.62,27.71,-0.436,-0.200,0.322
1739,60154397,99833.99,27.71,-0.462,-0.654,0.136
1741,60214415,99832.39,27.71,-0.451,-0.518,-0.014
1743,60274397,99833.02,27.71,-0.486,-0.572,-0.163
1745,60334423,99832.95,27.71,-0.520,-0.566,-0.544
1747,60394410,99833.26,27.71,-0.521,-0.592,-0.401
1749,60454408,99832.77,27.71,-0.501,-0.550,0.067
1751,60514415,99830.27,27.71,-0.484,-0.339,0.158
1753,60574397,99832.58,27.71,-0.487,-0.534,0.177
1755,60634423,99832.64,27.71,-0.456,-0.540,0.292
1757,60694427,99832.19,27.72,-0.458,-0.501,0.310
1759,60754397,99831.09,27.71,-0.490,-0.408,-0.258
1761,60814415,99830.20,27.71,-0.478,-0.333,-0.395
1763,60874397,99833.23,27.72,-0.480,-0.589,0.203
1765,60934423,99834.49,27.71,-0.492,-0.696,0.143
1767,60994397,99827.19,27.71,-0.436,-0.079,-0.127
1769,61054397,99833.33,27.71,-0.440,-0.598,0.528
1771,61114415,99830.21,27.72,-0.387,-0.334,0.486
1773,61174397,99832.86,27.71,-0.422,-0.558,0.348
1775,61234431,99833.40,27.72,-0.471,-0.604,-0.451
1777,61294426,99832.30,27.72,-0.485,-0.511,-0.693
1779,61354397,99833.05,27.72,-0.499,-0.574,-0.302
1781,61414415,99832.00,27.72,-0.516,-0.485,-0.284
1783,61474397,99830.52,27.72,-0.482,-0.360,-0.140
1785,61534423,99830.82,27.72,-0.465,-0.386,0.388
1787,61594397,99832.16,27.72,-0.460,-0.500,0.345
1789,61654397,99830.45,27.72,-0.441,-0.354,0.173
1791,61714415,99831.45,27.73,-0.446,-0.439,0.150
1793,61774397,99829.12,27.73,-0.447,-0.242,-0.116
1795,61834422,99833.89,27.73,-0.485,-0.645,-0.118
1797,61894452,99833.42,27.73,-0.504,-0.606,-0.303
1799,61954397,99831.98,27.73,-0.517,-0.484,-0.424
1801,62014425,99831.86,27.73,-0.499,-0.473,-0.142
1803,62074397,99829.95,27.73,-0.475,-0.313,0.214
1805,62134422,99834.60,27.73,-0.523,-0.705,0.151
1807,62194397,99827.62,27.73,-0.455,-0.115,-0.233
1809,62254397,99832.80,27.73,-0.489,-0.553,0.408
1811,62314415,99832.85,27.74,-0.500,-0.557,-0.091
1813,62374397,99831.38,27.73,-0.470,-0.433,-0.053
1815,62434423,99831.84,27.74,-0.488,-0.472,0.164
1817,62494427,99833.91,27.74,-0.535,-0.647,-0.306
1819,62554397,99828.98,27.74,-0.532,-0.230,-0.682
1821,62614415,99826.67,27.74,-0.451,-0.035,0.069
1823,62674397,99830.88,27.74,-0.459,-0.390,0.956
1825,62734423,99835.77,27.74,-0.494,-0.803,0.280
1827,62794409,99830.79,27.74,-0.446,-0.383,-0.115
1829,62854397,99826.98,27.74,-0.383,-0.061,0.396
1831,62914415,99832.35,27.75,-0.409,-0.515,0.673
1833,62974397,99833.07,27.75,-0.433,-0.576,-0.042
1835,63034423,99834.46,27.75,-0.491,-0.694,-0.515
1837,63094427,99831.50,27.75,-0.481,-0.443,-0.690
1839,63154397,99830.20,27.75,-0.423,-0.334,0.158
1841,63214415,99831.43,27.75,-0.450,-0.437,0.493
1843,63274397,99826.94,27.75,-0.396,-0.057,-0.095
1845,63334423,99832.84,27.75,-0.454,-0.557,0.305
1847,63394410,99829.25,27.76,-0.422,-0.253,-0.281
1849,63454397,99833.79,27.75,-0.455,-0.637,0.155
1851,63514415,99834.59,27.75,-0.478,-0.705,-0.177
1853,63574407,99831.66,27.76,-0.442,-0.456,-0.191
1855,63634423,99829.73,27.76,-0.447,-0.294,0.086
1857,63694427,99830.95,27.76,-0.397,-0.397,0.236
1859,63754397,99830.88,27.76,-0.393,-0.391,0.629
1861,63814415,99831.15,27.76,-0.398,-0.414,0.078
1863,63874397,99831.78,27.76,-0.418,-0.467,-0.128
1865,63934423,99831.19,27.76,-0.405,-0.416,-0.148
1867,63994397,99832.92,27.76,-0.458,-0.563,-0.123
1869,64054397,99833.16,27.76,-0.513,-0.583,-0.787
1871,64114415,99831.55,27.76,-0.494,-0.447,-0.618
1873,64174397,99832.74,27.76,-0.473,-0.548,0.251
1875,64234423,99832.02,27.76,-0.475,-0.487,0.265
1877,64294427,99827.04,27.76,-0.411,-0.066,0.071
1879,64354408,99830.73,27.76,-0.391,-0.378,0.750
1881,64414415,99832.71,27.76,-0.374,-0.545,0.685
1883,64474397,99833.34,27.76,-0.390,-0.599,0.254
1885,64534423,99829.11,27.77,-0.377,-0.241,-0.275
1887,64594397,99832.28,27.77,-0.393,-0.509,-0.019
1889,64654397,99831.88,27.77,-0.402,-0.475,-0.066
1891,64714415,99831.73,27.77,-0.416,-0.462,-0.224
1893,64774397,99829.98,27.77,-0.424,-0.314,-0.313
1895,64834423,99828.23,27.77,-0.412,-0.166,-0.221
1897,64894452,99831.45,27.77,-0.422,-0.438,0.145
1899,64954397,99830.76,27.77,-0.395,-0.381,0.190
1901,65014415,99830.67,27.77,-0.370,-0.373,0.385
1903,65074397,99833.51,27.77,-0.457,-0.613,-0.054
1905,65134431,99831.19,27.77,-0.450,-0.416,-0.858
1907,65194397,99835.19,27.77,-0.519,-0.755,-0.325
1909,65254397,99830.02,27.77,-0.506,-0.317,-0.744
1911,65314415,99831.81,27.77,-0.511,-0.469,-0.139
1913,65374397,99829.45,27.77,-0.454,-0.270,0.263
1915,65434423,99829.66,27.77,-0.418,-0.288,0.716
1917,65494427,99831.67,27.77,-0.417,-0.458,0.580
1919,65554397,99831.30,27.77,-0.421,-0.426,0.117
1921,65614415,99831.47,27.76,-0.435,-0.441,-0.139
1923,65674397,99832.51,27.77,-0.436,-0.528,-0.103
1925,65734422,99829.28,27.77,-0.391,-0.255,0.120
1927,65794397,99832.34,27.77,-0.368,-0.515,0.616
1929,65854396,99832.31,27.76,-0.382,-0.511,0.379
1931,65914424,99834.18,27.77,-0.433,-0.670,-0.331
1933,65974397,99828.20,27.76,-0.376,-0.164,-0.463
1935,66034423,99831.55,27.77,-0.386,-0.447,0.382
1937,66094427,99832.41,27.77,-0.416,-0.520,0.003
1939,66154397,99830.23,27.77,-0.427,-0.335,-0.476
1941,66214415,99830.21,27.76,-0.444,-0.334,-0.369
1943,66274397,99830.55,27.76,-0.412,-0.363,0.005
1945,66334422,99830.58,27.76,-0.425,-0.365,0.279
1947,66394410,99830.16,27.76,-0.410,-0.330,-0.047
1949,66454397,99828.90,27.76,-0.368,-0.223,0.303
1951,66514415,99831.51,27.76,-0.358,-0.444,0.611
1953,66574397,99832.27,27.76,-0.411,-0.507,0.023
1955,66634423,99832.14,27.76,-0.433,-0.497,-0.664
1957,66694435,99831.80,27.76,-0.423,-0.469,-0.263
1959,66754397,99831.81,27.76,-0.392,-0.469,0.249
1961,66814415,99828.59,27.76,-0.368,-0.197,0.318
1963,66874397,99829.27,27.76,-0.318,-0.255,0.462
1965,66934423,99826.18,27.76,-0.287,0.006,0.631
1967,66994397,99831.77,27.76,-0.325,-0.465,0.303
1969,67054397,99831.84,27.76,-0.342,-0.472,-0.192
1971,67114415,99832.96,27.76,-0.368,-0.567,-0.321
1973,67174396,99836.70,27.76,-0.462,-0.883,-0.589
1975,67234422,99833.53,27.76,-0.450,-0.614,-0.959
1977,67294427,99835.09,27.76,-0.478,-0.746,-0.219
1979,67354397,99827.77,27.76,-0.419,-0.128,-0.257
1981,67414415,99832.65,27.76,-0.428,-0.540,0.439
1983,67474407,99830.38,27.77,-0.410,-0.349,0.201
1985,67534423,99830.02,27.77,-0.369,-0.318,0.292
1987,67594397,99831.49,27.77,-0.377,-0.443,0.487
1989,67654396,99830.29,27.77,-0.380,-0.341,-0.045
1991,67714415,99828.49,27.77,-0.376,-0.189,-0.181
1993,67774397,99832.64,27.77,-0.416,-0.540,-0.071
1995,67834423,99830.06,27.77,-0.410,-0.322,-0.310
1997,67894465,99836.39,27.77,-0.474,-0.856,-0.153
1999,67954397,99829.48,27.77,-0.446,-0.273,-0.574
2001,68014415,99828.58,27.77,-0.441,-0.196,-0.144
2003,68074397,99831.55,27.77,-0.443,-0.448,0.182
2005,68134422,99831.83,27.77,-0.430,-0.471,0.239
2007,68194397,99832.72,27.77,-0.475,-0.546,-0.060
2009,68254408,99834.88,27.77,-0.469,-0.729,-0.294
2011,68314415,99831.84,27.77,-0.429,-0.472,0.204
2013,68374397,99834.09,27.77,-0.458,-0.662,0.241
2015,68434423,99837.88,27.77,-0.539,-0.983,-0.422
2017,68494427,99829.46,27.77,-0.513,-0.271,-1.023
2019,68554397,99829.91,27.77,-0.483,-0.309,-0.046
2021,68614415,99828.60,27.77,-0.430,-0.198,0.619
2023,68674397,99831.54,27.77,-0.433,-0.446,0.680
2025,68734422,99833.12,27.77,-0.451,-0.580,0.165
2027,68794397,99829.45,27.77,-0.433,-0.269,-0.207
2029,68854397,99830.66,27.77,-0.411,-0.372,0.177
2031,68914415,99833.39,27.77,-0.417,-0.603,0.442
2033,68974397,99832.41,27.77,-0.439,-0.519,-0.083
2035,69034431,99833.12,27.76,-0.476,-0.580,-0.488
2037,69094426,99828.33,27.76,-0.408,-0.175,-0.252
2039,69154397,99831.69,27.77,-0.423,-0.459,0.555
2041,69214415,99830.02,27.77,-0.417,-0.318,0.034
2043,69274397,99829.84,27.77,-0.362,-0.302,0.269
2045,69334422,99830.01,27.77,-0.373,-0.317,0.549
2047,69394410,99832.74,27.77,-0.385,-0.548,0.020
2049,69454396,99832.16,27.77,-0.379,-0.498,0.002
2051,69514415,99831.32,27.77,-0.388,-0.428,-0.072
2053,69574397,99831.02,27.77,-0.395,-0.403,-0.198
2055,69634422,99831.60,27.77,-0.413,-0.452,-0.174
2057,69694427,99827.92,27.77,-0.380,-0.141,-0.174
2059,69754396,99832.39,27.77,-0.377,-0.518,0.403
2061,69814425,99829.11,27.77,-0.383,-0.241,0.097
2063,69874397,99830.43,27.77,-0.419,-0.353,-0.385
2065,69934423,99831.51,27.77,-0.453,-0.444,-0.473
2067,69994397,99829.93,27.77,-0.419,-0.311,-0.236
2069,70054397,99833.13,27.77,-0.428,-0.581,0.374
2071,70114415,99829.59,27.77,-0.394,-0.282,0.122
2073,70174397,99832.12,27.77,-0.436,-0.496,0.069
2075,70234422,99829.44,27.77,-0.420,-0.269,-0.348
2077,70294427,99826.48,27.77,-0.331,-0.018,0.345
2079,70354397,99833.21,27.77,-0.341,-0.588,1.146
2081,70414415,99832.32,27.77,-0.394,-0.512,-0.013
2083,70474397,99831.66,27.77,-0.389,-0.457,-0.648
2085,70534423,99830.80,27.76,-0.389,-0.384,-0.086
2087,70594409,99829.58,27.76,-0.366,-0.280,0.028
2089,70654397,99834.91,27.76,-0.431,-0.731,0.099
2091,70714415,99828.72,27.76,-0.391,-0.208,-0.506
2093,70774397,99832.34,27.76,-0.420,-0.514,0.065
2095,70834423,99832.50,27.76,-0.430,-0.528,-0.137
2097,70894452,99832.04,27.76,-0.441,-0.489,-0.225
2099,70954397,99831.18,27.76,-0.408,-0.416,-0.011
2101,71014415,99830.33,27.75,-0.406,-0.344,0.281
2103,71074397,99831.55,27.75,-0.414,-0.447,0.029
2105,71134422,99826.68,27.75,-0.364,-0.036,0.004
2107,71194396,99830.98,27.75,-0.357,-0.400,0.555
2109,71254396,99831.94,27.75,-0.384,-0.480,0.259
2111,71314415,99828.37,27.75,-0.361,-0.178,-0.294
2113,71374407,99833.05,27.75,-0.374,-0.574,0.206
2115,71434423,99833.54,27.75,-0.396,-0.615,0.027
2117,71494427,99832.27,27.75,-0.417,-0.508,-0.418
2119,71554397,99828.24,27.75,-0.351,-0.168,-0.156
2121,71614415,99832.80,27.74,-0.370,-0.553,0.625
2123,71674397,99827.35,27.74,-0.295,-0.092,0.251
2125,71734423,99832.53,27.74,-0.343,-0.530,0.506
2127,71794397,99831.04,27.74,-0.379,-0.404,-0.463
2129,71854397,99832.58,27.74,-0.403,-0.534,-0.586
2131,71914416,99825.95,27.74,-0.297,0.025,0.040
2133,71974397,99830.64,27.74,-0.298,-0.371,1.039
2135,72034422,99831.14,27.74,-0.328,-0.413,0.207
2137,72094427,99830.77,27.74,-0.375,-0.381,-0.599
2139,72154409,99829.98,27.74,-0.373,-0.314,-0.603
2141,72214415,99828.98,27.74,-0.368,-0.231,-0.094
2143,72274397,99830.50,27.74,-0.371,-0.358,0.065
2145,72334423,99824.92,27.74,-0.274,0.113,0.323
2147,72394410,99832.16,27.73,-0.316,-0.499,0.907
2149,72454397,99830.34,27.73,-0.318,-0.346,-0.081
2151,72514415,99826.31,27.73,-0.305,-0.005,-0.298
2153,72574397,99830.37,27.73,-0.342,-0.348,-0.080
2155,72634423,99832.80,27.73,-0.367,-0.553,-0.193
2157,72694427,99829.27,27.73,-0.361,-0.255,-0.333
2159,72754397,99830.73,27.73,-0.342,-0.378,0.038
2161,72814415,99831.75,27.73,-0.369,-0.464,0.191
2163,72874397,99832.65,27.73,-0.393,-0.540,-0.313
2165,72934428,99826.75,27.73,-0.330,-0.042,-0.191
2167,72994397,99832.62,27.73,-0.351,-0.538,0.548
2169,73054397,99830.12,27.73,-0.388,-0.327,-0.204
2171,73114415,99830.43,27.73,-0.387,-0.353,-0.537
2173,73174397,99829.02,27.72,-0.376,-0.234,-0.022
2175,73234422,99829.58,27.72,-0.392,-0.280,-0.019
2177,73294427,99832.25,27.72,-0.396,-0.506,-0.022
2179,73354397,99831.29,27.72,-0.398,-0.425,0.018
2181,73414415,99831.46,27.72,-0.433,-0.440,-0.267
2183,73474397,99829.57,27.72,-0.412,-0.280,-0.360
2185,73534422,99827.15,27.72,-0.365,-0.075,0.239
2187,73594397,99830.73,27.72,-0.386,-0.379,0.476
2189,73654397,99829.02,27.72,-0.376,-0.234,-0.023
2191,73714425,99829.64,27.72,-0.354,-0.286,0.157
2193,73774397,99831.55,27.72,-0.383,-0.447,0.225
2195,73834423,99829.91,27.72,-0.357,-0.309,-0.128
2197,73894452,99831.94,27.72,-0.348,-0.480,0.328
2199,73954396,99832.56,27.71,-0.377,-0.533,0.091
2201,74014415,99827.18,27.71,-0.360,-0.078,-0.467
2203,74074397,99832.16,27.71,-0.384,-0.499,0.001
2205,74134422,99832.44,27.71,-0.359,-0.522,0.186
2207,74194397,99831.23,27.71,-0.378,-0.421,0.091
2209,74254397,99829.90,27.71,-0.361,-0.307,-0.223
2211,74314415,99833.98,27.71,-0.390,-0.652,0.139
2213,74374397,99829.20,27.71,-0.365,-0.249,-0.194
2215,74434423,99832.22,27.71,-0.410,-0.504,-0.108
2217,74494435,99827.89,27.71,-0.380,-0.138,-0.358
2219,74554397,99831.56,27.71,-0.358,-0.449,0.377
2221,74614415,99831.88,27.71,-0.383,-0.475,0.335
2223,74674397,99834.12,27.71,-0.423,-0.665,-0.348
2225,74734423,99828.24,27.71,-0.392,-0.168,-0.476
2227,74794397,99831.48,27.71,-0.390,-0.441,0.170
2229,74854397,99830.45,27.71,-0.393,-0.354,0.154
2231,74914416,99829.43,27.70,-0.404,-0.268,-0.201
2233,74974397,99831.51,27.70,-0.388,-0.444,0.022
2235,75034422,99829.22,27.70,-0.362,-0.251,0.303
2237,75094427,99831.42,27.70,-0.391,-0.436,0.132
2239,75154396,99827.59,27.70,-0.339,-0.112,-0.083
2241,75214415,99828.71,27.70,-0.308,-0.207,0.581
2243,75274407,99832.54,27.70,-0.318,-0.531,0.601
2245,75334423,99832.38,27.70,-0.353,-0.517,-0.081
2247,75394410,99835.30,27.70,-0.396,-0.764,-0.499
2249,75454397,99832.66,27.70,-0.420,-0.541,-0.641
2251,75514415,99830.29,27.70,-0.404,-0.340,-0.488
2253,75574397,99833.65,27.70,-0.433,-0.625,0.035
2255,75634423,99831.16,27.70,-0.400,-0.414,-0.061
2257,75694427,99834.19,27.70,-0.427,-0.670,0.206
2259,75754397,99830.15,27.70,-0.431,-0.329,-0.346
2261,75814415,99831.31,27.70,-0.402,-0.427,-0.056
2263,75874397,99829.05,27.70,-0.379,-0.237,0.395
2265,75934422,99833.52,27.70,-0.378,-0.613,0.413
2267,75994397,99829.32,27.70,-0.364,-0.259,0.129
2269,76054408,99828.45,27.70,-0.360,-0.185,-0.086
2271,76114415,99829.80,27.70,-0.393,-0.300,-0.108
2273,76174397,99834.44,27.70,-0.442,-0.691,-0.330
2275,76234423,99831.57,27.70,-0.425,-0.449,-0.388
2277,76294427,99833.15,27.70,-0.452,-0.582,-0.092
2279,76354397,99832.86,27.70,-0.489,-0.558,-0.427
2281,76414415,99830.66,27.70,-0.477,-0.372,-0.497
2283,76474397,99832.69,27.70,-0.447,-0.543,0.257
2285,76534423,99829.47,27.70,-0.417,-0.271,0.460
2287,76594397,99832.82,27.69,-0.414,-0.555,0.383
2289,76654397,99831.38,27.69,-0.441,-0.433,0.010
2291,76714415,99828.92,27.69,-0.413,-0.225,-0.334
2293,76774397,99830.78,27.69,-0.450,-0.382,0.029
2295,76834432,99830.65,27.69,-0.439,-0.371,-0.226
2297,76894453,99833.32,27.69,-0.471,-0.597,0.037
2299,76954397,99831.72,27.69,-0.451,-0.462,-0.171
2301,77014415,99832.48,27.69,-0.483,-0.526,-0.049
2303,77074397,99830.01,27.69,-0.479,-0.317,-0.399
2305,77134422,99830.05,27.69,-0.463,-0.321,-0.024
2307,77194397,99832.50,27.68,-0.473,-0.528,0.263
2309,77254397,99831.21,27.68,-0.442,-0.419,0.149
2311,77314415,99830.30,27.68,-0.420,-0.342,0.340
2313,77374397,99830.35,27.68,-0.462,-0.346,-0.019
2315,77434422,99829.47,27.68,-0.449,-0.271,-0.404
2317,77494427,99828.51,27.68,-0.427,-0.190,0.128
2319,77554397,99830.82,27.67,-0.402,-0.386,0.472
2321,77614425,99830.09,27.67,-0.398,-0.324,0.409
2323,77674397,99831.55,27.67,-0.408,-0.447,0.052
2325,77734422,99829.52,27.67,-0.391,-0.275,-0.038
2327,77794397,99829.00,27.67,-0.389,-0.232,0.049
2329,77854397,99833.11,27.67,-0.417,-0.579,0.072
2331,77914415,99831.45,27.67,-0.432,-0.438,-0.261
2333,77974397,99828.48,27.66,-0.398,-0.188,-0.242
2335,78034422,99833.86,27.66,-0.499,-0.643,-0.105
2337,78094427,99826.75,27.66,-0.398,-0.041,-0.583
2339,78154397,99831.48,27.66,-0.387,-0.442,0.948
2341,78214415,99829.12,27.66,-0.377,-0.242,0.404
2343,78274397,99829.66,27.66,-0.327,-0.288,0.318
2345,78334423,99830.63,27.66,-0.334,-0.370,0.604
2347,78394418,99831.42,27.66,-0.308,-0.436,0.220
2349,78454397,99832.96,27.65,-0.325,-0.567,0.313
2351,78514415,99832.39,27.66,-0.356,-0.518,-0.295
2353,78574397,99831.39,27.66,-0.326,-0.434,-0.272
2355,78634423,99829.99,27.66,-0.328,-0.315,0.163
2357,78694427,99829.41,27.66,-0.355,-0.266,-0.258
2359,78754397,99832.48,27.66,-0.360,-0.526,-0.193
2361,78814415,99827.93,27.65,-0.358,-0.141,-0.150
2363,78874397,99831.94,27.65,-0.359,-0.480,-0.021
2365,78934423,99833.55,27.65,-0.420,-0.617,-0.065
2367,78994397,99829.91,27.66,-0.366,-0.308,-0.464
2369,79054397,99828.91,27.65,-0.350,-0.224,0.378
2371,79114415,99829.37,27.65,-0.347,-0.263,0.228
2373,79174407,99834.05,27.65,-0.407,-0.659,-0.028
2375,79234423,99832.20,27.65,-0.444,-0.502,-0.731
2377,79294427,99832.73,27.65,-0.436,-0.547,-0.491
2379,79354397,99835.23,27.65,-0.494,-0.758,-0.120
2381,79414415,99833.27,27.65,-0.479,-0.592,-0.519
2383,79474397,99832.67,27.65,-0.498,-0.542,-0.148
2385,79534423,99832.90,27.65,-0.539,-0.561,-0.450
2387,79594397,99829.69,27.65,-0.522,-0.290,-0.534
2389,79654396,99833.31,27.65,-0.529,-0.596,0.126
2391,79714415,99831.23,27.65,-0.487,-0.420,0.272
2393,79774397,99831.45,27.65,-0.455,-0.438,0.543
2395,79834422,99828.39,27.64,-0.422,-0.180,0.432
2397,79894453,99831.55,27.64,-0.388,-0.447,0.601
2399,79954408,99832.71,27.64,-0.371,-0.546,0.742
2401,80014415,99831.96,27.64,-0.397,-0.482,0.095
2403,80074397,99830.13,27.64,-0.413,-0.328,-0.503
2405,80134423,99833.50,27.64,-0.447,-0.612,-0.320
2407,80194397,99827.80,27.64,-0.390,-0.131,-0.178
2409,80254397,99834.77,27.64,-0.441,-0.720,0.361
2411,80314415,99831.60,27.64,-0.426,-0.452,-0.214
2413,80374397,99830.27,27.64,-0.382,-0.339,0.128
2415,80434422,99831.84,27.64,-0.386,-0.472,0.497
2417,80494427,99826.15,27.64,-0.328,0.009,0.114
2419,80554397,99830.81,27.64,-0.354,-0.385,0.426
2421,80614415,99830.29,27.64,-0.369,-0.341,-0.095
2423,80674397,99832.35,27.63,-0.389,-0.515,-0.224
2425,80734431,99833.33,27.63,-0.429,-0.598,-0.306
2427,80794397,99829.56,27.64,-0.332,-0.279,-0.045
2429,80854396,99831.91,27.64,-0.347,-0.478,0.871
2431,80914416,99830.55,27.63,-0.355,-0.363,-0.060
2433,80974397,99831.03,27.63,-0.408,-0.404,-0.466
2435,81034422,99835.32,27.63,-0.411,-0.766,-0.355
2437,81094427,99831.33,27.63,-0.409,-0.428,-0.054
2439,81154397,99828.84,27.63,-0.385,-0.218,-0.193
2441,81214415,99833.13,27.63,-0.389,-0.581,0.337
2443,81274397,99830.99,27.63,-0.397,-0.400,0.049
2445,81334422,99829.16,27.63,-0.381,-0.246,-0.212
2447,81394409,99826.08,27.63,-0.327,0.015,0.223
2449,81454397,99830.17,27.63,-0.324,-0.331,0.689
2451,81514425,99829.36,27.63,-0.325,-0.262,0.260
2453,81574397,99831.62,27.63,-0.331,-0.454,0.030
2455,81634423,99831.30,27.63,-0.358,-0.426,-0.116
2457,81694427,99829.94,27.63,-0.400,-0.311,-0.642
2459,81754397,99830.65,27.63,-0.385,-0.371,-0.442
2461,81814415,99831.77,27.63,-0.421,-0.466,0.006
2463,81874397,99829.77,27.63,-0.393,-0.296,-0.268
2465,81934422,99829.34,27.63,-0.391,-0.261,0.154
2467,81994397,99829.16,27.63,-0.373,-0.245,0.128
2469,82054397,99832.52,27.63,-0.400,-0.529,0.216
2471,82114415,99832.39,27.63,-0.418,-0.518,-0.214
2473,82174397,99830.87,27.63,-0.397,-0.390,-0.192
2475,82234423,99829.20,27.63,-0.369,-0.248,0.203
2477,82294435,99830.73,27.63,-0.384,-0.378,0.237
2479,82354397,99830.97,27.63,-0.389,-0.398,-0.064
2481,82414415,99835.41,27.63,-0.461,-0.774,-0.244
2483,82474397,99831.90,27.63,-0.463,-0.476,-0.765
2485,82534423,99832.25,27.63,-0.477,-0.506,-0.346
2487,82594397,99832.99,27.63,-0.502,-0.569,-0.244
2489,82654397,99829.31,27.63,-0.457,-0.258,-0.182
2491,82714415,99831.37,27.63,-0.435,-0.432,0.508
2493,82774397,99830.79,27.63,-0.441,-0.383,0.336
2495,82834422,99831.24,27.63,-0.476,-0.421,-0.260
2497,82894465,99827.73,27.63,-0.447,-0.124,-0.389
2499,82954397,99831.66,27.63,-0.435,-0.456,0.376
2501,83014415,99831.85,27.64,-0.451,-0.473,0.294
2503,83074407,99831.09,27.63,-0.447,-0.409,-0.163
2505,83134423,99832.67,27.63,-0.467,-0.542,-0.052
2507,83194397,99830.36,27.64,-0.416,-0.346,0.038
2509,83254396,99831.62,27.64,-0.442,-0.453,0.338
2511,83314415,99833.03,27.64,-0.456,-0.572,-0.174
2513,83374398,99831.09,27.64,-0.436,-0.408,-0.097
2515,83434423,99830.83,27.64,-0.397,-0.386,0.321
2517,83494427,99831.00,27.64,-0.374,-0.401,0.585
2519,83554396,99830.45,27.64,-0.380,-0.354,0.231
2521,83614415,99832.57,27.64,-0.397,-0.533,-0.057
2523,83674397,99831.52,27.64,-0.414,-0.445,-0.233
2525,83734422,99830.92,27.64,-0.402,-0.394,-0.222
2527,83794397,99830.38,27.65,-0.397,-0.348,0.085
2529,83854408,99832.25,27.65,-0.418,-0.507,0.019
2531,83914416,99831.79,27.65,-0.392,-0.468,0.003
2533,83974397,99829.12,27.65,-0.355,-0.242,0.309
2535,84034423,99832.67,27.65,-0.385,-0.542,0.306
2537,84094427,99833.03,27.65,-0.418,-0.572,-0.276
2539,84154397,99831.66,27.65,-0.430,-0.457,-0.520
2541,84214415,99829.84,27.65,-0.418,-0.302,-0.268
2543,84274397,99828.48,27.65,-0.385,-0.188,0.146
2545,84334422,99829.98,27.65,-0.406,-0.314,0.261
2547,84394410,99829.57,27.65,-0.369,-0.280,0.074
2549,84454397,99829.55,27.65,-0.354,-0.278,0.453
2551,84514415,99831.25,27.65,-0.363,-0.422,0.242
2553,84574397,99830.05,27.65,-0.346,-0.320,0.042
2555,84634431,99832.96,27.65,-0.365,-0.566,0.162
2557,84694426,99829.97,27.65,-0.392,-0.314,-0.355
2559,84754397,99830.14,27.65,-0.382,-0.328,-0.406
2561,84814415,99831.11,27.65,-0.359,-0.410,0.278
2563,84874397,99826.40,27.65,-0.331,-0.012,0.224
2565,84934422,99833.55,27.65,-0.361,-0.616,0.284
2567,84994397,99829.62,27.65,-0.355,-0.284,-0.097
2569,85054397,99827.05,27.65,-0.336,-0.066,-0.198
2571,85114415,99834.52,27.65,-0.398,-0.698,0.117
2573,85174397,99830.44,27.65,-0.398,-0.353,-0.481
2575,85234422,99826.82,27.65,-0.330,-0.048,-0.080
2577,85294427,99828.48,27.65,-0.318,-0.188,0.718
2579,85354397,99832.51,27.65,-0.348,-0.528,0.330
2581,85414425,99833.68,27.65,-0.373,-0.627,-0.188
2583,85474397,99828.64,27.65,-0.343,-0.201,-0.341
2585,85534423,99830.26,27.65,-0.362,-0.338,0.014
2587,85594397,99830.75,27.65,-0.392,-0.380,-0.242
2589,85654397,99831.90,27.65,-0.408,-0.477,-0.352
2591,85714415,99831.26,27.65,-0.418,-0.423,-0.244
2593,85774397,99832.13,27.65,-0.457,-0.497,-0.344
2595,85834422,99829.30,27.65,-0.446,-0.257,-0.480
2597,85894452,99832.84,27.65,-0.433,-0.556,0.195
2599,85954396,99829.40,27.65,-0.430,-0.265,0.180
2601,86014415,99830.78,27.65,-0.373,-0.382,0.269
2603,86074397,99830.18,27.65,-0.383,-0.332,0.615
2605,86134422,99828.31,27.65,-0.371,-0.173,-0.112
2607,86194409,99825.09,27.65,-0.297,0.098,0.284
2609,86254396,99830.48,27.65,-0.291,-0.357,0.986
2611,86314415,99830.36,27.65,-0.290,-0.347,0.427
2613,86374397,99832.71,27.65,-0.342,-0.546,-0.174
2615,86434423,99831.06,27.65,-0.333,-0.406,-0.483
2617,86494427,99833.87,27.65,-0.361,-0.643,-0.052
2619,86554396,99827.88,27.65,-0.334,-0.137,-0.316
2621,86614415,99830.58,27.65,-0.352,-0.365,-0.015
2623,86674397,99832.79,27.65,-0.377,-0.552,-0.050
2625,86734422,99829.91,27.65,-0.386,-0.309,-0.383
2627,86794397,99829.98,27.65,-0.387,-0.315,-0.277
2629,86854397,99830.13,27.65,-0.366,-0.328,0.111
2631,86914416,99830.74,27.65,-0.352,-0.379,0.353
2633,86974407,99828.94,27.65,-0.358,-0.227,0.080
2635,87034423,99829.98,27.65,-0.375,-0.314,-0.196
2637,87094427,99829.14,27.65,-0.314,-0.244,0.175
2639,87154397,99831.07,27.65,-0.361,-0.407,0.440
2641,87214415,99829.41,27.65,-0.319,-0.266,-0.203
2643,87274397,99832.91,27.65,-0.346,-0.562,0.355
2645,87334423,99831.11,27.65,-0.375,-0.410,-0.331
2647,87394410,99830.72,27.65,-0.347,-0.377,-0.303
2649,87454397,99832.83,27.65,-0.388,-0.556,0.133
2651,87514415,99831.45,27.64,-0.376,-0.439,-0.313
2653,87574397,99827.80,27.65,-0.355,-0.131,-0.058
2655,87634422,99831.42,27.65,-0.383,-0.437,0.081
2657,87694427,99829.45,27.65,-0.357,-0.270,-0.048
2659,87754408,99831.01,27.65,-0.420,-0.401,-0.129
2661,87814415,99833.52,27.65,-0.473,-0.614,-0.766
2663,87874397,99833.22,27.64,-0.470,-0.588,-0.513
2665,87934420,99831.61,27.64,-0.464,-0.452,-0.083
2667,87994397,99834.29,27.64,-0.490,-0.679,-0.022
2669,88054397,99829.14,27.64,-0.433,-0.244,-0.081
2671,88114415,99832.46,27.64,-0.465,-0.524,0.315
2673,88174397,99834.18,27.64,-0.488,-0.669,-0.159
2675,88234422,99831.28,27.64,-0.471,-0.425,-0.254
2677,88294427,99833.98,27.64,-0.488,-0.653,0.051
2679,88354397,99831.10,27.64,-0.454,-0.409,0.026
2681,88414415,99831.84,27.64,-0.443,-0.472,0.307
2683,88474397,99828.68,27.64,-0.422,-0.205,0.144
2685,88534431,99831.58,27.64,-0.411,-0.449,0.298
2687,88594397,99835.39,27.64,-0.427,-0.772,0.408
2689,88654396,99829.51,27.64,-0.395,-0.274,-0.091
2691,88714415,99828.16,27.64,-0.368,-0.161,0.112
2693,88774397,99829.57,27.64,-0.350,-0.280,0.436
2695,88834423,99827.71,27.64,-0.334,-0.123,0.295
2697,88894453,99826.76,27.63,-0.296,-0.042,0.269
2699,88954397,99829.34,27.64,-0.266,-0.261,0.696
2701,89014415,99830.60,27.64,-0.293,-0.367,0.422
2703,89074397,99832.23,27.63,-0.327,-0.505,-0.306
2705,89134422,99827.40,27.63,-0.310,-0.097,-0.476
2707,89194397,99831.66,27.63,-0.323,-0.457,0.042
2709,89254397,99832.38,27.63,-0.369,-0.518,-0.129
2711,89314426,99828.34,27.63,-0.329,-0.176,-0.458
2713,89374397,99831.41,27.63,-0.329,-0.435,0.342
2715,89434423,99829.95,27.63,-0.337,-0.313,0.080
2717,89494427,99830.76,27.63,-0.323,-0.381,-0.044
2719,89554397,99830.09,27.63,-0.336,-0.324,0.074
2721,89614415,99829.91,27.63,-0.321,-0.308,-0.090
2723,89674397,99826.76,27.63,-0.313,-0.042,0.026
2725,89734423,99828.49,27.63,-0.301,-0.189,0.102
2727,89794397,99830.23,27.63,-0.285,-0.335,0.416
2729,89854397,99829.20,27.63,-0.313,-0.249,0.059
2731,89914415,99829.44,27.63,-0.306,-0.269,-0.291
2733,89974397,99831.16,27.63,-0.365,-0.415,-0.185
2735,90034423,99829.77,27.63,-0.338,-0.297,-0.474
2737,90094435,99829.62,27.63,-0.364,-0.284,-0.001
2739,90154397,99829.68,27.63,-0.346,-0.289,-0.157
2741,90214415,99830.33,27.63,-0.321,-0.344,0.352
2743,90274397,99830.73,27.63,-0.325,-0.378,0.336
2745,90334423,99828.04,27.63,-0.323,-0.150,-0.132
2747,90394409,99830.96,27.63,-0.331,-0.398,-0.018
2749,90454397,99830.00,27.63,-0.326,-0.316,0.052
2751,90514415,99831.49,27.63,-0.363,-0.442,-0.144
2753,90574397,99829.15,27.63,-0.325,-0.244,-0.227
2755,90634422,99833.37,27.63,-0.361,-0.601,0.267
2757,90694427,99829.49,27.63,-0.357,-0.274,-0.311
2759,90754397,99828.47,27.63,-0.372,-0.187,-0.340
2761,90814415,99827.52,27.63,-0.362,-0.107,-0.212
2763,90874409,99831.45,27.63,-0.383,-0.439,0.127
2765,90934423,99831.58,27.63,-0.389,-0.450,-0.041
2767,90994397,99829.23,27.63,-0.352,-0.251,0.014
2769,91054397,99828.80,27.63,-0.287,-0.215,0.637
2771,91114415,99827.98,27.63,-0.283,-0.146,0.713
2773,91174397,99830.42,27.63,-0.349,-0.352,-0.192
2775,91234423,99829.59,27.63,-0.323,-0.281,-0.488
2777,91294427,99829.55,27.63,-0.315,-0.278,0.221
2779,91354397,99828.65,27.63,-0.310,-0.202,0.091
2781,91414415,99826.41,27.63,-0.271,-0.013,0.128
2783,91474397,99828.50,27.63,-0.231,-0.190,0.665
2785,91534422,99830.69,27.63,-0.282,-0.374,0.413
2787,91594397,99829.95,27.63,-0.274,-0.312,-0.401
2789,91654408,99829.93,27.63,-0.267,-0.310,0.030
2791,91714415,99826.85,27.63,-0.249,-0.050,0.023
2793,91774397,99833.51,27.63,-0.318,-0.613,-0.001
2795,91834423,99830.25,27.63,-0.356,-0.337,-0.776
2797,91894452,99828.54,27.62,-0.362,-0.193,-0.795
2799,91954397,99829.91,27.62,-0.364,-0.309,-0.145
2801,92014415,99831.03,27.62,-0.345,-0.404,0.218
2803,92074397,99829.67,27.62,-0.374,-0.289,0.032
2805,92134422,99831.60,27.62,-0.385,-0.452,-0.334
2807,92194397,99830.77,27.62,-0.365,-0.381,0.025
2809,92254396,99830.78,27.62,-0.377,-0.382,0.094
2811,92314415,99827.70,27.62,-0.351,-0.121,-0.123
2813,92374397,99830.01,27.62,-0.357,-0.317,0.197
2815,92434431,99829.12,27.62,-0.344,-0.242,0.109
2817,92494426,99827.98,27.62,-0.315,-0.146,0.196
2819,92554397,99828.59,27.62,-0.291,-0.197,0.449
2821,92614415,99827.26,27.62,-0.300,-0.084,0.205
2823,92674397,99824.75,27.62,-0.248,0.127,0.017
2825,92734422,99825.45,27.62,-0.191,0.069,0.801
2827,92794397,99825.62,27.62,-0.149,0.053,0.977
2829,92854397,99827.34,27.62,-0.158,-0.091,0.574
2831,92914415,99829.32,27.62,-0.191,-0.259,-0.049
2833,92974397,99828.39,27.62,-0.215,-0.180,-0.457
2835,93034422,99830.45,27.62,-0.237,-0.354,-0.362
2837,93094427,99827.89,27.62,-0.217,-0.138,-0.183
2839,93154397,99833.03,27.62,-0.289,-0.572,-0.082
2841,93214425,99827.81,27.63,-0.238,-0.131,-0.477
2843,93274397,99828.05,27.62,-0.212,-0.152,0.370
2845,93334423,99834.12,27.63,-0.285,-0.664,0.251
2847,93394410,99831.09,27.63,-0.296,-0.409,-0.683
2849,93454397,99828.48,27.63,-0.322,-0.187,-0.654
2851,93514415,99827.34,27.63,-0.278,-0.091,-0.243
2853,93574397,99830.82,27.63,-0.307,-0.386,0.419
2855,93634422,99826.73,27.63,-0.236,-0.040,0.113
2857,93694427,99834.00,27.63,-0.294,-0.654,0.586
2859,93754397,99827.65,27.63,-0.235,-0.117,-0.176
2861,93814415,99835.04,27.63,-0.323,-0.742,0.127
2863,93874397,99827.74,27.63,-0.266,-0.125,-0.571
2865,93934423,99828.78,27.63,-0.280,-0.213,0.127
2867,93994409,99831.11,27.63,-0.341,-0.410,-0.274
2869,94054397,99829.50,27.63,-0.342,-0.274,-0.658
2871,94114415,99832.89,27.63,-0.371,-0.560,-0.149
2873,94174397,99828.69,27.63,-0.352,-0.206,-0.252
2875,94234422,99832.27,27.64,-0.392,-0.508,-0.096
2877,94294426,99833.51,27.64,-0.408,-0.613,-0.253
2879,94354397,99826.33,27.64,-0.353,-0.006,-0.206
2881,94414415,99831.55,27.64,-0.379,-0.448,0.334
2883,94474397,99829.65,27.64,-0.322,-0.287,0.275
2885,94534422,99831.16,27.65,-0.331,-0.415,0.526
2887,94594397,99832.86,27.64,-0.372,-0.558,-0.106
2889,94654397,99829.41,27.65,-0.352,-0.266,-0.437
2891,94714415,99831.73,27.65,-0.356,-0.463,0.090
2893,94774407,99829.59,27.65,-0.351,-0.282,0.010
2895,94834423,99827.34,27.65,-0.330,-0.092,-0.057
2897,94894452,99827.52,27.65,-0.284,-0.107,0.399
2899,94954397,99830.88,27.65,-0.270,-0.390,0.795
2901,95014415,99826.72,27.65,-0.250,-0.039,0.281
2903,95074397,99829.34,27.66,-0.272,-0.261,0.031
2905,95134423,99828.97,27.65,-0.273,-0.229,-0.109
2907,95194397,99831.42,27.66,-0.320,-0.436,-0.198
2909,95254397,99835.27,27.66,-0.357,-0.762,-0.399
2911,95314415,99829.34,27.66,-0.354,-0.261,-0.560
2913,95374397,99827.16,27.65,-0.338,-0.077,-0.347
2915,95434422,99830.12,27.66,-0.338,-0.327,0.222
2917,95494427,99831.30,27.66,-0.336,-0.427,0.251
2919,95554408,99828.74,27.65,-0.361,-0.210,-0.193
2921,95614415,99829.41,27.66,-0.301,-0.266,-0.028
2923,95674397,99826.30,27.65,-0.225,-0.004,0.949
2925,95734423,99827.81,27.65,-0.238,-0.132,0.747
2927,95794397,99828.84,27.65,-0.242,-0.218,0.049
2929,95854396,99832.18,27.66,-0.275,-0.501,-0.024
2931,95914416,99832.66,27.65,-0.330,-0.540,-0.486
2933,95974397,99830.68,27.65,-0.341,-0.374,-0.787
2935,96034422,99833.10,27.65,-0.379,-0.579,-0.375
2937,96094427,99831.14,27.65,-0.371,-0.413,-0.360
2939,96154397,99828.38,27.65,-0.358,-0.179,-0.123
2941,96214415,99827.28,27.65,-0.318,-0.087,0.184
2943,96274397,99827.88,27.65,-0.264,-0.137,0.741
2945,96334431,99830.37,27.65,-0.272,-0.347,0.750
2947,96394410,99828.62,27.65,-0.281,-0.200,-0.045
2949,96454397,99828.98,27.65,-0.283,-0.230,-0.188
2951,96514415,99829.48,27.65,-0.292,-0.272,-0.042
2953,96574397,99827.88,27.65,-0.304,-0.136,-0.235
2955,96634422,99828.24,27.64,-0.278,-0.168,-0.052
2957,96694427,99830.09,27.65,-0.287,-0.324,0.342
2959,96754397,99829.68,27.64,-0.307,-0.289,-0.111
2961,96814415,99833.13,27.64,-0.347,-0.581,-0.296
2963,96874397,99828.52,27.64,-0.276,-0.191,-0.113
2965,96934422,99830.48,27.64,-0.325,-0.357,0.306
2967,96994397,99831.85,27.64,-0.328,-0.473,-0.309
2969,97054397,99828.05,27.64,-0.339,-0.152,-0.275
2971,97114425,99829.71,27.64,-0.353,-0.292,-0.318
2973,97174397,99832.52,27.64,-0.351,-0.529,0.088
2975,97234423,99829.55,27.64,-0.350,-0.278,0.002
2977,97294427,99831.04,27.64,-0.346,-0.404,-0.044
2979,97354397,99827.54,27.64,-0.322,-0.108,0.081
2981,97414415,99828.64,27.64,-0.322,-0.202,0.139
2983,97474397,99829.06,27.64,-0.311,-0.237,0.168
2985,97534422,99833.82,27.64,-0.376,-0.639,0.020
2987,97594397,99831.51,27.64,-0.373,-0.444,-0.557
2989,97654397,99828.23,27.64,-0.326,-0.167,-0.055
2991,97714415,99828.53,27.64,-0.290,-0.192,0.571
2993,97774397,99829.91,27.64,-0.302,-0.309,0.460
2995,97834423,99833.86,27.64,-0.356,-0.642,-0.122
2997,97894475,99827.43,27.64,-0.312,-0.099,-0.483
2999,97954396,99829.45,27.64,-0.314,-0.269,0.184
3001,98014415,99826.66,27.64,-0.280,-0.034,0.182
3003,98074397,99831.71,27.64,-0.287,-0.461,0.455
3005,98134423,99834.11,27.64,-0.352,-0.664,-0.029
3007,98194397,99829.37,27.64,-0.305,-0.263,-0.580
3009,98254397,99828.03,27.64,-0.323,-0.150,0.023
3011,98314415,99832.41,27.64,-0.302,-0.520,0.134
3013,98374397,99829.66,27.64,-0.329,-0.287,0.141
3015,98434422,99831.25,27.64,-0.347,-0.422,-0.439
3017,98494427,99829.17,27.64,-0.317,-0.246,-0.073
3019,98554397,99829.28,27.64,-0.311,-0.256,0.244
3021,98614415,99827.44,27.64,-0.304,-0.100,0.042
3023,98674407,99830.15,27.64,-0.323,-0.329,0.019
3025,98734423,99832.93,27.64,-0.350,-0.564,-0.069
3027,98794397,99830.92,27.64,-0.372,-0.394,-0.399
3029,98854396,99830.09,27.64,-0.353,-0.323,-0.311
3031,98914416,99830.91,27.64,-0.368,-0.394,0.096
3033,98974397,99829.80,27.64,-0.364,-0.300,-0.144
3035,99034423,99827.82,27.64,-0.328,-0.132,0.071
3037,99094427,99829.16,27.64,-0.280,-0.245,0.649
3039,99154397,99827.84,27.64,-0.290,-0.134,0.509
3041,99214415,99828.91,27.64,-0.261,-0.224,0.097
3043,99274397,99827.27,27.64,-0.236,-0.085,0.425
3045,99334423,99834.51,27.64,-0.306,-0.697,0.201
3047,99394410,99829.48,27.65,-0.321,-0.272,-0.717
3049,99454408,99832.70,27.65,-0.338,-0.544,-0.430
3051,99514415,99832.68,27.65,-0.384,-0.543,-0.298
3053,99574397,99828.88,27.65,-0.384,-0.222,-0.732
3055,99634423,99830.84,27.65,-0.423,-0.387,-0.376
3057,99694427,99828.96,27.65,-0.404,-0.228,-0.315
3059,99754397,99829.92,27.65,-0.375,-0.310,0.285
3061,99814415,99829.52,27.65,-0.295,-0.275,0.832
3063,99874397,99830.76,27.65,-0.292,-0.381,0.978
3065,99934422,99831.31,27.65,-0.314,-0.427,0.085
3067,99994397,99828.54,27.65,-0.314,-0.193,-0.357
3069,100054397,99830.27,27.65,-0.297,-0.339,0.016
3071,100114415,99832.70,27.65,-0.310,-0.545,0.341
3073,100174397,99833.91,27.65,-0.350,-0.647,-0.163
3075,100234431,99827.96,27.65,-0.295,-0.144,-0.393
3077,100294426,99828.62,27.66,-0.286,-0.200,0.341
3079,100354396,99837.80,27.66,-0.396,-0.976,0.041
3081,100414415,99828.98,27.66,-0.325,-0.230,-0.777
3083,100474397,99831.02,27.66,-0.337,-0.402,0.235
3085,100534422,99828.82,27.66,-0.298,-0.217,0.163
3087,100594397,99829.45,27.66,-0.310,-0.269,0.265
3089,100654397,99829.70,27.66,-0.343,-0.291,-0.239
3091,100714415,99828.24,27.66,-0.305,-0.167,-0.217
3093,100774397,99832.20,27.66,-0.342,-0.503,0.300
3095,100834422,99831.84,27.66,-0.339,-0.472,-0.159
3097,100894452,99829.39,27.66,-0.348,-0.265,-0.204
3099,100954397,99830.77,27.66,-0.352,-0.381,-0.184
3101,101014426,99830.32,27.67,-0.339,-0.344,0.072
3103,101074397,99831.98,27.66,-0.351,-0.484,0.135
3105,101134423,99830.83,27.67,-0.362,-0.386,-0.157
3107,101194397,99830.50,27.67,-0.383,-0.358,-0.332
3109,101254397,99829.87,27.67,-0.367,-0.305,-0.198
3111,101314415,99831.84,27.67,-0.374,-0.472,0.188
3113,101374397,99830.75,27.67,-0.366,-0.380,0.029
3115,101434423,99831.51,27.67,-0.358,-0.444,0.108
3117,101494426,99826.08,27.67,-0.348,0.015,-0.093
3119,101554397,99828.43,27.67,-0.319,-0.184,0.119
3121,101614415,99829.62,27.67,-0.318,-0.284,0.530
3123,101674397,99830.23,27.67,-0.317,-0.336,0.143
3125,101734423,99830.45,27.67,-0.365,-0.355,-0.224
3127,101794409,99829.33,27.67,-0.286,-0.260,-0.114
3129,101854397,99830.21,27.67,-0.292,-0.334,0.774
3131,101914415,99830.33,27.67,-0.288,-0.344,0.093
3133,101974397,99829.07,27.67,-0.292,-0.238,-0.049
3135,102034423,99828.30,27.67,-0.281,-0.173,-0.081
3137,102094427,99832.83,27.67,-0.304,-0.555,0.177
3139,102154397,99833.70,27.67,-0.355,-0.628,-0.251
3141,102214415,99831.05,27.67,-0.349,-0.405,-0.645
3143,102274397,99829.91,27.67,-0.353,-0.309,-0.207
3145,102334422,99827.77,27.67,-0.327,-0.128,-0.062
3147,102394410,99828.45,27.67,-0.295,-0.186,0.389
3149,102454397,99831.59,27.67,-0.298,-0.450,0.567
3151,102514415,99834.34,27.67,-0.355,-0.684,-0.017
3153,102574407,99828.48,27.67,-0.319,-0.188,-0.585
3155,102634423,99830.97,27.67,-0.303,-0.398,0.247
3157,102694427,99832.36,27.67,-0.315,-0.516,0.348
3159,102754397,99828.30,27.67,-0.290,-0.172,-0.113
3161,102814415,99829.34,27.67,-0.265,-0.261,0.251
3163,102874397,99829.93,27.67,-0.276,-0.310,0.331
3165,102934419,99830.77,27.67,-0.278,-0.381,-0.036
3167,102994397,99829.38,27.67,-0.251,-0.263,0.095
3169,103054397,99832.22,27.67,-0.284,-0.504,0.184
3171,103114415,99830.46,27.67,-0.278,-0.355,-0.246
3173,103174397,99828.46,27.67,-0.275,-0.186,-0.156
3175,103234422,99829.30,27.67,-0.265,-0.257,0.041
3177,103294427,99828.84,27.67,-0.224,-0.218,0.373
3179,103354409,99827.94,27.67,-0.242,-0.142,0.287
3181,103414415,99830.84,27.67,-0.267,-0.387,-0.194
3183,103474397,99832.65,27.67,-0.309,-0.540,-0.296
3185,103534423,99830.35,27.67,-0.335,-0.346,-0.666
3187,103594397,99827.38,27.67,-0.279,-0.095,-0.285
3189,103654397,99829.35,27.67,-0.284,-0.262,0.512
3191,103714415,99828.74,27.67,-0.262,-0.210,0.202
3193,103774397,99829.20,27.67,-0.247,-0.249,0.316
3195,103834422,99827.26,27.67,-0.218,-0.085,0.281
3197,103894452,99832.23,27.67,-0.276,-0.505,0.163
3199,103954397,99828.07,27.67,-0.251,-0.153,-0.421
3201,104014415,99827.02,27.67,-0.240,-0.065,0.002
3203,104074397,99828.89,27.67,-0.264,-0.223,0.050
3205,104134432,99825.97,27.67,-0.231,0.024,-0.121
3207,104194397,99828.76,27.67,-0.246,-0.211,0.247
3209,104254397,99829.68,27.67,-0.241,-0.290,0.092
3211,104314415,99829.70,27.67,-0.221,-0.291,0.213
3213,104374397,99829.70,27.67,-0.239,-0.291,0.120
3215,104434422,99829.13,27.67,-0.252,-0.243,-0.287
3217,104494427,99833.12,27.67,-0.290,-0.580,-0.200
3219,104554397,99828.97,27.68,-0.285,-0.229,-0.415
3221,104614415,99827.98,27.68,-0.262,-0.146,-0.117
3223,104674397,99829.55,27.68,-0.278,-0.278,0.195
3225,104734422,99831.36,27.68,-0.275,-0.431,0.038
3227,104794397,99829.30,27.68,-0.321,-0.257,-0.266
3229,104854397,99828.98,27.68,-0.294,-0.230,-0.477
3231,104914423,99831.33,27.68,-0.270,-0.428,0.505
3233,104974397,99826.91,27.68,-0.243,-0.055,0.343
3235,105034423,99833.89,27.68,-0.309,-0.645,0.067
3237,105094427,99829.72,27.68,-0.278,-0.292,-0.365
3239,105154396,99830.78,27.68,-0.287,-0.382,0.061
3241,105214415,99827.40,27.68,-0.276,-0.096,-0.130
3243,105274397,99830.48,27.68,-0.277,-0.356,0.088
3245,105334422,99834.55,27.68,-0.329,-0.701,0.080
3247,105394410,99830.15,27.67,-0.341,-0.329,-0.667
3249,105454397,99832.03,27.68,-0.386,-0.488,-0.583
3251,105514415,99829.19,27.68,-0.340,-0.248,-0.288
3253,105574397,99831.48,27.67,-0.309,-0.441,0.608
3255,105634423,99832.31,27.68,-0.352,-0.512,0.304
3257,105694435,99829.68,27.68,-0.349,-0.289,-0.518
3259,105754397,99827.15,27.67,-0.311,-0.075,-0.070
3261,105814415,99829.95,27.67,-0.289,-0.312,0.565
3263,105874397,99828.55,27.67,-0.273,-0.194,0.456
3265,105934423,99830.79,27.67,-0.323,-0.383,-0.045
3267,105994397,99834.07,27.67,-0.346,-0.661,-0.375
3269,106054397,99832.52,27.67,-0.404,-0.529,-0.556
3271,106114415,99831.30,27.67,-0.426,-0.426,-0.946
3273,106174397,99826.30,27.67,-0.369,-0.004,-0.301
3275,106234422,99828.33,27.67,-0.373,-0.175,0.426
3277,106294427,99827.68,27.67,-0.334,-0.120,0.317
3279,106354397,99830.26,27.67,-0.346,-0.338,0.464
3281,106414415,99827.55,27.67,-0.272,-0.109,0.335
3283,106474407,99828.59,27.67,-0.300,-0.197,0.550
3285,106534423,99830.56,27.67,-0.345,-0.364,-0.332
3287,106594397,99828.70,27.67,-0.314,-0.206,-0.339
3289,106654397,99831.99,27.67,-0.339,-0.484,0.224
3291,106714415,99831.37,27.67,-0.350,-0.432,-0.168
3293,106774397,99826.90,27.67,-0.339,-0.054,-0.354
3295,106834423,99825.41,27.67,-0.251,0.072,0.304
3297,106894453,99827.70,27.67,-0.241,-0.122,1.086
3299,106954397,99828.34,27.67,-0.260,-0.176,0.254
3301,107014415,99827.98,27.67,-0.266,-0.146,-0.219
3303,107074397,99828.84,27.67,-0.268,-0.218,-0.076
3305,107134422,99832.17,27.68,-0.337,-0.500,-0.216
3307,107194397,99830.23,27.68,-0.349,-0.335,-0.760
3309,107254409,99829.04,27.68,-0.352,-0.235,-0.385
3311,107314415,99832.35,27.68,-0.367,-0.515,-0.012
3313,107374396,99826.88,27.68,-0.295,-0.053,0.135
3315,107434423,99829.42,27.68,-0.306,-0.268,0.561
3317,107494427,99831.98,27.68,-0.300,-0.483,0.261
3319,107554397,99830.13,27.68,-0.298,-0.328,0.100
3321,107614415,99833.59,27.68,-0.304,-0.620,0.077
3323,107674397,99827.02,27.68,-0.259,-0.064,0.033
3325,107734422,99828.98,27.68,-0.271,-0.230,0.173
3327,107794397,99827.43,27.68,-0.255,-0.099,0.034
3329,107854396,99828.53,27.68,-0.258,-0.192,0.124
3331,107914416,99824.57,27.68,-0.156,0.143,0.425
3333,107974397,99829.13,27.68,-0.171,-0.243,1.060
3335,108034431,99831.18,27.68,-0.243,-0.416,-0.127
3337,108094426,99831.51,27.68,-0.283,-0.444,-0.911
3339,108154397,99835.24,27.68,-0.354,-0.759,-0.713
3341,108214415,99826.41,27.68,-0.307,-0.012,-0.830
3343,108274397,99830.31,27.68,-0.344,-0.343,-0.036
3345,108334422,99829.53,27.68,-0.302,-0.277,0.057
3347,108394410,99830.78,27.68,-0.341,-0.383,0.220
3349,108454397,99833.56,27.68,-0.370,-0.617,-0.341
3351,108514415,99829.12,27.68,-0.347,-0.243,-0.309
3353,108574397,99829.48,27.68,-0.289,-0.272,0.341
3355,108634422,99830.77,27.68,-0.325,-0.381,0.537
3357,108694427,99829.88,27.68,-0.327,-0.306,-0.326
3359,108754397,99831.21,27.68,-0.291,-0.419,0.182
3361,108814425,99831.99,27.68,-0.304,-0.484,0.434
3363,108874397,99830.94,27.68,-0.303,-0.396,-0.118
3365,108934423,99826.47,27.68,-0.273,-0.018,-0.127
3367,108994397,99832.17,27.67,-0.310,-0.500,0.188
3369,109054397,99828.96,27.67,-0.293,-0.229,-0.147
3371,109114415,99827.46,27.67,-0.292,-0.102,-0.097
3373,109174397,99829.16,27.67,-0.296,-0.246,0.017
3375,109234422,99829.24,27.67,-0.257,-0.252,0.282
3377,109294427,99829.75,27.67,-0.250,-0.295,0.493
3379,109354397,99831.54,27.67,-0.240,-0.446,0.302
3381,109414415,99831.20,27.67,-0.276,-0.418,-0.012
3383,109474397,99827.80,27.67,-0.253,-0.131,-0.454
3385,109534423,99829.73,27.67,-0.289,-0.294,-0.072
3387,109594409,99834.84,27.67,-0.346,-0.725,-0.335
3389,109654397,99831.30,27.67,-0.381,-0.426,-0.789
3391,109714415,99830.48,27.67,-0.356,-0.357,-0.528
3393,109774397,99829.86,27.67,-0.349,-0.304,0.200
3395,109834423,99831.00,27.67,-0.320,-0.401,0.298
3397,109894452,99828.94,27.67,-0.302,-0.227,0.390
3399,109954397,99828.14,27.67,-0.282,-0.159,0.194
3401,110014415,99830.51,27.68,-0.291,-0.359,0.269
3403,110074397,99826.80,27.67,-0.268,-0.046,-0.017
3405,110134422,99831.09,27.67,-0.306,-0.409,0.054
3407,110194397,99825.41,27.67,-0.260,0.072,-0.205
3409,110254397,99826.98,27.67,-0.241,-0.061,0.360
3411,110314415,99829.44,27.67,-0.265,-0.269,0.337
3413,110374409,99828.30,27.68,-0.239,-0.173,-0.025
3415,110434423,99828.55,27.68,-0.224,-0.193,0.303
3417,110494427,99832.18,27.68,-0.258,-0.500,0.196
3419,110554397,99831.14,27.68,-0.259,-0.413,-0.224
3421,110614415,99830.33,27.68,-0.296,-0.344,-0.364
3423,110674397,99830.22,27.68,-0.289,-0.335,-0.419
3425,110734423,99831.47,27.68,-0.302,-0.440,0.022
3427,110794397,99828.24,27.68,-0.299,-0.168,-0.220
3429,110854396,99830.11,27.68,-0.293,-0.326,-0.012
3431,110914416,99831.93,27.68,-0.309,-0.479,0.172
3433,110974397,99829.32,27.68,-0.295,-0.259,-0.133
3435,111034422,99830.56,27.68,-0.320,-0.364,-0.085
3437,111094427,99830.22,27.68,-0.313,-0.335,-0.167
3439,111154408,99828.70,27.68,-0.298,-0.207,0.039
3441,111214415,99829.83,27.68,-0.315,-0.302,0.054
3443,111274397,99830.20,27.68,-0.309,-0.333,-0.060
3445,111334423,99828.91,27.68,-0.302,-0.224,0.032
3447,111394410,99833.64,27.68,-0.341,-0.624,0.041
3449,111454397,99830.86,27.68,-0.374,-0.389,-0.509
3451,111514415,99833.31,27.68,-0.359,-0.596,-0.334
3453,111574397,99827.91,27.68,-0.331,-0.140,0.140
3455,111634422,99830.52,27.68,-0.347,-0.360,0.083
3457,111694427,99830.67,27.68,-0.394,-0.373,-0.279
3459,111754397,99828.33,27.68,-0.365,-0.175,-0.479
3461,111814415,99829.49,27.68,-0.363,-0.274,0.217
3463,111874397,99831.88,27.68,-0.333,-0.475,0.413
3465,111934431,99831.83,27.68,-0.340,-0.470,0.419
3467,111994397,99828.84,27.68,-0.317,-0.218,-0.074
3469,112054397,99828.34,27.69,-0.319,-0.176,0.046
3471,112114415,99829.73,27.69,-0.318,-0.293,0.057
3473,112174397,99830.34,27.68,-0.317,-0.345,0.126
3475,112234422,99831.00,27.68,-0.339,-0.401,-0.054
3477,112294427,99830.41,27.68,-0.349,-0.351,-0.293
3479,112354397,99829.59,27.68,-0.319,-0.281,-0.031
3481,112414415,99828.38,27.68,-0.313,-0.180,0.245
3483,112474397,99829.77,27.68,-0.339,-0.297,-0.047
3485,112534422,99829.29,27.68,-0.317,-0.256,-0.102
3487,112594397,99828.54,27.68,-0.297,-0.193,0.269
3489,112654397,99831.62,27.68,-0.315,-0.453,0.261
3491,112714425,99830.65,27.68,-0.281,-0.371,0.135
3493,112774397,99829.48,27.68,-0.297,-0.272,0.144
3495,112834423,99828.52,27.68,-0.277,-0.191,-0.136
3497,112894465,99830.02,27.68,-0.251,-0.318,0.390
3499,112954397,99828.22,27.68,-0.279,-0.166,0.125
3501,113014415,99829.30,27.68,-0.274,-0.257,-0.294
3503,113074397,99828.07,27.68,-0.250,-0.153,0.162
3505,113134422,99829.46,27.68,-0.264,-0.271,0.194
3507,113194397,99828.80,27.68,-0.290,-0.215,-0.245
3509,113254397,99827.24,27.68,-0.282,-0.084,-0.372
3511,113314415,99832.88,27.68,-0.326,-0.560,0.027
3513,113374397,99832.82,27.68,-0.365,-0.554,-0.407
3515,113434423,99830.07,27.69,-0.370,-0.323,-0.662
3517,113494435,99832.00,27.68,-0.381,-0.486,-0.204
3519,113554397,99827.78,27.68,-0.319,-0.129,0.113
3521,113614415,99830.90,27.68,-0.320,-0.392,0.610
3523,113674397,99832.19,27.68,-0.355,-0.501,0.086
3525,113734423,99828.15,27.68,-0.314,-0.160,-0.296
3527,113794397,99829.88,27.68,-0.334,-0.307,0.178
3529,113854397,99828.91,27.68,-0.278,-0.224,0.193
3531,113914416,99834.73,27.68,-0.338,-0.716,0.507
3533,113974397,99830.55,27.68,-0.342,-0.363,-0.539
3535,114034422,99831.30,27.68,-0.355,-0.426,-0.370
3537,114094427,99826.61,27.68,-0.315,-0.030,-0.126
3539,114154397,99828.67,27.68,-0.326,-0.204,0.231
3541,114214415,99827.47,27.68,-0.294,-0.102,0.149
3543,114274407,99829.31,27.68,-0.294,-0.258,0.373
3545,114334423,99833.13,27.68,-0.354,-0.581,-0.015
3547,114394410,99828.37,27.68,-0.348,-0.178,-0.673
3549,114454397,99824.73,27.68,-0.225,0.129,0.273
3551,114514415,99826.66,27.68,-0.194,-0.034,1.456
3553,114574397,99827.05,27.68,-0.170,-0.067,0.737
3555,114634423,99828.53,27.68,-0.214,-0.192,0.142
3557,114694427,99823.89,27.68,-0.159,0.200,-0.311
3559,114754396,99833.17,27.68,-0.233,-0.585,0.374
3561,114814415,99828.14,27.68,-0.218,-0.159,-0.446
3563,114874397,99830.88,27.68,-0.241,-0.390,-0.173
3565,114934422,99828.32,27.68,-0.293,-0.175,-0.532
3567,114994397,99826.89,27.68,-0.300,-0.053,-0.854
3569,115054408,99830.43,27.69,-0.309,-0.352,-0.073
3571,115114415,99826.13,27.69,-0.290,0.010,-0.031
3573,115174397,99830.12,27.69,-0.290,-0.326,0.188
3575,115234423,99827.42,27.69,-0.273,-0.098,0.186
3577,115294427,99828.76,27.69,-0.268,-0.212,0.144
3579,115354397,99831.73,27.69,-0.275,-0.463,0.256
3581,115414415,99832.51,27.69,-0.298,-0.528,-0.001
3583,115474397,99829.77,27.69,-0.313,-0.297,-0.454
3585,115534422,99828.26,27.69,-0.286,-0.169,-0.264
3587,115594397,99828.45,27.69,-0.294,-0.185,0.169
3589,115654397,99828.95,27.69,-0.271,-0.228,0.113
3591,115714415,99829.20,27.69,-0.292,-0.249,0.161
3593,115774397,99830.19,27.69,-0.276,-0.332,-0.051
3595,115834431,99827.56,27.69,-0.223,-0.110,0.382
3597,115894453,99831.22,27.69,-0.237,-0.420,0.579
3599,115954397,99830.49,27.69,-0.257,-0.358,-0.062
3601,116014415,99829.70,27.69,-0.271,-0.291,-0.401
3603,116074397,99825.13,27.69,-0.213,0.095,-0.124
3605,116134422,99834.16,27.69,-0.293,-0.668,0.398
3607,116194397,99829.83,27.69,-0.304,-0.302,-0.641
3609,116254396,99828.29,27.69,-0.263,-0.171,-0.274
3611,116314415,99830.45,27.69,-0.284,-0.354,0.352
3613,116374397,99828.95,27.69,-0.250,-0.227,0.040
3615,116434422,99826.36,27.69,-0.221,-0.009,0.308
3617,116494427,99829.16,27.69,-0.219,-0.245,0.372
3619,116554396,99828.77,27.69,-0.221,-0.212,0.173
3621,116614425,99828.09,27.69,-0.206,-0.154,0.016
3623,116674397,99833.85,27.69,-0.276,-0.642,0.023
3625,116734423,99830.87,27.69,-0.301,-0.390,-0.756
3627,116794397,99827.41,27.69,-0.241,-0.097,-0.342
3629,116854397,99831.02,27.69,-0.272,-0.403,0.469
3631,116914415,99827.92,27.69,-0.241,-0.141,-0.073
3633,116974397,99829.49,27.69,-0.244,-0.273,0.207
3635,117034422,99828.91,27.69,-0.258,-0.224,-0.025
3637,117094427,99829.27,27.69,-0.241,-0.254,-0.072
3639,117154397,99830.12,27.69,-0.261,-0.327,0.115
3641,117214415,99828.55,27.69,-0.249,-0.193,-0.168
3643,117274397,99830.02,27.69,-0.248,-0.318,0.115
3645,117334423,99831.07,27.69,-0.201,-0.407,0.432
3647,117394418,99830.69,27.69,-0.267,-0.374,0.165
3649,117454397,99830.75,27.69,-0.291,-0.380,-0.836
3651,117514415,99831.96,27.69,-0.310,-0.482,-0.380
3653,117574397,99828.98,27.69,-0.289,-0.230,-0.205
3655,117634423,99828.68,27.69,-0.302,-0.205,-0.032
3657,117694427,99834.84,27.69,-0.330,-0.725,0.026
3659,117754397,99831.36,27.69,-0.339,-0.431,-0.238
3661,117814415,99833.33,27.69,-0.364,-0.597,-0.357
3663,117874397,99829.20,27.69,-0.309,-0.249,-0.077
3665,117934419,99829.73,27.69,-0.309,-0.294,0.386
3667,117994397,99830.30,27.69,-0.348,-0.341,-0.110
3669,118054397,99830.47,27.69,-0.349,-0.356,-0.396
3671,118114415,99829.36,27.69,-0.293,-0.262,0.231
3673,118174407,99829.69,27.69,-0.303,-0.290,0.513
3675,118234423,99830.27,27.69,-0.306,-0.339,-0.026
3677,118294427,99830.86,27.69,-0.277,-0.389,0.190
3679,118354397,99828.09,27.69,-0.250,-0.155,0.358
3681,118414415,99832.22,27.70,-0.272,-0.504,0.272
3683,118474397,99828.94,27.70,-0.269,-0.226,-0.153
3685,118534423,99827.73,27.70,-0.259,-0.125,-0.167
3687,118594397,99829.71,27.70,-0.253,-0.292,0.195
3689,118654397,99833.55,27.70,-0.306,-0.617,0.078
3691,118714415,99829.88,27.70,-0.274,-0.306,-0.378
3693,118774397,99827.81,27.70,-0.261,-0.132,0.061
3695,118834422,99829.23,27.70,-0.209,-0.251,0.441
3697,118894453,99827.09,27.70,-0.189,-0.071,0.673
3699,118954408,99829.84,27.70,-0.219,-0.303,0.134
3701,119014415,99833.38,27.70,-0.264,-0.602,-0.245
3703,119074397,99828.77,27.70,-0.234,-0.212,-0.405
3705,119134423,99828.61,27.70,-0.238,-0.199,0.008
3707,119194397,99827.23,27.70,-0.241,-0.083,-0.118
3709,119254397,99827.56,27.71,-0.228,-0.111,-0.012
3711,119314415,99828.73,27.71,-0.260,-0.209,0.030
3713,119374397,99831.05,27.70,-0.282,-0.405,-0.282
3715,119434422,99827.03,27.71,-0.217,-0.066,0.020
3717,119494427,99832.29,27.70,-0.276,-0.509,0.413
3719,119554396,99828.71,27.71,-0.257,-0.207,-0.386
3721,119614415,99827.84,27.71,-0.258,-0.134,-0.094
3723,119674397,99826.73,27.71,-0.228,-0.040,0.074
3725,119734431,99833.05,27.71,-0.263,-0.575,0.408
3727,119794397,99830.27,27.71,-0.219,-0.339,0.093
3729,119854397,99829.10,27.71,-0.227,-0.240,0.191
3731,119914416,99830.33,27.71,-0.264,-0.344,-0.256
3733,119974397,99830.43,27.71,-0.238,-0.353,-0.191
3735,120034422,99830.83,27.71,-0.253,-0.386,0.182
3737,120094427,99826.95,27.71,-0.205,-0.059,-0.040
3739,120154397,99830.80,27.71,-0.218,-0.384,0.443
3741,120214415,99833.95,27.71,-0.288,-0.651,-0.130
3743,120274397,99831.84,27.71,-0.320,-0.471,-0.922
3745,120334422,99829.82,27.71,-0.323,-0.301,-0.669
3747,120394409,99828.75,27.71,-0.318,-0.211,-0.205
3749,120454397,99829.34,27.71,-0.313,-0.260,0.057
3751,120514425,99829.65,27.71,-0.299,-0.287,0.188
3753,120574397,99830.21,27.71,-0.291,-0.334,0.258
3755,120634423,99827.48,27.71,-0.310,-0.103,-0.118
3757,120694427,99827.60,27.71,-0.279,-0.114,-0.164
3759,120754397,99826.80,27.71,-0.246,-0.045,0.478
3761,120814415,99830.98,27.71,-0.262,-0.400,0.483
3763,120874397,99828.33,27.71,-0.247,-0.175,0.030
3765,120934422,99825.42,27.70,-0.224,0.071,-0.019
3767,120994397,99828.96,27.71,-0.226,-0.229,0.300
3769,121054397,99825.49,27.71,-0.177,0.064,0.294
3771,121114415,99834.20,27.71,-0.277,-0.671,0.232
3773,121174397,99828.36,27.71,-0.264,-0.177,-0.827
3775,121234423,99829.23,27.71,-0.269,-0.251,-0.250
3777,121294435,99831.52,27.71,-0.294,-0.445,-0.020
3779,121354397,99828.65,27.71,-0.279,-0.202,-0.226
3781,121414415,99830.43,27.71,-0.288,-0.353,0.026
3783,121474397,99828.62,27.71,-0.275,-0.199,-0.018
3785,121534423,99831.66,27.71,-0.328,-0.456,-0.104
3787,121594397,99829.37,27.71,-0.330,-0.263,-0.541
3789,121654397,99828.05,27.71,-0.269,-0.151,0.082
3791,121714415,99826.18,27.71,-0.241,0.006,0.673
3793,121774397,99832.39,27.71,-0.270,-0.518,0.435
3795,121834422,99828.41,27.71,-0.245,-0.182,-0.027
3797,121894453,99830.42,27.71,-0.262,-0.352,0.041
3799,121954397,99828.83,27.71,-0.260,-0.217,-0.131
3801,122014415,99827.89,27.71,-0.260,-0.138,-0.129
3803,122074407,99826.97,27.71,-0.204,-0.060,0.224
3805,122134423,99829.91,27.71,-0.232,-0.308,0.563
3807,122194397,99831.23,27.72,-0.235,-0.420,-0.041
3809,122254397,99830.77,27.71,-0.259,-0.381,-0.154
3811,122314415,99831.48,27.72,-0.322,-0.441,-0.625
3813,122374398,99827.48,27.72,-0.324,-0.104,-0.907
3815,122434423,99827.10,27.72,-0.290,-0.071,-0.118
3817,122494427,99828.68,27.72,-0.270,-0.205,0.548
3819,122554397,99833.48,27.72,-0.338,-0.611,0.203
3821,122614415,99831.09,27.72,-0.343,-0.409,-0.626
3823,122674397,99828.88,27.73,-0.314,-0.221,-0.210
3825,122734422,99826.95,27.73,-0.284,-0.058,0.272
3827,122794397,99827.76,27.73,-0.257,-0.127,0.461
3829,122854409,99830.93,27.73,-0.312,-0.395,0.217
3831,122914416,99827.34,27.73,-0.253,-0.092,-0.260
3833,122974397,99826.96,27.73,-0.239,-0.059,0.463
3835,123034423,99826.27,27.73,-0.219,-0.001,0.275
3837,123094427,99828.56,27.73,-0.216,-0.195,0.342
3839,123154397,99828.03,27.73,-0.200,-0.150,0.246
3841,123214415,99828.47,27.73,-0.185,-0.187,0.260
3843,123274397,99832.59,27.73,-0.234,-0.535,0.141
3845,123334422,99827.09,27.73,-0.200,-0.070,-0.397
3847,123394410,99834.90,27.73,-0.275,-0.730,0.007
3849,123454397,99827.06,27.73,-0.261,-0.068,-0.716
3851,123514415,99830.06,27.73,-0.258,-0.322,-0.163
3853,123574397,99827.47,27.73,-0.211,-0.102,0.343
3855,123634431,99830.35,27.74,-0.267,-0.346,0.212
3857,123694426,99828.73,27.73,-0.241,-0.209,-0.350
3859,123754397,99831.58,27.73,-0.268,-0.449,0.142
3861,123814415,99829.59,27.73,-0.291,-0.281,-0.364
3863,123874397,99832.19,27.74,-0.327,-0.501,-0.466
3865,123934422,99830.36,27.74,-0.356,-0.347,-0.549
3867,123994397,99829.75,27.74,-0.322,-0.295,-0.289
3869,124054397,99832.15,27.74,-0.335,-0.498,0.366
3871,124114415,99826.30,27.74,-0.292,-0.004,-0.045
3873,124174397,99827.76,27.74,-0.243,-0.127,0.515
3875,124234422,99828.48,27.74,-0.220,-0.188,0.841
3877,124294427,99829.60,27.74,-0.235,-0.282,0.316
3879,124354397,99832.00,27.74,-0.267,-0.485,-0.144
3881,124414425,99830.79,27.74,-0.288,-0.383,-0.432
3883,124474397,99829.49,27.74,-0.300,-0.274,-0.468
3885,124534423,99830.39,27.74,-0.284,-0.349,-0.077
3887,124594397,99832.85,27.74,-0.342,-0.557,0.002
3889,124654397,99828.77,27.74,-0.326,-0.212,-0.614
3891,124714415,99827.55,27.74,-0.268,-0.110,0.176
3893,124774397,99827.71,27.74,-0.248,-0.123,0.718
3895,124834422,99831.09,27.73,-0.262,-0.408,0.385
3897,124894452,99824.62,27.73,-0.203,0.139,0.042
3899,124954397,99832.17,27.74,-0.260,-0.500,0.365
3901,125014415,99827.16,27.74,-0.253,-0.076,-0.391
3903,125074397,99829.67,27.74,-0.268,-0.289,-0.204
3905,125134423,99826.90,27.74,-0.230,-0.054,0.044
3907,125194409,99828.95,27.73,-0.236,-0.228,0.334
3909,125254397,99829.98,27.74,-0.249,-0.315,0.065
3911,125314415,99827.81,27.73,-0.263,-0.132,-0.292
3913,125374397,99827.32,27.73,-0.246,-0.090,-0.211
3915,125434423,99833.27,27.73,-0.255,-0.592,0.407
3917,125494427,99830.71,27.73,-0.297,-0.376,-0.141
3919,125554397,99829.00,27.73,-0.272,-0.232,-0.556
3921,125614415,99829.63,27.73,-0.278,-0.285,0.140
3923,125674397,99827.75,27.73,-0.262,-0.126,-0.011
3925,125734422,99829.68,27.73,-0.250,-0.289,0.239
3927,125794397,99826.16,27.73,-0.225,0.009,0.206
3929,125854397,99828.32,27.74,-0.234,-0.175,0.164
3931,125914416,99830.47,27.73,-0.264,-0.356,-0.021
3933,125974407,99828.27,27.74,-0.233,-0.170,-0.162
3935,126034423,99831.45,27.74,-0.273,-0.439,0.133
3937,126094427,99833.27,27.74,-0.323,-0.593,-0.425
3939,126154397,99831.65,27.74,-0.356,-0.456,-0.780
3941,126214415,99831.97,27.74,-0.337,-0.483,-0.382
3943,126274397,99831.23,27.74,-0.361,-0.420,0.012
3945,126334423,99828.30,27.74,-0.312,-0.173,-0.153
3947,126394410,99830.17,27.74,-0.308,-0.331,0.490
3949,126454397,99830.06,27.74,-0.319,-0.321,0.123
3951,126514415,99835.64,27.74,-0.338,-0.793,0.054
3953,126574397,99827.75,27.74,-0.284,-0.126,-0.025
3955,126634422,99828.38,27.74,-0.270,-0.179,0.276
3957,126694427,99828.30,27.74,-0.259,-0.173,0.301
3959,126754408,99828.57,27.74,-0.279,-0.196,0.032
3961,126814415,99826.85,27.74,-0.231,-0.051,-0.008
3963,126874397,99831.50,27.74,-0.281,-0.443,0.377
3965,126934423,99827.17,27.74,-0.220,-0.077,-0.127
3967,126994397,99830.86,27.74,-0.261,-0.389,0.350
3969,127054397,99826.87,27.74,-0.214,-0.052,-0.132
3971,127114415,99831.42,27.75,-0.244,-0.437,0.333
3973,127174397,99831.11,27.75,-0.256,-0.410,-0.131
3975,127234422,99830.44,27.75,-0.288,-0.353,-0.411
3977,127294427,99829.10,27.75,-0.253,-0.240,-0.262
3979,127354397,99829.57,27.75,-0.250,-0.280,0.329
3981,127414415,99829.07,27.75,-0.257,-0.238,0.027
3983,127474396,99828.42,27.75,-0.219,-0.183,0.082
3985,127534431,99831.74,27.75,-0.251,-0.464,0.362
3987,127594397,99830.97,27.75,-0.268,-0.398,-0.273
3989,127654396,99828.72,27.75,-0.267,-0.208,-0.370
3991,127714415,99826.24,27.75,-0.212,0.001,0.060
3993,127774397,99831.57,27.75,-0.268,-0.449,0.428
3995,127834422,99827.90,27.75,-0.263,-0.138,-0.439
3997,127894466,99826.60,27.75,-0.219,-0.029,-0.008
3999,127954396,99827.18,27.75,-0.222,-0.078,0.432
4001,128014415,99832.17,27.75,-0.250,-0.500,0.139
4003,128074397,99827.90,27.75,-0.255,-0.138,-0.301
4005,128134422,99827.57,27.75,-0.239,-0.111,-0.234
4007,128194397,99827.02,27.75,-0.221,-0.064,0.232
4009,128254397,99828.38,27.76,-0.201,-0.180,0.370
4011,128314425,99829.51,27.76,-0.169,-0.274,0.562
4013,128374397,99828.88,27.76,-0.161,-0.222,0.454
4015,128434423,99828.41,27.75,-0.170,-0.182,0.006
4017,128494427,99828.56,27.76,-0.178,-0.195,-0.153
4019,128554397,99831.88,27.75,-0.216,-0.476,-0.132
4021,128614415,99829.35,27.76,-0.219,-0.261,-0.407
4023,128674397,99829.04,27.76,-0.217,-0.235,-0.212
4025,128734422,99828.34,27.76,-0.243,-0.175,-0.183
4027,128794397,99828.70,27.75,-0.238,-0.206,-0.273
4029,128854397,99830.55,27.76,-0.252,-0.363,0.058
4031,128914415,99828.04,27.75,-0.246,-0.150,-0.154
4033,128974397,99832.58,27.75,-0.284,-0.534,-0.058
4035,129034423,99828.18,27.75,-0.257,-0.162,-0.250
4037,129094435,99826.54,27.75,-0.219,-0.024,0.160
4039,129154397,99826.77,27.75,-0.184,-0.044,0.578
4041,129214415,99827.34,27.75,-0.161,-0.092,0.601
4043,129274397,99828.49,27.75,-0.175,-0.189,0.304
4045,129334423,99827.57,27.75,-0.202,-0.111,-0.277
4047,129394409,99828.84,27.75,-0.215,-0.218,-0.367
4049,129454397,99826.82,27.75,-0.167,-0.047,0.065
4051,129514415,99830.74,27.75,-0.228,-0.379,0.259
4053,129574397,99829.36,27.75,-0.211,-0.262,-0.386
4055,129634422,99827.92,27.75,-0.228,-0.141,-0.131
4057,129694427,99823.89,27.75,-0.183,0.200,-0.196
4059,129754397,99829.12,27.75,-0.197,-0.242,0.463
4061,129814415,99831.27,27.75,-0.190,-0.423,0.324
4063,129874407,99831.03,27.75,-0.189,-0.403,0.169
4065,129934423,99826.64,27.74,-0.145,-0.033,0.027
4067,129994397,99828.73,27.74,-0.176,-0.209,0.187
4069,130054397,99830.02,27.74,-0.183,-0.318,-0.161
4071,130114415,99826.66,27.74,-0.160,-0.034,-0.086
4073,130174397,99831.45,27.74,-0.229,-0.439,-0.077
4075,130234423,99829.22,27.74,-0.259,-0.250,-0.772
4077,130294427,99829.60,27.74,-0.263,-0.283,-0.524
4079,130354397,99827.02,27.74,-0.224,-0.065,0.032
4081,130414415,99830.55,27.74,-0.218,-0.363,0.514
4083,130474397,99830.41,27.74,-0.237,-0.351,0.178
4085,130534422,99827.34,27.74,-0.230,-0.091,-0.337
4087,130594397,99826.20,27.74,-0.207,0.005,-0.033
4089,130654409,99830.79,27.74,-0.229,-0.383,0.318
4091,130714415,99830.92,27.74,-0.227,-0.394,0.044
4093,130774397,99828.28,27.74,-0.249,-0.171,-0.267
4095,130834423,99827.31,27.74,-0.216,-0.089,-0.244
4097,130894452,99829.62,27.74,-0.251,-0.284,0.209
4099,130954397,99828.98,27.73,-0.223,-0.230,-0.099
4101,131014415,99828.94,27.73,-0.214,-0.227,0.291
4103,131074397,99830.27,27.73,-0.251,-0.339,-0.014
4105,131134422,99832.74,27.73,-0.276,-0.548,-0.340
4107,131194397,99830.42,27.73,-0.268,-0.352,-0.262
4109,131254397,99829.70,27.73,-0.261,-0.291,-0.054
4111,131314415,99832.07,27.73,-0.298,-0.491,-0.044
4113,131374397,99834.08,27.73,-0.347,-0.661,-0.455
4115,131434431,99828.97,27.73,-0.322,-0.229,-0.599
4117,131494427,99827.59,27.73,-0.256,-0.112,0.262
4119,131554397,99829.32,27.73,-0.238,-0.259,0.870
4121,131614415,99830.48,27.72,-0.281,-0.357,0.173
4123,131674397,99828.52,27.72,-0.254,-0.191,-0.337
4125,131734423,99828.02,27.72,-0.254,-0.149,0.121
4127,131794397,99830.58,27.72,-0.262,-0.365,0.089
4129,131854397,99826.38,27.72,-0.212,-0.011,0.124
4131,131914415,99832.34,27.72,-0.242,-0.514,0.461
4133,131974397,99830.65,27.71,-0.240,-0.371,-0.043
4135,132034422,99828.64,27.71,-0.271,-0.202,-0.389
4137,132094427,99824.80,27.71,-0.209,0.123,-0.290
4139,132154397,99830.83,27.71,-0.245,-0.387,0.564
4141,132214425,99829.32,27.71,-0.265,-0.259,-0.206
4143,132274397,99830.84,27.71,-0.292,-0.388,-0.422
4145,132334423,99826.73,27.71,-0.244,-0.040,-0.179
4147,132394410,99827.24,27.71,-0.228,-0.083,0.407
4149,132454397,99834.04,27.71,-0.267,-0.658,0.388
4151,132514415,99828.23,27.71,-0.250,-0.167,-0.258
4153,132574397,99830.83,27.71,-0.278,-0.386,-0.193
4155,132634422,99831.55,27.71,-0.327,-0.448,-0.402
4157,132694427,99828.73,27.71,-0.276,-0.209,-0.379
4159,132754397,99827.39,27.71,-0.242,-0.096,0.485
4161,132814415,99828.94,27.71,-0.203,-0.227,0.661
4163,132874397,99829.59,27.71,-0.212,-0.282,0.531
4165,132934420,99828.80,27.71,-0.213,-0.214,-0.071
4167,132994409,99828.02,27.71,-0.190,-0.149,0.031
4169,133054396,99826.25,27.71,-0.186,0.001,0.142
4171,133114415,99827.85,27.71,-0.206,-0.134,-0.053
4173,133174397,99824.65,27.71,-0.169,0.136,-0.089
4175,133234423,99830.52,27.71,-0.211,-0.360,0.287
4177,133294427,99830.00,27.71,-0.204,-0.316,-0.104
4179,133354397,99831.24,27.71,-0.228,-0.421,-0.063
4181,133414415,99825.89,27.71,-0.227,0.031,-0.467
4183,133474397,99830.62,27.71,-0.252,-0.368,-0.193
4185,133534422,99830.21,27.71,-0.300,-0.334,-0.330
4187,133594397,99828.91,27.71,-0.237,-0.224,-0.285
4189,133654397,99833.59,27.71,-0.288,-0.619,0.530
4191,133714415,99829.86,27.71,-0.294,-0.305,-0.483
4193,133774407,99828.93,27.71,-0.285,-0.226,-0.315
4195,133834423,99829.66,27.71,-0.312,-0.288,-0.074
4197,133894452,99829.69,27.71,-0.312,-0.290,-0.247
4199,133954397,99828.72,27.71,-0.286,-0.208,0.078
4201,134014415,99832.07,27.71,-0.289,-0.491,0.401
4203,134074397,99830.72,27.71,-0.304,-0.377,0.009
4205,134134423,99829.35,27.71,-0.274,-0.261,-0.146
4207,134194397,99828.84,27.71,-0.286,-0.218,0.148
4209,134254397,99828.73,27.71,-0.255,-0.210,0.050
4211,134314415,99831.57,27.71,-0.278,-0.449,0.342
4213,134374397,99828.20,27.71,-0.297,-0.164,-0.361
4215,134434422,99829.64,27.71,-0.266,-0.286,-0.160
4217,134494427,99829.79,27.71,-0.277,-0.298,0.344
4219,134554409,99832.01,27.71,-0.283,-0.486,0.005
4221,134614415,99830.77,27.71,-0.286,-0.382,-0.040
4223,134674397,99830.35,27.72,-0.289,-0.346,-0.144
4225,134734423,99829.48,27.71,-0.299,-0.273,-0.163
4227,134794397,99831.15,27.71,-0.291,-0.413,-0.028
4229,134854397,99827.21,27.71,-0.269,-0.080,0.077
4231,134914415,99828.89,27.72,-0.270,-0.222,0.127
4233,134974397,99829.73,27.71,-0.266,-0.294,0.172
4235,135034422,99825.59,27.71,-0.240,0.057,0.016
4237,135094427,99829.78,27.71,-0.210,-0.298,0.470
4239,135154397,99830.99,27.71,-0.245,-0.400,0.443
4241,135214415,99829.19,27.71,-0.238,-0.247,-0.347
4243,135274397,99830.54,27.71,-0.244,-0.362,-0.018
4245,135334431,99825.67,27.71,-0.247,0.050,-0.258
4247,135394410,99829.83,27.71,-0.237,-0.302,-0.018
4249,135454397,99826.42,27.71,-0.228,-0.014,0.199
4251,135514415,99830.79,27.71,-0.237,-0.383,0.112
4253,135574397,99827.18,27.71,-0.209,-0.078,0.112
4255,135634422,99826.84,27.71,-0.200,-0.049,0.132
4257,135694427,99831.25,27.71,-0.263,-0.422,-0.018
4259,135754397,99824.48,27.71,-0.230,0.150,-0.616
4261,135814415,99830.21,27.71,-0.245,-0.334,0.148
4263,135874397,99826.48,27.71,-0.237,-0.019,0.023
4265,135934422,99829.68,27.71,-0.278,-0.289,-0.190
4267,135994397,99829.22,27.71,-0.271,-0.251,-0.256
4269,136054397,99830.76,27.71,-0.303,-0.380,-0.095
4271,136114426,99828.09,27.71,-0.325,-0.155,-0.531
4273,136174397,99828.28,27.71,-0.297,-0.171,-0.249
4275,136234423,99829.28,27.71,-0.275,-0.256,0.477
4277,136294426,99828.79,27.71,-0.261,-0.214,0.382
4279,136354397,99828.99,27.71,-0.237,-0.231,0.301
4281,136414415,99832.15,27.71,-0.290,-0.498,0.150
4283,136474397,99827.28,27.71,-0.258,-0.086,-0.469
4285,136534422,99830.05,27.71,-0.299,-0.321,-0.055
4287,136594397,99831.13,27.71,-0.307,-0.412,-0.261
4289,136654397,99827.73,27.72,-0.284,-0.125,-0.118
4291,136714415,99830.70,27.72,-0.305,-0.376,0.098
4293,136774397,99828.31,27.71,-0.285,-0.174,-0.058
4295,136834423,99831.62,27.72,-0.324,-0.454,0.022
4297,136894460,99832.86,27.72,-0.365,-0.558,-0.404
4299,136954396,99827.48,27.72,-0.296,-0.104,-0.308
4301,137014415,99827.64,27.72,-0.264,-0.117,0.623
4303,137074397,99826.65,27.72,-0.218,-0.033,0.651
4305,137134423,99828.94,27.72,-0.207,-0.226,0.679
4307,137194397,99825.48,27.72,-0.201,0.066,0.144
4309,137254397,99829.42,27.72,-0.234,-0.267,-0.090
4311,137314415,99825.20,27.72,-0.215,0.090,-0.265
4313,137374397,99830.10,27.72,-0.242,-0.325,0.052
4315,137434422,99831.62,27.72,-0.257,-0.454,-0.028
4317,137494427,99829.59,27.72,-0.255,-0.281,-0.210
4319,137554397,99828.78,27.72,-0.238,-0.213,-0.044
4321,137614415,99823.58,27.72,-0.131,0.226,0.494
4323,137674409,99827.64,27.72,-0.132,-0.117,1.137
4325,137734423,99824.62,27.72,-0.110,0.138,0.278
4327,137794397,99829.26,27.72,-0.123,-0.254,0.254
4329,137854396,99828.73,27.72,-0.148,-0.209,-0.042
4331,137914416,99825.18,27.72,-0.097,0.091,-0.207
4333,137974397,99825.04,27.72,-0.096,0.103,0.347
4335,138034423,99831.47,27.72,-0.162,-0.440,0.017
4337,138094427,99828.97,27.72,-0.168,-0.229,-0.561
4339,138154397,99825.23,27.72,-0.151,0.086,-0.371
4341,138214415,99832.78,27.72,-0.240,-0.551,-0.129
4343,138274397,99831.23,27.72,-0.249,-0.420,-0.704
4345,138334422,99827.15,27.72,-0.200,-0.075,-0.208
4347,138394410,99830.32,27.72,-0.233,-0.343,0.293
4349,138454408,99830.54,27.72,-0.254,-0.362,-0.247
4351,138514415,99829.85,27.72,-0.248,-0.303,-0.259
4353,138574397,99827.60,27.72,-0.207,-0.114,0.120
4355,138634423,99831.95,27.72,-0.252,-0.480,0.311
4357,138694427,99828.41,27.72,-0.231,-0.182,-0.286
4359,138754396,99827.04,27.72,-0.197,-0.066,0.116
4361,138814415,99830.12,27.73,-0.216,-0.326,0.379
4363,138874397,99828.57,27.73,-0.209,-0.196,-0.045
4365,138934422,99825.96,27.73,-0.185,0.025,-0.029
4367,138994397,99828.08,27.73,-0.194,-0.154,0.192
4369,139054397,99828.95,27.73,-0.210,-0.228,-0.009
4371,139114415,99829.96,27.73,-0.212,-0.313,-0.099
4373,139174397,99825.22,27.73,-0.189,0.087,-0.102
4375,139234432,99829.77,27.73,-0.233,-0.297,-0.017
4377,139294426,99829.21,27.73,-0.245,-0.249,-0.317
4379,139354397,99832.66,27.73,-0.308,-0.542,-0.390
4381,139414415,99827.25,27.73,-0.227,-0.084,-0.332
4383,139474397,99828.15,27.73,-0.207,-0.160,0.701
4385,139534422,99828.49,27.73,-0.196,-0.189,0.430
4387,139594397,99829.31,27.73,-0.215,-0.258,0.095
4389,139654397,99828.95,27.73,-0.250,-0.228,-0.380
4391,139714415,99827.80,27.73,-0.230,-0.131,-0.364
4393,139774397,99829.59,27.73,-0.213,-0.282,0.315
4395,139834422,99829.45,27.73,-0.218,-0.270,0.269
4397,139894452,99829.27,27.73,-0.182,-0.255,0.161
4399,139954397,99826.70,27.73,-0.169,-0.037,0.322
4401,140014426,99829.64,27.74,-0.212,-0.286,-0.052
4403,140074397,99829.74,27.73,-0.236,-0.295,-0.444
4405,140134423,99825.91,27.74,-0.175,0.029,-0.154
4407,140194397,99829.51,27.74,-0.166,-0.275,0.687
4409,140254397,99829.09,27.74,-0.186,-0.239,0.213
4411,140314415,99832.30,27.74,-0.236,-0.511,-0.351
4413,140374397,99827.07,27.74,-0.217,-0.069,-0.565
4415,140434422,99828.67,27.74,-0.220,-0.204,-0.054
4417,140494427,99828.59,27.74,-0.223,-0.198,0.044
4419,140554397,99828.77,27.74,-0.227,-0.213,-0.057
4421,140614415,99826.33,27.74,-0.167,-0.006,0.183
4423,140674397,99828.72,27.74,-0.211,-0.208,0.403
4425,140734423,99829.91,27.74,-0.217,-0.308,-0.261
4427,140794409,99831.45,27.74,-0.251,-0.439,-0.165
4429,140854397,99829.11,27.74,-0.230,-0.241,-0.306
4431,140914415,99831.53,27.74,-0.254,-0.445,0.061
4433,140974397,99827.85,27.74,-0.226,-0.135,-0.143
4435,141034423,99830.54,27.74,-0.263,-0.362,0.009
4437,141094427,99830.30,27.74,-0.303,-0.342,-0.484
4439,141154397,99826.04,27.74,-0.260,0.019,-0.466
4441,141214415,99833.24,27.74,-0.297,-0.590,0.372
4443,141274397,99832.77,27.74,-0.302,-0.550,-0.031
4445,141334422,99829.59,27.74,-0.303,-0.281,-0.299
4447,141394410,99833.04,27.74,-0.354,-0.573,-0.302
4449,141454397,99829.24,27.74,-0.311,-0.252,-0.332
4451,141514415,99830.80,27.74,-0.327,-0.385,0.211
4453,141574409,99829.36,27.74,-0.284,-0.262,0.130
4455,141634423,99824.88,27.73,-0.247,0.116,0.363
4457,141694427,99828.05,27.74,-0.225,-0.151,0.511
4459,141754397,99827.72,27.73,-0.215,-0.123,0.488
4461,141814415,99823.96,27.73,-0.144,0.194,0.324
4463,141874397,99824.47,27.73,-0.101,0.151,0.871
4465,141934423,99830.40,27.73,-0.098,-0.350,0.914
4467,141994397,99828.34,27.73,-0.147,-0.176,-0.001
4469,142054397,99826.70,27.74,-0.166,-0.037,-0.847
4471,142114415,99829.55,27.73,-0.181,-0.278,-0.281
4473,142174397,99830.48,27.73,-0.228,-0.357,-0.261
4475,142234422,99826.72,27.73,-0.187,-0.039,-0.449
4477,142294427,99826.52,27.73,-0.143,-0.023,0.451
4479,142354408,99828.24,27.73,-0.171,-0.168,0.450
4481,142414415,99823.84,27.73,-0.144,0.205,-0.249
4483,142474397,99827.55,27.73,-0.166,-0.110,0.103
4485,142534423,99830.98,27.73,-0.191,-0.399,0.017
4487,142594397,99829.29,27.73,-0.177,-0.256,-0.122
4489,142654397,99832.25,27.73,-0.237,-0.507,-0.153
4491,142714415,99831.55,27.73,-0.290,-0.447,-0.839
4493,142774397,99827.42,27.73,-0.252,-0.099,-0.678
4495,142834422,99822.13,27.73,-0.170,0.348,0.339
4497,142894465,99828.92,27.74,-0.177,-0.225,0.980
4499,142954397,99828.77,27.74,-0.172,-0.212,0.391
4501,143014415,99828.91,27.74,-0.192,-0.224,-0.070
4503,143074397,99827.33,27.74,-0.192,-0.090,-0.295
4505,143134431,99829.27,27.74,-0.179,-0.254,0.078
4507,143194397,99830.60,27.74,-0.171,-0.367,0.368
4509,143254397,99830.15,27.74,-0.213,-0.329,-0.099
4511,143314415,99829.56,27.74,-0.248,-0.279,-0.711
4513,143374397,99827.34,27.74,-0.213,-0.091,-0.379
4515,143434422,99826.86,27.74,-0.208,-0.051,0.238
4517,143494427,99828.34,27.74,-0.193,-0.176,0.228
4519,143554397,99829.70,27.74,-0.200,-0.290,0.284
4521,143614415,99828.32,27.74,-0.206,-0.174,-0.095
4523,143674397,99828.82,27.74,-0.193,-0.217,-0.040
4525,143734422,99830.72,27.74,-0.206,-0.377,0.187
4527,143794397,99831.02,27.74,-0.257,-0.402,-0.311
4529,143854397,99828.14,27.75,-0.232,-0.159,-0.571
4531,143914424,99831.52,27.74,-0.271,-0.444,0.017
4533,143974397,99827.00,27.74,-0.258,-0.063,-0.384
4535,144034423,99829.95,27.75,-0.272,-0.312,-0.063
4537,144094426,99829.73,27.75,-0.260,-0.293,0.074
4539,144154397,99829.43,27.75,-0.256,-0.268,0.116
4541,144214415,99831.91,27.75,-0.270,-0.478,0.089
4543,144274397,99827.01,27.75,-0.246,-0.063,-0.137
4545,144334422,99828.86,27.75,-0.217,-0.220,0.251
4547,144394410,99830.38,27.75,-0.245,-0.348,0.362
4549,144454397,99828.50,27.75,-0.251,-0.189,-0.328
4551,144514415,99827.61,27.75,-0.214,-0.115,-0.024
4553,144574397,99828.14,27.75,-0.220,-0.159,0.344
4555,144634423,99832.32,27.75,-0.281,-0.512,-0.140
4557,144694435,99829.41,27.75,-0.285,-0.266,-0.633
4559,144754397,99826.33,27.75,-0.261,-0.006,-0.289
4561,144814415,99829.78,27.75,-0.272,-0.298,0.217
4563,144874397,99826.90,27.75,-0.225,-0.054,0.210
4565,144934423,99826.34,27.75,-0.199,-0.007,0.473
4567,144994397,99828.30,27.75,-0.189,-0.172,0.476
4569,145054397,99831.05,27.75,-0.217,-0.405,0.231
4571,145114415,99828.64,27.76,-0.242,-0.201,-0.430
4573,145174397,99828.59,27.76,-0.235,-0.197,-0.401
4575,145234422,99827.41,27.76,-0.201,-0.097,0.185
4577,145294427,99830.31,27.76,-0.241,-0.343,0.240
4579,145354397,99829.59,27.76,-0.223,-0.282,-0.185
4581,145414415,99828.77,27.76,-0.190,-0.213,0.271
4583,145474407,99828.47,27.76,-0.165,-0.187,0.469
4585,145534423,99826.91,27.76,-0.165,-0.055,0.214
4587,145594397,99829.31,27.76,-0.188,-0.258,-0.072
4589,145654397,99826.37,27.76,-0.136,-0.009,0.023
4591,145714415,99828.41,27.76,-0.134,-0.182,0.522
4593,145774397,99828.95,27.76,-0.103,-0.227,0.392
4595,145834423,99825.30,27.76,-0.103,0.081,0.176
4597,145894453,99829.66,27.77,-0.107,-0.287,0.054
4599,145954397,99828.44,27.77,-0.141,-0.184,-0.080
4601,146014415,99827.00,27.77,-0.121,-0.063,-0.405
4603,146074397,99828.41,27.77,-0.133,-0.182,0.118
4605,146134422,99827.63,27.77,-0.138,-0.116,-0.105
4607,146194397,99826.63,27.77,-0.134,-0.032,-0.142
4609,146254408,99827.96,27.77,-0.130,-0.144,0.077
4611,146314415,99828.68,27.78,-0.167,-0.205,-0.065
4613,146374397,99831.68,27.78,-0.203,-0.458,-0.410
4615,146434423,99831.16,27.78,-0.201,-0.415,-0.290
4617,146494427,99828.34,27.78,-0.180,-0.175,-0.077
4619,146554397,99826.48,27.78,-0.121,-0.019,0.324
4621,146614415,99827.19,27.78,-0.108,-0.079,0.688
4623,146674397,99826.92,27.78,-0.118,-0.056,0.174
4625,146734422,99828.92,27.78,-0.149,-0.225,-0.182
4627,146794397,99822.48,27.78,-0.097,0.320,-0.290
4629,146854396,99827.16,27.78,-0.107,-0.077,0.397
4631,146914416,99827.99,27.78,-0.099,-0.147,0.289
4633,146974397,99829.30,27.78,-0.123,-0.258,0.052
4635,147034431,99827.27,27.78,-0.154,-0.085,-0.478
4637,147094426,99828.01,27.78,-0.170,-0.148,-0.535
4639,147154397,99831.46,27.78,-0.200,-0.440,-0.162
4641,147214415,99826.22,27.78,-0.187,0.003,-0.364
4643,147274397,99832.41,27.78,-0.268,-0.520,-0.308
4645,147334422,99828.00,27.78,-0.234,-0.147,-0.589
4647,147394410,99829.16,27.78,-0.217,-0.245,0.213
4649,147454397,99829.68,27.78,-0.225,-0.289,0.265
4651,147514415,99828.36,27.78,-0.205,-0.178,0.010
4653,147574396,99829.87,27.78,-0.190,-0.305,0.312
4655,147634422,99829.11,27.78,-0.162,-0.241,0.383
4657,147694427,99830.91,27.78,-0.190,-0.393,0.216
4659,147754397,99829.66,27.78,-0.199,-0.288,-0.296
4661,147814426,99825.66,27.78,-0.170,0.050,-0.239
4663,147874397,99823.62,27.78,-0.103,0.223,0.377
4665,147934420,99828.47,27.78,-0.094,-0.187,0.969
4667,147994397,99831.03,27.78,-0.135,-0.403,0.328
4669,148054397,99833.76,27.78,-0.200,-0.634,-0.546
4671,148114415,99831.61,27.78,-0.249,-0.453,-1.015
4673,148174397,99826.85,27.78,-0.216,-0.050,-0.787
4675,148234422,99825.39,27.78,-0.190,0.073,0.136
4677,148294427,99828.29,27.78,-0.192,-0.172,0.393
4679,148354397,99828.36,27.78,-0.170,-0.177,0.288
4681,148414415,99831.03,27.78,-0.182,-0.403,0.320
4683,148474397,99828.28,27.78,-0.186,-0.171,-0.138
4685,148534423,99827.84,27.78,-0.160,-0.134,-0.079
4687,148594409,99830.70,27.78,-0.197,-0.376,0.193
4689,148654397,99830.45,27.78,-0.228,-0.355,-0.420
4691,148714415,99826.25,27.78,-0.178,0.001,-0.322
4693,148774397,99827.99,27.78,-0.188,-0.147,0.329
4695,148834423,99828.15,27.78,-0.191,-0.160,0.023
4697,148894452,99826.66,27.78,-0.143,-0.035,0.162
4699,148954397,99830.84,27.78,-0.177,-0.387,0.476
4701,149014415,99826.59,27.78,-0.135,-0.028,-0.077
4703,149074397,99830.38,27.78,-0.158,-0.349,0.269
4705,149134422,99827.12,27.78,-0.183,-0.073,-0.330
4707,149194397,99829.77,27.78,-0.191,-0.297,-0.383
4709,149254397,99827.89,27.78,-0.216,-0.138,-0.223
4711,149314415,99831.23,27.78,-0.244,-0.420,-0.366
4713,149374409,99828.62,27.78,-0.238,-0.200,-0.262
4715,149434422,99828.29,27.78,-0.257,-0.172,-0.234
4717,149494427,99826.52,27.78,-0.178,-0.022,0.148
4719,149554397,99826.95,27.78,-0.156,-0.059,0.911
4721,149614415,99829.88,27.78,-0.170,-0.306,0.422
4723,149674397,99825.96,27.78,-0.142,0.025,-0.026
4725,149734423,99827.99,27.78,-0.160,-0.147,0.094
4727,149794397,99826.27,27.78,-0.133,-0.000,0.008
4729,149854397,99823.54,27.78,-0.128,0.230,0.071
4731,149914416,99825.84,27.78,-0.124,0.035,0.081
4733,149974397,99828.62,27.78,-0.172,-0.200,0.039
4735,150034422,99828.47,27.78,-0.166,-0.187,-0.356
4737,150094427,99824.99,27.78,-0.141,0.107,-0.031
4739,150154408,99832.22,27.78,-0.232,-0.504,-0.045
4741,150214415,99825.42,27.78,-0.193,0.070,-0.720
4743,150274397,99828.45,27.79,-0.168,-0.185,0.282
4745,150334423,99826.30,27.79,-0.149,-0.003,0.471
4747,150394410,99829.62,27.79,-0.170,-0.285,0.173
4749,150454397,99831.67,27.79,-0.221,-0.458,-0.222
4751,150514415,99827.28,27.79,-0.205,-0.087,-0.617
4753,150574397,99831.23,27.79,-0.247,-0.421,-0.141
4755,150634423,99828.30,27.79,-0.234,-0.173,-0.323
4757,150694426,99826.69,27.79,-0.211,-0.036,-0.008
4759,150754397,99830.00,27.79,-0.218,-0.316,0.322
4761,150814415,99829.56,27.79,-0.219,-0.279,0.097
4763,150874397,99824.08,27.79,-0.207,0.184,-0.264
4765,150934431,99829.10,27.79,-0.197,-0.240,0.162
4767,150994397,99832.36,27.79,-0.247,-0.516,0.265
4769,151054397,99826.04,27.79,-0.206,0.019,-0.465
4771,151114415,99826.43,27.79,-0.179,-0.015,0.244
4773,151174397,99827.01,27.79,-0.138,-0.063,0.629
4775,151234422,99824.77,27.79,-0.108,0.126,0.570
4777,151294427,99826.91,27.79,-0.094,-0.055,0.453
4779,151354397,99829.35,27.79,-0.124,-0.262,0.252
4781,151414415,99830.32,27.80,-0.176,-0.344,-0.441
4783,151474397,99829.88,27.80,-0.194,-0.306,-0.679
4785,151534422,99828.70,27.80,-0.174,-0.206,-0.220
4787,151594396,99826.84,27.79,-0.143,-0.050,0.219
4789,151654397,99828.22,27.80,-0.180,-0.166,0.130
4791,151714425,99828.41,27.80,-0.200,-0.182,-0.414
4793,151774397,99830.48,27.80,-0.209,-0.356,-0.197
4795,151834423,99826.56,27.80,-0.165,-0.026,0.037
4797,151894452,99829.11,27.80,-0.171,-0.241,0.374
4799,151954397,99832.38,27.80,-0.208,-0.517,0.079
4801,152014415,99831.52,27.80,-0.211,-0.444,-0.303
4803,152074397,99829.73,27.80,-0.231,-0.294,-0.332
4805,152134422,99826.31,27.80,-0.192,-0.004,-0.280
4807,152194397,99825.98,27.80,-0.163,0.024,0.374
4809,152254397,99832.77,27.81,-0.257,-0.551,0.159
4811,152314415,99826.66,27.81,-0.220,-0.034,-0.754
4813,152374397,99827.77,27.81,-0.183,-0.128,0.259
4815,152434423,99827.55,27.81,-0.221,-0.110,0.276
4817,152494435,99828.55,27.81,-0.197,-0.194,-0.200
4819,152554397,99824.68,27.81,-0.166,0.133,0.251
4821,152614415,99830.12,27.81,-0.218,-0.327,0.149
4823,152674397,99826.80,27.81,-0.246,-0.046,-0.591
4825,152734423,99830.95,27.81,-0.238,-0.397,-0.272
4827,152794397,99826.19,27.81,-0.185,0.006,0.338
4829,152854397,99826.31,27.81,-0.211,-0.005,0.191
4831,152914416,99829.18,27.81,-0.211,-0.247,-0.078
4833,152974397,99829.04,27.81,-0.248,-0.235,-0.095
4835,153034422,99827.84,27.81,-0.239,-0.133,-0.425
4837,153094427,99831.20,27.81,-0.258,-0.418,0.060
4839,153154397,99829.26,27.81,-0.249,-0.253,-0.072
4841,153214415,99830.33,27.81,-0.228,-0.344,0.163
4843,153274407,99826.12,27.81,-0.166,0.012,0.436
4845,153334423,99828.02,27.81,-0.142,-0.148,0.719
4847,153394410,99827.60,27.81,-0.151,-0.113,0.356
4849,153454397,99827.65,27.81,-0.158,-0.117,-0.134
4851,153514415,99826.09,27.82,-0.153,0.014,-0.133
4853,153574397,99829.18,27.82,-0.173,-0.247,0.016
4855,153634423,99828.00,27.82,-0.173,-0.147,-0.121
4857,153694427,99827.14,27.82,-0.173,-0.075,-0.134
4859,153754397,99824.85,27.82,-0.152,0.119,-0.043
4861,153814415,99830.33,27.82,-0.154,-0.344,0.391
4863,153874397,99832.26,27.82,-0.216,-0.507,0.036
4865,153934422,99832.75,27.82,-0.279,-0.549,-0.921
4867,153994397,99826.60,27.82,-0.241,-0.029,-0.839
4869,154054408,99828.11,27.82,-0.235,-0.157,0.136
4871,154114415,99826.51,27.82,-0.204,-0.021,0.283
4873,154174397,99830.88,27.82,-0.210,-0.390,0.462
4875,154234423,99831.70,27.82,-0.227,-0.460,0.143
4877,154294427,99828.98,27.83,-0.239,-0.230,-0.359
4879,154354397,99831.91,27.83,-0.256,-0.478,-0.237
4881,154414415,99827.39,27.83,-0.254,-0.096,-0.276
4883,154474397,99829.86,27.83,-0.224,-0.304,0.062
4885,154534422,99825.69,27.83,-0.199,0.048,0.388
4887,154594397,99829.99,27.83,-0.189,-0.316,0.378
4889,154654397,99828.72,27.83,-0.238,-0.208,0.012
4891,154714415,99824.66,27.83,-0.185,0.135,-0.507
4893,154774397,99829.30,27.84,-0.190,-0.257,0.532
4895,154834432,99829.88,27.84,-0.178,-0.306,0.350
4897,154894453,99829.46,27.84,-0.179,-0.271,0.131
4899,154954397,99830.17,27.84,-0.179,-0.331,0.021
4901,155014415,99829.81,27.84,-0.197,-0.300,-0.089
4903,155074397,99829.62,27.84,-0.188,-0.284,-0.168
4905,155134422,99829.88,27.84,-0.174,-0.305,0.165
4907,155194397,99833.85,27.84,-0.274,-0.642,-0.195
4909,155254397,99828.95,27.84,-0.260,-0.227,-1.060
4911,155314415,99829.93,27.84,-0.267,-0.310,-0.202
4913,155374397,99831.39,27.85,-0.262,-0.434,0.100
4915,155434422,99831.58,27.85,-0.278,-0.450,0.039
4917,155494427,99826.14,27.85,-0.235,0.010,-0.203
4919,155554397,99826.56,27.85,-0.221,-0.026,0.268
4921,155614426,99827.69,27.85,-0.233,-0.121,0.215
4923,155674397,99825.16,27.85,-0.150,0.093,0.301
4925,155734423,99824.21,27.85,-0.142,0.173,0.765
4927,155794397,99831.84,27.85,-0.217,-0.472,0.095
4929,155854397,99826.05,27.85,-0.165,0.018,-0.422
4931,155914415,99826.75,27.85,-0.170,-0.042,0.192
4933,155974397,99828.23,27.86,-0.179,-0.167,0.068
4935,156034424,99828.56,27.85,-0.183,-0.195,-0.034
4937,156094427,99827.86,27.86,-0.195,-0.135,-0.145
4939,156154397,99831.20,27.86,-0.237,-0.418,-0.237
4941,156214415,99827.59,27.86,-0.206,-0.113,-0.310
4943,156274397,99827.74,27.86,-0.168,-0.126,0.330
4945,156334423,99829.07,27.86,-0.187,-0.238,0.414
4947,156394418,99829.78,27.86,-0.183,-0.298,-0.035
4949,156454397,99828.23,27.86,-0.159,-0.166,0.120
4951,156514415,99827.60,27.86,-0.179,-0.114,0.035
4953,156574397,99824.62,27.86,-0.116,0.139,-0.012
4955,156634423,99828.99,27.86,-0.141,-0.231,0.604
4957,156694427,99825.36,27.86,-0.122,0.076,-0.061
4959,156754397,99827.41,27.86,-0.101,-0.097,0.219
4961,156814415,99830.07,27.86,-0.132,-0.322,0.317
4963,156874397,99829.85,27.86,-0.145,-0.304,-0.263
4965,156934422,99829.06,27.86,-0.166,-0.237,-0.353
4967,156994397,99827.10,27.87,-0.138,-0.071,-0.230
4969,157054397,99830.89,27.87,-0.164,-0.391,0.233
4971,157114415,99827.05,27.87,-0.140,-0.068,-0.122
4973,157174407,99829.30,27.87,-0.167,-0.257,0.000
4975,157234423,99831.50,27.87,-0.209,-0.443,-0.282
4977,157294427,99830.19,27.87,-0.224,-0.332,-0.532
4979,157354397,99828.57,27.87,-0.206,-0.196,-0.260
4981,157414415,99829.60,27.87,-0.246,-0.283,-0.086
4983,157474397,99825.85,27.87,-0.174,0.034,-0.149
4985,157534423,99831.24,27.87,-0.206,-0.421,0.654
4987,157594397,99827.97,27.87,-0.196,-0.144,-0.099
4989,157654397,99829.62,27.87,-0.210,-0.285,-0.093
4991,157714415,99826.02,27.87,-0.183,0.021,-0.097
4993,157774397,99822.91,27.87,-0.132,0.283,0.223
4995,157834422,99827.80,27.87,-0.133,-0.131,0.686
4997,157894467,99826.87,27.87,-0.090,-0.051,0.500
4999,157954408,99828.03,27.88,-0.111,-0.150,0.364
5001,158014415,99825.17,27.88,-0.103,0.092,-0.222
5003,158074397,99825.91,27.88,-0.100,0.029,-0.030
5005,158134423,99830.70,27.88,-0.148,-0.375,0.050
5007,158194397,99824.41,27.88,-0.140,0.156,-0.563
5009,158254397,99825.67,27.88,-0.083,0.049,0.107
5011,158314415,99825.93,27.88,-0.065,0.028,0.823
5013,158374397,99828.91,27.88,-0.130,-0.225,0.051
5015,158434422,99830.32,27.88,-0.181,-0.344,-0.766
5017,158494427,99830.89,27.88,-0.211,-0.391,-0.696
5019,158554397,99828.77,27.88,-0.160,-0.213,-0.169
5021,158614415,99826.32,27.88,-0.140,-0.005,0.399
5023,158674397,99831.74,27.88,-0.199,-0.464,0.091
5025,158734431,99831.48,27.88,-0.218,-0.441,-0.463
5027,158794397,99829.91,27.88,-0.227,-0.309,-0.424
5029,158854397,99828.87,27.89,-0.211,-0.220,-0.163
5031,158914416,99828.79,27.89,-0.201,-0.214,0.158
5033,158974397,99827.91,27.89,-0.216,-0.140,-0.006
5035,159034422,99823.08,27.89,-0.150,0.268,-0.071
5037,159094427,99826.02,27.89,-0.119,0.020,0.790
5039,159154396,99828.18,27.89,-0.108,-0.162,0.754
5041,159214415,99826.88,27.89,-0.112,-0.053,0.175
5043,159274397,99829.90,27.89,-0.163,-0.308,-0.241
5045,159334422,99824.26,27.89,-0.122,0.169,-0.462
5047,159394409,99823.22,27.89,-0.045,0.257,0.489
5049,159454397,99826.76,27.89,-0.042,-0.043,1.038
5051,159514425,99829.93,27.90,-0.103,-0.310,0.114
5053,159574397,99829.12,27.90,-0.115,-0.242,-0.615
5055,159634423,99828.27,27.90,-0.133,-0.170,-0.386
5057,159694427,99828.98,27.90,-0.175,-0.230,-0.461
5059,159754397,99828.16,27.90,-0.160,-0.161,-0.399
5061,159814415,99826.13,27.90,-0.161,0.010,-0.039
5063,159874397,99826.75,27.90,-0.143,-0.042,0.032
5065,159934423,99828.41,27.90,-0.127,-0.181,0.417
5067,159994397,99827.98,27.90,-0.124,-0.146,0.275
5069,160054397,99827.05,27.90,-0.119,-0.067,0.011
5071,160114415,99827.66,27.90,-0.126,-0.119,0.000
5073,160174397,99823.66,27.90,-0.073,0.220,0.053
5075,160234423,99829.29,27.90,-0.120,-0.256,0.392
5077,160294435,99829.80,27.90,-0.159,-0.299,-0.364
5079,160354397,99830.74,27.91,-0.187,-0.379,-0.570
5081,160414415,99824.08,27.91,-0.127,0.184,-0.306
5083,160474398,99826.61,27.90,-0.120,-0.030,0.456
5085,160534423,99825.79,27.90,-0.100,0.040,0.348
5087,160594397,99829.57,27.91,-0.108,-0.280,0.341
5089,160654397,99826.36,27.91,-0.123,-0.009,-0.126
5091,160714415,99825.29,27.91,-0.106,0.082,-0.301
5093,160774397,99827.99,27.91,-0.126,-0.147,0.144
5095,160834422,99828.43,27.91,-0.140,-0.184,-0.122
5097,160894453,99826.53,27.91,-0.136,-0.023,-0.228
5099,160954397,99824.73,27.91,-0.101,0.128,0.039
5101,161014415,99825.71,27.91,-0.091,0.046,0.403
5103,161074407,99828.73,27.91,-0.110,-0.208,0.251
5105,161134423,99823.01,27.91,-0.093,0.275,-0.243
5107,161194397,99824.75,27.91,-0.111,0.127,-0.151
5109,161254397,99829.24,27.91,-0.139,-0.252,-0.012
5111,161314415,99829.94,27.91,-0.142,-0.311,-0.073
5113,161374397,99830.45,27.91,-0.174,-0.355,-0.185
5115,161434423,99826.52,27.91,-0.167,-0.022,-0.501
5117,161494427,99827.91,27.91,-0.169,-0.139,-0.105
5119,161554397,99825.70,27.91,-0.139,0.047,0.122
5121,161614415,99825.20,27.91,-0.085,0.090,0.500
5123,161674397,99829.25,27.91,-0.107,-0.253,0.688
5125,161734422,99826.85,27.91,-0.075,-0.050,0.083
5127,161794397,99830.19,27.91,-0.131,-0.332,0.053
5129,161854408,99827.41,27.91,-0.100,-0.098,-0.373
5131,161914416,99830.26,27.91,-0.116,-0.338,0.201
5133,161974397,99825.78,27.91,-0.094,0.041,-0.100
5135,162034423,99827.81,27.91,-0.122,-0.132,-0.070
5137,162094427,99831.02,27.91,-0.161,-0.403,-0.234
5139,162154397,99827.03,27.91,-0.158,-0.065,-0.483
5141,162214415,99830.27,27.91,-0.165,-0.339,-0.090
5143,162274397,99830.86,27.91,-0.230,-0.389,-0.250
5145,162334422,99827.12,27.91,-0.206,-0.073,-0.755
5147,162394410,99828.41,27.91,-0.177,-0.182,0.231
5149,162454397,99824.38,27.91,-0.149,0.159,0.363
5151,162514415,99824.73,27.91,-0.092,0.128,0.481
5153,162574397,99828.59,27.91,-0.121,-0.197,0.715
5155,162634431,99826.16,27.91,-0.133,0.008,-0.258
5157,162694426,99831.15,27.91,-0.191,-0.413,-0.370
5159,162754397,99824.41,27.91,-0.134,0.156,-0.412
5161,162814415,99827.57,27.92,-0.123,-0.111,0.447
5163,162874397,99826.30,27.91,-0.102,-0.003,0.402
5165,162934419,99826.18,27.92,-0.116,0.007,0.088
5167,162994397,99824.73,27.92,-0.107,0.130,-0.158
5169,163054397,99825.23,27.92,-0.079,0.087,0.196
5171,163114415,99832.96,27.92,-0.144,-0.566,0.377
5173,163174397,99824.43,27.92,-0.126,0.154,-0.626
5175,163234422,99827.79,27.92,-0.116,-0.129,-0.087
5177,163294427,99823.87,27.92,-0.104,0.202,0.164
5179,163354397,99829.98,27.92,-0.158,-0.315,-0.053
5181,163414425,99830.50,27.92,-0.148,-0.359,-0.167
5183,163474397,99827.48,27.92,-0.163,-0.103,-0.173
5185,163534423,99827.58,27.92,-0.140,-0.111,-0.174
5187,163594397,99830.17,27.92,-0.170,-0.331,0.213
5189,163654397,99828.05,27.92,-0.162,-0.152,-0.235
5191,163714415,99828.44,27.93,-0.179,-0.184,-0.136
5193,163774397,99825.38,27.93,-0.125,0.074,-0.005
5195,163834422,99823.66,27.93,-0.081,0.220,0.580
5197,163894452,99828.58,27.93,-0.093,-0.196,0.637
5199,163954397,99825.91,27.93,-0.079,0.029,0.115
5201,164014415,99827.38,27.93,-0.091,-0.095,0.011
5203,164074397,99827.84,27.93,-0.073,-0.133,0.090
5205,164134423,99827.22,27.93,-0.091,-0.081,0.069
5207,164194409,99825.03,27.93,-0.078,0.104,-0.254
5209,164254397,99830.75,27.93,-0.092,-0.380,0.238
5211,164314415,99830.40,27.93,-0.150,-0.350,-0.196
5213,164374397,99823.07,27.93,-0.072,0.269,-0.613
5215,164434423,99828.50,27.93,-0.112,-0.189,0.465
5217,164494427,99824.85,27.93,-0.064,0.119,0.021
5219,164554397,99826.96,27.93,-0.072,-0.060,0.360
5221,164614415,99827.92,27.93,-0.114,-0.141,-0.125
5223,164674397,99826.85,27.93,-0.101,-0.050,-0.400
5225,164734422,99828.40,27.93,-0.129,-0.181,-0.040
5227,164794397,99824.18,27.93,-0.073,0.176,-0.107
5229,164854397,99828.27,27.94,-0.108,-0.170,0.371
5231,164914416,99827.59,27.94,-0.124,-0.112,-0.237
5233,164974407,99826.98,27.94,-0.116,-0.061,-0.230
5235,165034423,99828.34,27.94,-0.149,-0.176,-0.085
5237,165094427,99826.52,27.94,-0.096,-0.023,-0.068
5239,165154397,99824.95,27.94,-0.063,0.111,0.555
5241,165214415,99827.44,27.94,-0.114,-0.100,0.173
5243,165274397,99825.38,27.94,-0.096,0.075,-0.398
5245,165334423,99827.22,27.94,-0.152,-0.081,-0.192
5247,165394410,99828.73,27.94,-0.152,-0.208,-0.415
5249,165454397,99827.60,27.94,-0.145,-0.114,-0.001
5251,165514415,99825.45,27.95,-0.108,0.069,0.114
5253,165574397,99831.05,27.95,-0.161,-0.405,0.298
5255,165634422,99831.09,27.95,-0.192,-0.409,-0.431
5257,165694427,99832.68,27.95,-0.250,-0.542,-0.651
5259,165754408,99828.89,27.95,-0.231,-0.222,-0.675
5261,165814415,99828.98,27.95,-0.228,-0.230,-0.035
5263,165874397,99826.07,27.95,-0.167,0.016,0.257
5265,165934423,99827.96,27.95,-0.156,-0.144,0.687
5267,165994397,99827.19,27.95,-0.148,-0.078,0.289
5269,166054396,99829.10,27.95,-0.188,-0.240,-0.068
5271,166114415,99826.05,27.95,-0.165,0.018,-0.354
5273,166174397,99826.86,27.96,-0.145,-0.051,0.207
5275,166234422,99829.01,27.96,-0.143,-0.233,0.409
5277,166294427,99828.61,27.96,-0.168,-0.199,-0.009
5279,166354397,99829.56,27.96,-0.147,-0.279,-0.117
5281,166414415,99827.02,27.96,-0.128,-0.065,0.233
5283,166474397,99827.12,27.96,-0.113,-0.073,0.180
5285,166534431,99830.09,27.96,-0.162,-0.323,0.063
5287,166594397,99826.41,27.96,-0.142,-0.014,-0.446
5289,166654397,99828.68,27.96,-0.148,-0.205,0.060
5291,166714415,99826.12,27.96,-0.104,0.011,0.199
5293,166774397,99826.78,27.97,-0.125,-0.044,0.262
5295,166834423,99829.28,27.97,-0.133,-0.256,-0.063
5297,166894452,99828.59,27.97,-0.145,-0.197,-0.088
5299,166954397,99829.27,27.97,-0.150,-0.255,-0.171
5301,167014415,99825.78,27.97,-0.122,0.040,-0.053
5303,167074397,99825.50,27.97,-0.119,0.064,0.119
5305,167134422,99826.88,27.97,-0.085,-0.053,0.326
5307,167194397,99824.99,27.97,-0.083,0.107,0.360
5309,167254397,99830.05,27.97,-0.107,-0.321,0.080
5311,167314425,99825.78,27.97,-0.118,0.040,-0.285
5313,167374397,99826.23,27.97,-0.136,0.002,-0.457
5315,167434423,99830.19,27.97,-0.142,-0.332,-0.008
5317,167494427,99830.87,27.97,-0.158,-0.390,0.067
5319,167554397,99828.51,27.97,-0.190,-0.190,-0.460
5321,167614415,99827.01,27.97,-0.157,-0.063,-0.381
5323,167674396,99823.38,27.97,-0.104,0.243,0.367
5325,167734422,99827.19,27.97,-0.107,-0.079,0.618
5327,167794397,99831.66,27.97,-0.156,-0.456,0.179
5329,167854397,99828.30,27.97,-0.158,-0.173,-0.494
5331,167914415,99827.54,27.97,-0.137,-0.108,-0.171
5333,167974397,99832.73,27.97,-0.178,-0.547,0.228
5335,168034423,99827.05,27.97,-0.175,-0.067,-0.442
5337,168094435,99825.91,27.97,-0.123,0.029,-0.073
5339,168154397,99824.30,27.97,-0.088,0.166,0.633
5341,168214415,99827.57,27.97,-0.124,-0.111,0.318
5343,168274397,99828.77,27.97,-0.128,-0.212,-0.150
5345,168334423,99825.02,27.97,-0.081,0.105,0.058
5347,168394409,99830.84,27.97,-0.117,-0.388,0.418
5349,168454397,99827.54,27.97,-0.139,-0.109,-0.347
5351,168514415,99826.71,27.97,-0.133,-0.039,-0.467
5353,168574397,99825.12,27.97,-0.100,0.096,0.108
5355,168634422,99829.92,27.97,-0.148,-0.309,0.264
5357,168694427,99827.88,27.97,-0.147,-0.136,-0.339
5359,168754397,99829.41,27.97,-0.203,-0.267,-0.395
5361,168814415,99827.82,27.97,-0.201,-0.132,-0.610
5363,168874407,99829.41,27.98,-0.215,-0.267,-0.115
5365,168934423,99832.23,27.98,-0.233,-0.505,-0.019
5367,168994397,99824.87,27.98,-0.169,0.117,-0.082
5369,169054397,99827.66,27.98,-0.150,-0.118,0.549
5371,169114415,99827.34,27.98,-0.141,-0.091,0.464
5373,169174397,99827.95,27.98,-0.128,-0.143,0.206
5375,169234423,99825.72,27.98,-0.101,0.045,0.226
5377,169294427,99827.20,27.98,-0.086,-0.079,0.357
5379,169354397,99828.93,27.98,-0.097,-0.226,0.301
5381,169414415,99827.63,27.98,-0.103,-0.116,-0.117
5383,169474397,99826.69,27.98,-0.151,-0.036,-0.474
5385,169534423,99826.88,27.98,-0.130,-0.053,-0.449
5387,169594397,99826.91,27.98,-0.134,-0.055,0.170
5389,169654408,99826.23,27.98,-0.127,0.002,-0.016
5391,169714415,99824.92,27.98,-0.079,0.113,0.240
5393,169774397,99828.59,27.98,-0.111,-0.197,0.479
5395,169834423,99827.65,27.98,-0.127,-0.118,-0.245
5397,169894453,99827.74,27.98,-0.135,-0.126,-0.301
5399,169954397,99828.53,27.98,-0.154,-0.192,-0.167
5401,170014415,99831.52,27.98,-0.187,-0.444,-0.214
5403,170074397,99830.89,27.98,-0.203,-0.392,-0.355
5405,170134422,99830.12,27.98,-0.209,-0.326,-0.319
5407,170194397,99826.16,27.99,-0.157,0.008,-0.030
5409,170254397,99827.24,27.98,-0.155,-0.083,0.431
5411,170314415,99827.63,27.99,-0.146,-0.116,0.206
5413,170374397,99826.34,27.99,-0.128,-0.007,0.157
5415,170434431,99830.21,27.99,-0.146,-0.334,0.242
5417,170494426,99825.96,27.99,-0.114,0.025,-0.018
5419,170554397,99828.30,27.99,-0.119,-0.172,0.207
5421,170614415,99827.66,27.99,-0.092,-0.118,0.227
5423,170674397,99823.30,27.99,-0.054,0.250,0.247
5425,170734422,99828.99,27.99,-0.080,-0.231,0.368
5427,170794397,99825.52,27.99,-0.052,0.062,0.033
5429,170854397,99825.05,27.99,-0.054,0.102,0.061
5431,170914415,99829.09,27.99,-0.087,-0.239,-0.000
5433,170974397,99827.73,28.00,-0.090,-0.125,-0.236
5435,171034422,99827.86,27.99,-0.132,-0.135,-0.377
5437,171094427,99829.92,27.99,-0.174,-0.310,-0.602
5439,171154397,99826.16,28.00,-0.168,0.009,-0.565
5441,171214425,99826.20,28.00,-0.118,0.004,0.115
5443,171274397,99828.22,28.00,-0.152,-0.166,0.471
5445,171334422,99828.52,28.00,-0.157,-0.191,-0.230
5447,171394410,99827.18,28.00,-0.117,-0.078,0.090
5449,171454397,99826.07,28.00,-0.109,0.016,0.356
5451,171514415,99826.80,28.00,-0.108,-0.046,0.111
5453,171574397,99826.48,28.00,-0.065,-0.019,0.293
5455,171634422,99823.82,28.00,-0.069,0.206,0.296
5457,171694427,99828.07,28.01,-0.093,-0.154,-0.059
5459,171754397,99826.64,28.01,-0.105,-0.032,-0.185
5461,171814415,99829.29,28.00,-0.168,-0.256,-0.457
5463,171874397,99827.88,28.00,-0.144,-0.137,-0.500
5465,171934423,99828.37,28.01,-0.140,-0.179,0.171
5467,171994409,99826.67,28.00,-0.114,-0.035,0.164
5469,172054397,99826.62,28.01,-0.122,-0.031,0.150
5471,172114415,99830.33,28.00,-0.147,-0.344,-0.015
5473,172174397,99826.95,28.01,-0.092,-0.058,0.051
5475,172234423,99828.26,28.01,-0.119,-0.169,0.311
5477,172294427,99826.71,28.01,-0.105,-0.038,-0.166
5479,172354397,99824.43,28.01,-0.024,0.155,0.389
5481,172414415,99826.74,28.01,-0.034,-0.041,0.848
5483,172474397,99825.30,28.01,-0.051,0.081,-0.078
5485,172534422,99822.63,28.01,0.002,0.306,-0.105
5487,172594397,99830.98,28.01,-0.077,-0.399,0.412
5489,172654397,99827.79,28.01,-0.086,-0.129,-0.594
5491,172714415,99824.91,28.01,-0.084,0.114,-0.493
5493,172774407,99823.98,28.01,-0.080,0.192,-0.165
5495,172834423,99828.16,28.01,-0.115,-0.161,0.012
5497,172894465,99831.51,28.01,-0.141,-0.443,-0.134
5499,172954397,99823.32,28.01,-0.067,0.248,-0.149
5501,173014415,99828.24,28.01,-0.112,-0.168,0.353
5503,173074397,99826.41,28.01,-0.080,-0.013,-0.072
5505,173134423,99826.39,28.01,-0.093,-0.011,0.134
5507,173194397,99828.09,28.01,-0.094,-0.155,-0.022
5509,173254397,99829.54,28.01,-0.123,-0.277,-0.022
5511,173314415,99832.15,28.01,-0.154,-0.498,-0.289
5513,173374397,99828.77,28.01,-0.196,-0.213,-0.656
5515,173434423,99824.91,28.01,-0.159,0.114,-0.669
5517,173494427,99824.27,28.02,-0.100,0.168,0.466
5519,173554408,99829.12,28.02,-0.116,-0.242,0.827
5521,173614415,99824.98,28.02,-0.097,0.108,0.032
5523,173674397,99826.79,28.02,-0.117,-0.045,-0.048
5525,173734423,99829.47,28.02,-0.163,-0.271,-0.225
5527,173794397,99827.78,28.02,-0.141,-0.129,-0.349
5529,173854397,99828.75,28.02,-0.134,-0.210,0.194
5531,173914416,99826.91,28.02,-0.101,-0.055,0.243
5533,173974397,99824.86,28.02,-0.076,0.118,0.308
5535,174034423,99831.20,28.03,-0.132,-0.417,0.213
5537,174094427,99826.13,28.03,-0.118,0.010,-0.442
5539,174154397,99827.46,28.03,-0.128,-0.102,-0.154
5541,174214415,99828.84,28.03,-0.110,-0.219,0.150
5543,174274397,99826.98,28.03,-0.100,-0.061,0.215
5545,174334431,99829.85,28.03,-0.116,-0.304,0.092
5547,174394410,99828.85,28.03,-0.145,-0.219,-0.227
5549,174454396,99831.41,28.03,-0.157,-0.435,-0.322
5551,174514415,99823.73,28.03,-0.118,0.214,-0.214
5553,174574397,99826.70,28.03,-0.096,-0.038,0.291
5555,174634422,99826.34,28.03,-0.076,-0.007,0.547
5557,174694427,99827.48,28.04,-0.072,-0.104,0.308
5559,174754397,99826.98,28.04,-0.093,-0.061,-0.023
5561,174814415,99826.84,28.04,-0.067,-0.049,-0.117
5563,174874397,99828.49,28.04,-0.085,-0.189,0.239
5565,174934422,99826.49,28.04,-0.065,-0.020,-0.070
5567,174994397,99824.75,28.04,-0.044,0.127,0.120
5569,175054396,99827.55,28.04,-0.052,-0.109,0.261
5571,175114425,99824.70,28.04,-0.051,0.131,-0.062
5573,175174397,99827.84,28.04,-0.056,-0.133,-0.009
5575,175234423,99825.43,28.04,-0.061,0.070,-0.039
5577,175294427,99829.29,28.04,-0.117,-0.256,-0.311
5579,175354397,99825.22,28.04,-0.080,0.088,-0.421
5581,175414415,99825.81,28.04,-0.066,0.038,0.243
5583,175474397,99830.70,28.04,-0.098,-0.376,0.301
5585,175534422,99826.26,28.04,-0.081,0.000,-0.210
5587,175594397,99830.50,28.04,-0.095,-0.359,0.057
5589,175654397,99826.93,28.04,-0.067,-0.057,0.062
5591,175714415,99829.01,28.05,-0.076,-0.233,0.162
5593,175774397,99829.35,28.04,-0.109,-0.261,-0.126
5595,175834423,99822.97,28.04,-0.075,0.278,-0.497
5597,175894460,99828.16,28.04,-0.082,-0.160,0.238
5599,175954396,99826.34,28.04,-0.083,-0.007,0.130
5601,176014415,99829.95,28.04,-0.124,-0.311,-0.162
5603,176074397,99828.59,28.04,-0.088,-0.197,-0.128
5605,176134423,99824.73,28.04,-0.041,0.129,0.354
5607,176194397,99828.17,28.04,-0.032,-0.162,0.587
5609,176254397,99826.96,28.04,-0.036,-0.059,0.239
5611,176314415,99827.05,28.04,-0.040,-0.067,-0.112
5613,176374397,99826.41,28.04,-0.041,-0.013,-0.083
5615,176434422,99829.09,28.04,-0.082,-0.239,-0.152
5617,176494427,99826.14,28.04,-0.081,0.010,-0.464
5619,176554397,99826.86,28.04,-0.053,-0.051,0.012
5621,176614415,99826.17,28.04,-0.027,0.007,0.469
5623,176674407,99826.93,28.04,-0.047,-0.057,0.203
5625,176734423,99828.21,28.03,-0.065,-0.165,-0.184
5627,176794397,99830.95,28.03,-0.124,-0.397,-0.354
5629,176854397,99825.25,28.03,-0.097,0.085,-0.673
5631,176914416,99825.21,28.03,-0.084,0.089,0.011
5633,176974397,99825.03,28.03,-0.061,0.103,0.292
5635,177034423,99826.29,28.03,-0.085,-0.003,0.190
5637,177094427,99826.04,28.03,-0.062,0.019,-0.053
5639,177154397,99825.90,28.03,-0.035,0.030,0.364
5641,177214415,99827.54,28.03,-0.069,-0.109,0.203
5643,177274397,99824.91,28.03,-0.036,0.114,-0.208
5645,177334422,99828.57,28.03,-0.061,-0.195,0.232
5647,177394410,99828.01,28.03,-0.084,-0.148,-0.206
5649,177454408,99826.95,28.03,-0.058,-0.058,-0.209
5651,177514415,99826.75,28.03,-0.072,-0.042,0.110
5653,177574397,99827.15,28.03,-0.070,-0.075,-0.112
5655,177634423,99825.48,28.03,-0.056,0.065,0.027
5657,177694427,99829.77,28.03,-0.094,-0.297,0.077
5659,177754397,99830.70,28.03,-0.102,-0.376,-0.179
5661,177814415,99824.79,28.03,-0.090,0.124,-0.326
5663,177874397,99825.47,28.03,-0.044,0.067,0.119
5665,177934420,99822.79,28.03,-0.022,0.293,0.542
5667,177994397,99829.66,28.03,-0.061,-0.287,0.285
5669,178054397,99829.27,28.03,-0.107,-0.255,-0.327
5671,178114415,99832.12,28.03,-0.141,-0.495,-0.616
5673,178174397,99824.45,28.03,-0.085,0.152,-0.352
5675,178234431,99830.20,28.03,-0.115,-0.333,0.300
5677,178294426,99829.23,28.03,-0.137,-0.252,-0.146
5679,178354397,99829.55,28.03,-0.167,-0.279,-0.482
5681,178414415,99826.84,28.03,-0.145,-0.049,-0.356
5683,178474397,99824.58,28.03,-0.104,0.142,0.181
5685,178534422,99825.75,28.03,-0.078,0.043,0.574
5687,178594397,99826.36,28.03,-0.082,-0.009,0.403
5689,178654397,99827.49,28.03,-0.075,-0.105,0.120
5691,178714415,99830.11,28.03,-0.160,-0.326,-0.222
5693,178774397,99829.38,28.03,-0.141,-0.264,-0.722
5695,178834422,99826.70,28.03,-0.109,-0.038,0.122
5697,178894452,99827.95,28.03,-0.078,-0.143,0.479
5699,178954397,99826.90,28.03,-0.094,-0.054,0.290
5701,179014425,99826.44,28.03,-0.091,-0.016,-0.207
5703,179074397,99827.48,28.03,-0.108,-0.103,-0.048
5705,179134423,99825.63,28.03,-0.062,0.053,0.041
5707,179194397,99825.00,28.03,-0.010,0.106,0.658
5709,179254397,99828.53,28.03,-0.046,-0.192,0.567
5711,179314415,99822.38,28.03,-0.021,0.327,-0.335
5713,179374397,99828.30,28.03,-0.055,-0.173,0.029
5715,179434422,99830.51,28.03,-0.100,-0.359,-0.178
5717,179494427,99831.19,28.03,-0.123,-0.417,-0.511
5719,179554397,99825.55,28.03,-0.098,0.060,-0.421
5721,179614415,99825.30,28.03,-0.058,0.080,0.171
5723,179674397,99827.52,28.03,-0.077,-0.107,0.462
5725,179734423,99826.43,28.03,-0.090,-0.014,-0.187
5727,179794409,99829.09,28.03,-0.097,-0.239,-0.120
5729,179854397,99828.70,28.03,-0.102,-0.207,0.007
5731,179914415,99829.90,28.03,-0.166,-0.308,-0.396
5733,179974397,99828.11,28.03,-0.181,-0.156,-0.834
5735,180034423,99825.26,28.03,-0.135,0.084,-0.208
5737,180094427,99827.94,28.03,-0.145,-0.142,0.419
5739,180154397,99826.16,28.03,-0.101,0.008,0.246
5741,180214415,99827.29,28.03,-0.091,-0.087,0.502
5743,180274397,99828.72,28.03,-0.098,-0.208,0.245
5745,180334422,99827.70,28.03,-0.098,-0.122,-0.046
5747,180394410,99830.30,28.03,-0.159,-0.341,-0.275
5749,180454396,99829.88,28.03,-0.203,-0.306,-0.806
5751,180514415,99826.30,28.03,-0.140,-0.003,-0.398
5753,180574407,99828.80,28.03,-0.129,-0.214,0.651
5755,180634423,99827.03,28.03,-0.119,-0.066,0.282
5757,180694427,99832.10,28.03,-0.193,-0.494,-0.131
5759,180754397,99827.58,28.03,-0.181,-0.112,-0.705
5761,180814415,99827.59,28.03,-0.173,-0.113,-0.138
5763,180874397,99829.91,28.03,-0.194,-0.309,0.105
5765,180934423,99825.94,28.03,-0.140,0.027,0.000
5767,180994397,99827.77,28.03,-0.131,-0.128,0.513
5769,181054397,99829.08,28.03,-0.150,-0.239,0.217
5771,181114415,99826.91,28.03,-0.119,-0.055,-0.069
5773,181174397,99824.87,28.03,-0.077,0.118,0.341
5775,181234422,99829.15,28.04,-0.089,-0.244,0.548
5777,181294427,99827.74,28.04,-0.055,-0.126,0.259
5779,181354409,99826.64,28.04,-0.072,-0.032,0.128
5781,181414415,99825.81,28.04,-0.089,0.038,-0.360
5783,181474397,99826.06,28.04,-0.097,0.016,-0.279
5785,181534423,99825.95,28.04,-0.078,0.026,0.016
5787,181594397,99827.45,28.04,-0.078,-0.100,0.273
5789,181654397,99828.95,28.04,-0.077,-0.228,0.192
5791,181714415,99829.69,28.04,-0.128,-0.290,-0.169
5793,181774397,99827.23,28.04,-0.109,-0.082,-0.542
5795,181834422,99826.50,28.04,-0.110,-0.021,-0.025
5797,181894452,99832.01,28.05,-0.174,-0.486,-0.108
5799,181954397,99830.69,28.04,-0.188,-0.374,-0.561
5801,182014415,99825.56,28.04,-0.146,0.059,-0.322
5803,182074397,99828.86,28.04,-0.155,-0.220,0.294
5805,182134431,99826.55,28.04,-0.134,-0.024,0.117
5807,182194397,99826.93,28.05,-0.119,-0.057,0.209
5809,182254397,99825.06,28.04,-0.087,0.101,0.300
5811,182314415,99827.71,28.05,-0.084,-0.123,0.432
5813,182374397,99827.50,28.05,-0.092,-0.105,0.153
5815,182434422,99829.52,28.05,-0.144,-0.276,-0.296
5817,182494427,99825.58,28.04,-0.157,0.057,-0.767
5819,182554397,99830.39,28.05,-0.176,-0.349,-0.265
5821,182614415,99825.53,28.05,-0.152,0.061,-0.081
5823,182674397,99825.84,28.05,-0.141,0.035,0.065
5825,182734422,99832.64,28.05,-0.200,-0.540,0.183
5827,182794397,99828.90,28.05,-0.162,-0.223,-0.257
5829,182854397,99831.20,28.05,-0.199,-0.418,0.069
5831,182914423,99826.44,28.05,-0.182,-0.015,-0.397
5833,182974397,99828.31,28.05,-0.154,-0.174,0.158
5835,183034423,99825.23,28.05,-0.142,0.087,0.325
5837,183094427,99827.98,28.05,-0.147,-0.146,0.113
5839,183154397,99828.12,28.05,-0.146,-0.158,0.121
5841,183214415,99821.71,28.05,-0.067,0.384,0.129
5843,183274397,99826.06,28.05,-0.093,0.016,0.618
5845,183334422,99830.26,28.05,-0.114,-0.338,0.131
5847,183394410,99829.10,28.05,-0.101,-0.240,-0.025
5849,183454397,99826.51,28.05,-0.098,-0.021,-0.064
5851,183514415,99827.52,28.05,-0.124,-0.107,-0.185
5853,183574397,99828.92,28.05,-0.163,-0.225,-0.382
5855,183634423,99824.65,28.05,-0.107,0.136,-0.287
5857,183694435,99825.34,28.05,-0.069,0.077,0.604
5859,183754396,99829.70,28.05,-0.114,-0.291,0.485
5861,183814415,99828.28,28.05,-0.111,-0.171,-0.282
5863,183874397,99827.62,28.05,-0.148,-0.115,-0.340
5865,183934423,99828.90,28.05,-0.160,-0.223,-0.439
5867,183994397,99830.06,28.05,-0.170,-0.322,-0.101
5869,184054397,99830.46,28.05,-0.204,-0.355,-0.234
5871,184114415,99828.97,28.05,-0.204,-0.229,-0.448
5873,184174397,99827.67,28.05,-0.187,-0.119,-0.084
5875,184234422,99828.45,28.05,-0.177,-0.185,0.219
5877,184294427,99825.73,28.05,-0.148,0.045,0.195
5879,184354397,99825.23,28.05,-0.152,0.087,0.133
5881,184414415,99827.63,28.05,-0.141,-0.116,0.160
5883,184474409,99827.30,28.05,-0.117,-0.088,0.369
5885,184534423,99826.85,28.05,-0.105,-0.051,0.303
5887,184594397,99827.42,28.05,-0.071,-0.098,0.356
5889,184654397,99829.95,28.05,-0.093,-0.312,0.422
5891,184714415,99829.09,28.05,-0.125,-0.240,-0.303
5893,184774397,99828.83,28.05,-0.150,-0.217,-0.584
5895,184834423,99829.30,28.05,-0.143,-0.257,-0.252
5897,184894453,99824.16,28.05,-0.118,0.177,-0.054
5899,184954397,99828.80,28.05,-0.129,-0.215,0.190
5901,185014415,99826.99,28.06,-0.129,-0.062,0.054
5903,185074397,99823.62,28.06,-0.129,0.223,-0.284
5905,185134422,99826.85,28.06,-0.129,-0.050,-0.007
5907,185194397,99828.16,28.06,-0.142,-0.161,0.160
5909,185254408,99826.38,28.06,-0.112,-0.011,0.009
5911,185314415,99828.91,28.06,-0.125,-0.224,0.288
5913,185374397,99826.89,28.06,-0.108,-0.054,0.012
5915,185434423,99822.02,28.06,-0.075,0.359,0.000
5917,185494427,99825.62,28.06,-0.073,0.054,0.323
5919,185554397,99827.35,28.06,-0.082,-0.093,0.287
5921,185614415,99827.38,28.06,-0.108,-0.095,-0.147
5923,185674397,99828.15,28.06,-0.106,-0.160,-0.243
5925,185734422,99827.81,28.06,-0.090,-0.132,0.112
5927,185794397,99832.39,28.07,-0.174,-0.518,-0.085
5929,185854397,99826.71,28.06,-0.154,-0.038,-0.856
5931,185914416,99827.07,28.06,-0.155,-0.068,-0.157
5933,185974397,99829.14,28.07,-0.152,-0.244,0.161
5935,186034431,99827.70,28.07,-0.139,-0.122,0.140
5937,186094426,99828.21,28.07,-0.156,-0.165,-0.006
5939,186154397,99825.74,28.07,-0.122,0.043,-0.085
5941,186214415,99829.85,28.07,-0.168,-0.304,0.181
5943,186274397,99825.80,28.07,-0.152,0.039,-0.376
5945,186334422,99826.41,28.07,-0.152,-0.012,-0.058
5947,186394410,99827.60,28.07,-0.153,-0.114,0.115
5949,186454397,99826.59,28.07,-0.137,-0.028,0.093
5951,186514415,99826.72,28.07,-0.122,-0.039,0.213
5953,186574397,99827.68,28.07,-0.073,-0.120,0.531
5955,186634422,99829.33,28.07,-0.098,-0.259,0.545
5957,186694427,99830.73,28.07,-0.161,-0.378,-0.437
5959,186754397,99828.97,28.07,-0.172,-0.229,-0.800
5961,186814426,99828.45,28.07,-0.182,-0.186,-0.365
5963,186874397,99824.95,28.07,-0.135,0.110,-0.063
5965,186934423,99830.20,28.07,-0.137,-0.333,0.593
5967,186994397,99828.65,28.07,-0.202,-0.202,-0.155
5969,187054397,99826.00,28.07,-0.201,0.022,-0.940
5971,187114415,99828.41,28.08,-0.195,-0.183,-0.034
5973,187174397,99827.47,28.07,-0.187,-0.102,0.190
5975,187234422,99832.77,28.08,-0.211,-0.551,0.190
5977,187294427,99827.77,28.07,-0.167,-0.128,0.016
5979,187354397,99830.95,28.08,-0.205,-0.397,0.135
5981,187414415,99828.68,28.07,-0.212,-0.205,-0.362
5983,187474397,99827.90,28.07,-0.217,-0.138,-0.301
5985,187534423,99828.74,28.07,-0.205,-0.210,0.011
5987,187594409,99824.67,28.07,-0.173,0.134,0.138
5989,187654397,99827.59,28.07,-0.163,-0.113,0.359
5991,187714415,99828.94,28.07,-0.170,-0.226,0.333
5993,187774396,99826.82,28.07,-0.140,-0.048,0.069
5995,187834423,99830.09,28.07,-0.155,-0.324,0.294
5997,187894466,99824.64,28.07,-0.120,0.137,-0.047
5999,187954397,99828.79,28.07,-0.115,-0.214,0.332
6001,188014415,99827.15,28.07,-0.072,-0.075,0.480
6003,188074397,99831.98,28.07,-0.159,-0.484,0.138
6005,188134422,99825.18,28.07,-0.118,0.091,-0.783
6007,188194397,99826.56,28.07,-0.100,-0.026,0.180
6009,188254397,99827.70,28.07,-0.095,-0.121,0.408
6011,188314415,99825.80,28.07,-0.082,0.038,0.110
6013,188374407,99823.81,28.07,-0.066,0.206,0.036
6015,188434423,99826.70,28.07,-0.081,-0.037,0.153
6017,188494427,99829.71,28.07,-0.104,-0.292,0.029
6019,188554397,99828.76,28.07,-0.085,-0.211,-0.051
6021,188614415,99830.16,28.07,-0.122,-0.329,-0.011
6023,188674397,99828.19,28.07,-0.115,-0.163,-0.376
6025,188734423,99828.37,28.07,-0.102,-0.178,0.020
6027,188794397,99832.66,28.07,-0.140,-0.541,0.174
6029,188854397,99829.12,28.07,-0.126,-0.242,-0.282
6031,188914416,99826.01,28.07,-0.067,0.021,0.103
6033,188974397,99826.05,28.07,-0.045,0.018,0.628
6035,189034422,99828.85,28.07,-0.122,-0.219,0.006
6037,189094427,99828.36,28.07,-0.138,-0.178,-0.800
6039,189154408,99825.35,28.07,-0.096,0.076,-0.198
6041,189214415,99826.00,28.07,-0.078,0.022,0.428
6043,189274397,99833.00,28.07,-0.124,-0.570,0.383
6045,189334423,99829.02,28.07,-0.132,-0.234,-0.370
6047,189394410,99825.07,28.07,-0.103,0.101,-0.391
6049,189454397,99829.01,28.08,-0.166,-0.232,-0.061
6051,189514415,99826.09,28.07,-0.147,0.014,-0.501
6053,189574397,99830.84,28.08,-0.138,-0.387,0.292
6055,189634422,99827.61,28.08,-0.135,-0.114,0.216
6057,189694427,99826.00,28.08,-0.099,0.022,-0.002
6059,189754397,99828.55,28.08,-0.093,-0.194,0.486
6061,189814415,99826.78,28.08,-0.074,-0.044,0.253
6063,189874397,99830.53,28.08,-0.132,-0.362,-0.018
6065,189934431,99828.12,28.09,-0.135,-0.158,-0.564
6067,189994397,99826.23,28.08,-0.129,0.002,-0.289
6069,190054397,99830.70,28.09,-0.171,-0.376,-0.046
6071,190114415,99831.09,28.09,-0.202,-0.408,-0.378
6073,190174397,99831.08,28.09,-0.245,-0.408,-0.618
6075,190234422,99825.18,28.09,-0.211,0.091,-0.621
6077,190294427,99826.30,28.09,-0.167,-0.004,0.335
6079,190354396,99826.75,28.09,-0.140,-0.042,0.763
6081,190414415,99827.64,28.09,-0.149,-0.117,0.364
6083,190474397,99826.63,28.09,-0.164,-0.032,-0.173
6085,190534422,99824.69,28.09,-0.106,0.133,0.005
6087,190594397,99825.55,28.09,-0.082,0.060,0.710
6089,190654397,99824.64,28.09,-0.052,0.136,0.504
6091,190714425,99828.61,28.09,-0.125,-0.199,0.086
6093,190774397,99826.17,28.09,-0.115,0.007,-0.631
6095,190834423,99825.98,28.09,-0.091,0.024,0.035
6097,190894452,99824.62,28.09,-0.078,0.139,0.262
6099,190954397,99828.98,28.10,-0.097,-0.231,0.217
6101,191014415,99824.24,28.10,-0.060,0.170,0.003
6103,191074397,99830.89,28.10,-0.081,-0.392,0.376
6105,191134422,99829.68,28.10,-0.154,-0.289,-0.333
6107,191194397,99827.55,28.10,-0.143,-0.109,-0.948
6109,191254397,99827.56,28.10,-0.108,-0.110,0.135
6111,191314415,99829.46,28.10,-0.163,-0.271,0.186
6113,191374397,99825.59,28.10,-0.140,0.057,-0.535
6115,191434423,99826.52,28.10,-0.134,-0.023,0.075
6117,191494435,99828.02,28.10,-0.138,-0.149,0.196
6119,191554397,99824.71,28.10,-0.138,0.131,-0.138
6121,191614415,99827.68,28.10,-0.141,-0.120,-0.040
6123,191674397,99827.74,28.10,-0.138,-0.126,0.150
6125,191734423,99824.73,28.10,-0.106,0.129,0.055
6127,191794396,99828.38,28.10,-0.098,-0.179,0.430
6129,191854397,99828.14,28.10,-0.111,-0.159,0.229
6131,191914416,99827.21,28.10,-0.091,-0.081,-0.081
6133,191974397,99827.50,28.10,-0.108,-0.105,0.072
6135,192034422,99831.27,28.10,-0.122,-0.424,-0.030
6137,192094427,99827.04,28.10,-0.099,-0.066,-0.060
6139,192154397,99828.23,28.10,-0.090,-0.166,0.131
6141,192214415,99828.13,28.10,-0.084,-0.159,0.217
6143,192274407,99828.81,28.10,-0.106,-0.216,-0.027
6145,192334423,99823.95,28.10,-0.073,0.195,-0.268
6147,192394410,99829.00,28.10,-0.123,-0.232,0.066
6149,192454397,99829.52,28.10,-0.127,-0.275,-0.248
6151,192514415,99829.35,28.10,-0.128,-0.262,-0.088
6153,192574397,99823.59,28.10,-0.111,0.226,-0.230
6155,192634423,99825.20,28.10,-0.102,0.089,0.019
6157,192694427,99826.65,28.10,-0.083,-0.033,0.393
6159,192754397,99825.12,28.10,-0.065,0.096,0.321
6161,192814415,99830.82,28.10,-0.141,-0.386,-0.007
6163,192874397,99827.28,28.10,-0.104,-0.086,-0.487
6165,192934419,99830.70,28.10,-0.110,-0.375,0.286
6167,192994397,99827.41,28.10,-0.114,-0.098,-0.044
6169,193054408,99829.05,28.10,-0.123,-0.236,-0.190
6171,193114415,99825.91,28.10,-0.065,0.029,0.155
6173,193174397,99825.05,28.10,-0.055,0.102,0.479
6175,193234423,99829.08,28.10,-0.046,-0.239,0.394
6177,193294427,99825.73,28.10,-0.042,0.044,0.172
6179,193354397,99829.92,28.10,-0.089,-0.310,-0.175
6181,193414415,99826.88,28.10,-0.095,-0.052,-0.489
6183,193474397,99827.92,28.10,-0.103,-0.141,-0.272
6185,193534422,99826.42,28.10,-0.106,-0.014,-0.142
6187,193594397,99826.48,28.10,-0.078,-0.019,0.043
6189,193654397,99825.15,28.10,-0.044,0.094,0.440
6191,193714415,99830.19,28.10,-0.068,-0.332,0.470
6193,193774397,99826.94,28.10,-0.069,-0.057,-0.142
6195,193834432,99830.38,28.10,-0.119,-0.348,-0.318
6197,193894453,99827.62,28.10,-0.097,-0.115,-0.384
6199,193954397,99822.62,28.10,-0.038,0.308,0.120
6201,194014415,99828.88,28.10,-0.085,-0.221,0.461
6203,194074397,99827.16,28.10,-0.101,-0.076,-0.309
6205,194134422,99824.95,28.10,-0.099,0.111,-0.421
6207,194194397,99827.77,28.10,-0.087,-0.127,0.106
6209,194254396,99827.44,28.10,-0.100,-0.100,0.186
6211,194314415,99829.52,28.10,-0.137,-0.276,-0.252
6213,194374397,99829.48,28.10,-0.164,-0.272,-0.468
6215,194434422,99823.02,28.10,-0.108,0.273,-0.354
6217,194494427,99827.41,28.10,-0.087,-0.098,0.605
6219,194554397,99829.76,28.10,-0.119,-0.296,0.458
6221,194614425,99829.03,28.10,-0.140,-0.234,-0.366
6223,194674397,99825.38,28.10,-0.099,0.074,-0.256
6225,194734423,99825.18,28.10,-0.042,0.091,0.556
6227,194794397,99826.38,28.10,-0.066,-0.010,0.582
6229,194854397,99827.12,28.10,-0.107,-0.073,-0.344
6231,194914415,99827.22,28.10,-0.114,-0.081,-0.471
6233,194974397,99823.45,28.10,-0.057,0.237,0.019
6235,195034422,99823.59,28.10,-0.004,0.225,0.732
6237,195094427,99828.80,28.10,-0.052,-0.215,0.657
6239,195154396,99829.33,28.10,-0.078,-0.260,-0.320
6241,195214415,99827.23,28.10,-0.065,-0.082,-0.346
6243,195274397,99824.78,28.10,-0.040,0.125,0.024
6245,195334423,99825.25,28.10,-0.033,0.085,0.220
6247,195394418,99826.77,28.10,-0.034,-0.043,0.200
6249,195454397,99823.18,28.10,0.024,0.260,0.231
6251,195514415,99830.66,28.10,-0.052,-0.373,0.403
6253,195574397,99827.61,28.10,-0.063,-0.114,-0.608
6255,195634423,99827.27,28.10,-0.094,-0.086,-0.565
6257,195694427,99828.87,28.10,-0.127,-0.221,-0.479
6259,195754397,99825.42,28.10,-0.085,0.070,-0.246
6261,195814415,99826.23,28.10,-0.060,0.002,0.434
6263,195874397,99828.26,28.10,-0.046,-0.169,0.550
6265,195934422,99830.21,28.10,-0.117,-0.334,-0.018
6267,195994397,99826.45,28.10,-0.081,-0.016,-0.659
6269,196054397,99825.51,28.10,-0.053,0.063,0.234
6271,196114415,99823.18,28.10,-0.036,0.260,0.272
6273,196174407,99830.68,28.09,-0.061,-0.374,0.345
6275,196234423,99827.66,28.10,-0.060,-0.118,-0.009
6277,196294427,99826.21,28.10,-0.035,0.004,-0.107
6279,196354397,99826.75,28.10,-0.027,-0.042,0.274
6281,196414415,99826.69,28.10,0.003,-0.037,0.317
6283,196474397,99826.55,28.10,-0.064,-0.024,-0.067
6285,196534423,99825.31,28.10,-0.073,0.080,-0.834
6287,196594397,99827.54,28.09,-0.063,-0.109,-0.062
6289,196654397,99824.65,28.10,-0.067,0.136,0.041
6291,196714415,99828.12,28.09,-0.086,-0.158,-0.106
6293,196774397,99827.64,28.09,-0.090,-0.117,-0.079
6295,196834422,99826.15,28.10,-0.065,0.009,-0.028
6297,196894453,99826.13,28.09,-0.042,0.010,0.330
6299,196954408,99824.77,28.09,-0.033,0.126,0.259
6301,197014415,99828.22,28.10,-0.021,-0.166,0.304
6303,197074397,99822.75,28.10,0.009,0.297,0.216
6305,197134423,99826.78,28.10,-0.005,-0.044,0.186
6307,197194397,99830.15,28.10,-0.057,-0.329,-0.035
6309,197254397,99827.73,28.10,-0.022,-0.124,-0.337
6311,197314415,99823.52,28.10,0.026,0.231,0.262
6313,197374397,99826.41,28.10,0.011,-0.013,0.407
6315,197434422,99824.76,28.09,0.011,0.127,-0.053
6317,197494427,99825.91,28.10,-0.004,0.029,-0.122
6319,197554397,99827.25,28.10,-0.048,-0.084,-0.289
6321,197614415,99825.07,28.10,-0.031,0.100,-0.450
6323,197674397,99827.12,28.10,-0.025,-0.073,0.167
6325,197734431,99828.29,28.10,-0.058,-0.172,0.059
6327,197794397,99826.25,28.10,-0.042,0.001,-0.305
6329,197854397,99825.84,28.10,-0.035,0.036,0.050
6331,197914416,99828.25,28.09,-0.053,-0.168,0.090
6333,197974397,99827.34,28.09,-0.078,-0.092,-0.252
6335,198034422,99823.85,28.09,-0.021,0.204,-0.194
6337,198094427,99832.10,28.10,-0.098,-0.494,0.403
6339,198154397,99827.21,28.10,-0.055,-0.081,-0.364
6341,198214415,99824.98,28.10,-0.025,0.108,0.192
6343,198274397,99827.93,28.10,-0.048,-0.141,0.274
6345,198334422,99835.17,28.09,-0.171,-0.753,-0.393
6347,198394409,99831.05,28.10,-0.222,-0.405,-1.508
6349,198454397,99836.41,28.10,-0.315,-0.859,-1.171
6351,198514425,99830.01,28.09,-0.315,-0.317,-1.135
6353,198574397,99827.87,28.09,-0.276,-0.136,-0.320
6355,198634423,99828.39,28.09,-0.256,-0.181,0.461
6357,198694427,99830.22,28.09,-0.293,-0.335,0.167
6359,198754397,99831.24,28.09,-0.311,-0.421,-0.344
6361,198814415,99830.04,28.09,-0.321,-0.320,-0.306
6363,198874397,99829.91,28.09,-0.285,-0.308,0.009
6365,198934422,99828.72,28.09,-0.291,-0.208,0.281
6367,198994397,99826.79,28.09,-0.225,-0.045,0.194
6369,199054397,99825.02,28.09,-0.203,0.105,0.655
6371,199114415,99830.40,28.09,-0.216,-0.350,0.423
6373,199174397,99826.80,28.09,-0.172,-0.045,0.234
6375,199234423,99824.45,28.09,-0.114,0.153,0.500
6377,199294435,99828.97,28.08,-0.106,-0.229,0.847
6379,199354397,99827.96,28.08,-0.139,-0.144,0.140
6381,199414415,99824.64,28.08,-0.091,0.137,-0.309
6383,199474397,99828.85,28.08,-0.123,-0.220,0.358
6385,199534423,99827.47,28.08,-0.145,-0.102,-0.280
6387,199594397,99824.84,28.08,-0.125,0.119,-0.379
6389,199654397,99827.00,28.08,-0.138,-0.063,0.102
6391,199714415,99828.77,28.08,-0.128,-0.212,0.148
6393,199774397,99826.43,28.08,-0.121,-0.014,0.112
6395,199834422,99823.92,28.08,-0.051,0.197,0.233
6397,199894453,99824.95,28.08,-0.032,0.111,0.806
6399,199954397,99828.45,28.08,-0.021,-0.185,0.594
6401,200014415,99828.96,28.08,-0.044,-0.228,0.222
6403,200074409,99826.24,28.08,-0.019,0.001,-0.211
6405,200134423,99826.78,28.07,-0.040,-0.044,0.015
6407,200194397,99826.20,28.07,-0.023,0.004,-0.110
6409,200254397,99825.01,28.07,-0.037,0.105,-0.014
6411,200314415,99825.30,28.08,0.007,0.081,0.071
6413,200374397,99825.79,28.07,0.012,0.040,0.543
6415,200434423,99827.01,28.07,-0.044,-0.064,-0.134
6417,200494427,99823.69,28.07,-0.033,0.217,-0.667
6419,200554397,99826.47,28.07,-0.008,-0.018,0.181
6421,200614415,99823.59,28.07,0.034,0.225,0.532
6423,200674397,99825.45,28.07,0.020,0.068,0.353
6425,200734423,99825.22,28.08,0.010,0.088,-0.088
6427,200794397,99827.83,28.07,0.009,-0.133,0.003
6429,200854408,99827.28,28.07,-0.037,-0.087,-0.181
6431,200914416,99822.59,28.07,0.016,0.310,-0.484
6433,200974397,99825.32,28.08,-0.014,0.079,0.254
6435,201034423,99827.99,28.07,0.006,-0.146,0.135
6437,201094427,99827.99,28.08,-0.028,-0.147,0.135
6439,201154397,99826.48,28.08,-0.060,-0.019,-0.627
6441,201214415,99825.24,28.08,-0.026,0.086,-0.335
6443,201274397,99826.41,28.08,-0.009,-0.013,0.437
6445,201334422,99822.56,28.08,0.025,0.312,0.282
6447,201394410,99828.00,28.08,-0.003,-0.147,0.320
6449,201454396,99827.73,28.08,0.019,-0.124,0.131
6451,201514415,99829.17,28.08,-0.001,-0.246,0.154
6453,201574397,99823.55,28.08,0.004,0.228,-0.397
6455,201634431,99829.00,28.08,-0.068,-0.232,-0.393
6457,201694426,99827.82,28.08,-0.050,-0.132,-0.458
6459,201754397,99828.28,28.08,-0.074,-0.171,-0.054
6461,201814415,99827.72,28.08,-0.040,-0.123,-0.047
6463,201874397,99827.96,28.08,-0.050,-0.144,0.275
6465,201934423,99830.37,28.08,-0.105,-0.348,-0.258
6467,201994397,99826.12,28.08,-0.074,0.012,-0.537
6469,202054397,99825.73,28.08,-0.053,0.045,0.160
6471,202114415,99828.26,28.08,-0.089,-0.169,0.170
6473,202174397,99825.60,28.08,-0.056,0.056,-0.195
6475,202234422,99828.05,28.08,-0.083,-0.151,0.161
6477,202294427,99828.35,28.08,-0.092,-0.177,-0.162
6479,202354397,99825.47,28.07,-0.053,0.066,-0.038
6481,202414425,99829.59,28.07,-0.057,-0.282,0.462
6483,202474397,99828.35,28.08,-0.075,-0.177,0.041
6485,202534423,99827.07,28.07,-0.079,-0.069,-0.358
6487,202594397,99826.69,28.07,-0.078,-0.037,-0.146
6489,202654397,99826.71,28.07,-0.060,-0.039,0.091
6491,202714415,99825.20,28.07,-0.009,0.089,0.422
6493,202774397,99828.46,28.07,-0.003,-0.187,0.711
6495,202834423,99826.45,28.07,0.013,-0.016,0.276
6497,202894467,99823.59,28.07,0.052,0.225,0.156
6499,202954397,99826.27,28.07,0.046,-0.001,0.400
6501,203014415,99823.34,28.07,0.088,0.246,0.203
6503,203074397,99824.02,28.07,0.101,0.189,0.412
6505,203134423,99820.90,28.07,0.138,0.453,0.271
6507,203194409,99826.32,28.07,0.109,-0.006,0.380
6509,203254397,99823.38,28.07,0.094,0.243,-0.234
6511,203314415,99825.92,28.07,0.050,0.028,-0.473
6513,203374397,99828.05,28.07,-0.002,-0.152,-0.559
6515,203434423,99825.52,28.07,0.000,0.062,-0.630
6517,203494427,99829.09,28.07,-0.063,-0.240,-0.340
6519,203554397,99824.06,28.07,-0.020,0.186,-0.526
6521,203614415,99825.45,28.07,0.011,0.068,0.390
6523,203674397,99826.63,28.07,-0.001,-0.032,0.458
6525,203734422,99824.64,28.07,-0.013,0.137,-0.211
6527,203794397,99829.60,28.07,-0.044,-0.283,-0.170
6529,203854397,99826.98,28.07,-0.076,-0.061,-0.416
6531,203914416,99829.22,28.07,-0.130,-0.250,-0.721
6533,203974407,99827.66,28.07,-0.131,-0.119,-0.599
6535,204034423,99829.88,28.07,-0.163,-0.306,-0.225
6537,204094427,99826.50,28.06,-0.172,-0.020,-0.472
6539,204154396,99825.59,28.07,-0.136,0.056,-0.149
6541,204214415,99820.09,28.06,-0.037,0.521,0.627
6543,204274397,99825.62,28.06,-0.007,0.054,1.310
6545,204334423,99829.59,28.06,-0.042,-0.282,0.740
6547,204394410,99827.45,28.06,-0.033,-0.101,-0.213
6549,204454396,99825.89,28.06,-0.034,0.031,-0.139
6551,204514415,99826.70,28.06,-0.070,-0.038,-0.247
6553,204574397,99826.41,28.06,-0.052,-0.013,-0.269
6555,204634422,99825.01,28.06,-0.059,0.106,0.039
6557,204694427,99822.45,28.06,-0.018,0.322,-0.032
6559,204754408,99827.40,28.06,-0.023,-0.096,0.541
6561,204814415,99826.33,28.06,-0.023,-0.006,0.191
6563,204874397,99828.29,28.06,-0.026,-0.172,0.026
6565,204934423,99826.34,28.06,-0.071,-0.007,-0.292
6567,204994397,99825.21,28.06,-0.037,0.088,-0.471
6569,205054397,99826.70,28.06,-0.039,-0.038,0.339
6571,205114415,99827.11,28.06,-0.018,-0.072,0.237
6573,205174397,99826.89,28.06,-0.003,-0.054,0.325
6575,205234422,99825.74,28.06,-0.027,0.043,-0.023
6577,205294427,99824.52,28.06,0.025,0.147,-0.075
6579,205354397,99824.13,28.06,0.002,0.180,0.334
6581,205414415,99824.60,28.06,-0.004,0.140,-0.233
6583,205474397,99828.85,28.06,-0.049,-0.219,-0.102
6585,205534432,99827.76,28.06,-0.032,-0.127,-0.234
6587,205594397,99824.31,28.06,-0.017,0.165,-0.011
6589,205654397,99828.48,28.06,-0.018,-0.188,0.211
6591,205714415,99826.37,28.06,0.024,-0.009,0.362
6593,205774397,99825.77,28.06,0.033,0.041,0.371
6595,205834422,99823.69,28.06,0.065,0.217,0.186
6597,205894452,99827.05,28.06,0.041,-0.067,0.289
6599,205954397,99823.69,28.06,0.032,0.217,-0.287
6601,206014415,99828.43,28.06,-0.002,-0.184,-0.246
6603,206074397,99825.51,28.06,-0.001,0.064,-0.278
6605,206134423,99828.86,28.06,-0.023,-0.220,-0.129
6607,206194397,99827.50,28.05,-0.014,-0.105,-0.087
6609,206254397,99827.41,28.06,-0.040,-0.098,-0.149
6611,206314425,99820.73,28.05,0.036,0.467,-0.198
6613,206374397,99828.46,28.05,0.046,-0.186,0.933
6615,206434423,99827.44,28.05,0.025,-0.100,0.424
6617,206494427,99825.87,28.05,-0.004,0.033,-0.531
6619,206554397,99823.69,28.05,0.025,0.217,-0.373
6621,206614415,99828.66,28.05,-0.016,-0.203,0.197
6623,206674397,99826.61,28.05,0.000,-0.030,-0.173
6625,206734422,99824.57,28.05,-0.010,0.143,-0.141
6627,206794397,99827.65,28.05,-0.033,-0.117,-0.176
6629,206854397,99827.21,28.05,-0.041,-0.081,-0.168
6631,206914416,99823.32,28.05,0.001,0.248,-0.098
6633,206974397,99827.52,28.05,-0.005,-0.106,0.436
6635,207034423,99829.12,28.05,-0.023,-0.242,0.183
6637,207094436,99823.34,28.05,0.015,0.247,-0.202
6639,207154397,99823.30,28.05,0.037,0.250,0.217
6641,207214415,99828.05,28.05,0.027,-0.151,0.474
6643,207274397,99828.70,28.05,-0.022,-0.207,-0.084
6645,207334423,99824.12,28.05,0.005,0.181,-0.601
6647,207394409,99823.38,28.05,0.066,0.243,0.314
6649,207454397,99825.32,28.05,0.068,0.079,0.772
6651,207514415,99826.72,28.04,0.062,-0.039,0.233
6653,207574397,99829.47,28.04,0.008,-0.271,-0.156
6655,207634422,99831.03,28.04,-0.028,-0.404,-0.587
6657,207694427,99823.97,28.04,-0.004,0.193,-0.607
6659,207754397,99825.66,28.04,0.006,0.051,-0.003
6661,207814415,99823.90,28.04,0.021,0.199,0.221
6663,207874408,99828.56,28.04,-0.015,-0.195,0.123
6665,207934421,99824.73,28.04,0.016,0.128,-0.149
6667,207994397,99823.34,28.04,0.009,0.247,-0.018
6669,208054397,99823.45,28.04,0.030,0.237,0.001
6671,208114415,99824.59,28.04,0.057,0.141,0.447
6673,208174397,99826.66,28.04,0.039,-0.035,0.393
6675,208234423,99827.70,28.04,0.023,-0.122,-0.095
6677,208294427,99828.76,28.04,-0.038,-0.211,-0.444
6679,208354397,99827.99,28.04,-0.028,-0.147,-0.612
6681,208414415,99828.16,28.04,-0.051,-0.161,-0.120
6683,208474397,99829.34,28.04,-0.076,-0.261,-0.318
6685,208534422,99827.16,28.04,-0.054,-0.076,-0.226
6687,208594397,99825.70,28.04,-0.011,0.046,0.269
6689,208654408,99827.00,28.04,-0.030,-0.063,0.379
6691,208714415,99825.91,28.04,-0.004,0.029,0.002
6693,208774397,99824.56,28.04,-0.007,0.143,0.115
6695,208834423,99826.71,28.04,-0.015,-0.038,-0.009
6697,208894452,99831.09,28.04,-0.112,-0.408,-0.307
6699,208954397,99825.03,28.04,-0.068,0.103,-0.914
6701,209014415,99824.80,28.04,-0.013,0.124,0.365
6703,209074397,99828.97,28.03,-0.064,-0.229,0.571
6705,209134422,99824.08,28.03,-0.058,0.184,-0.509
6707,209194397,99827.50,28.04,-0.074,-0.105,-0.159
6709,209254396,99826.12,28.03,-0.063,0.012,0.003
6711,209314415,99826.70,28.03,-0.052,-0.037,0.128
6713,209374397,99826.73,28.03,-0.019,-0.040,0.360
6715,209434432,99827.19,28.03,-0.029,-0.079,0.343
6717,209494426,99830.06,28.03,-0.046,-0.321,-0.002
6719,209554397,99824.17,28.03,0.014,0.176,-0.009
6721,209614415,99824.35,28.03,0.016,0.161,0.352
6723,209674397,99824.15,28.03,0.043,0.178,0.244
6725,209734422,99826.70,28.03,-0.008,-0.037,0.121
6727,209794397,99829.32,28.03,-0.070,-0.259,-0.623
6729,209854397,99827.12,28.03,-0.096,-0.073,-0.863
6731,209914415,99826.98,28.03,-0.081,-0.061,-0.382
6733,209974397,99829.26,28.03,-0.098,-0.253,0.150
6735,210034422,99827.21,28.03,-0.099,-0.080,-0.173
6737,210094427,99827.41,28.02,-0.089,-0.098,-0.070
6739,210154397,99829.23,28.03,-0.085,-0.252,0.246
6741,210214425,99825.86,28.03,-0.035,0.034,0.273
6743,210274397,99827.64,28.02,-0.018,-0.117,0.568
6745,210334423,99826.27,28.02,-0.005,-0.001,0.334
6747,210394410,99828.12,28.02,-0.038,-0.157,-0.001
6749,210454397,99826.16,28.02,-0.043,0.009,-0.390
6751,210514415,99825.20,28.02,-0.051,0.089,-0.297
6753,210574397,99824.46,28.02,-0.003,0.152,0.101
6755,210634422,99830.03,28.02,-0.043,-0.319,0.546
6757,210694427,99828.48,28.02,0.001,-0.188,0.074
6759,210754397,99826.02,28.02,0.008,0.020,0.273
6761,210814415,99825.62,28.02,0.019,0.054,0.029
6763,210874397,99825.59,28.02,0.014,0.057,0.080
6765,210934423,99822.55,28.02,0.033,0.314,-0.091
6767,210994409,99825.38,28.02,0.038,0.074,0.221
6769,211054397,99828.19,28.02,-0.007,-0.163,0.107
6771,211114415,99829.41,28.02,-0.007,-0.266,-0.276
6773,211174397,99825.13,28.02,-0.003,0.095,-0.183
6775,211234423,99826.34,28.01,-0.037,-0.007,-0.320
6777,211294427,99825.84,28.02,-0.054,0.036,-0.431
6779,211354396,99825.23,28.01,-0.057,0.087,-0.305
6781,211414415,99828.66,28.02,-0.082,-0.203,-0.048
6783,211474397,99827.95,28.01,-0.074,-0.144,-0.084
6785,211534422,99823.73,28.01,0.003,0.214,0.256
6787,211594397,99825.48,28.01,-0.026,0.066,0.558
6789,211654397,99828.17,28.01,-0.042,-0.162,-0.096
6791,211714415,99830.67,28.01,-0.075,-0.373,-0.126
6793,211774409,99825.92,28.01,-0.077,0.029,-0.518
6795,211834423,99827.23,28.01,-0.050,-0.082,-0.085
6797,211894453,99825.74,28.01,-0.063,0.044,0.213
6799,211954397,99827.61,28.01,-0.040,-0.114,0.044
6801,212014415,99825.04,28.01,-0.003,0.103,0.418
6803,212074397,99828.44,28.01,-0.011,-0.185,0.424
6805,212134423,99828.76,28.01,-0.010,-0.211,0.155
6807,212194397,99823.93,28.01,0.002,0.197,-0.165
6809,212254397,99827.12,28.01,-0.013,-0.074,-0.037
6811,212314415,99827.73,28.01,-0.033,-0.125,-0.067
6813,212374397,99824.32,28.01,-0.047,0.164,-0.468
6815,212434422,99826.84,28.01,-0.031,-0.049,-0.135
6817,212494427,99828.16,28.01,-0.025,-0.160,0.405
6819,212554408,99827.92,28.01,-0.042,-0.141,0.041
6821,212614415,99826.93,28.01,-0.055,-0.057,-0.319
6823,212674397,99824.02,28.00,-0.042,0.188,-0.294
6825,212734423,99824.87,28.00,-0.026,0.117,0.107
6827,212794397,99826.45,28.00,-0.016,-0.016,0.379
6829,212854397,99826.20,28.00,0.003,0.005,0.309
6831,212914415,99824.34,28.00,0.017,0.162,0.192
6833,212974397,99827.35,28.00,-0.028,-0.093,-0.020
6835,213034423,99824.94,28.00,0.007,0.111,-0.243
6837,213094427,99829.28,28.00,-0.025,-0.255,0.254
6839,213154397,99827.39,28.00,-0.014,-0.096,-0.128
6841,213214415,99825.35,28.00,-0.023,0.076,-0.175
6843,213274397,99826.62,28.00,0.016,-0.031,0.106
6845,213334432,99823.53,28.00,0.032,0.230,0.415
6847,213394410,99825.67,27.99,0.055,0.050,0.297
6849,213454397,99824.51,27.99,0.066,0.148,0.390
6851,213514415,99823.65,27.99,0.083,0.220,0.136
6853,213574397,99821.21,27.99,0.149,0.427,0.410
6855,213634422,99826.88,27.99,0.105,-0.052,0.654
6857,213694427,99825.16,27.99,0.120,0.093,-0.117
6859,213754396,99827.12,27.99,0.116,-0.073,0.114
6861,213814415,99828.04,27.99,0.064,-0.151,-0.186
6863,213874397,99829.29,27.99,0.021,-0.256,-0.711
6865,213934423,99824.55,27.99,0.018,0.144,-0.729
6867,213994397,99822.88,27.99,0.042,0.286,-0.284
6869,214054397,99827.48,27.99,0.019,-0.104,0.285
6871,214114426,99828.64,27.99,0.011,-0.201,0.034
6873,214174397,99827.52,27.99,0.017,-0.106,-0.075
6875,214234423,99824.71,27.99,0.032,0.131,-0.067
6877,214294427,99826.06,27.99,-0.005,0.016,-0.116
6879,214354397,99830.47,27.99,-0.065,-0.356,-0.440
6881,214414415,99826.60,27.99,-0.062,-0.029,-0.655
6883,214474397,99825.13,27.99,-0.066,0.095,-0.340
6885,214534422,99828.76,27.99,-0.051,-0.211,0.161
6887,214594397,99824.27,27.99,-0.059,0.168,0.073
6889,214654397,99826.80,27.99,-0.054,-0.046,-0.148
6891,214714415,99823.02,27.99,0.015,0.273,0.382
6893,214774397,99825.68,27.99,0.042,0.049,0.861
6895,214834423,99828.25,27.99,-0.002,-0.168,0.391
6897,214894460,99826.81,27.99,-0.017,-0.047,-0.485
6899,214954397,99827.10,27.99,-0.028,-0.071,-0.332
6901,215014415,99828.95,27.99,-0.052,-0.227,-0.158
6903,215074397,99823.66,27.99,0.017,0.219,-0.062
6905,215134423,99826.09,27.99,0.048,0.014,0.759
6907,215194397,99825.52,27.99,0.017,0.062,0.334
6909,215254397,99823.56,27.99,0.041,0.228,-0.304
6911,215314415,99824.86,27.99,0.054,0.118,0.273
6913,215374397,99827.10,27.99,0.027,-0.071,0.201
6915,215434422,99825.27,27.99,0.020,0.083,-0.299
6917,215494427,99824.28,27.99,0.025,0.167,-0.228
6919,215554397,99823.30,27.99,-0.001,0.250,-0.208
6921,215614415,99829.27,27.99,-0.027,-0.255,-0.165
6923,215674408,99828.53,27.99,-0.022,-0.192,-0.004
6925,215734423,99827.37,27.99,-0.047,-0.094,-0.220
6927,215794397,99828.33,27.99,-0.069,-0.175,-0.418
6929,215854397,99826.38,27.99,-0.130,-0.010,-0.679
6931,215914416,99827.43,27.99,-0.106,-0.099,-0.598
6933,215974397,99828.33,27.99,-0.060,-0.175,0.575
6935,216034423,99827.46,27.99,-0.077,-0.101,0.435
6937,216094427,99823.41,27.99,-0.034,0.241,-0.150
6939,216154396,99825.22,27.99,-0.016,0.087,0.443
6941,216214415,99826.55,27.99,-0.021,-0.025,0.379
6943,216274397,99829.48,27.99,-0.006,-0.272,0.278
6945,216334422,99825.80,27.98,0.017,0.039,0.262
6947,216394410,99828.27,27.99,-0.020,-0.170,-0.015
6949,216454408,99827.85,27.98,-0.028,-0.135,-0.329
6951,216514415,99828.60,27.98,-0.074,-0.198,-0.376
6953,216574397,99823.47,27.98,-0.024,0.235,-0.455
6955,216634423,99827.77,27.98,-0.042,-0.128,0.354
6957,216694427,99821.94,27.98,-0.005,0.365,-0.016
6959,216754397,99824.88,27.98,0.045,0.117,0.533
6961,216814415,99827.40,27.98,0.032,-0.096,0.806
6963,216874397,99827.09,27.98,0.010,-0.070,-0.105
6965,216934422,99826.59,27.98,0.008,-0.029,-0.306
6967,216994397,99829.02,27.98,-0.015,-0.233,-0.078
6969,217054397,99825.28,27.98,-0.003,0.082,-0.251
6971,217114415,99825.63,27.98,0.032,0.053,0.131
6973,217174397,99826.90,27.98,0.009,-0.054,0.348
6975,217234431,99827.48,27.98,-0.003,-0.103,-0.191
6977,217294426,99826.93,27.98,0.008,-0.057,-0.097
6979,217354397,99824.16,27.98,0.024,0.177,0.027
6981,217414415,99828.26,27.98,-0.025,-0.169,-0.027
6983,217474397,99825.20,27.98,0.009,0.089,-0.267
6985,217534422,99825.70,27.98,0.016,0.048,0.235
6987,217594397,99826.20,27.98,0.022,0.005,0.198
6989,217654397,99826.28,27.98,0.026,-0.002,0.131
6991,217714415,99829.48,27.98,-0.033,-0.272,-0.117
6993,217774397,99824.67,27.98,-0.019,0.134,-0.656
6995,217834422,99826.30,27.98,0.009,-0.004,0.083
6997,217894466,99823.48,27.98,0.042,0.235,0.458
6999,217954396,99823.43,27.98,0.044,0.239,0.255
7001,218014426,99825.05,27.97,0.056,0.102,0.209
7003,218074397,99824.77,27.97,0.040,0.125,0.114
7005,218134423,99825.83,27.97,0.043,0.036,-0.108
7007,218194397,99829.16,27.97,-0.005,-0.245,-0.031
7009,218254397,99824.66,27.97,-0.002,0.135,-0.569
7011,218314415,99826.08,27.97,0.026,0.015,-0.022
7013,218374397,99827.16,27.97,0.014,-0.076,0.376
7015,218434422,99828.31,27.97,-0.007,-0.174,-0.100
7017,218494427,99827.79,27.97,0.001,-0.130,-0.167
7019,218554397,99827.85,27.97,-0.034,-0.135,-0.171
7021,218614415,99831.71,27.97,-0.083,-0.461,-0.453
7023,218674397,99827.32,27.97,-0.084,-0.090,-0.605
7025,218734423,99826.27,27.97,-0.069,-0.001,-0.264
7027,218794409,99828.66,27.97,-0.061,-0.203,0.278
7029,218854397,99825.90,27.97,-0.066,0.030,0.054
7031,218914415,99824.77,27.97,-0.019,0.126,0.023
7033,218974397,99824.89,27.97,-0.008,0.116,0.518
7035,219034423,99826.39,27.97,-0.033,-0.011,0.114
7037,219094427,99827.51,27.97,-0.023,-0.105,-0.070
7039,219154397,99823.41,27.97,0.056,0.241,0.386
7041,219214415,99825.98,27.97,0.044,0.023,0.737
7043,219274397,99826.92,27.97,0.031,-0.056,0.066
7045,219334422,99829.10,27.97,-0.008,-0.240,-0.218
7047,219394410,99824.28,27.97,0.029,0.167,-0.370
7049,219454397,99825.53,27.97,0.030,0.061,0.176
7051,219514415,99828.86,27.97,-0.004,-0.220,0.095
7053,219574409,99824.63,27.97,-0.007,0.137,-0.437
7055,219634423,99827.77,27.97,-0.028,-0.128,-0.245
7057,219694427,99827.51,27.97,-0.059,-0.106,-0.269
7059,219754397,99827.38,27.97,-0.048,-0.095,-0.319
7061,219814415,99825.59,27.96,-0.014,0.056,0.185
7063,219874397,99827.88,27.97,-0.026,-0.137,0.349
7065,219934423,99826.59,27.96,-0.016,-0.028,0.013
7067,219994397,99827.25,27.96,-0.063,-0.084,-0.213
7069,220054397,99826.14,27.96,-0.057,0.010,-0.499
7071,220114415,99827.73,27.96,-0.059,-0.124,0.030
7073,220174397,99827.56,27.96,-0.047,-0.111,0.131
7075,220234422,99826.66,27.96,-0.025,-0.034,0.198
7077,220294427,99823.99,27.96,0.027,0.192,0.370
7079,220354408,99826.00,27.96,0.024,0.022,0.549
7081,220414415,99828.16,27.96,0.002,-0.161,0.117
7083,220474397,99827.66,27.96,-0.052,-0.118,-0.478
7085,220534423,99825.76,27.96,-0.053,0.042,-0.746
7087,220594397,99827.23,27.96,-0.049,-0.083,-0.067
7089,220654397,99829.66,27.96,-0.075,-0.288,0.093
7091,220714415,99826.05,27.96,-0.051,0.018,-0.204
7093,220774397,99825.22,27.96,-0.026,0.087,0.153
7095,220834422,99829.42,27.96,-0.066,-0.268,0.248
7097,220894452,99822.20,27.96,-0.016,0.343,-0.285
7099,220954397,99825.48,27.95,0.008,0.066,0.439
7101,221014415,99828.17,27.96,-0.008,-0.162,0.541
7103,221074397,99828.35,27.96,-0.016,-0.177,-0.051
7105,221134431,99825.45,27.96,-0.015,0.069,-0.244
7107,221194397,99822.02,27.96,0.062,0.358,0.121
7109,221254397,99825.25,27.96,0.062,0.085,0.842
7111,221314415,99824.36,27.96,0.079,0.160,0.300
7113,221374397,99824.16,27.96,0.094,0.177,0.216
7115,221434422,99825.33,27.96,0.127,0.078,0.431
7117,221494427,99824.55,27.95,0.079,0.145,0.116
7119,221554397,99827.62,27.96,0.052,-0.116,-0.530
7121,221614415,99829.44,27.96,0.015,-0.269,-0.300
7123,221674397,99825.77,27.96,0.048,0.041,-0.348
7125,221734422,99827.73,27.96,0.060,-0.125,0.309
7127,221794397,99827.37,27.96,0.038,-0.094,0.125
7129,221854397,99827.05,27.95,0.025,-0.067,-0.352
7131,221914424,99825.52,27.96,0.028,0.063,-0.248
7133,221974397,99824.81,27.95,-0.007,0.122,-0.302
7135,222034423,99825.96,27.96,-0.004,0.025,-0.342
7137,222094427,99824.84,27.96,0.043,0.119,0.277
7139,222154397,99827.05,27.96,-0.017,-0.067,0.232
7141,222214415,99826.66,27.96,0.019,-0.035,-0.312
7143,222274397,99826.12,27.96,0.012,0.011,0.248
7145,222334422,99826.81,27.96,0.025,-0.047,0.046
7147,222394410,99827.03,27.96,0.014,-0.065,0.123
7149,222454397,99824.89,27.96,0.028,0.116,-0.134
7151,222514415,99828.56,27.96,-0.019,-0.195,-0.054
7153,222574397,99825.95,27.95,-0.038,0.027,-0.558
7155,222634423,99827.34,27.96,-0.026,-0.092,-0.249
7157,222694434,99824.46,27.96,0.012,0.152,0.249
7159,222754397,99826.97,27.96,0.015,-0.060,0.429
7161,222814415,99827.38,27.95,-0.020,-0.095,0.031
7163,222874397,99827.76,27.96,-0.055,-0.127,-0.546
7165,222934420,99826.94,27.96,-0.050,-0.058,-0.419
7167,222994397,99827.36,27.96,-0.045,-0.093,0.033
7169,223054397,99828.42,27.95,-0.081,-0.183,-0.071
7171,223114415,99827.83,27.96,-0.058,-0.133,-0.235
7173,223174397,99824.32,27.96,-0.020,0.164,0.214
7175,223234423,99825.37,27.96,-0.027,0.075,0.273
7177,223294427,99828.37,27.96,0.004,-0.179,0.366
7179,223354396,99827.16,27.96,-0.046,-0.076,0.136
7181,223414415,99828.43,27.96,-0.021,-0.184,-0.371
7183,223474408,99824.78,27.96,0.012,0.125,0.288
7185,223534423,99825.59,27.96,0.032,0.057,0.354
7187,223594397,99824.98,27.96,0.019,0.108,0.194
7189,223654397,99828.37,27.96,-0.001,-0.178,-0.088
7191,223714415,99825.21,27.96,0.029,0.088,-0.051
7193,223774397,99825.38,27.96,0.013,0.074,0.050
7195,223834423,99826.52,27.96,0.020,-0.023,-0.036
7197,223894451,99823.65,27.96,0.064,0.221,0.227
7199,223954397,99827.83,27.96,0.025,-0.133,0.340
7201,224014415,99821.34,27.96,0.064,0.416,-0.276
7203,224074397,99823.83,27.96,0.077,0.205,0.249
7205,224134422,99829.31,27.96,0.035,-0.258,0.364
7207,224194397,99829.52,27.96,-0.013,-0.275,-0.429
7209,224254408,99828.75,27.96,-0.038,-0.211,-0.749
7211,224314415,99827.56,27.96,-0.024,-0.110,-0.349
7213,224374397,99824.85,27.96,-0.041,0.119,-0.177
7215,224434423,99825.52,27.96,-0.023,0.062,-0.180
7217,224494427,99827.22,27.96,-0.033,-0.082,0.252
7219,224554397,99823.20,27.96,0.011,0.258,0.044
7221,224614415,99824.63,27.96,0.019,0.137,0.388
7223,224674397,99824.71,27.96,0.024,0.131,0.241
7225,224734423,99828.98,27.96,-0.033,-0.230,-0.042
7227,224794397,99822.60,27.96,0.035,0.309,-0.339
7229,224854397,99825.59,27.96,0.013,0.057,0.382
7231,224914416,99825.52,27.96,-0.014,0.062,-0.169
7233,224974397,99824.63,27.96,0.021,0.137,-0.168
7235,225034432,99827.80,27.96,-0.026,-0.130,0.200
7237,225094426,99828.69,27.96,-0.064,-0.205,-0.493
7239,225154397,99828.70,27.96,-0.086,-0.207,-0.548
7241,225214415,99825.88,27.96,-0.079,0.032,-0.387
7243,225274397,99826.71,27.95,-0.054,-0.038,0.095
7245,225334423,99829.06,27.96,-0.079,-0.237,0.306
7247,225394410,99824.11,27.95,-0.082,0.181,-0.413
7249,225454396,99827.30,27.95,-0.036,-0.088,0.118
7251,225514415,99826.08,27.95,-0.024,0.015,0.679
7253,225574397,99825.86,27.95,0.021,0.034,0.364
7255,225634422,99828.26,27.95,-0.008,-0.169,0.457
7257,225694427,99826.12,27.95,-0.005,0.011,-0.239
7259,225754397,99826.09,27.95,-0.002,0.014,-0.090
7261,225814426,99827.09,27.95,-0.001,-0.070,0.095
7263,225874397,99824.04,27.95,0.027,0.187,0.067
7265,225934423,99822.94,27.95,0.043,0.280,0.181
7267,225994397,99828.65,27.95,-0.001,-0.202,0.189
7269,226054397,99824.87,27.95,-0.005,0.117,-0.386
7271,226114415,99824.31,27.95,0.021,0.164,-0.173
7273,226174397,99824.98,27.95,-0.008,0.108,0.121
7275,226234423,99829.12,27.95,-0.041,-0.242,-0.225
7277,226294427,99823.66,27.95,0.013,0.219,-0.154
7279,226354397,99825.93,27.95,-0.002,0.028,0.301
7281,226414415,99829.44,27.95,-0.020,-0.269,0.099
7283,226474397,99823.88,27.95,-0.013,0.201,-0.283
7285,226534423,99826.45,27.95,0.018,-0.016,0.077
7287,226594408,99829.17,27.96,-0.040,-0.246,0.301
7289,226654397,99822.97,27.95,-0.004,0.278,-0.581
7291,226714415,99821.88,27.95,0.054,0.370,0.286
7293,226774397,99821.70,27.95,0.135,0.386,1.080
7295,226834423,99824.31,27.95,0.116,0.164,0.965
7297,226894452,99826.27,27.95,0.102,-0.001,0.037
7299,226954397,99826.98,27.95,0.029,-0.061,-0.457
7301,227014415,99826.87,27.95,0.012,-0.051,-0.885
7303,227074397,99826.53,27.96,0.046,-0.023,-0.085
7305,227134422,99825.05,27.95,0.070,0.102,0.404
7307,227194397,99825.12,27.95,0.086,0.096,0.318
7309,227254397,99826.53,27.96,0.090,-0.023,0.302
7311,227314415,99825.61,27.95,0.052,0.055,-0.137
7313,227374407,99827.23,27.95,0.057,-0.082,-0.350
7315,227434423,99825.53,27.96,0.050,0.061,-0.028
7317,227494427,99826.77,27.95,0.051,-0.044,-0.092
7319,227554397,99822.47,27.95,0.069,0.320,-0.057
7321,227614415,99828.02,27.95,0.050,-0.149,0.161
7323,227674397,99827.63,27.96,0.022,-0.116,-0.075
7325,227734423,99829.04,27.96,0.015,-0.235,-0.318
7327,227794397,99826.48,27.96,0.053,-0.019,0.052
7329,227854397,99824.27,27.96,0.070,0.168,0.254
7331,227914416,99824.09,27.95,0.057,0.183,0.026
7333,227974396,99822.16,27.95,0.091,0.346,-0.035
7335,228034422,99825.23,27.96,0.036,0.087,0.100
7337,228094427,99825.63,27.96,0.063,0.053,-0.228
7339,228154408,99824.48,27.95,0.068,0.151,0.228
7341,228214415,99826.39,27.96,0.068,-0.011,0.115
7343,228274397,99829.01,27.95,0.057,-0.232,0.181
7345,228334423,99827.12,27.95,0.060,-0.073,-0.060
7347,228394410,99831.51,27.95,-0.016,-0.444,-0.281
7349,228454397,99822.88,27.95,0.037,0.285,-0.756
7351,228514415,99827.73,27.95,0.009,-0.124,0.139
7353,228574397,99827.95,27.95,-0.000,-0.143,-0.044
7355,228634422,99826.62,27.95,0.010,-0.031,-0.126
7357,228694427,99826.88,27.95,-0.001,-0.053,-0.015
7359,228754397,99825.50,27.95,0.001,0.064,-0.161
7361,228814415,99829.36,27.95,-0.046,-0.262,-0.135
7363,228874397,99822.72,27.95,-0.004,0.299,-0.417
7365,228934431,99826.16,27.95,0.013,0.009,0.349
7367,228994397,99828.55,27.95,-0.069,-0.194,0.063
7369,229054397,99827.22,27.95,-0.048,-0.081,-0.710
7371,229114415,99823.71,27.95,0.028,0.215,0.337
7373,229174397,99827.55,27.95,0.014,-0.109,0.796
7375,229234422,99827.82,27.95,-0.013,-0.132,-0.020
7377,229294426,99823.60,27.95,0.034,0.224,-0.245
7379,229354397,99826.48,27.95,0.038,-0.019,0.447
7381,229414415,99824.87,27.95,0.076,0.117,0.376
7383,229474397,99826.70,27.95,0.084,-0.038,0.478
7385,229534422,99825.71,27.95,0.073,0.046,0.111
7387,229594397,99824.84,27.95,0.031,0.120,-0.461
7389,229654397,99827.45,27.95,0.001,-0.101,-0.551
7391,229714426,99827.19,27.95,-0.004,-0.079,-0.274
7393,229774397,99823.96,27.95,0.038,0.194,-0.028
7395,229834423,99826.27,27.95,0.010,-0.001,0.240
7397,229894451,99825.24,27.95,0.037,0.086,-0.043
7399,229954397,99823.62,27.95,0.056,0.223,0.245
7401,230014415,99824.27,27.95,0.077,0.167,0.308
7403,230074397,99822.75,27.95,0.087,0.296,0.261
7405,230134422,99827.48,27.95,0.064,-0.104,0.170
7407,230194397,99824.73,27.95,0.069,0.129,-0.100
7409,230254397,99825.44,27.95,0.050,0.070,-0.194
7411,230314415,99824.42,27.95,0.057,0.155,-0.186
7413,230374397,99825.62,27.95,0.062,0.053,0.103
7415,230434423,99822.02,27.95,0.121,0.358,0.278
7417,230494434,99827.77,27.95,0.081,-0.128,0.533
7419,230554397,99826.81,27.95,0.088,-0.047,-0.080
7421,230614415,99826.02,27.95,0.047,0.020,-0.295
7423,230674398,99824.67,27.95,0.052,0.134,-0.533
7425,230734423,99826.83,27.95,0.034,-0.048,-0.050
7427,230794397,99826.28,27.95,0.060,-0.002,0.043
7429,230854397,99826.62,27.95,0.061,-0.031,0.264
7431,230914416,99825.83,27.95,0.055,0.036,-0.024
7433,230974397,99822.98,27.94,0.071,0.276,-0.165
7435,231034422,99825.65,27.95,0.066,0.052,0.133
7437,231094427,99825.52,27.95,0.061,0.063,0.062
7439,231154397,99827.41,27.95,0.042,-0.098,-0.073
7441,231214415,99824.60,27.94,0.032,0.140,-0.315
7443,231274407,99827.81,27.95,0.014,-0.132,-0.215
7445,231334423,99827.49,27.94,0.003,-0.104,-0.124
7447,231394410,99822.87,27.95,0.037,0.287,-0.209
7449,231454397,99824.11,27.94,0.051,0.182,0.265
7451,231514415,99828.74,27.95,-0.006,-0.210,0.177
7453,231574397,99828.66,27.94,-0.041,-0.204,-0.571
7455,231634423,99827.03,27.94,-0.026,-0.065,-0.450
7457,231694426,99824.83,27.94,0.004,0.121,0.096
7459,231754397,99826.50,27.94,-0.006,-0.020,0.260
7461,231814415,99826.89,27.95,-0.021,-0.054,-0.052
7463,231874397,99823.88,27.95,0.013,0.201,-0.119
7465,231934422,99825.41,27.94,0.054,0.071,0.517
7467,231994396,99824.59,27.94,0.087,0.140,0.719
7469,232054408,99826.54,27.94,0.014,-0.024,0.042
7471,232114415,99821.95,27.94,0.046,0.364,-0.725
7473,232174397,99824.93,27.94,0.056,0.112,0.244
7475,232234423,99827.38,27.94,0.029,-0.095,0.278
7477,232294423,99828.91,27.94,-0.030,-0.224,-0.415
7479,232354397,99825.79,27.94,-0.029,0.039,-0.760
7481,232414415,99829.99,27.94,-0.065,-0.316,-0.204
7483,232474397,99827.05,27.94,-0.078,-0.067,-0.407
7485,232534422,99826.95,27.94,-0.066,-0.059,-0.271
7487,232594397,99826.41,27.94,-0.070,-0.013,0.054
7489,232654397,99825.66,27.94,-0.046,0.050,0.037
7491,232714415,99825.62,27.94,-0.018,0.054,0.385
7493,232774397,99825.74,27.94,-0.027,0.044,0.293
7495,232834432,99826.01,27.94,0.000,0.021,0.113
7497,232894465,99827.60,27.94,-0.018,-0.114,0.282
7499,232954397,99826.13,27.94,0.001,0.010,-0.057
7501,233014415,99825.62,27.94,0.005,0.054,0.108
7503,233074397,99826.52,27.94,0.011,-0.022,0.117
7505,233134422,99827.27,27.94,-0.014,-0.085,0.008
7507,233194397,99823.19,27.94,0.010,0.259,-0.302
7509,233254397,99823.45,27.94,0.027,0.238,0.139
7511,233314415,99826.09,27.94,0.023,0.014,0.342
7513,233374397,99824.02,27.94,0.042,0.190,0.115
7515,233434422,99825.60,27.94,0.061,0.055,0.288
7517,233494427,99824.46,27.94,0.090,0.152,0.426
7519,233554397,99827.40,27.94,0.051,-0.096,0.214
7521,233614425,99824.33,27.94,0.076,0.163,-0.265
7523,233674397,99826.28,27.93,0.039,-0.002,-0.048
7525,233734423,99825.62,27.93,0.019,0.053,-0.428
7527,233794397,99826.33,27.93,-0.033,-0.006,-0.559
7529,233854397,99821.27,27.93,0.028,0.421,-0.476
7531,233914415,99826.63,27.93,0.034,-0.032,0.672
7533,233974397,99829.11,27.93,0.011,-0.241,0.414
7535,234034422,99826.91,27.93,0.012,-0.055,-0.225
7537,234094426,99826.96,27.93,-0.025,-0.059,-0.346
7539,234154397,99826.16,27.93,-0.022,0.008,-0.427
7541,234214415,99828.29,27.93,-0.021,-0.172,0.073
7543,234274397,99827.11,27.93,-0.016,-0.072,0.086
7545,234334423,99821.25,27.93,0.048,0.423,0.055
7547,234394418,99827.31,27.93,0.030,-0.089,0.618
7549,234454397,99822.57,27.93,0.087,0.312,0.269
7551,234514415,99823.22,27.93,0.103,0.257,0.490
7553,234574397,99826.85,27.93,0.062,-0.050,0.231
7555,234634423,99827.45,27.93,0.050,-0.100,-0.282
7557,234694427,99827.62,27.93,0.005,-0.116,-0.394
7559,234754397,99828.62,27.93,-0.025,-0.199,-0.623
7561,234814415,99826.63,27.93,-0.042,-0.032,-0.529
7563,234874397,99828.32,27.93,-0.071,-0.174,-0.405
7565,234934422,99824.92,27.93,-0.041,0.113,-0.257
7567,234994397,99828.23,27.93,-0.071,-0.166,0.120
7569,235054397,99824.35,27.93,-0.045,0.161,-0.174
7571,235114415,99827.64,27.93,-0.068,-0.117,0.092
7573,235174407,99827.72,27.93,-0.064,-0.123,-0.030
7575,235234423,99824.45,27.93,-0.021,0.153,0.095
7577,235294427,99825.16,27.93,-0.035,0.092,0.264
7579,235354396,99826.73,27.93,-0.053,-0.040,-0.088
7581,235414415,99823.79,27.93,0.020,0.209,0.141
7583,235474397,99825.57,27.93,0.013,0.058,0.682
7585,235534423,99825.91,27.93,0.027,0.029,0.199
7587,235594397,99826.11,27.93,0.033,0.013,0.209
7589,235654397,99827.16,27.93,0.046,-0.076,0.218
7591,235714415,99827.65,27.93,0.020,-0.117,0.079
7593,235774397,99828.94,27.93,-0.037,-0.227,-0.513
7595,235834423,99826.42,27.93,0.006,-0.014,-0.470
7597,235894452,99822.48,27.93,0.063,0.319,0.401
7599,235954408,99828.24,27.93,-0.003,-0.168,0.386
7601,236014415,99825.64,27.93,-0.015,0.052,-0.567
7603,236074397,99829.20,27.93,-0.005,-0.249,-0.089
7605,236134423,99824.77,27.93,-0.005,0.126,0.045
7607,236194397,99824.93,27.93,-0.027,0.112,-0.344
7609,236254397,99825.64,27.93,-0.001,0.052,-0.046
7611,236314415,99824.61,27.93,-0.008,0.139,0.202
7613,236374397,99829.28,27.93,-0.024,-0.255,0.052
7615,236434422,99824.22,27.93,0.001,0.172,-0.059
7617,236494427,99826.95,27.93,-0.032,-0.059,-0.053
7619,236554397,99824.88,27.93,-0.027,0.116,-0.271
7621,236614415,99822.94,27.93,0.013,0.280,0.042
7623,236674397,99828.45,27.93,-0.003,-0.185,0.542
7625,236734431,99827.34,27.93,0.018,-0.092,0.225
7627,236794397,99828.69,27.93,-0.004,-0.205,0.094
7629,236854397,99827.18,27.93,-0.008,-0.078,-0.259
7631,236914416,99829.78,27.93,-0.081,-0.298,-0.431
7633,236974397,99825.38,27.93,-0.014,0.074,-0.508
7635,237034422,99829.80,27.93,-0.034,-0.300,0.553
7637,237094427,99827.54,27.93,-0.020,-0.108,0.044
7639,237154397,99826.55,27.93,-0.008,-0.025,0.024
7641,237214415,99825.22,27.93,0.006,0.088,0.105
7643,237274397,99828.66,27.93,-0.013,-0.203,0.167
7645,237334423,99825.86,27.93,0.008,0.034,-0.040
7647,237394409,99826.59,27.93,0.012,-0.028,0.131
7649,237454397,99825.80,27.93,0.012,0.039,0.063
7651,237514426,99828.66,27.93,-0.021,-0.203,-0.081
7653,237574397,99826.41,27.93,-0.015,-0.013,-0.301
7655,237634423,99829.31,27.93,-0.061,-0.258,-0.202
7657,237694427,99827.37,27.93,-0.038,-0.094,-0.311
7659,237754397,99826.96,27.93,-0.059,-0.059,-0.042
7661,237814415,99827.02,27.92,-0.038,-0.064,-0.106
7663,237874397,99827.78,27.93,-0.036,-0.129,0.259
7665,237934419,99828.95,27.92,-0.039,-0.227,0.134
7667,237994397,99829.42,27.92,-0.061,-0.267,-0.067
7669,238054397,99823.98,27.92,-0.017,0.193,-0.261
7671,238114415,99824.28,27.92,0.002,0.167,0.301
7673,238174397,99827.00,27.93,-0.026,-0.063,0.259
7675,238234423,99826.77,27.93,-0.039,-0.043,-0.236
7677,238294435,99824.84,27.93,-0.003,0.120,-0.079
7679,238354397,99828.47,27.93,0.016,-0.187,0.589
7681,238414415,99825.98,27.93,-0.001,0.023,0.208
7683,238474397,99825.54,27.93,-0.004,0.061,-0.345
7685,238534423,99825.21,27.93,0.021,0.088,0.056
7687,238594397,99827.02,27.93,0.030,-0.065,0.406
7689,238654396,99824.27,27.93,0.051,0.167,0.196
7691,238714415,99823.77,27.93,0.068,0.211,0.167
7693,238774397,99829.51,27.93,0.049,-0.275,0.385
7695,238834422,99827.49,27.93,0.029,-0.104,-0.115
7697,238894453,99827.95,27.93,-0.026,-0.143,-0.649
7699,238954397,99824.28,27.93,-0.003,0.167,-0.669
7701,239014415,99823.00,27.93,0.037,0.275,0.170
7703,239074407,99826.59,27.93,0.029,-0.028,0.548
7705,239134423,99824.68,27.93,0.055,0.133,0.192
7707,239194397,99829.94,27.94,0.022,-0.311,0.265
7709,239254397,99824.55,27.94,0.084,0.145,0.020
7711,239314415,99823.62,27.94,0.109,0.222,0.455
7713,239374398,99824.41,27.93,0.115,0.156,0.373
7715,239434423,99826.91,27.94,0.122,-0.055,0.303
7717,239494427,99823.89,27.94,0.131,0.200,0.107
7719,239554397,99826.20,27.94,0.083,0.005,-0.208
7721,239614415,99826.97,27.94,0.036,-0.060,-0.628
7723,239674397,99828.65,27.94,-0.026,-0.202,-0.804
7725,239734422,99824.35,27.94,-0.057,0.161,-1.056
7727,239794397,99820.96,27.94,0.025,0.447,-0.329
7729,239854408,99822.66,27.95,0.070,0.304,1.045
7731,239914416,99824.09,27.95,0.065,0.183,0.715
7733,239974397,99822.82,27.95,0.112,0.290,0.274
7735,240034423,99825.62,27.95,0.106,0.053,0.562
7737,240094426,99827.16,27.95,0.076,-0.076,0.036
7739,240154397,99829.27,27.95,0.063,-0.255,-0.213
7741,240214415,99827.07,27.95,0.037,-0.069,-0.329
7743,240274397,99821.21,27.95,0.083,0.426,-0.465
7745,240334422,99822.46,27.95,0.087,0.321,0.254
7747,240394410,99828.56,27.95,0.044,-0.195,0.233
7749,240454397,99820.84,27.96,0.092,0.458,-0.275
7751,240514415,99828.07,27.96,0.098,-0.153,0.492
7753,240574397,99826.87,27.96,0.071,-0.052,0.285
7755,240634431,99821.52,27.96,0.114,0.400,-0.394
7757,240694426,99826.80,27.96,0.075,-0.046,0.212
7759,240754397,99827.40,27.96,0.022,-0.096,-0.376
7761,240814415,99826.23,27.96,0.029,0.002,-0.613
7763,240874397,99825.19,27.96,0.042,0.091,-0.021
7765,240934423,99822.92,27.96,0.068,0.282,0.122
7767,240994397,99824.10,27.96,0.098,0.182,0.424
7769,241054397,99824.62,27.96,0.098,0.138,0.451
7771,241114415,99820.27,27.96,0.124,0.506,-0.028
7773,241174397,99825.51,27.97,0.107,0.063,0.231
7775,241234422,99824.80,27.97,0.115,0.124,0.133
7777,241294427,99828.73,27.97,0.044,-0.209,-0.176
7779,241354397,99827.82,27.97,-0.014,-0.132,-0.956
7781,241414425,99825.69,27.97,-0.004,0.048,-0.812
7783,241474397,99825.88,27.97,-0.015,0.031,-0.112
7785,241534423,99830.93,27.97,-0.055,-0.395,-0.068
7787,241594397,99829.95,27.97,-0.066,-0.312,-0.306
7789,241654396,99827.50,27.97,-0.063,-0.105,-0.328
7791,241714415,99825.56,27.97,-0.057,0.059,-0.177
7793,241774397,99826.23,27.97,-0.029,0.003,0.164
7795,241834422,99825.45,27.97,-0.026,0.068,0.325
7797,241894452,99826.00,27.97,0.008,0.022,0.247
7799,241954397,99827.91,27.98,-0.015,-0.139,0.381
7801,242014415,99823.11,27.98,0.009,0.266,-0.226
7803,242074397,99826.15,27.98,-0.022,0.009,-0.035
7805,242134423,99827.59,27.98,-0.035,-0.113,-0.156
7807,242194409,99827.05,27.98,-0.026,-0.067,-0.075
7809,242254397,99829.09,27.98,-0.026,-0.239,0.167
7811,242314415,99828.49,27.98,-0.055,-0.189,-0.084
7813,242374397,99820.91,27.98,0.012,0.451,-0.368
7815,242434423,99825.73,27.98,-0.014,0.044,0.407
7817,242494427,99825.01,27.98,0.005,0.105,0.115
7819,242554396,99825.90,27.98,-0.010,0.031,0.110
7821,242614415,99824.51,27.98,0.007,0.148,-0.075
7823,242674397,99825.15,27.99,0.000,0.094,0.088
7825,242734422,99824.54,27.99,0.048,0.145,0.219
7827,242794397,99826.55,27.99,0.037,-0.025,0.532
7829,242854397,99831.52,27.99,-0.007,-0.445,0.047
7831,242914416,99827.02,27.99,0.016,-0.065,-0.338
7833,242974407,99825.49,27.99,-0.014,0.065,-0.289
7835,243034423,99825.75,27.99,0.011,0.043,-0.232
7837,243094427,99824.45,27.99,0.046,0.152,0.393
7839,243154397,99827.49,27.99,0.017,-0.104,0.338
7841,243214415,99825.41,27.99,0.028,0.072,-0.171
7843,243274397,99825.84,28.00,0.011,0.035,-0.092
7845,243334423,99829.17,27.99,-0.023,-0.246,-0.176
7847,243394410,99826.46,28.00,-0.011,-0.017,-0.284
7849,243454397,99825.84,28.00,-0.001,0.035,-0.024
7851,243514415,99823.77,28.00,0.015,0.210,0.069
7853,243574397,99826.08,28.00,0.077,0.015,0.569
7855,243634422,99826.30,27.99,0.056,-0.004,0.713
7857,243694427,99824.14,28.00,0.123,0.179,0.121
7859,243754408,99822.71,27.99,0.104,0.300,0.415
7861,243814415,99824.20,28.00,0.097,0.174,-0.183
7863,243874397,99824.48,27.99,0.094,0.150,-0.023
7865,243934423,99827.51,27.99,0.076,-0.106,0.033
7867,243994397,99828.76,27.99,0.033,-0.212,-0.219
7869,244054397,99822.45,27.99,0.087,0.321,-0.449
7871,244114415,99825.09,27.99,0.098,0.099,0.411
7873,244174397,99824.18,27.99,0.093,0.175,0.240
7875,244234422,99828.12,27.99,0.067,-0.158,-0.030
7877,244294427,99822.95,27.99,0.080,0.279,-0.281
7879,244354397,99826.32,27.99,0.067,-0.005,-0.054
7881,244414415,99823.85,27.99,0.058,0.203,-0.134
7883,244474397,99823.19,27.99,0.055,0.259,-0.298
7885,244534431,99828.01,27.99,0.054,-0.148,0.173
7887,244594397,99823.94,27.99,0.063,0.196,0.077
7889,244654397,99826.48,27.99,0.033,-0.019,-0.159
7891,244714415,99824.55,27.99,0.049,0.144,-0.195
7893,244774397,99828.47,27.99,0.018,-0.187,0.073
7895,244834422,99828.02,27.99,-0.017,-0.149,-0.343
7897,244894452,99824.64,27.99,0.034,0.137,-0.329
7899,244954397,99827.19,27.99,0.008,-0.079,0.333
7901,245014415,99821.45,27.99,0.085,0.406,0.043
7903,245074397,99828.91,27.99,0.028,-0.225,0.584
7905,245134422,99824.09,27.99,0.044,0.183,-0.316
7907,245194397,99825.16,27.99,0.043,0.093,-0.089
7909,245254397,99828.62,27.99,0.023,-0.200,0.133
7911,245314426,99830.44,27.99,-0.062,-0.353,-0.441
7913,245374397,99825.44,27.99,-0.050,0.069,-1.058
7915,245434422,99823.42,27.99,0.009,0.239,0.019
7917,245494427,99827.44,27.99,-0.021,-0.100,0.591
7919,245554397,99824.02,28.00,0.001,0.189,-0.113
7921,245614415,99820.72,28.00,0.054,0.468,0.169
7923,245674397,99825.88,28.00,0.067,0.032,0.786
7925,245734422,99827.38,28.00,0.056,-0.094,0.489
7927,245794397,99823.76,28.00,0.048,0.211,-0.276
7929,245854397,99824.73,28.00,0.083,0.129,-0.037
7931,245914415,99824.98,28.00,0.084,0.108,0.452
7933,245974397,99823.60,28.00,0.132,0.224,0.267
7935,246034423,99826.54,28.00,0.148,-0.024,0.711
7937,246094434,99825.74,28.00,0.128,0.044,0.224
7939,246154397,99826.48,28.00,0.092,-0.018,-0.421
7941,246214415,99824.67,28.00,0.107,0.134,-0.387
7943,246274398,99826.05,28.00,0.060,0.018,-0.174
7945,246334423,99819.29,28.00,0.164,0.589,-0.180
7947,246394409,99825.78,28.00,0.084,0.040,0.623
7949,246454397,99823.05,28.00,0.074,0.271,-0.636
7951,246514415,99827.83,28.00,0.073,-0.133,-0.096
7953,246574397,99825.71,28.00,0.075,0.046,0.131
7955,246634422,99826.70,28.00,0.076,-0.037,-0.030
7957,246694427,99825.03,28.00,0.077,0.104,-0.015
7959,246754397,99825.54,27.99,0.054,0.060,-0.187
7961,246814415,99823.21,27.99,0.102,0.258,-0.064
7963,246874408,99825.33,27.99,0.125,0.079,0.631
7965,246934423,99827.35,27.99,0.049,-0.092,0.077
7967,246994397,99823.39,27.99,0.077,0.242,-0.753
7969,247054397,99828.00,27.99,0.011,-0.147,-0.124
7971,247114415,99824.97,27.99,0.050,0.109,-0.390
7973,247174397,99823.52,27.99,0.083,0.231,0.318
7975,247234423,99822.52,27.99,0.094,0.316,0.337
7977,247294427,99825.92,27.99,0.081,0.028,0.213
7979,247354397,99828.08,27.99,0.049,-0.154,-0.018
7981,247414415,99824.72,27.99,0.039,0.130,-0.494
7983,247474397,99828.84,27.99,-0.011,-0.219,-0.397
7985,247534422,99822.30,27.99,0.094,0.334,-0.070
7987,247594397,99823.76,27.99,0.085,0.211,0.780
7989,247654409,99827.51,27.99,0.085,-0.106,0.283
7991,247714415,99825.54,27.99,0.076,0.060,0.040
7993,247774397,99824.43,27.99,0.085,0.155,-0.213
7995,247834423,99820.01,27.99,0.140,0.528,0.113
7997,247894467,99823.20,27.99,0.143,0.258,0.571
7999,247954397,99825.47,27.99,0.120,0.067,0.249
8001,248014415,99827.00,27.99,0.060,-0.063,-0.401
8003,248074396,99825.19,27.99,0.053,0.090,-0.741
8005,248134422,99827.96,27.99,0.036,-0.144,-0.189
8007,248194397,99826.57,27.99,0.036,-0.026,-0.126
8009,248254397,99825.09,27.99,0.061,0.098,-0.023
8011,248314415,99824.80,27.99,0.082,0.124,0.303
8013,248374397,99825.02,27.99,0.058,0.105,0.110
8015,248434431,99822.88,27.99,0.115,0.286,-0.015
8017,248494427,99823.73,27.99,0.102,0.214,0.462
8019,248554397,99826.98,27.99,0.102,-0.061,0.136
8021,248614415,99823.94,27.99,0.119,0.196,0.099
8023,248674397,99824.80,27.99,0.131,0.123,0.147
8025,248734422,99824.44,27.99,0.121,0.154,0.116
8027,248794397,99829.78,27.99,0.036,-0.298,-0.328
8029,248854397,99823.27,27.99,0.065,0.253,-0.838
8031,248914415,99826.24,27.99,0.064,0.001,0.033
8033,248974397,99824.73,27.99,0.091,0.129,0.249
8035,249034422,99821.06,27.99,0.134,0.439,0.275
8037,249094427,99822.70,27.99,0.142,0.300,0.440
8039,249154397,99824.65,27.99,0.131,0.136,0.262
8041,249214425,99826.68,28.00,0.119,-0.035,0.029
8043,249274397,99826.30,27.99,0.084,-0.004,-0.259
8045,249334422,99822.81,28.00,0.089,0.291,-0.575
8047,249394410,99826.23,28.00,0.073,0.003,-0.082
8049,249454397,99826.54,28.00,0.036,-0.024,-0.187
8051,249514415,99825.59,28.00,0.019,0.056,-0.557
8053,249574397,99826.39,28.00,0.011,-0.011,-0.280
8055,249634422,99824.87,28.00,0.044,0.118,0.049
8057,249694427,99826.16,28.00,0.048,0.008,0.368
8059,249754397,99827.91,28.00,0.039,-0.140,0.184
8061,249814415,99831.52,28.00,-0.040,-0.445,-0.271
8063,249874397,99823.57,28.01,0.039,0.227,-0.654
8065,249934423,99825.89,28.00,0.077,0.031,0.712
8067,249994409,99826.78,28.01,0.073,-0.044,0.650
8069,250054397,99825.66,28.01,0.074,0.051,-0.005
8071,250114415,99825.80,28.01,0.066,0.038,-0.095
8073,250174397,99828.07,28.01,0.015,-0.154,-0.253
8075,250234423,99826.11,28.01,0.021,0.013,-0.521
8077,250294427,99828.41,28.01,-0.011,-0.182,-0.161
8079,250354397,99829.11,28.01,-0.044,-0.241,-0.377
8081,250414415,99826.07,28.01,-0.014,0.016,-0.352
8083,250474397,99825.43,28.01,-0.012,0.070,0.112
8085,250534423,99829.18,28.02,-0.047,-0.247,0.015
8087,250594397,99826.87,28.01,-0.008,-0.051,-0.077
8089,250654397,99827.67,28.01,-0.049,-0.120,0.080
8091,250714415,99829.21,28.01,-0.051,-0.250,-0.300
8093,250774407,99826.47,28.02,-0.046,-0.018,-0.106
8095,250834423,99826.89,28.02,-0.070,-0.053,-0.209
8097,250894452,99822.19,28.02,0.021,0.344,0.045
8099,250954397,99827.58,28.02,0.033,-0.112,1.085
8101,251014415,99824.59,28.02,0.050,0.140,0.457
8103,251074397,99825.10,28.02,0.062,0.098,0.141
8105,251134423,99825.05,28.02,0.106,0.102,0.436
8107,251194397,99825.89,28.02,0.082,0.031,0.399
8109,251254397,99824.90,28.02,0.099,0.115,-0.132
8111,251314415,99824.46,28.02,0.105,0.152,0.120
8113,251374397,99822.27,28.02,0.136,0.337,0.128
8115,251434422,99823.59,28.02,0.135,0.225,0.298
8117,251494427,99826.18,28.02,0.106,0.007,0.057
8119,251554408,99827.08,28.02,0.064,-0.069,-0.385
8121,251614415,99824.68,28.02,0.069,0.134,-0.544
8123,251674397,99823.53,28.02,0.095,0.231,-0.025
8125,251734423,99825.41,28.01,0.118,0.071,0.468
8127,251794397,99823.84,28.02,0.168,0.205,0.587
8129,251854397,99827.17,28.02,0.109,-0.077,0.328
8131,251914415,99826.20,28.01,0.134,0.005,-0.330
8133,251974397,99823.75,28.01,0.127,0.212,-0.010
8135,252034422,99823.81,28.01,0.138,0.207,-0.116
8137,252094427,99819.73,28.02,0.171,0.551,0.095
8139,252154397,99824.06,28.01,0.149,0.185,0.268
8141,252214415,99827.51,28.01,0.121,-0.106,0.044
8143,252274397,99828.83,28.01,0.096,-0.218,-0.226
8145,252334431,99825.23,28.01,0.115,0.087,-0.319
8147,252394410,99821.22,28.02,0.149,0.426,-0.025
8149,252454397,99825.23,28.01,0.102,0.087,0.124
8151,252514415,99825.12,28.02,0.064,0.096,-0.502
8153,252574397,99824.73,28.02,0.091,0.130,-0.333
8155,252634422,99826.63,28.01,0.115,-0.032,0.478
8157,252694427,99825.94,28.02,0.099,0.027,0.258
8159,252754397,99827.43,28.01,0.050,-0.099,-0.397
8161,252814415,99823.94,28.02,0.060,0.196,-0.605
8163,252874397,99826.28,28.02,0.063,-0.002,0.021
8165,252934421,99828.76,28.02,0.077,-0.211,0.388
8167,252994397,99821.09,28.02,0.121,0.437,0.134
8169,253054397,99827.70,28.02,0.099,-0.121,0.312
8171,253114426,99827.47,28.02,0.074,-0.102,0.002
8173,253174397,99820.05,28.02,0.137,0.524,-0.339
8175,253234423,99822.69,28.02,0.145,0.301,0.462
8177,253294427,99828.87,28.02,0.116,-0.221,0.451
8179,253354397,99825.96,28.02,0.115,0.025,-0.142
8181,253414415,99821.95,28.02,0.135,0.364,-0.290
8183,253474397,99824.31,28.02,0.122,0.164,0.051
8185,253534422,99821.63,28.02,0.177,0.391,0.183
8187,253594397,99829.52,28.02,0.118,-0.276,0.531
8189,253654397,99826.45,28.02,0.087,-0.016,-0.518
8191,253714415,99824.35,28.02,0.095,0.161,-0.634
8193,253774397,99825.07,28.02,0.088,0.100,-0.061
8195,253834423,99820.77,28.02,0.107,0.464,-0.151
8197,253894460,99826.10,28.02,0.103,0.013,0.238
8199,253954397,99827.30,28.02,0.027,-0.088,-0.122
8201,254014415,99825.78,28.02,0.021,0.040,-0.897
8203,254074397,99820.79,28.02,0.061,0.462,-0.259
8205,254134423,99821.59,28.02,0.104,0.395,0.463
8207,254194397,99822.49,28.02,0.126,0.318,0.738
8209,254254397,99822.95,28.02,0.119,0.280,0.316
8211,254314415,99823.38,28.02,0.141,0.243,0.125
8213,254374397,99824.32,28.02,0.132,0.164,0.254
8215,254434422,99823.34,28.02,0.156,0.247,0.065
8217,254494427,99827.32,28.02,0.069,-0.090,-0.098
8219,254554397,99827.06,28.02,0.062,-0.068,-0.782
8221,254614415,99825.80,28.02,0.053,0.039,-0.303
8223,254674407,99825.78,28.02,0.028,0.040,-0.317
8225,254734423,99823.20,28.02,0.024,0.258,-0.438
8227,254794397,99824.72,28.02,0.032,0.130,-0.079
8229,254854397,99827.64,28.02,0.001,-0.117,0.138
8231,254914416,99827.96,28.02,-0.020,-0.144,-0.290
8233,254974397,99830.52,28.02,-0.052,-0.360,-0.296
8235,255034422,99825.10,28.03,-0.027,0.098,-0.375
8237,255094427,99826.43,28.02,-0.020,-0.015,0.060
8239,255154397,99826.07,28.03,0.012,0.016,0.339
8241,255214415,99826.81,28.03,0.008,-0.047,0.366
8243,255274397,99827.60,28.03,0.007,-0.114,0.066
8245,255334422,99827.30,28.03,0.025,-0.088,0.113
8247,255394410,99823.19,28.03,0.045,0.259,0.075
8249,255454408,99823.20,28.03,0.069,0.258,0.159
8251,255514415,99828.94,28.03,0.045,-0.226,0.458
8253,255574397,99827.78,28.03,0.024,-0.129,-0.117
8255,255634423,99823.83,28.03,0.046,0.205,-0.405
8257,255694427,99828.03,28.03,0.001,-0.150,-0.031
8259,255754397,99822.50,28.03,0.026,0.318,-0.402
8261,255814415,99828.88,28.04,0.012,-0.222,0.194
8263,255874397,99827.11,28.04,-0.006,-0.072,0.019
8265,255934422,99825.27,28.04,-0.002,0.083,-0.380
8267,255994397,99829.39,28.04,-0.049,-0.264,-0.135
8269,256054397,99828.20,28.04,-0.075,-0.165,-0.509
8271,256114415,99826.49,28.04,-0.076,-0.020,-0.491
8273,256174397,99826.92,28.04,-0.038,-0.056,0.118
8275,256234431,99825.70,28.04,-0.009,0.048,0.548
8277,256294427,99828.04,28.04,-0.016,-0.150,0.373
8279,256354397,99825.94,28.05,0.012,0.027,0.125
8281,256414415,99827.48,28.04,-0.009,-0.104,0.157
8283,256474397,99820.77,28.05,0.064,0.464,-0.054
8285,256534422,99823.63,28.05,0.075,0.222,0.640
8287,256594397,99827.44,28.05,0.074,-0.100,0.544
8289,256654397,99825.45,28.05,0.066,0.069,0.055
8291,256714415,99826.31,28.05,0.053,-0.005,-0.227
8293,256774397,99825.28,28.05,0.081,0.083,0.008
8295,256834422,99825.32,28.05,0.063,0.079,0.139
8297,256894452,99823.45,28.05,0.106,0.237,-0.018
8299,256954397,99829.71,28.05,0.020,-0.292,0.188
8301,257014425,99823.66,28.05,0.095,0.219,-0.457
8303,257074397,99819.98,28.05,0.174,0.530,0.682
8305,257134423,99824.23,28.05,0.164,0.171,0.920
8307,257194397,99826.83,28.05,0.117,-0.048,0.063
8309,257254397,99824.21,28.05,0.148,0.173,-0.348
8311,257314415,99819.98,28.05,0.153,0.531,-0.041
8313,257374397,99826.67,28.05,0.138,-0.035,0.131
8315,257434423,99824.92,28.05,0.104,0.113,-0.100
8317,257494427,99821.76,28.05,0.132,0.381,-0.490
8319,257554397,99820.30,28.05,0.202,0.504,0.439
8321,257614415,99824.59,28.05,0.206,0.140,0.978
8323,257674397,99820.98,28.04,0.254,0.445,0.431
8325,257734423,99825.83,28.05,0.199,0.036,0.277
8327,257794409,99825.48,28.04,0.215,0.065,-0.222
8329,257854397,99824.67,28.04,0.224,0.134,0.112
8331,257914415,99824.43,28.04,0.184,0.154,-0.173
8333,257974397,99822.62,28.04,0.181,0.307,-0.564
8335,258034423,99827.26,28.04,0.151,-0.085,-0.102
8337,258094427,99826.88,28.04,0.117,-0.053,-0.305
8339,258154397,99823.10,28.04,0.168,0.267,-0.328
8341,258214415,99823.82,28.04,0.166,0.206,0.356
8343,258274397,99826.59,28.04,0.111,-0.028,-0.111
8345,258334422,99821.78,28.04,0.140,0.378,-0.548
8347,258394410,99822.75,28.04,0.159,0.296,0.176
8349,258454396,99827.66,28.03,0.127,-0.119,0.371
8351,258514415,99823.89,28.03,0.132,0.200,-0.246
8353,258574407,99823.58,28.03,0.135,0.227,-0.183
8355,258634423,99826.24,28.03,0.085,0.001,-0.125
8357,258694427,99825.38,28.03,0.086,0.075,-0.448
8359,258754397,99826.41,28.03,0.066,-0.012,-0.155
8361,258814415,99826.83,28.03,0.051,-0.048,-0.228
8363,258874397,99827.14,28.03,0.050,-0.075,-0.150
8365,258934423,99825.85,28.02,0.077,0.034,0.084
8367,258994397,99828.65,28.02,0.039,-0.202,0.153
8369,259054397,99828.87,28.02,0.012,-0.220,-0.391
8371,259114415,99827.98,28.02,-0.020,-0.146,-0.559
8373,259174397,99826.96,28.02,-0.009,-0.060,-0.418
8375,259234423,99823.19,28.02,0.036,0.259,0.092
8377,259294427,99824.62,28.02,0.064,0.138,0.548
8379,259354408,99824.92,28.02,0.070,0.113,0.475
8381,259414415,99822.12,28.02,0.126,0.350,0.289
8383,259474397,99822.62,28.01,0.139,0.307,0.580
8385,259534423,99824.69,28.01,0.127,0.132,0.272
8387,259594397,99823.85,28.01,0.143,0.203,0.039
8389,259654397,99823.82,28.01,0.120,0.206,-0.013
8391,259714415,99822.70,28.01,0.144,0.301,-0.156
8393,259774397,99823.07,28.01,0.178,0.269,0.392
8395,259834422,99828.14,28.01,0.141,-0.159,0.477
8397,259894452,99824.08,28.01,0.144,0.184,-0.300
8399,259954397,99821.79,28.01,0.154,0.378,-0.286
8401,260014415,99824.06,28.01,0.161,0.185,0.155
8403,260074397,99826.18,28.01,0.163,0.006,0.341
8405,260134431,99823.77,28.00,0.181,0.210,0.114
8407,260194397,99823.28,28.00,0.157,0.251,-0.098
8409,260254397,99823.30,28.00,0.174,0.250,-0.171
8411,260314415,99824.83,28.00,0.175,0.120,0.258
8413,260374397,99823.16,28.00,0.180,0.262,0.049
8415,260434422,99824.66,28.00,0.156,0.136,-0.095
8417,260494427,99825.95,28.00,0.126,0.027,-0.290
8419,260554397,99823.92,28.00,0.125,0.197,-0.406
8421,260614415,99824.17,28.00,0.119,0.176,-0.166
8423,260674397,99822.89,28.00,0.140,0.285,0.006
8425,260734422,99825.23,28.00,0.138,0.087,0.269
8427,260794397,99829.59,28.00,0.110,-0.282,0.192
8429,260854397,99824.08,28.00,0.086,0.184,-0.518
8431,260914424,99823.62,28.00,0.086,0.222,-0.609
8433,260974397,99822.93,28.00,0.126,0.281,0.149
8435,261034423,99825.78,28.00,0.099,0.040,0.401
8437,261094427,99823.65,28.00,0.138,0.221,0.010
8439,261154396,99823.77,27.99,0.135,0.211,0.281
8441,261214415,99825.52,27.99,0.104,0.063,-0.078
8443,261274397,99828.51,27.99,0.055,-0.190,-0.386
8445,261334422,99828.47,27.99,0.018,-0.187,-0.627
8447,261394409,99824.89,27.99,0.017,0.115,-0.653
8449,261454397,99826.57,27.99,0.055,-0.026,0.070
8451,261514415,99824.88,27.99,0.062,0.117,0.452
8453,261574397,99825.20,27.99,0.070,0.089,0.090
8455,261634423,99832.37,27.99,0.024,-0.516,0.230
8457,261694435,99826.39,27.99,-0.007,-0.011,-0.624
8459,261754397,99825.70,27.99,0.031,0.047,-0.521
8461,261814415,99827.48,27.99,0.012,-0.103,0.342
8463,261874397,99826.59,27.99,0.046,-0.028,0.077
8465,261934423,99825.64,27.99,0.032,0.052,0.176
8467,261994397,99824.61,27.99,0.022,0.139,-0.287
8469,262054397,99823.87,27.99,0.027,0.202,-0.196
8471,262114415,99826.55,27.99,0.011,-0.025,0.060
8473,262174397,99823.78,27.99,0.045,0.209,0.024
8475,262234422,99827.30,27.99,0.042,-0.088,0.377
8477,262294427,99826.24,27.99,0.068,0.001,0.284
8479,262354397,99826.11,27.99,0.038,0.012,0.053
8481,262414415,99825.48,27.99,0.073,0.066,-0.142
8483,262474407,99822.30,27.99,0.084,0.335,0.216
8485,262534423,99828.22,27.98,0.049,-0.166,0.102
8487,262594397,99824.75,27.98,0.090,0.127,-0.006
8489,262654397,99825.75,27.98,0.081,0.043,0.235
8491,262714415,99823.87,27.98,0.117,0.202,0.103
8493,262774397,99824.58,27.98,0.101,0.142,0.227
8495,262834423,99827.52,27.98,0.084,-0.107,-0.038
8497,262894466,99823.27,27.98,0.110,0.253,-0.123
8499,262954397,99826.77,27.98,0.076,-0.043,0.027
8501,263014415,99826.95,27.98,0.070,-0.059,-0.186
8503,263074397,99824.14,27.99,0.073,0.179,-0.231
8505,263134422,99823.28,27.98,0.054,0.251,-0.280
8507,263194397,99825.66,27.98,0.066,0.051,-0.055
8509,263254408,99823.95,27.98,0.038,0.195,-0.008
8511,263314415,99828.81,27.98,0.017,-0.216,-0.246
8513,263374397,99825.18,27.98,0.046,0.091,-0.030
8515,263434423,99825.89,27.98,0.022,0.031,-0.005
8517,263494427,99829.65,27.98,-0.043,-0.286,-0.374
8519,263554397,99826.02,27.98,-0.033,0.020,-0.673
8521,263614415,99830.17,27.99,-0.083,-0.331,-0.219
8523,263674397,99828.92,27.99,-0.111,-0.225,-0.557
8525,263734423,99829.52,27.99,-0.099,-0.275,-0.332
8527,263794397,99821.30,27.98,-0.053,0.419,-0.031
8529,263854397,99823.41,27.99,0.017,0.241,0.611
8531,263914415,99828.17,27.99,-0.020,-0.162,0.968
8533,263974397,99826.01,27.98,0.024,0.021,0.054
8535,264034431,99822.59,27.98,0.074,0.310,0.443
8537,264094426,99822.41,27.98,0.132,0.326,0.744
8539,264154397,99828.23,27.99,0.112,-0.167,0.879
8541,264214415,99824.16,27.99,0.115,0.178,-0.052
8543,264274397,99825.91,27.99,0.090,0.030,-0.258
8545,264334422,99825.14,27.99,0.062,0.094,-0.381
8547,264394410,99823.05,27.99,0.084,0.271,-0.356
8549,264454397,99828.23,27.99,0.080,-0.167,0.356
8551,264514415,99826.09,27.99,0.050,0.014,-0.037
8553,264574397,99825.09,27.99,0.041,0.098,-0.557
8555,264634422,99828.86,27.99,0.027,-0.220,-0.064
8557,264694427,99825.87,27.99,0.041,0.033,-0.042
8559,264754397,99825.77,27.99,0.038,0.042,-0.040
8561,264814425,99826.69,27.99,0.022,-0.037,-0.071
8563,264874397,99828.41,27.99,-0.005,-0.182,-0.195
8565,264934423,99828.73,27.99,0.010,-0.209,-0.120
8567,264994397,99824.73,27.99,0.035,0.129,0.091
8569,265054397,99825.50,28.00,0.090,0.064,0.442
8571,265114415,99824.27,28.00,0.091,0.168,0.616
8573,265174397,99824.51,28.00,0.129,0.148,0.237
8575,265234422,99824.11,28.00,0.134,0.181,0.440
8577,265294427,99827.98,28.00,0.099,-0.145,0.076
8579,265354397,99827.48,28.00,0.069,-0.103,-0.384
8581,265414415,99826.89,28.00,0.054,-0.053,-0.511
8583,265474397,99826.09,28.00,0.056,0.014,-0.261
8585,265534423,99824.49,28.00,0.071,0.149,-0.032
8587,265594409,99828.40,28.00,0.015,-0.181,-0.032
8589,265654397,99827.78,28.00,-0.005,-0.129,-0.546
8591,265714415,99825.88,28.00,0.025,0.031,-0.238
8593,265774397,99825.85,28.00,0.024,0.034,0.203
8595,265834423,99824.66,28.01,0.053,0.135,0.129
8597,265894451,99825.27,28.00,0.045,0.083,0.239
8599,265954396,99824.91,28.00,0.033,0.113,-0.118
8601,266014415,99826.78,28.00,0.037,-0.044,-0.039
8603,266074397,99825.58,28.01,0.037,0.057,0.073
8605,266134422,99823.58,28.01,0.059,0.226,-0.042
8607,266194397,99822.69,28.01,0.109,0.302,0.381
8609,266254397,99828.47,28.01,0.073,-0.187,0.625
8611,266314415,99827.59,28.01,0.055,-0.113,-0.193
8613,266374407,99826.88,28.01,0.014,-0.053,-0.559
8615,266434423,99825.66,28.01,0.039,0.051,-0.430
8617,266494427,99824.81,28.01,0.065,0.122,0.272
8619,266554397,99824.15,28.01,0.085,0.178,0.354
8621,266614415,99825.30,28.01,0.086,0.081,0.283
8623,266674397,99825.59,28.01,0.088,0.056,0.118
8625,266734423,99823.68,28.01,0.063,0.218,-0.212
8627,266794397,99820.20,28.01,0.135,0.512,-0.136
8629,266854397,99826.19,28.01,0.108,0.006,0.746
8631,266914416,99823.70,28.01,0.111,0.217,-0.024
8633,266974397,99826.65,28.01,0.100,-0.033,-0.036
8635,267034422,99826.14,28.01,0.115,0.010,0.099
8637,267094427,99825.09,28.02,0.103,0.099,-0.001
8639,267154408,99828.40,28.01,0.027,-0.181,-0.437
8641,267214415,99828.47,28.01,0.008,-0.187,-0.775
8643,267274397,99827.27,28.01,0.038,-0.086,-0.175
8645,267334423,99826.23,28.02,0.035,0.002,0.175
8647,267394410,99824.94,28.02,0.046,0.111,-0.067
8649,267454396,99826.27,28.02,0.047,-0.001,0.123
8651,267514415,99826.98,28.02,0.020,-0.061,-0.020
8653,267574397,99824.21,28.02,0.036,0.173,-0.312
8655,267634422,99825.62,28.02,0.039,0.054,0.094
8657,267694427,99824.31,28.02,0.071,0.164,0.239
8659,267754397,99826.37,28.02,0.049,-0.010,0.269
8661,267814415,99828.21,28.02,-0.025,-0.165,-0.434
8663,267874397,99827.53,28.02,-0.013,-0.108,-0.716
8665,267934431,99827.05,28.02,-0.018,-0.067,-0.034
8667,267994397,99822.54,28.02,0.030,0.314,-0.026
8669,268054397,99828.52,28.02,0.001,-0.191,0.431
8671,268114415,99827.10,28.02,0.018,-0.071,0.076
8673,268174396,99822.41,28.03,0.067,0.326,0.122
8675,268234422,99826.48,28.03,0.069,-0.019,0.540
8677,268294427,99827.39,28.03,0.049,-0.096,0.220
8679,268354397,99823.37,28.03,0.074,0.244,-0.244
8681,268414415,99825.64,28.03,0.040,0.052,-0.035
8683,268474397,99825.36,28.03,0.062,0.076,-0.118
8685,268534422,99822.89,28.03,0.091,0.284,0.236
8687,268594397,99825.05,28.03,0.095,0.102,0.347
8689,268654397,99826.30,28.04,0.053,-0.004,0.011
8691,268714426,99830.18,28.04,0.002,-0.332,-0.482
8693,268774397,99826.99,28.04,-0.008,-0.062,-0.631
8695,268834423,99822.45,28.04,0.020,0.322,-0.416
8697,268894452,99825.87,28.04,0.027,0.033,0.277
8699,268954397,99826.41,28.04,0.056,-0.013,0.486
8701,269014415,99827.02,28.04,0.054,-0.065,0.379
8703,269074397,99824.54,28.04,0.039,0.145,-0.180
8705,269134422,99826.76,28.04,0.017,-0.042,-0.308
8707,269194397,99826.93,28.04,0.025,-0.057,-0.086
8709,269254397,99827.84,28.04,0.018,-0.134,0.083
8711,269314415,99823.48,28.05,0.061,0.234,0.004
8713,269374397,99826.44,28.05,0.051,-0.015,0.335
8715,269434423,99827.02,28.05,0.038,-0.064,0.043
8717,269494434,99823.30,28.05,0.043,0.249,-0.286
8719,269554397,99826.29,28.05,0.045,-0.002,0.011
8721,269614415,99828.16,28.05,0.063,-0.161,0.387
8723,269674398,99829.08,28.05,-0.003,-0.238,-0.034
8725,269734423,99825.27,28.05,-0.008,0.084,-0.887
8727,269794397,99821.77,28.05,0.068,0.380,-0.076
8729,269854397,99823.77,28.05,0.082,0.210,0.835
8731,269914416,99823.70,28.05,0.101,0.217,0.456
8733,269974397,99825.45,28.05,0.093,0.068,0.265
8735,270034422,99828.05,28.06,0.018,-0.152,-0.278
8737,270094427,99824.91,28.06,0.030,0.113,-0.790
8739,270154397,99824.20,28.06,-0.009,0.174,-0.379
8741,270214415,99826.09,28.06,0.008,0.014,-0.255
8743,270274407,99825.50,28.06,0.026,0.064,0.321
8745,270334423,99825.34,28.06,0.022,0.077,0.150
8747,270394410,99828.93,28.06,-0.034,-0.226,-0.175
8749,270454397,99824.92,28.06,-0.002,0.113,-0.454
8751,270514415,99825.50,28.06,0.016,0.064,0.219
8753,270574397,99826.05,28.06,0.051,0.017,0.496
8755,270634423,99826.19,28.06,0.105,0.006,0.756
8757,270694427,99827.39,28.07,0.038,-0.096,0.313
8759,270754397,99825.52,28.06,0.026,0.062,-0.790
8761,270814415,99828.73,28.07,0.041,-0.209,-0.043
8763,270874397,99825.55,28.07,0.050,0.060,0.212
8765,270934422,99825.37,28.07,0.042,0.075,-0.111
8767,270994397,99826.25,28.07,0.042,0.000,-0.042
8769,271054408,99826.51,28.07,0.022,-0.021,-0.071
8771,271114415,99826.99,28.07,-0.019,-0.062,-0.421
8773,271174397,99828.28,28.07,-0.015,-0.171,-0.354
8775,271234423,99825.54,28.07,0.014,0.061,0.094
8777,271294427,99823.62,28.07,0.015,0.223,0.081
8779,271354397,99826.73,28.07,0.007,-0.040,0.059
8781,271414415,99825.73,28.07,0.015,0.044,0.073
8783,271474397,99826.16,28.07,0.022,0.009,0.085
8785,271534423,99824.59,28.07,0.014,0.141,-0.021
8787,271594397,99825.69,28.08,-0.006,0.048,-0.220
8789,271654397,99822.64,28.08,0.044,0.306,-0.039
8791,271714415,99823.97,28.07,0.041,0.193,0.420
8793,271774397,99825.52,28.08,0.012,0.063,0.001
8795,271834431,99823.99,28.08,0.062,0.192,-0.025
8797,271894451,99824.46,28.08,0.069,0.152,0.514
8799,271954397,99823.55,28.08,0.081,0.229,0.173
8801,272014415,99822.09,28.08,0.119,0.352,0.227
8803,272074397,99825.41,28.08,0.101,0.071,0.428
8805,272134422,99826.90,28.08,0.089,-0.054,0.031
8807,272194396,99824.83,28.08,0.090,0.121,-0.172
8809,272254397,99823.90,28.08,0.118,0.200,-0.002
8811,272314415,99824.90,28.08,0.098,0.115,0.194
8813,272374397,99821.45,28.08,0.125,0.406,-0.161
8815,272434422,99827.84,28.09,0.055,-0.133,0.023
8817,272494427,99826.26,28.08,0.076,0.000,-0.361
8819,272554396,99820.85,28.08,0.110,0.457,-0.022
8821,272614425,99826.37,28.08,0.071,-0.009,0.174
8823,272674397,99823.37,28.09,0.131,0.244,0.092
8825,272734423,99825.79,28.09,0.134,0.039,0.617
8827,272794397,99824.78,28.09,0.093,0.124,-0.068
8829,272854397,99826.34,28.09,0.078,-0.007,-0.508
8831,272914415,99826.32,28.09,0.048,-0.005,-0.301
8833,272974397,99824.31,28.09,0.077,0.164,-0.284
8835,273034422,99822.50,28.09,0.093,0.318,0.177
8837,273094427,99826.99,28.09,0.016,-0.062,-0.104
8839,273154397,99825.90,28.09,0.007,0.030,-0.704
8841,273214415,99824.19,28.09,0.015,0.175,-0.283
8843,273274397,99827.11,28.09,0.012,-0.072,0.118
8845,273334423,99822.30,28.09,0.062,0.334,0.169
8847,273394418,99824.52,28.09,0.080,0.147,0.519
8849,273454397,99825.53,28.09,0.113,0.061,0.616
8851,273514415,99824.86,28.09,0.121,0.118,0.443
8853,273574397,99825.84,28.09,0.107,0.036,0.059
8855,273634423,99826.52,28.09,0.098,-0.022,-0.101
8857,273694427,99829.42,28.09,0.022,-0.267,-0.365
8859,273754397,99825.98,28.09,-0.020,0.023,-1.126
8861,273814415,99828.31,28.09,-0.011,-0.173,-0.554
8863,273874397,99821.95,28.09,0.051,0.365,0.207
8865,273934422,99826.95,28.09,0.036,-0.059,0.532
8867,273994397,99828.96,28.09,0.006,-0.229,0.098
8869,274054397,99824.22,28.09,0.026,0.172,-0.376
8871,274114415,99826.12,28.09,0.030,0.011,0.056
8873,274174408,99825.83,28.09,0.007,0.037,0.017
8875,274234423,99824.16,28.09,0.021,0.177,-0.273
8877,274294427,99824.58,28.09,0.041,0.142,0.186
8879,274354397,99825.65,28.09,0.090,0.052,0.602
8881,274414415,99827.70,28.09,0.066,-0.122,0.585
8883,274474397,99827.04,28.09,0.047,-0.066,-0.251
8885,274534423,99826.88,28.09,0.054,-0.052,-0.238
8887,274594397,99825.95,28.09,0.061,0.027,0.040
8889,274654397,99822.17,28.08,0.113,0.345,0.139
8891,274714415,99827.06,28.09,0.116,-0.068,0.658
8893,274774397,99825.88,28.09,0.087,0.031,0.117
8895,274834422,99824.69,28.08,0.058,0.133,-0.614
8897,274894452,99827.41,28.08,0.064,-0.098,-0.233
8899,274954408,99824.91,28.08,0.068,0.113,0.068
8901,275014415,99824.52,28.08,0.071,0.146,-0.088
8903,275074397,99824.93,28.08,0.087,0.112,0.129
8905,275134423,99824.05,28.08,0.108,0.187,0.284
8907,275194397,99825.88,28.08,0.108,0.031,0.298
8909,275254397,99824.76,28.08,0.151,0.127,0.306
8911,275314415,99825.09,28.08,0.112,0.099,0.209
8913,275374397,99831.88,28.08,0.031,-0.475,-0.476
8915,275434422,99823.59,28.08,0.043,0.225,-0.944
8917,275494427,99825.23,28.08,0.047,0.086,-0.288
8919,275554397,99829.44,28.08,0.022,-0.269,0.220
8921,275614415,99827.40,28.08,0.013,-0.097,-0.203
8923,275674397,99824.16,28.08,0.033,0.177,-0.290
8925,275734431,99825.23,28.08,0.039,0.086,0.124
8927,275794397,99829.41,28.08,-0.003,-0.266,0.125
8929,275854397,99824.98,28.08,0.018,0.108,-0.347
8931,275914416,99826.84,28.08,0.047,-0.049,0.222
8933,275974397,99823.47,28.08,0.079,0.236,0.450
8935,276034422,99827.86,28.08,0.049,-0.135,0.260
8937,276094427,99824.44,28.08,0.085,0.154,-0.038
8939,276154397,99825.93,28.08,0.087,0.027,0.279
8941,276214415,99826.98,28.09,0.073,-0.062,0.113
8943,276274397,99823.95,28.09,0.100,0.195,-0.101
8945,276334422,99822.15,28.09,0.153,0.347,0.335
8947,276394409,99826.21,28.09,0.140,0.004,0.663
8949,276454397,99824.85,28.09,0.142,0.119,0.065
8951,276514426,99827.94,28.09,0.080,-0.142,-0.263
8953,276574397,99826.84,28.09,0.071,-0.049,-0.630
8955,276634423,99822.44,28.09,0.100,0.323,-0.287
8957,276694427,99825.70,28.09,0.122,0.047,0.381
8959,276754397,99826.20,28.09,0.106,0.005,0.379
8961,276814415,99826.64,28.09,0.060,-0.033,-0.373
8963,276874397,99823.85,28.09,0.103,0.203,-0.400
8965,276934422,99821.65,28.09,0.148,0.389,0.418
8967,276994397,99826.32,28.09,0.136,-0.005,0.605
8969,277054397,99823.96,28.09,0.119,0.194,-0.059
8971,277114415,99824.06,28.09,0.079,0.185,-0.555
8973,277174397,99824.38,28.09,0.090,0.159,-0.371
8975,277234423,99825.30,28.09,0.078,0.080,0.074
8977,277294434,99826.00,28.09,0.052,0.022,-0.183
8979,277354397,99827.12,28.10,0.007,-0.073,-0.460
8981,277414415,99823.55,28.09,0.026,0.229,-0.548
8983,277474397,99829.52,28.09,0.009,-0.275,0.189
8985,277534422,99823.91,28.10,0.006,0.199,-0.171
8987,277594397,99826.54,28.10,-0.020,-0.024,-0.362
8989,277654397,99825.26,28.09,0.014,0.084,-0.015
8991,277714415,99827.70,28.10,-0.014,-0.121,0.251
8993,277774397,99827.53,28.10,-0.028,-0.107,-0.237
8995,277834422,99825.25,28.10,0.029,0.085,0.015
8997,277894467,99823.88,28.10,0.074,0.201,0.684
8999,277954397,99823.01,28.09,0.132,0.274,0.773
9001,278014415,99825.77,28.09,0.106,0.041,0.642
9003,278074409,99824.84,28.09,0.064,0.120,-0.370
9005,278134423,99827.18,28.09,0.070,-0.078,-0.383
9007,278194397,99825.83,28.09,0.075,0.036,0.097
9009,278254396,99826.48,28.09,0.061,-0.018,-0.056
9011,278314415,99828.59,28.09,0.055,-0.197,-0.029
9013,278374398,99826.09,28.09,0.075,0.014,0.014
9015,278434423,99822.59,28.09,0.104,0.310,0.066
9017,278494427,99823.88,28.09,0.149,0.201,0.481
9019,278554397,99823.74,28.09,0.151,0.212,0.593
9021,278614415,99825.03,28.09,0.131,0.104,0.014
9023,278674397,99825.23,28.09,0.128,0.087,-0.157
9025,278734422,99822.75,28.09,0.148,0.297,-0.054
9027,278794397,99826.51,28.09,0.099,-0.021,-0.004
9029,278854409,99825.89,28.09,0.057,0.031,-0.601
9031,278914416,99824.12,28.10,0.060,0.180,-0.623
9033,278974397,99823.42,28.09,0.063,0.239,-0.127
9035,279034423,99824.44,28.10,0.072,0.154,0.104
9037,279094427,99826.58,28.10,0.050,-0.027,0.147
9039,279154397,99825.37,28.10,0.018,0.075,-0.363
9041,279214415,99827.19,28.10,0.028,-0.079,-0.289
9043,279274397,99827.53,28.10,0.014,-0.108,0.107
9045,279334422,99825.19,28.10,0.032,0.091,-0.150
9047,279394410,99827.64,28.10,0.049,-0.117,0.291
9049,279454397,99828.21,28.10,-0.019,-0.165,-0.026
9051,279514415,99824.91,28.10,-0.012,0.114,-0.844
9053,279574397,99824.79,28.10,0.033,0.124,0.088
9055,279634432,99823.73,28.10,0.025,0.214,0.397
9057,279694426,99828.21,28.11,0.012,-0.165,0.065
9059,279754396,99819.73,28.11,0.104,0.551,0.178
9061,279814415,99823.88,28.10,0.112,0.201,0.821
9063,279874397,99823.17,28.11,0.128,0.260,0.458
9065,279934422,99823.70,28.10,0.167,0.215,0.399
9067,279994397,99825.50,28.11,0.112,0.064,0.250
9069,280054396,99823.53,28.11,0.120,0.230,-0.527
9071,280114415,99822.19,28.11,0.156,0.344,0.063
9073,280174397,99822.27,28.11,0.162,0.337,0.376
9075,280234423,99825.66,28.11,0.108,0.050,-0.033
9077,280294427,99826.04,28.11,0.114,0.019,-0.351
9079,280354397,99824.23,28.11,0.098,0.171,-0.154
9081,280414425,99826.91,28.11,0.067,-0.055,-0.305
9083,280474398,99821.61,28.11,0.130,0.392,-0.133
9085,280534423,99827.69,28.11,0.119,-0.121,0.639
9087,280594397,99820.97,28.11,0.118,0.447,-0.095
9089,280654397,99822.24,28.11,0.150,0.340,-0.123
9091,280714415,99827.16,28.11,0.102,-0.076,0.399
9093,280774397,99823.63,28.11,0.123,0.222,-0.303
9095,280834422,99820.46,28.11,0.173,0.490,0.121
9097,280894451,99823.98,28.11,0.161,0.192,0.516
9099,280954397,99822.01,28.11,0.163,0.359,0.016
9101,281014415,99825.29,28.11,0.128,0.082,-0.121
9103,281074397,99826.97,28.11,0.096,-0.060,-0.310
9105,281134423,99826.61,28.11,0.099,-0.030,-0.300
9107,281194409,99825.77,28.11,0.089,0.041,-0.115
9109,281254396,99824.51,28.11,0.120,0.148,-0.039
9111,281314415,99824.05,28.12,0.115,0.186,0.207
9113,281374397,99825.91,28.12,0.106,0.030,-0.007
9115,281434423,99823.80,28.12,0.111,0.208,-0.089
9117,281494427,99826.94,28.12,0.093,-0.057,-0.001
9119,281554397,99825.98,28.12,0.090,0.024,-0.096
9121,281614415,99828.11,28.12,0.041,-0.156,-0.275
9123,281674397,99823.39,28.12,0.084,0.242,-0.425
9125,281734422,99825.84,28.12,0.055,0.035,0.135
9127,281794397,99826.31,28.12,0.047,-0.005,-0.167
9129,281854397,99827.54,28.12,0.016,-0.108,-0.212
9131,281914416,99827.01,28.13,0.008,-0.063,-0.362
9133,281974409,99824.29,28.13,0.033,0.166,-0.142
9135,282034423,99827.85,28.13,-0.038,-0.135,-0.101
9137,282094427,99826.30,28.13,-0.016,-0.004,-0.523
9139,282154397,99823.50,28.13,0.029,0.233,0.196
9141,282214415,99826.12,28.13,0.003,0.011,0.356
9143,282274397,99827.71,28.13,-0.012,-0.123,-0.097
9145,282334423,99825.82,28.13,-0.003,0.037,-0.161
9147,282394410,99824.22,28.13,-0.005,0.172,-0.119
9149,282454397,99828.81,28.13,-0.021,-0.216,0.055
9151,282514415,99825.57,28.13,0.009,0.058,0.071
9153,282574397,99827.62,28.13,0.026,-0.116,0.356
9155,282634422,99822.72,28.14,0.067,0.299,0.302
9157,282694427,99825.62,28.14,0.090,0.053,0.493
9159,282754408,99821.52,28.14,0.140,0.400,0.526
9161,282814415,99825.27,28.14,0.083,0.083,0.228
9163,282874397,99824.11,28.14,0.082,0.181,-0.440
9165,282934421,99826.80,28.14,0.048,-0.046,-0.192
9167,282994397,99825.91,28.14,0.055,0.030,-0.249
9169,283054397,99823.43,28.14,0.078,0.239,-0.004
9171,283114415,99826.99,28.15,0.072,-0.062,0.285
9173,283174397,99826.42,28.14,0.067,-0.014,0.087
9175,283234423,99823.72,28.15,0.118,0.215,0.062
9177,283294427,99824.70,28.15,0.118,0.132,0.465
9179,283354397,99824.23,28.15,0.143,0.172,0.227
9181,283414415,99823.18,28.15,0.162,0.260,0.308
9183,283474397,99824.34,28.15,0.139,0.162,0.109
9185,283534431,99825.99,28.15,0.099,0.022,-0.320
9187,283594397,99827.70,28.15,0.038,-0.122,-0.636
9189,283654397,99823.61,28.15,0.102,0.224,-0.465
9191,283714415,99823.58,28.15,0.112,0.227,0.479
9193,283774397,99830.21,28.15,0.057,-0.334,0.204
9195,283834423,99822.05,28.15,0.119,0.355,-0.311
9197,283894452,99823.97,28.15,0.169,0.193,0.583
9199,283954397,99828.26,28.15,0.108,-0.169,0.591
9201,284014415,99825.54,28.15,0.108,0.061,-0.534
9203,284074397,99823.01,28.15,0.163,0.275,-0.025
9205,284134422,99826.52,28.15,0.137,-0.022,0.502
9207,284194397,99829.95,28.15,0.054,-0.312,-0.340
9209,284254397,99829.26,28.15,0.054,-0.253,-0.800
9211,284314426,99823.95,28.15,0.078,0.196,-0.270
9213,284374397,99825.60,28.16,0.081,0.055,0.090
9215,284434422,99825.36,28.15,0.070,0.076,0.068
9217,284494427,99826.72,28.16,0.041,-0.039,-0.223
9219,284554397,99828.31,28.16,0.013,-0.174,-0.333
9221,284614416,99825.41,28.16,0.012,0.071,-0.420
9223,284674397,99822.41,28.16,0.046,0.325,-0.158
9225,284734423,99822.86,28.16,0.081,0.287,0.448
9227,284794397,99824.53,28.16,0.087,0.146,0.566
9229,284854397,99823.62,28.16,0.073,0.223,0.062
9231,284914415,99828.30,28.16,0.081,-0.172,0.097
9233,284974397,99825.61,28.17,0.072,0.055,0.124
9235,285034423,99821.98,28.17,0.111,0.362,-0.202
9237,285094434,99825.77,28.17,0.100,0.042,0.370
9239,285154397,99825.05,28.17,0.081,0.101,-0.022
9241,285214415,99825.74,28.17,0.046,0.043,-0.431
9243,285274397,99825.83,28.17,0.026,0.036,-0.483
9245,285334423,99823.02,28.17,0.043,0.274,-0.301
9247,285394409,99827.81,28.17,-0.002,-0.131,0.006
9249,285454397,99825.11,28.17,0.019,0.097,-0.243
9251,285514415,99824.57,28.17,0.041,0.143,0.145
9253,285574397,99827.27,28.17,0.041,-0.085,0.379
9255,285634422,99828.77,28.17,0.007,-0.213,0.047
9257,285694427,99826.30,28.17,0.009,-0.004,-0.417
9259,285754397,99825.78,28.17,0.005,0.040,-0.194
9261,285814415,99826.34,28.17,-0.001,-0.007,-0.075
9263,285874407,99826.70,28.17,0.022,-0.037,0.115
9265,285934423,99828.45,28.17,0.026,-0.186,0.382
9267,285994397,99826.12,28.17,0.045,0.012,0.146
9269,286054397,99827.79,28.17,0.042,-0.129,0.164
9271,286114415,99825.99,28.17,0.046,0.023,-0.002
9273,286174397,99823.59,28.17,0.042,0.225,-0.204
9275,286234423,99825.93,28.17,0.041,0.028,-0.044
9277,286294427,99828.02,28.17,0.035,-0.149,0.185
9279,286354397,99823.47,28.17,0.058,0.235,-0.067
9281,286414415,99821.20,28.17,0.096,0.428,0.103
9283,286474397,99826.36,28.17,0.088,-0.008,0.552
9285,286534422,99823.55,28.17,0.145,0.229,0.407
9287,286594397,99828.23,28.17,0.104,-0.166,0.482
9289,286654408,99819.74,28.17,0.163,0.551,-0.248
9291,286714415,99824.54,28.17,0.148,0.145,0.328
9293,286774397,99825.20,28.17,0.121,0.089,0.026
9295,286834423,99827.12,28.17,0.087,-0.073,-0.377
9297,286894451,99827.73,28.17,0.050,-0.125,-0.482
9299,286954397,99827.22,28.17,0.024,-0.081,-0.598
9301,287014415,99826.52,28.17,0.017,-0.022,-0.430
9303,287074397,99826.29,28.17,0.019,-0.003,-0.137
9305,287134422,99826.86,28.17,0.026,-0.051,0.075
9307,287194397,99823.26,28.17,0.081,0.254,0.232
9309,287254397,99828.67,28.17,0.024,-0.204,0.383
9311,287314415,99825.91,28.17,0.011,0.029,-0.502
9313,287374397,99828.18,28.17,0.006,-0.163,-0.264
9315,287434431,99827.70,28.17,-0.042,-0.122,-0.257
9317,287494426,99825.40,28.17,-0.023,0.072,-0.570
9319,287554397,99820.11,28.18,0.058,0.519,0.231
9321,287614415,99824.34,28.18,0.067,0.162,0.907
9323,287674397,99824.79,28.18,0.081,0.124,0.514
9325,287734422,99829.25,28.18,0.043,-0.253,0.207
9327,287794397,99825.87,28.18,0.042,0.033,-0.348
9329,287854396,99823.59,28.18,0.041,0.225,-0.360
9331,287914415,99824.63,28.18,0.086,0.137,0.180
9333,287974397,99825.23,28.18,0.095,0.087,0.641
9335,288034422,99826.62,28.18,0.078,-0.030,0.155
9337,288094427,99824.01,28.18,0.120,0.190,-0.001
9339,288154397,99828.02,28.18,0.083,-0.149,0.302
9341,288214425,99825.16,28.18,0.053,0.092,-0.472
9343,288274397,99824.40,28.18,0.071,0.157,-0.458
9345,288334423,99823.47,28.18,0.118,0.235,0.347
9347,288394410,99825.55,28.18,0.133,0.060,0.688
9349,288454397,99820.54,28.18,0.160,0.484,0.218
9351,288514415,99826.53,28.18,0.099,-0.023,0.007
9353,288574397,99827.27,28.18,0.065,-0.086,-0.483
9355,288634422,99825.43,28.19,0.031,0.070,-0.703
9357,288694427,99820.85,28.19,0.080,0.457,-0.465
9359,288754397,99826.01,28.19,0.075,0.021,0.511
9361,288814415,99829.54,28.19,0.029,-0.277,0.189
9363,288874397,99825.77,28.19,0.027,0.042,-0.538
9365,288934423,99825.43,28.19,0.035,0.070,-0.249
9367,288994409,99824.66,28.19,0.070,0.135,0.229
9369,289054397,99826.90,28.20,0.036,-0.054,0.276
9371,289114415,99825.26,28.20,0.036,0.085,-0.301
9373,289174397,99827.07,28.20,0.020,-0.069,-0.112
9375,289234423,99826.36,28.20,-0.001,-0.008,-0.244
9377,289294427,99825.44,28.20,0.000,0.069,-0.337
9379,289354397,99825.33,28.20,0.019,0.079,0.048
9381,289414415,99825.73,28.20,0.028,0.045,0.275
9383,289474397,99823.91,28.20,0.055,0.198,0.201
9385,289534422,99825.46,28.21,0.038,0.067,0.200
9387,289594397,99825.39,28.21,0.038,0.073,-0.081
9389,289654397,99825.65,28.21,-0.001,0.052,-0.233
9391,289714415,99824.67,28.21,0.015,0.134,-0.377
9393,289774407,99825.38,28.21,0.041,0.074,0.276
9395,289834423,99826.12,28.21,0.052,0.012,0.447
9397,289894452,99830.84,28.21,-0.007,-0.388,0.098
9399,289954397,99825.02,28.22,0.030,0.104,-0.484
9401,290014415,99825.95,28.22,0.024,0.026,0.047
9403,290074397,99826.14,28.22,0.046,0.010,0.160
9405,290134423,99828.17,28.22,0.015,-0.162,0.177
9407,290194397,99826.91,28.22,0.012,-0.055,-0.300
9409,290254397,99828.23,28.22,0.002,-0.166,-0.116
9411,290314415,99828.20,28.22,0.024,-0.164,0.080
9413,290374397,99825.07,28.23,0.066,0.100,0.312
9415,290434422,99823.55,28.23,0.081,0.228,0.325
9417,290494427,99827.81,28.23,0.027,-0.131,0.044
9419,290554408,99822.16,28.23,0.071,0.346,-0.400
9421,290614415,99825.80,28.23,0.069,0.038,0.313
9423,290674397,99826.74,28.23,0.037,-0.041,0.079
9425,290734423,99825.49,28.23,0.046,0.065,-0.322
9427,290794397,99827.80,28.24,0.006,-0.131,-0.112
9429,290854397,99826.00,28.23,0.027,0.022,-0.283
9431,290914416,99824.07,28.23,0.044,0.185,0.089
9433,290974397,99822.48,28.24,0.072,0.320,0.188
9435,291034423,99824.47,28.24,0.048,0.151,0.203
9437,291094427,99827.02,28.24,0.034,-0.064,-0.075
9439,291154397,99826.47,28.24,0.014,-0.018,-0.188
9441,291214415,99827.34,28.24,0.011,-0.091,-0.234
9443,291274397,99829.30,28.24,-0.040,-0.258,-0.200
9445,291334432,99827.16,28.24,-0.031,-0.076,-0.516
9447,291394410,99821.98,28.24,-0.013,0.361,-0.241
9449,291454397,99825.20,28.24,0.023,0.090,0.310
9451,291514415,99827.79,28.24,-0.022,-0.129,0.462
9453,291574397,99826.64,28.24,0.009,-0.033,-0.198
9455,291634422,99823.20,28.24,0.058,0.258,0.335
9457,291694427,99824.43,28.24,0.094,0.155,0.664
9459,291754397,99824.75,28.24,0.072,0.128,0.402
9461,291814415,99826.79,28.24,0.077,-0.045,-0.050
9463,291874397,99825.70,28.24,0.101,0.047,0.223
9465,291934422,99825.53,28.24,0.073,0.062,0.047
9467,291994397,99821.77,28.24,0.107,0.380,-0.297
9469,292054397,99824.29,28.24,0.072,0.166,0.071
9471,292114426,99826.43,28.24,0.042,-0.015,-0.272
9473,292174397,99827.00,28.24,0.022,-0.063,-0.336
9475,292234423,99826.05,28.24,0.058,0.018,-0.066
9477,292294427,99829.12,28.24,-0.010,-0.242,0.087
9479,292354396,99829.38,28.24,-0.023,-0.263,-0.608
9481,292414415,99829.54,28.24,-0.071,-0.277,-0.472
9483,292474397,99824.35,28.24,-0.001,0.161,-0.412
9485,292534422,99821.95,28.24,0.037,0.364,0.543
9487,292594397,99826.41,28.24,0.003,-0.013,0.410
9489,292654397,99827.39,28.24,-0.047,-0.096,-0.339
9491,292714415,99822.07,28.24,0.013,0.354,-0.472
9493,292774397,99825.95,28.24,0.058,0.026,0.792
9495,292834423,99826.59,28.24,0.057,-0.028,0.798
9497,292894475,99824.11,28.24,0.072,0.181,0.022
9499,292954397,99824.01,28.24,0.110,0.190,0.248
9501,293014415,99828.82,28.24,0.090,-0.217,0.570
9503,293074397,99828.53,28.24,0.044,-0.192,-0.207
9505,293134423,99825.17,28.24,0.051,0.092,-0.684
9507,293194397,99825.40,28.24,0.049,0.073,-0.144
9509,293254397,99827.05,28.24,0.046,-0.067,0.071
9511,293314415,99825.99,28.24,0.058,0.023,0.060
9513,293374397,99828.21,28.24,0.063,-0.165,0.222
9515,293434423,99824.85,28.24,0.034,0.119,-0.166
9517,293494427,99825.05,28.25,0.040,0.102,-0.447
9519,293554397,99825.99,28.24,0.007,0.022,-0.098
9521,293614415,99829.02,28.24,-0.034,-0.233,-0.381
9523,293674407,99826.14,28.24,-0.013,0.010,-0.353
9525,293734422,99827.41,28.24,-0.047,-0.097,-0.100
9527,293794397,99827.55,28.24,-0.027,-0.109,-0.165
9529,293854397,99829.23,28.24,-0.027,-0.252,0.286
9531,293914416,99825.95,28.24,-0.021,0.026,-0.029
9533,293974397,99827.67,28.24,-0.018,-0.120,-0.001
9535,294034423,99825.62,28.24,0.004,0.053,0.148
9537,294094427,99825.22,28.25,0.008,0.088,0.141
9539,294154397,99825.62,28.25,0.020,0.054,0.139
9541,294214415,99825.32,28.24,0.033,0.079,0.223
9543,294274397,99825.30,28.24,0.019,0.081,0.055
9545,294334423,99827.83,28.25,-0.011,-0.133,-0.187
9547,294394410,99828.94,28.25,-0.038,-0.227,-0.308
9549,294454408,99826.71,28.25,-0.047,-0.038,-0.446
9551,294514415,99827.47,28.25,-0.065,-0.102,-0.309
9553,294574397,99825.04,28.25,-0.014,0.103,-0.001
9555,294634423,99824.24,28.25,0.047,0.170,0.731
9557,294694427,99822.99,28.25,0.092,0.276,0.885
9559,294754396,99825.20,28.25,0.082,0.089,0.551
9561,294814415,99824.98,28.25,0.054,0.108,-0.121
9563,294874397,99827.21,28.25,0.044,-0.080,-0.265
9565,294934422,99822.65,28.25,0.088,0.305,-0.008
9567,294994397,99826.84,28.25,0.050,-0.049,0.233
9569,295054397,99828.57,28.25,0.019,-0.195,-0.247
9571,295114415,99824.64,28.25,0.018,0.136,-0.504
9573,295174397,99826.26,28.25,0.028,0.000,-0.105
9575,295234431,99826.98,28.24,0.041,-0.061,0.312
9577,295294426,99821.13,28.24,0.074,0.433,0.071
9579,295354396,99825.94,28.24,0.062,0.027,0.256
9581,295414415,99826.10,28.24,0.058,0.013,0.139
9583,295474397,99826.16,28.24,0.060,0.008,-0.030
9585,295534422,99825.28,28.24,0.076,0.082,0.069
9587,295594397,99827.12,28.24,0.074,-0.073,0.217
9589,295654396,99822.80,28.24,0.127,0.291,0.169
9591,295714415,99826.13,28.24,0.144,0.011,0.631
9593,295774397,99830.79,28.24,0.047,-0.383,0.102
9595,295834422,99824.41,28.24,0.056,0.156,-1.095
9597,295894452,99824.71,28.24,0.050,0.131,-0.362
9599,295954397,99822.80,28.24,0.086,0.292,0.068
9601,296014425,99824.76,28.24,0.108,0.127,0.526
9603,296074397,99824.59,28.24,0.089,0.140,0.265
9605,296134423,99827.56,28.24,0.049,-0.110,-0.275
9607,296194397,99826.14,28.24,0.057,0.010,-0.327
9609,296254397,99828.19,28.24,-0.020,-0.163,-0.363
9611,296314415,99824.57,28.24,0.048,0.142,-0.532
9613,296374397,99825.27,28.24,0.058,0.084,0.572
9615,296434422,99826.80,28.25,0.029,-0.046,0.127
9617,296494427,99823.42,28.24,0.058,0.240,-0.239
9619,296554397,99823.65,28.24,0.072,0.220,0.208
9621,296614415,99825.29,28.24,0.055,0.082,0.183
9623,296674397,99822.75,28.24,0.072,0.296,-0.117
9625,296734423,99820.34,28.24,0.133,0.500,0.263
9627,296794409,99825.38,28.24,0.103,0.074,0.652
9629,296854397,99824.36,28.24,0.088,0.160,-0.143
9631,296914415,99825.98,28.24,0.089,0.024,-0.156
9633,296974397,99825.39,28.24,0.108,0.073,0.163
9635,297034423,99823.95,28.24,0.121,0.195,0.176
9637,297094427,99826.69,28.24,0.089,-0.036,0.049
9639,297154397,99825.40,28.24,0.098,0.073,-0.207
9641,297214415,99826.05,28.24,0.056,0.017,-0.214
9643,297274397,99823.39,28.24,0.085,0.242,-0.399
9645,297334422,99825.98,28.24,0.087,0.024,0.282
9647,297394410,99824.74,28.24,0.071,0.128,0.036
9649,297454397,99827.60,28.24,0.031,-0.114,-0.317
9651,297514415,99826.71,28.24,0.012,-0.039,-0.464
9653,297574407,99825.33,28.24,0.024,0.078,-0.302
9655,297634423,99823.99,28.24,0.051,0.191,0.126
9657,297694427,99825.33,28.24,0.069,0.078,0.411
9659,297754397,99826.02,28.24,0.044,0.020,0.181
9661,297814415,99825.24,28.24,0.085,0.086,-0.020
9663,297874397,99827.03,28.24,0.090,-0.065,0.515
9665,297934420,99825.09,28.24,0.073,0.099,-0.006
9667,297994397,99824.95,28.24,0.069,0.111,-0.320
9669,298054397,99826.73,28.24,0.081,-0.040,0.090
9671,298114415,99824.97,28.24,0.058,0.109,-0.004
9673,298174397,99824.52,28.24,0.073,0.147,-0.269
9675,298234422,99824.63,28.24,0.104,0.137,0.308
9677,298294427,99823.69,28.24,0.111,0.217,0.353
9679,298354408,99826.95,28.24,0.058,-0.059,-0.080
9681,298414415,99825.54,28.24,0.071,0.061,-0.407
9683,298474397,99822.55,28.24,0.094,0.314,-0.011
9685,298534423,99825.48,28.24,0.076,0.065,0.160
9687,298594397,99827.70,28.24,0.065,-0.122,0.037
9689,298654397,99828.62,28.24,0.048,-0.199,-0.076
9691,298714415,99827.66,28.24,0.023,-0.119,-0.343
9693,298774397,99828.77,28.25,-0.030,-0.212,-0.593
9695,298834422,99823.41,28.25,0.010,0.240,-0.609
9697,298894452,99824.05,28.25,0.017,0.187,0.179
9699,298954397,99825.15,28.25,0.051,0.094,0.406
9701,299014415,99828.62,28.25,0.025,-0.199,0.475
9703,299074397,99826.06,28.25,0.041,0.016,-0.107
9705,299134432,99826.09,28.25,0.024,0.014,-0.086
9707,299194397,99828.98,28.25,-0.001,-0.230,-0.162
9709,299254397,99823.20,28.25,0.029,0.258,-0.277
9711,299314415,99825.77,28.25,0.066,0.041,0.348
9713,299374397,99829.24,28.25,0.003,-0.252,0.394
9715,299434424,99824.16,28.25,0.045,0.177,-0.495
9717,299494427,99826.90,28.25,0.040,-0.054,0.248
9719,299554397,99827.02,28.25,0.029,-0.064,0.077
9721,299614415,99823.59,28.25,0.027,0.225,-0.313
9723,299674397,99824.44,28.25,0.058,0.154,0.008
9725,299734422,99826.67,28.25,0.045,-0.035,0.425
9727,299794397,99823.73,28.25,0.074,0.213,0.027
9729,299854397,99824.18,28.25,0.111,0.176,0.393
9731,299914424,99827.27,28.25,0.090,-0.085,0.502
9733,299974397,99822.16,28.25,0.117,0.346,-0.147
9735,300034423,99824.99,28.25,0.101,0.107,0.067
9737,300094427,99826.26,28.25,0.049,-0.000,-0.230
9739,300154397,99824.56,28.25,0.062,0.143,-0.539
9741,300214415,99825.79,28.25,0.054,0.040,0.014
9743,300274397,99824.48,28.25,0.070,0.151,0.009
9745,300334422,99827.05,28.25,0.052,-0.067,0.133
9747,300394410,99826.01,28.25,0.049,0.021,-0.116
9749,300454396,99826.48,28.25,0.020,-0.019,-0.257
9751,300514415,99824.92,28.25,0.048,0.113,-0.215
9753,300574397,99824.92,28.25,0.042,0.113,0.155
9755,300634423,99828.85,28.25,0.049,-0.219,0.214
9757,300694434,99826.90,28.25,0.042,-0.054,0.141
9759,300754397,99829.08,28.26,-0.003,-0.238,-0.314
9761,300814415,99828.20,28.25,-0.019,-0.165,-0.528
9763,300874397,99828.10,28.26,0.004,-0.156,-0.141
9765,300934423,99826.48,28.26,0.017,-0.019,0.223
9767,300994397,99822.66,28.25,0.061,0.305,0.129
9769,301054397,99826.16,28.25,0.066,0.008,0.504
9771,301114415,99827.65,28.25,0.049,-0.118,0.266
9773,301174397,99826.45,28.25,0.043,-0.016,-0.202
9775,301234422,99828.16,28.25,0.038,-0.161,-0.086
9777,301294427,99823.97,28.25,0.079,0.193,0.045
9779,301354397,99824.12,28.25,0.065,0.180,0.153
9781,301414415,99828.84,28.25,0.032,-0.219,-0.040
9783,301474407,99825.04,28.25,0.044,0.103,-0.263
9785,301534423,99828.12,28.25,0.039,-0.157,0.035
9787,301594397,99825.84,28.25,0.060,0.035,0.124
9789,301654397,99825.58,28.25,0.037,0.057,-0.043
9791,301714415,99824.91,28.25,0.001,0.114,-0.495
9793,301774397,99826.77,28.25,-0.016,-0.043,-0.460
9795,301834423,99824.34,28.25,0.045,0.162,0.098
9797,301894451,99827.95,28.25,0.025,-0.143,0.607
9799,301954397,99826.72,28.25,0.046,-0.039,0.096
9801,302014415,99824.34,28.25,0.081,0.162,0.222
9803,302074397,99827.76,28.25,0.048,-0.127,0.267
9805,302134422,99827.12,28.25,0.041,-0.073,-0.215
9807,302194397,99826.77,28.25,0.038,-0.044,-0.184
9809,302254408,99826.60,28.25,0.054,-0.029,0.020
9811,302314415,99824.28,28.25,0.090,0.167,0.254
9813,302374397,99824.55,28.25,0.091,0.145,0.314
9815,302434423,99826.06,28.25,0.080,0.017,0.072
9817,302494427,99826.12,28.25,0.013,0.012,-0.425
9819,302554397,99826.67,28.25,-0.006,-0.035,-0.824
9821,302614415,99822.70,28.25,0.040,0.301,-0.192
9823,302674397,99824.24,28.25,0.069,0.170,0.524
9825,302734422,99828.04,28.25,0.022,-0.151,0.374
9827,302794397,99828.02,28.25,-0.018,-0.148,-0.519
9829,302854397,99824.18,28.25,0.005,0.176,-0.565
9831,302914416,99825.24,28.25,0.031,0.086,0.225
9833,302974397,99826.61,28.25,0.005,-0.030,0.289
9835,303034431,99827.69,28.25,0.022,-0.121,-0.035
9837,303094426,99826.91,28.25,-0.025,-0.055,-0.101
9839,303154396,99827.64,28.25,-0.059,-0.117,-0.704
9841,303214415,99824.68,28.26,0.002,0.133,-0.179
9843,303274397,99824.93,28.26,0.015,0.112,0.571
9845,303334422,99827.03,28.26,0.015,-0.065,0.329
9847,303394410,99824.61,28.26,0.027,0.139,0.059
9849,303454397,99825.20,28.26,0.031,0.090,0.060
9851,303514415,99824.64,28.26,0.050,0.136,0.175
9853,303574397,99820.52,28.26,0.106,0.485,0.290
9855,303634422,99826.18,28.26,0.090,0.007,0.624
9857,303694427,99824.02,28.26,0.074,0.188,-0.027
9859,303754397,99824.95,28.26,0.126,0.111,0.049
9861,303814426,99824.48,28.26,0.133,0.150,0.624
9863,303874397,99825.64,28.26,0.136,0.052,0.185
9865,303934423,99823.89,28.26,0.104,0.200,-0.175
9867,303994397,99824.11,28.26,0.076,0.182,-0.592
9869,304054396,99824.18,28.26,0.107,0.175,-0.150
9871,304114415,99825.00,28.26,0.107,0.106,0.353
9873,304174397,99827.24,28.26,0.063,-0.083,-0.059
9875,304234422,99825.30,28.26,0.058,0.081,-0.495
9877,304294427,99823.66,28.26,0.083,0.220,-0.143
9879,304354397,99825.12,28.26,0.068,0.096,0.171
9881,304414415,99823.16,28.26,0.083,0.262,-0.080
9883,304474397,99826.84,28.26,0.058,-0.049,0.099
9885,304534423,99827.75,28.26,-0.012,-0.126,-0.420
9887,304594409,99825.16,28.26,-0.010,0.093,-0.877
9889,304654397,99825.07,28.26,0.018,0.100,-0.029
9891,304714415,99826.30,28.26,0.001,-0.004,0.268
9893,304774397,99824.10,28.26,0.008,0.182,-0.177
9895,304834423,99827.89,28.26,-0.012,-0.138,0.030
9897,304894451,99824.67,28.25,0.022,0.134,0.018
9899,304954397,99823.89,28.26,0.036,0.200,0.219
9901,305014415,99829.57,28.26,-0.006,-0.280,0.210
9903,305074397,99825.64,28.25,0.011,0.052,-0.252
9905,305134422,99825.27,28.26,0.025,0.083,-0.010
9907,305194397,99826.12,28.25,0.029,0.011,0.222
9909,305254397,99820.20,28.25,0.105,0.512,0.237
9911,305314415,99821.34,28.25,0.162,0.415,0.918
9913,305374407,99825.14,28.25,0.139,0.094,0.836
9915,305434423,99822.88,28.25,0.133,0.286,-0.148
9917,305494427,99826.47,28.25,0.118,-0.018,-0.107
9919,305554397,99823.04,28.25,0.139,0.272,-0.039
9921,305614415,99824.15,28.25,0.119,0.178,-0.021
9923,305674397,99821.81,28.25,0.130,0.376,-0.207
9925,305734423,99823.56,28.25,0.144,0.228,0.151
9927,305794397,99823.30,28.25,0.171,0.250,0.404
9929,305854397,99827.73,28.25,0.128,-0.124,0.288
9931,305914416,99827.48,28.25,0.108,-0.104,-0.340
9933,305974397,99822.38,28.25,0.130,0.327,-0.428
9935,306034422,99825.41,28.25,0.119,0.071,0.049
9937,306094427,99828.64,28.25,0.049,-0.202,-0.179
9939,306154408,99827.52,28.25,0.026,-0.107,-0.808
9941,306214415,99822.79,28.25,0.035,0.293,-0.586
9943,306274397,99825.05,28.25,0.048,0.102,0.022
9945,306334423,99826.66,28.25,0.068,-0.034,0.484
9947,306394410,99826.08,28.25,0.033,0.015,0.086
9949,306454397,99828.45,28.25,0.025,-0.185,-0.322
9951,306514415,99825.03,28.25,0.054,0.103,-0.017
9953,306574397,99824.87,28.25,0.088,0.117,0.321
9955,306634422,99828.91,28.25,0.050,-0.224,0.395
9957,306694427,99826.87,28.25,0.051,-0.052,-0.270
9959,306754397,99824.52,28.25,0.086,0.146,-0.062
9961,306814415,99825.79,28.25,0.063,0.040,0.195
9963,306874397,99828.75,28.25,0.013,-0.211,-0.281
9965,306934431,99824.40,28.25,0.068,0.157,-0.328
9967,306994397,99826.91,28.25,0.056,-0.055,0.378
9969,307054397,99826.74,28.25,0.030,-0.041,-0.099
9971,307114415,99824.29,28.25,0.061,0.166,-0.252
9973,307174397,99825.99,28.25,0.074,0.022,0.350
9975,307234422,99824.56,28.25,0.093,0.143,0.298
9977,307294427,99827.06,28.25,0.073,-0.068,0.159
9979,307354397,99825.23,28.25,0.084,0.087,-0.099
9981,307414415,99820.48,28.24,0.144,0.488,0.106
9983,307474397,99821.91,28.25,0.145,0.368,0.505
9985,307534422,99827.50,28.25,0.104,-0.105,0.209
9987,307594397,99825.24,28.24,0.094,0.086,-0.331
9989,307654397,99823.60,28.24,0.141,0.224,-0.092
9991,307714426,99826.55,28.24,0.098,-0.025,0.324
9993,307774397,99824.36,28.24,0.113,0.160,-0.295
9995,307834423,99824.68,28.24,0.130,0.134,0.116
9997,307894465,99826.41,28.24,0.100,-0.013,0.140
9999,307954396,99823.25,28.24,0.115,0.254,-0.297
10001,308014415,99823.23,28.24,0.144,0.256,0.129
10003,308074397,99828.78,28.24,0.099,-0.214,0.367
10005,308134423,99821.91,28.24,0.103,0.367,-0.513
10007,308194397,99823.21,28.24,0.137,0.257,-0.108
10009,308254397,99824.49,28.24,0.132,0.149,0.490
10011,308314415,99821.95,28.24,0.146,0.364,0.002
10013,308374396,99821.33,28.23,0.190,0.416,0.238
10015,308434423,99823.75,28.24,0.180,0.212,0.529
10017,308494434,99824.95,28.23,0.203,0.110,0.266
10019,308554397,99827.04,28.23,0.127,-0.066,-0.019
10021,308614415,99822.86,28.23,0.126,0.287,-0.930
10023,308674398,99822.83,28.23,0.139,0.289,-0.236
10025,308734423,99827.21,28.23,0.139,-0.081,0.373
10027,308794397,99825.58,28.23,0.094,0.058,-0.107
10029,308854397,99822.96,28.23,0.125,0.279,-0.546
10031,308914416,99828.40,28.23,0.069,-0.181,0.118
10033,308974397,99823.20,28.23,0.085,0.259,-0.480
10035,309034422,99828.10,28.23,0.048,-0.156,-0.109
10037,309094427,99823.31,28.23,0.081,0.249,-0.198
10039,309154397,99828.05,28.23,0.057,-0.151,0.183
10041,309214415,99823.71,28.23,0.075,0.215,-0.106
10043,309274407,99824.38,28.23,0.109,0.158,0.177
10045,309334423,99824.30,28.22,0.116,0.165,0.464
10047,309394410,99823.47,28.23,0.138,0.235,0.197
10049,309454396,99825.14,28.23,0.117,0.094,0.177
10051,309514415,99820.94,28.23,0.130,0.449,-0.269
10053,309574397,99827.54,28.23,0.109,-0.108,0.128
10055,309634423,99824.23,28.22,0.122,0.171,0.035
10057,309694427,99821.16,28.22,0.168,0.431,0.044
10059,309754397,99821.05,28.22,0.187,0.440,0.462
10061,309814415,99827.77,28.22,0.097,-0.128,0.086
10063,309874397,99823.78,28.22,0.173,0.209,-0.388
10065,309934422,99820.80,28.22,0.189,0.461,0.472
10067,309994397,99826.05,28.22,0.168,0.018,0.256
10069,310054409,99825.57,28.22,0.162,0.058,0.002
10071,310114415,99821.43,28.22,0.132,0.408,-0.513
10073,310174397,99823.75,28.22,0.135,0.212,-0.419
10075,310234423,99823.07,28.22,0.154,0.269,0.203
10077,310294427,99825.52,28.22,0.152,0.063,0.296
10079,310354397,99829.30,28.22,0.095,-0.258,-0.002
10081,310414415,99822.99,28.22,0.164,0.276,-0.368
10083,310474397,99825.42,28.22,0.126,0.071,0.278
10085,310534422,99824.34,28.22,0.137,0.162,-0.205
10087,310594397,99824.96,28.22,0.144,0.109,0.095
10089,310654397,99824.21,28.22,0.154,0.173,0.138
10091,310714415,99820.67,28.22,0.233,0.472,0.346
10093,310774397,99824.20,28.22,0.213,0.174,0.765
10095,310834431,99824.91,28.22,0.221,0.114,0.137
10097,310894451,99826.08,28.22,0.196,0.015,0.020
10099,310954397,99821.22,28.22,0.207,0.426,-0.396
10101,311014415,99824.30,28.22,0.219,0.166,0.073
10103,311074397,99826.41,28.21,0.172,-0.013,0.145
10105,311134422,99822.41,28.21,0.182,0.325,-0.548
10107,311194397,99827.56,28.21,0.138,-0.110,-0.141
10109,311254397,99825.05,28.21,0.135,0.102,-0.353
10111,311314415,99824.43,28.21,0.125,0.154,-0.301
10113,311374397,99826.23,28.21,0.115,0.002,-0.105
10115,311434422,99825.12,28.21,0.117,0.096,-0.075
10117,311494427,99825.48,28.21,0.136,0.066,0.081
10119,311554397,99823.27,28.21,0.168,0.252,0.299
10121,311614425,99821.00,28.21,0.181,0.444,0.211
10123,311674398,99825.45,28.21,0.191,0.068,0.353
10125,311734423,99822.65,28.21,0.205,0.305,0.294
10127,311794397,99825.76,28.21,0.163,0.042,-0.065
10129,311854397,99825.21,28.21,0.134,0.089,-0.480
10131,311914415,99825.15,28.21,0.107,0.093,-0.556
10133,311974397,99823.85,28.21,0.159,0.203,-0.097
10135,312034423,99823.18,28.21,0.182,0.260,0.578
10137,312094427,99823.84,28.21,0.169,0.204,0.235
10139,312154397,99826.40,28.21,0.137,-0.012,-0.139
10141,312214415,99823.51,28.21,0.167,0.232,-0.207
10143,312274397,99823.42,28.21,0.169,0.240,0.152
10145,312334423,99819.85,28.21,0.217,0.541,0.134
10147,312394418,99823.95,28.21,0.184,0.195,0.365
10149,312454397,99824.31,28.21,0.175,0.164,-0.130
10151,312514415,99823.45,28.21,0.162,0.237,-0.235
10153,312574397,99824.26,28.21,0.165,0.169,-0.138
10155,312634423,99827.91,28.21,0.105,-0.139,-0.089
10157,312694427,99825.17,28.21,0.109,0.092,-0.585
10159,312754397,99824.58,28.21,0.122,0.142,-0.120
10161,312814415,99825.32,28.21,0.135,0.079,0.235
10163,312874397,99825.23,28.21,0.129,0.087,0.156
10165,312934419,99822.27,28.21,0.169,0.337,0.017
10167,312994397,99826.59,28.20,0.124,-0.029,0.241
10169,313054397,99824.58,28.20,0.148,0.142,-0.195
10171,313114415,99822.36,28.20,0.188,0.329,0.232
10173,313174407,99823.36,28.20,0.167,0.245,0.283
10175,313234423,99826.04,28.20,0.145,0.018,-0.124
10177,313294427,99823.48,28.20,0.128,0.235,-0.363
10179,313354397,99826.73,28.20,0.104,-0.040,-0.319
10181,313414415,99823.75,28.20,0.111,0.212,-0.225
10183,313474397,99824.22,28.20,0.113,0.172,-0.070
10185,313534423,99826.68,28.20,0.107,-0.036,0.150
10187,313594397,99824.05,28.20,0.134,0.186,0.088
10189,313654397,99825.23,28.20,0.166,0.086,0.398
10191,313714415,99826.13,28.20,0.105,0.010,0.141
10193,313774397,99825.98,28.20,0.086,0.023,-0.708
10195,313834422,99823.70,28.20,0.129,0.216,-0.151
10197,313894452,99825.36,28.20,0.117,0.076,0.350
10199,313954408,99826.36,28.20,0.116,-0.008,0.042
10201,314014415,99825.73,28.20,0.141,0.044,0.146
10203,314074397,99824.77,28.20,0.145,0.126,0.213
10205,314134423,99824.78,28.20,0.143,0.125,0.003
10207,314194397,99824.59,28.20,0.137,0.141,-0.057
10209,314254397,99823.55,28.20,0.130,0.229,-0.181
10211,314314415,99822.92,28.20,0.148,0.282,-0.068
10213,314374397,99823.29,28.20,0.147,0.251,0.179
10215,314434422,99828.81,28.20,0.118,-0.216,0.150
10217,314494427,99826.43,28.20,0.096,-0.014,-0.287
10219,314554397,99827.70,28.19,0.031,-0.122,-0.708
10221,314614415,99826.46,28.19,0.052,-0.017,-0.615
10223,314674397,99825.12,28.19,0.048,0.095,0.006
10225,314734431,99823.92,28.19,0.094,0.198,0.107
10227,314794397,99825.46,28.19,0.091,0.067,0.510
10229,314854397,99824.90,28.19,0.101,0.115,0.127
10231,314914416,99823.46,28.19,0.116,0.236,0.086
10233,314974397,99823.66,28.19,0.103,0.219,0.030
10235,315034422,99824.24,28.19,0.122,0.170,0.021
10237,315094427,99826.16,28.19,0.102,0.008,0.214
10239,315154396,99825.73,28.19,0.072,0.044,-0.298
10241,315214415,99825.91,28.19,0.069,0.029,-0.379
10243,315274397,99826.79,28.19,0.029,-0.045,-0.249
10245,315334422,99826.00,28.19,0.044,0.022,-0.348
10247,315394409,99823.89,28.19,0.100,0.200,0.301
10249,315454397,99825.05,28.19,0.065,0.102,0.375
10251,315514426,99820.58,28.19,0.142,0.480,-0.058
10253,315574397,99824.27,28.19,0.124,0.168,0.668
10255,315634423,99822.34,28.19,0.151,0.330,0.134
10257,315694427,99821.30,28.18,0.198,0.418,0.389
10259,315754397,99823.68,28.19,0.185,0.218,0.544
10261,315814415,99823.89,28.18,0.205,0.200,0.163
10263,315874397,99826.41,28.19,0.137,-0.012,-0.039
10265,315934422,99825.03,28.18,0.141,0.104,-0.641
10267,315994397,99827.22,28.18,0.089,-0.081,-0.287
10269,316054397,99823.65,28.18,0.073,0.220,-0.740
10271,316114415,99827.70,28.18,0.064,-0.122,-0.262
10273,316174397,99826.16,28.18,0.029,0.008,-0.186
10275,316234423,99823.02,28.18,0.087,0.274,-0.302
10277,316294434,99825.14,28.18,0.081,0.094,0.514
10279,316354397,99822.85,28.18,0.104,0.288,0.114
10281,316414415,99824.85,28.18,0.116,0.119,0.299
10283,316474398,99821.41,28.18,0.137,0.409,0.203
10285,316534423,99823.45,28.18,0.141,0.238,0.191
10287,316594397,99821.37,28.18,0.173,0.413,0.256
10289,316654397,99824.80,28.18,0.128,0.123,0.166
10291,316714415,99822.25,28.18,0.138,0.339,-0.365
10293,316774397,99822.28,28.18,0.138,0.336,-0.070
10295,316834422,99824.70,28.18,0.134,0.132,0.118
10297,316894452,99825.38,28.18,0.123,0.074,0.058
10299,316954397,99824.57,28.18,0.111,0.143,-0.195
10301,317014415,99825.11,28.18,0.149,0.097,0.064
10303,317074407,99821.93,28.18,0.178,0.366,0.432
10305,317134423,99825.11,28.18,0.145,0.097,0.165
10307,317194397,99823.10,28.17,0.128,0.266,-0.365
10309,317254397,99822.05,28.18,0.148,0.356,-0.274
10311,317314415,99822.56,28.17,0.101,0.312,-0.103
10313,317374398,99827.37,28.17,0.080,-0.094,-0.334
10315,317434423,99828.88,28.17,0.059,-0.222,-0.070
10317,317494427,99828.34,28.17,0.043,-0.176,-0.295
10319,317554397,99822.41,28.17,0.051,0.325,-0.499
10321,317614415,99828.62,28.17,0.027,-0.200,-0.053
10323,317674397,99822.91,28.17,0.094,0.282,0.164
10325,317734422,99824.74,28.17,0.125,0.128,0.693
10327,317794397,99823.88,28.17,0.145,0.201,0.575
10329,317854408,99825.33,28.17,0.147,0.078,0.292
10331,317914416,99824.06,28.17,0.161,0.185,0.136
10333,317974397,99823.32,28.17,0.170,0.248,0.103
10335,318034423,99821.12,28.17,0.211,0.434,0.196
10337,318094426,99825.38,28.17,0.201,0.075,0.517
10339,318154397,99825.88,28.17,0.216,0.032,0.277
10341,318214415,99822.88,28.17,0.219,0.286,0.039
10343,318274397,99822.47,28.17,0.240,0.320,-0.011
10345,318334422,99824.76,28.17,0.187,0.127,0.033
10347,318394410,99825.53,28.17,0.180,0.061,-0.440
10349,318454397,99827.90,28.17,0.144,-0.139,-0.177
10351,318514415,99825.02,28.17,0.140,0.104,-0.461
10353,318574397,99822.50,28.17,0.168,0.318,-0.210
10355,318634431,99825.59,28.17,0.154,0.056,0.256
10357,318694426,99826.09,28.16,0.132,0.014,-0.065
10359,318754397,99827.44,28.16,0.131,-0.100,-0.164
10361,318814415,99822.55,28.16,0.157,0.314,-0.063
10363,318874397,99825.60,28.16,0.125,0.055,-0.000
10365,318934422,99823.40,28.16,0.155,0.241,-0.110
10367,318994397,99826.84,28.16,0.094,-0.049,0.008
10369,319054397,99821.33,28.16,0.148,0.417,-0.441
10371,319114415,99825.50,28.16,0.140,0.064,0.420
10373,319174397,99824.38,28.16,0.133,0.158,0.094
10375,319234422,99823.03,28.16,0.141,0.273,-0.176
10377,319294427,99823.30,28.16,0.147,0.250,0.056
10379,319354397,99829.18,28.16,0.120,-0.247,0.245
10381,319414426,99827.44,28.16,0.068,-0.100,-0.373
10383,319474397,99825.77,28.16,0.078,0.041,-0.720
10385,319534423,99825.24,28.16,0.053,0.086,-0.207
10387,319594397,99824.22,28.16,0.105,0.172,-0.044
10389,319654397,99825.73,28.16,0.107,0.045,0.587
10391,319714415,99824.28,28.16,0.118,0.167,0.145
10393,319774397,99826.22,28.16,0.106,0.003,0.075
10395,319834422,99823.91,28.16,0.098,0.199,-0.191
10397,319894451,99826.54,28.16,0.075,-0.024,-0.213
10399,319954397,99823.92,28.16,0.057,0.197,-0.368
10401,320014415,99825.77,28.15,0.057,0.041,-0.262
10403,320074397,99824.00,28.16,0.086,0.191,0.152
10405,320134423,99824.09,28.15,0.087,0.184,0.237
10407,320194409,99821.56,28.16,0.134,0.397,0.187
10409,320254397,99825.62,28.16,0.102,0.054,0.413
10411,320314415,99826.16,28.16,0.078,0.008,-0.204
10413,320374397,99824.16,28.16,0.080,0.177,-0.368
10415,320434422,99825.88,28.15,0.065,0.032,-0.101
10417,320494427,99824.62,28.15,0.087,0.139,-0.006
10419,320554397,99825.44,28.16,0.094,0.069,0.246
10421,320614415,99825.02,28.15,0.092,0.105,0.105
10423,320674397,99824.77,28.15,0.091,0.125,-0.059
10425,320734422,99825.46,28.15,0.084,0.067,-0.030
10427,320794397,99825.38,28.15,0.094,0.074,0.019
10429,320854397,99827.45,28.15,0.069,-0.101,0.063
10431,320914415,99828.13,28.15,0.063,-0.158,-0.152
10433,320974409,99825.94,28.15,0.052,0.027,-0.238
10435,321034423,99829.02,28.15,0.022,-0.234,-0.258
10437,321094427,99825.37,28.15,0.050,0.075,-0.211
10439,321154397,99822.24,28.15,0.100,0.339,0.203
10441,321214415,99823.93,28.15,0.100,0.197,0.508
10443,321274397,99821.14,28.15,0.171,0.432,0.407
10445,321334423,99824.38,28.15,0.136,0.159,0.610
10447,321394410,99830.00,28.15,0.081,-0.316,-0.158
10449,321454397,99824.73,28.15,0.092,0.128,-0.566
10451,321514415,99827.49,28.15,0.051,-0.104,-0.315
10453,321574397,99824.65,28.15,0.106,0.136,-0.124
10455,321634422,99824.88,28.15,0.079,0.116,0.263
10457,321694427,99822.66,28.15,0.118,0.303,-0.114
10459,321754408,99821.48,28.15,0.146,0.404,0.392
10461,321814415,99826.01,28.15,0.115,0.021,0.347
10463,321874397,99825.41,28.14,0.115,0.071,-0.104
10465,321934423,99825.41,28.14,0.089,0.071,-0.220
10467,321994397,99821.70,28.14,0.140,0.385,-0.187
10469,322054397,99827.48,28.14,0.101,-0.104,0.421
10471,322114415,99823.52,28.14,0.147,0.232,-0.007
10473,322174397,99826.16,28.14,0.122,0.008,0.246
10475,322234422,99824.69,28.14,0.132,0.133,-0.112
10477,322294427,99823.45,28.14,0.124,0.238,-0.111
10479,322354397,99823.45,28.14,0.144,0.237,-0.022
10481,322414415,99824.53,28.14,0.126,0.146,0.173
10483,322474397,99825.56,28.14,0.147,0.059,0.055
10485,322534431,99826.12,28.14,0.130,0.011,0.198
10487,322594397,99824.34,28.14,0.138,0.161,-0.185
10489,322654397,99823.98,28.14,0.134,0.193,-0.068
10491,322714415,99821.89,28.13,0.148,0.369,-0.082
10493,322774397,99825.02,28.13,0.144,0.104,0.183
10495,322834422,99823.17,28.13,0.162,0.261,0.139
10497,322894466,99824.34,28.13,0.190,0.162,0.314
10499,322954397,99823.16,28.13,0.176,0.262,0.246
10501,323014415,99825.86,28.13,0.164,0.033,-0.111
10503,323074397,99823.56,28.13,0.138,0.227,-0.275
10505,323134422,99827.28,28.13,0.150,-0.086,-0.160
10507,323194397,99823.77,28.13,0.171,0.210,0.245
10509,323254397,99826.14,28.13,0.113,0.010,-0.149
10511,323314426,99824.35,28.13,0.147,0.161,-0.395
10513,323374397,99824.26,28.13,0.126,0.169,0.090
10515,323434423,99824.71,28.13,0.153,0.131,-0.020
10517,323494427,99825.58,28.13,0.111,0.057,0.102
10519,323554397,99825.29,28.13,0.099,0.082,-0.474
10521,323614415,99827.59,28.13,0.093,-0.112,-0.105
10523,323674397,99825.70,28.13,0.103,0.048,0.009
10525,323734422,99824.84,28.13,0.153,0.119,0.253
10527,323794397,99824.91,28.13,0.146,0.113,0.477
10529,323854397,99823.13,28.12,0.191,0.264,0.142
10531,323914415,99823.93,28.13,0.195,0.197,0.460
10533,323974397,99823.97,28.13,0.174,0.193,0.013
10535,324034423,99824.05,28.13,0.177,0.186,-0.202
10537,324094434,99827.91,28.13,0.128,-0.140,-0.070
10539,324154397,99826.28,28.13,0.072,-0.002,-0.743
10541,324214415,99827.54,28.13,0.057,-0.108,-0.773
10543,324274398,99826.04,28.13,0.056,0.018,-0.243
10545,324334423,99825.24,28.13,0.074,0.086,-0.050
10547,324394409,99824.89,28.12,0.075,0.116,0.145
10549,324454397,99824.65,28.12,0.107,0.136,0.191
10551,324514415,99821.20,28.12,0.155,0.428,0.432
10553,324574397,99826.59,28.12,0.125,-0.028,0.490
10555,324634422,99825.08,28.12,0.122,0.099,-0.088
10557,324694427,99826.36,28.12,0.113,-0.009,-0.137
10559,324754397,99824.82,28.12,0.152,0.121,0.116
10561,324814415,99826.15,28.12,0.148,0.009,0.393
10563,324874407,99822.19,28.12,0.156,0.344,-0.102
10565,324934423,99824.93,28.12,0.168,0.112,0.091
10567,324994397,99823.28,28.12,0.184,0.251,0.294
10569,325054397,99824.70,28.12,0.176,0.131,0.129
10571,325114415,99822.36,28.12,0.163,0.329,-0.194
10573,325174397,99823.15,28.12,0.150,0.263,-0.313
10575,325234423,99826.54,28.12,0.114,-0.024,-0.152
10577,325294427,99824.14,28.12,0.128,0.179,-0.279
10579,325354397,99821.67,28.12,0.189,0.387,0.215
10581,325414415,99824.90,28.12,0.196,0.115,0.771
10583,325474397,99826.08,28.12,0.166,0.015,0.204
10585,325534422,99826.79,28.12,0.143,-0.045,-0.354
10587,325594397,99822.43,28.12,0.174,0.324,-0.303
10589,325654408,99829.46,28.12,0.083,-0.270,-0.068
10591,325714415,99821.56,28.12,0.147,0.397,-0.653
10593,325774397,99823.67,28.12,0.151,0.219,0.327
10595,325834423,99823.61,28.12,0.157,0.224,0.258
10597,325894451,99824.47,28.12,0.146,0.151,0.056
10599,325954397,99822.98,28.12,0.162,0.277,-0.058
10601,326014415,99826.40,28.11,0.172,-0.012,0.320
10603,326074397,99825.34,28.11,0.199,0.078,0.412
10605,326134423,99824.47,28.12,0.151,0.151,-0.075
10607,326194397,99824.73,28.11,0.145,0.129,-0.565
10609,326254397,99826.10,28.11,0.111,0.013,-0.225
10611,326314415,99826.80,28.11,0.105,-0.046,-0.303
10613,326374397,99828.10,28.11,0.056,-0.156,-0.283
10615,326434431,99826.38,28.11,0.067,-0.011,-0.510
10617,326494426,99825.71,28.11,0.077,0.046,0.009
10619,326554397,99826.27,28.11,0.074,-0.001,0.099
10621,326614415,99823.15,28.11,0.128,0.262,0.154
10623,326674397,99823.14,28.11,0.166,0.263,0.639
10625,326734422,99823.88,28.11,0.173,0.201,0.555
10627,326794397,99825.11,28.11,0.141,0.097,0.038
10629,326854396,99823.72,28.11,0.174,0.215,-0.165
10631,326914415,99827.27,28.11,0.136,-0.085,0.228
10633,326974397,99823.45,28.11,0.136,0.237,-0.398
10635,327034422,99827.28,28.11,0.079,-0.087,-0.372
10637,327094427,99823.52,28.11,0.076,0.232,-0.649
10639,327154397,99823.46,28.11,0.094,0.236,-0.185
10641,327214425,99825.97,28.11,0.067,0.024,0.168
10643,327274397,99825.34,28.11,0.059,0.077,-0.227
10645,327334423,99821.25,28.11,0.117,0.423,-0.028
10647,327394410,99821.75,28.11,0.133,0.381,0.530
10649,327454397,99825.45,28.11,0.184,0.068,0.766
10651,327514415,99827.38,28.11,0.147,-0.095,0.669
10653,327574397,99822.95,28.11,0.182,0.279,-0.288
10655,327634422,99827.09,28.11,0.182,-0.071,0.326
10657,327694427,99825.62,28.11,0.155,0.054,0.021
10659,327754397,99823.09,28.11,0.159,0.268,-0.485
10661,327814415,99821.73,28.11,0.167,0.383,-0.146
10663,327874397,99823.35,28.11,0.162,0.246,0.072
10665,327934420,99823.03,28.10,0.170,0.273,0.076
10667,327994409,99827.06,28.11,0.147,-0.068,0.150
10669,328054397,99823.31,28.10,0.170,0.249,-0.099
10671,328114415,99826.52,28.11,0.128,-0.022,-0.049
10673,328174397,99825.94,28.10,0.081,0.027,-0.572
10675,328234423,99822.52,28.10,0.142,0.316,-0.418
10677,328294427,99824.73,28.10,0.157,0.128,0.646
10679,328354397,99823.60,28.10,0.141,0.224,0.191
10681,328414415,99823.30,28.10,0.111,0.250,-0.410
10683,328474397,99827.95,28.10,0.058,-0.142,-0.429
10685,328534422,99825.48,28.10,0.057,0.066,-0.509
10687,328594397,99827.20,28.10,0.060,-0.079,-0.083
10689,328654397,99826.01,28.10,0.100,0.021,0.296
10691,328714415,99823.44,28.10,0.124,0.238,0.383
10693,328774407,99825.50,28.10,0.122,0.064,0.272
10695,328834423,99826.16,28.10,0.106,0.009,0.052
10697,328894452,99823.47,28.10,0.092,0.235,-0.369
10699,328954397,99823.20,28.10,0.103,0.259,-0.270
10701,329014415,99822.22,28.09,0.145,0.341,0.283
10703,329074397,99824.91,28.09,0.157,0.113,0.636
10705,329134423,99824.05,28.09,0.167,0.187,0.335
10707,329194397,99821.25,28.09,0.195,0.423,0.093
10709,329254397,99824.39,28.09,0.176,0.158,0.234
10711,329314415,99824.93,28.09,0.129,0.112,-0.258
10713,329374397,99823.56,28.09,0.133,0.227,-0.564
10715,329434422,99824.23,28.09,0.147,0.171,0.040
10717,329494427,99827.75,28.09,0.120,-0.126,0.223
10719,329554408,99826.31,28.09,0.034,-0.005,-0.675
10721,329614415,99830.61,28.09,-0.001,-0.368,-1.030
10723,329674397,99827.43,28.09,-0.031,-0.099,-0.592
10725,329734423,99826.75,28.09,-0.043,-0.042,-0.642
10727,329794397,99825.88,28.09,0.024,0.031,0.144
10729,329854397,99820.38,28.09,0.114,0.496,0.906
10731,329914416,99828.20,28.09,0.072,-0.164,0.942
10733,329974397,99825.98,28.09,0.080,0.023,-0.024
10735,330034422,99824.06,28.09,0.109,0.186,-0.006
10737,330094427,99823.30,28.09,0.125,0.249,0.280
10739,330154397,99822.83,28.09,0.187,0.290,0.501
10741,330214415,99826.72,28.09,0.163,-0.039,0.748
10743,330274397,99823.47,28.09,0.179,0.235,-0.071
10745,330334431,99825.65,28.09,0.144,0.052,-0.109
10747,330394410,99822.85,28.09,0.174,0.288,-0.225
10749,330454397,99825.41,28.08,0.173,0.072,0.278
10751,330514415,99822.59,28.09,0.170,0.310,-0.011
10753,330574397,99825.55,28.08,0.124,0.059,-0.298
10755,330634422,99826.98,28.08,0.098,-0.061,-0.434
10757,330694427,99824.12,28.08,0.097,0.181,-0.416
10759,330754397,99828.24,28.08,0.068,-0.168,-0.135
10761,330814415,99822.64,28.08,0.109,0.305,-0.160
10763,330874397,99822.44,28.08,0.159,0.323,0.399
10765,330934422,99825.22,28.08,0.091,0.087,0.335
10767,330994397,99828.41,28.08,0.065,-0.182,-0.532
10769,331054397,99823.08,28.08,0.115,0.269,-0.181
10771,331114425,99826.29,28.08,0.084,-0.003,0.233
10773,331174397,99825.78,28.08,0.089,0.040,-0.121
10775,331234423,99823.38,28.08,0.123,0.244,0.071
10777,331294427,99823.19,28.08,0.127,0.259,0.268
10779,331354397,99822.82,28.08,0.133,0.291,0.082
10781,331414415,99827.20,28.08,0.095,-0.079,0.061
10783,331474397,99823.66,28.08,0.095,0.220,-0.366
10785,331534422,99827.52,28.08,0.070,-0.107,-0.165
10787,331594397,99824.82,28.08,0.055,0.121,-0.309
10789,331654397,99825.94,28.08,0.046,0.027,-0.329
10791,331714415,99821.99,28.08,0.105,0.360,0.084
10793,331774397,99827.64,28.08,0.092,-0.117,0.659
10795,331834423,99825.18,28.08,0.048,0.091,-0.168
10797,331894460,99821.43,28.08,0.080,0.408,-0.648
10799,331954397,99828.05,28.08,0.034,-0.152,0.192
10801,332014415,99826.03,28.08,0.037,0.019,-0.217
10803,332074398,99825.06,28.08,0.072,0.101,0.035
10805,332134423,99825.05,28.08,0.066,0.102,0.302
10807,332194397,99827.02,28.08,0.054,-0.064,-0.000
10809,332254396,99821.41,28.08,0.104,0.409,-0.035
10811,332314415,99823.52,28.08,0.128,0.232,0.497
10813,332374397,99822.63,28.08,0.150,0.306,0.506
10815,332434422,99818.72,28.08,0.210,0.637,0.356
10817,332494427,99821.81,28.08,0.219,0.375,0.695
10819,332554397,99826.49,28.07,0.160,-0.020,0.237
10821,332614415,99827.14,28.08,0.131,-0.075,-0.529
10823,332674407,99826.06,28.08,0.098,0.017,-0.596
10825,332734423,99824.23,28.08,0.128,0.171,-0.372
10827,332794397,99825.95,28.08,0.116,0.026,0.222
10829,332854397,99824.16,28.08,0.114,0.177,-0.122
10831,332914416,99824.86,28.08,0.104,0.118,-0.154
10833,332974397,99824.58,28.07,0.090,0.142,-0.171
10835,333034423,99826.34,28.07,0.106,-0.007,0.009
10837,333094427,99822.26,28.07,0.105,0.338,0.038
10839,333154397,99826.16,28.08,0.111,0.008,0.028
10841,333214415,99823.65,28.07,0.149,0.221,0.358
10843,333274397,99821.70,28.07,0.157,0.385,0.230
10845,333334422,99826.47,28.07,0.131,-0.018,0.129
10847,333394410,99825.31,28.07,0.130,0.080,-0.090
10849,333454408,99821.90,28.07,0.173,0.368,-0.032
10851,333514415,99825.04,28.07,0.167,0.103,0.431
10853,333574397,99826.88,28.07,0.167,-0.053,0.244
10855,333634423,99824.78,28.07,0.175,0.125,0.024
10857,333694427,99822.13,28.07,0.203,0.349,0.004
10859,333754397,99824.50,28.07,0.207,0.148,0.322
10861,333814415,99827.09,28.07,0.159,-0.071,0.051
10863,333874397,99825.88,28.07,0.129,0.032,-0.629
10865,333934422,99826.93,28.07,0.116,-0.057,-0.465
10867,333994397,99824.40,28.07,0.110,0.157,-0.286
10869,334054397,99826.23,28.06,0.104,0.003,-0.147
10871,334114415,99823.79,28.07,0.129,0.208,0.038
10873,334174397,99825.51,28.07,0.151,0.063,0.361
10875,334234431,99825.67,28.07,0.135,0.049,0.280
10877,334294426,99826.79,28.07,0.086,-0.045,-0.376
10879,334354397,99825.74,28.07,0.083,0.043,-0.570
10881,334414415,99824.11,28.07,0.111,0.182,-0.069
10883,334474397,99827.79,28.07,0.084,-0.129,0.255
10885,334534422,99825.19,28.07,0.093,0.090,-0.154
10887,334594397,99823.38,28.07,0.126,0.243,0.031
10889,334654397,99822.92,28.07,0.129,0.282,0.267
10891,334714415,99822.98,28.07,0.118,0.277,-0.013
10893,334774397,99822.57,28.07,0.151,0.311,0.051
10895,334834422,99826.42,28.07,0.116,-0.014,0.338
10897,334894452,99824.96,28.07,0.114,0.110,-0.240
10899,334954397,99824.66,28.07,0.116,0.134,-0.143
10901,335014425,99822.22,28.07,0.112,0.341,-0.142
10903,335074397,99824.41,28.07,0.150,0.156,0.167
10905,335134423,99826.19,28.07,0.135,0.006,0.536
10907,335194397,99824.52,28.06,0.117,0.147,-0.231
10909,335254397,99822.11,28.06,0.155,0.350,-0.205
10911,335314415,99827.00,28.06,0.107,-0.063,0.252
10913,335374397,99826.97,28.06,0.115,-0.060,-0.190
10915,335434422,99825.44,28.06,0.111,0.069,-0.070
10917,335494427,99826.57,28.06,0.115,-0.027,-0.030
10919,335554397,99824.48,28.06,0.131,0.150,0.090
10921,335614415,99821.19,28.06,0.184,0.428,0.202
10923,335674397,99823.82,28.06,0.157,0.206,0.403
10925,335734423,99822.47,28.06,0.171,0.320,-0.092
10927,335794409,99822.70,28.06,0.151,0.300,-0.046
10929,335854397,99824.73,28.06,0.134,0.129,-0.186
10931,335914415,99825.91,28.06,0.123,0.030,-0.104
10933,335974397,99824.12,28.06,0.121,0.180,-0.184
10935,336034423,99822.36,28.06,0.180,0.329,0.128
10937,336094427,99824.88,28.06,0.181,0.117,0.693
10939,336154397,99826.24,28.06,0.114,0.001,-0.116
10941,336214415,99823.55,28.06,0.120,0.229,-0.769
10943,336274397,99825.73,28.06,0.101,0.044,-0.144
10945,336334423,99824.44,28.06,0.117,0.154,-0.070
10947,336394410,99826.44,28.06,0.122,-0.015,0.225
10949,336454397,99826.11,28.06,0.132,0.013,0.225
10951,336514415,99824.03,28.06,0.122,0.188,-0.075
10953,336574407,99825.73,28.06,0.080,0.044,-0.367
10955,336634423,99824.41,28.06,0.110,0.156,-0.279
10957,336694427,99822.94,28.06,0.111,0.280,0.148
10959,336754397,99822.95,28.06,0.112,0.280,-0.028
10961,336814415,99827.82,28.06,0.124,-0.132,0.343
10963,336874397,99823.97,28.06,0.164,0.193,0.419
10965,336934423,99823.95,28.05,0.187,0.196,0.385
10967,336994397,99823.43,28.05,0.194,0.239,0.311
10969,337054397,99824.83,28.05,0.171,0.121,0.012
10971,337114415,99824.44,28.05,0.154,0.154,-0.294
10973,337174397,99825.94,28.05,0.150,0.027,-0.177
10975,337234423,99827.23,28.05,0.093,-0.082,-0.243
10977,337294427,99822.43,28.05,0.108,0.323,-0.741
10979,337354408,99828.18,28.05,0.085,-0.162,0.023
10981,337414415,99822.64,28.05,0.101,0.306,-0.134
10983,337474397,99823.25,28.05,0.090,0.254,-0.176
10985,337534423,99824.27,28.05,0.092,0.167,-0.005
10987,337594397,99823.14,28.05,0.117,0.264,0.153
10989,337654397,99826.32,28.05,0.137,-0.006,0.503
10991,337714415,99827.50,28.05,0.103,-0.105,0.285
10993,337774397,99824.92,28.05,0.101,0.113,-0.445
10995,337834422,99821.54,28.04,0.143,0.399,-0.129
10997,337894466,99825.74,28.05,0.104,0.044,0.280
10999,337954397,99824.59,28.04,0.111,0.141,-0.180
11001,338014415,99824.14,28.05,0.113,0.179,-0.035
11003,338074397,99825.38,28.04,0.073,0.074,-0.164
11005,338134431,99824.91,28.04,0.111,0.114,-0.178
11007,338194397,99824.66,28.04,0.104,0.135,0.292
11009,338254397,99824.29,28.04,0.070,0.166,-0.266
11011,338314415,99820.02,28.04,0.139,0.527,-0.226
11013,338374397,99825.83,28.04,0.104,0.036,0.602
11015,338434422,99823.71,28.04,0.118,0.215,-0.030
11017,338494427,99824.99,28.04,0.122,0.107,0.101
11019,338554397,99822.95,28.04,0.123,0.279,0.023
11021,338614415,99827.83,28.04,0.111,-0.133,0.091
11023,338674397,99820.16,28.04,0.150,0.515,-0.054
11025,338734422,99826.23,28.04,0.131,0.002,0.229
11027,338794397,99823.77,28.04,0.147,0.211,0.115
11029,338854397,99825.72,28.04,0.118,0.045,-0.037
11031,338914424,99824.66,28.04,0.107,0.136,-0.322
11033,338974397,99821.43,28.04,0.129,0.408,-0.252
11035,339034423,99825.16,28.04,0.127,0.092,0.246
11037,339094427,99825.14,28.04,0.119,0.094,0.145
11039,339154397,99826.40,28.04,0.109,-0.012,-0.079
11041,339214415,99827.58,28.04,0.082,-0.111,-0.141
11043,339274397,99824.34,28.04,0.123,0.162,-0.182
11045,339334422,99826.98,28.04,0.094,-0.061,0.228
11047,339394410,99827.77,28.04,0.040,-0.128,-0.411
11049,339454397,99825.89,28.04,0.048,0.031,-0.643
11051,339514415,99823.41,28.04,0.103,0.241,0.118
11053,339574397,99825.65,28.04,0.114,0.051,0.664
11055,339634423,99824.66,28.04,0.091,0.134,0.111
11057,339694434,99825.87,28.03,0.058,0.033,-0.422
11059,339754397,99822.23,28.03,0.100,0.340,-0.266
11061,339814415,99824.30,28.03,0.102,0.165,0.361
11063,339874397,99823.75,28.03,0.133,0.212,0.322
11065,339934423,99822.03,28.03,0.198,0.357,0.601
11067,339994397,99823.66,28.03,0.197,0.219,0.744
11069,340054397,99821.98,28.03,0.183,0.362,-0.030
11071,340114415,99825.15,28.03,0.188,0.094,-0.043
11073,340174397,99825.02,28.03,0.199,0.104,0.268
11075,340234422,99827.58,28.03,0.137,-0.111,-0.109
11077,340294427,99828.48,28.03,0.089,-0.188,-0.774
11079,340354397,99825.34,28.03,0.082,0.077,-0.750
11081,340414415,99827.30,28.03,0.066,-0.088,-0.286
11083,340474407,99821.84,28.03,0.110,0.373,-0.114
11085,340534423,99824.29,28.03,0.105,0.166,0.281
11087,340594397,99825.99,28.03,0.115,0.022,0.272
11089,340654397,99827.23,28.03,0.149,-0.082,0.457
11091,340714415,99819.76,28.03,0.216,0.549,0.445
11093,340774397,99823.24,28.03,0.211,0.255,0.534
11095,340834423,99822.99,28.03,0.212,0.276,0.188
11097,340894451,99824.69,28.03,0.182,0.132,-0.090
11099,340954397,99825.91,28.03,0.172,0.030,-0.227
11101,341014415,99825.86,28.03,0.159,0.034,-0.156
11103,341074397,99825.64,28.03,0.121,0.052,-0.395
11105,341134422,99827.14,28.03,0.059,-0.075,-0.724
11107,341194397,99832.33,28.03,-0.006,-0.513,-0.742
11109,341254408,99823.41,28.02,0.056,0.240,-0.622
11111,341314415,99825.53,28.03,0.057,0.061,0.259
11113,341374397,99825.67,28.03,0.050,0.050,0.158
11115,341434423,99824.98,28.03,0.068,0.108,-0.001
11117,341494427,99825.93,28.03,0.083,0.028,0.295
11119,341554396,99824.55,28.02,0.105,0.144,0.286
11121,341614415,99824.73,28.03,0.103,0.129,0.182
11123,341674397,99823.36,28.03,0.099,0.245,-0.086
11125,341734422,99827.87,28.03,0.037,-0.136,-0.242
11127,341794397,99824.92,28.02,0.057,0.113,-0.483
11129,341854397,99825.33,28.02,0.051,0.078,-0.018
11131,341914416,99825.02,28.02,0.055,0.105,-0.023
11133,341974397,99825.16,28.02,0.068,0.092,0.105
11135,342034431,99826.59,28.02,0.041,-0.028,0.078
11137,342094426,99826.55,28.02,0.016,-0.025,-0.351
11139,342154397,99825.58,28.02,0.030,0.057,-0.278
11141,342214415,99825.48,28.02,0.044,0.066,0.149
11143,342274397,99824.73,28.02,0.041,0.129,0.112
11145,342334422,99826.05,28.02,0.054,0.017,0.084
11147,342394410,99829.95,28.02,0.019,-0.312,0.217
11149,342454397,99825.26,28.02,0.044,0.085,-0.269
11151,342514415,99825.95,28.02,0.017,0.026,-0.135
11153,342574397,99827.21,28.02,0.018,-0.081,-0.163
11155,342634422,99824.54,28.02,0.006,0.145,-0.163
11157,342694427,99829.40,28.01,-0.026,-0.265,-0.201
11159,342754397,99826.76,28.01,-0.026,-0.042,-0.245
11161,342814425,99826.21,28.01,-0.011,0.004,-0.113
11163,342874397,99827.66,28.01,-0.013,-0.118,0.200
11165,342934421,99829.54,28.01,-0.045,-0.277,-0.021
11167,342994397,99824.41,28.01,-0.002,0.156,-0.279
11169,343054397,99826.81,28.01,-0.008,-0.047,0.268
11171,343114415,99824.66,28.01,0.040,0.135,0.271
11173,343174397,99826.26,28.01,0.025,-0.000,0.404
11175,343234422,99828.22,28.01,0.002,-0.166,-0.058
11177,343294427,99825.09,28.01,0.012,0.099,-0.275
11179,343354397,99826.27,28.01,0.029,-0.001,0.083
11181,343414415,99823.59,28.01,0.055,0.225,0.269
11183,343474397,99825.09,28.01,0.048,0.099,0.198
11185,343534423,99823.23,28.01,0.085,0.256,0.151
11187,343594409,99825.66,28.01,0.101,0.051,0.524
11189,343654397,99823.56,28.01,0.098,0.228,0.213
11191,343714415,99826.19,28.01,0.109,0.006,0.078
11193,343774397,99826.23,28.01,0.069,0.002,0.023
11195,343834423,99823.02,28.01,0.117,0.273,-0.317
11197,343894451,99823.72,28.01,0.120,0.215,0.371
11199,343954397,99825.01,28.01,0.133,0.105,0.270
11201,344014415,99826.37,28.01,0.065,-0.010,-0.109
11203,344074397,99824.67,28.01,0.095,0.134,-0.579
11205,344134422,99826.71,28.01,0.103,-0.038,0.329
11207,344194397,99825.84,28.01,0.069,0.036,-0.017
11209,344254397,99823.97,28.01,0.080,0.193,-0.455
11211,344314415,99824.52,28.01,0.090,0.147,0.068
11213,344374409,99825.03,28.00,0.101,0.103,0.246
11215,344434423,99824.38,28.01,0.110,0.159,0.179
11217,344494427,99822.02,28.00,0.159,0.357,0.230
11219,344554397,99827.22,28.00,0.103,-0.081,0.376
11221,344614415,99825.54,28.00,0.097,0.061,-0.413
11223,344674397,99825.62,28.00,0.117,0.053,-0.087
11225,344734423,99825.96,28.00,0.056,0.025,-0.117
11227,344794397,99819.14,28.00,0.144,0.601,-0.489
11229,344854397,99823.94,28.00,0.147,0.196,0.816
11231,344914416,99825.08,28.00,0.117,0.100,0.270
11233,344974397,99823.84,28.00,0.105,0.204,-0.400
11235,345034423,99826.34,28.00,0.079,-0.007,-0.248
11237,345094427,99822.66,28.00,0.112,0.304,-0.173
11239,345154408,99825.80,28.00,0.136,0.039,0.446
11241,345214415,99825.17,28.00,0.137,0.092,0.444
11243,345274397,99830.15,28.00,0.078,-0.329,-0.084
11245,345334423,99824.31,28.00,0.099,0.164,-0.577
11247,345394410,99820.66,28.00,0.156,0.473,0.001
11249,345454396,99825.98,28.00,0.113,0.023,0.497
11251,345514415,99822.84,28.00,0.136,0.289,-0.169
11253,345574397,99827.85,28.00,0.122,-0.134,0.227
11255,345634422,99826.20,28.00,0.069,0.005,-0.257
11257,345694427,99824.67,28.00,0.074,0.134,-0.745
11259,345754397,99819.91,28.00,0.114,0.536,-0.104
11261,345814415,99825.09,28.00,0.085,0.098,0.303
11263,345874397,99827.59,28.00,0.060,-0.113,-0.015
11265,345934431,99826.28,28.00,0.026,-0.002,-0.446
11267,345994397,99820.94,28.00,0.095,0.449,-0.352
11269,346054397,99819.23,28.00,0.159,0.594,0.731
11271,346114415,99823.69,28.00,0.148,0.217,0.860
11273,346174397,99827.17,28.00,0.111,-0.077,0.148
11275,346234422,99826.04,28.00,0.093,0.019,-0.394
11277,346294427,99822.60,28.00,0.121,0.309,-0.323
11279,346354397,99825.56,28.00,0.111,0.059,0.206
11281,346414415,99824.09,28.01,0.095,0.183,-0.091
11283,346474397,99825.91,28.00,0.079,0.029,-0.262
11285,346534422,99821.48,28.00,0.143,0.404,0.038
11287,346594397,99822.90,28.00,0.154,0.284,0.590
11289,346654397,99827.70,28.00,0.147,-0.122,0.482
11291,346714426,99825.16,28.00,0.133,0.093,-0.028
11293,346774397,99826.06,28.00,0.092,0.016,-0.487
11295,346834422,99829.19,28.00,0.060,-0.247,-0.441
11297,346894452,99821.45,28.00,0.084,0.407,-0.505
11299,346954397,99826.70,28.00,0.065,-0.037,-0.010
11301,347014415,99823.23,28.01,0.106,0.255,0.155
11303,347074397,99824.89,28.00,0.076,0.116,0.158
11305,347134422,99823.82,28.00,0.104,0.206,-0.095
11307,347194397,99823.63,28.00,0.121,0.222,0.315
11309,347254396,99824.52,28.00,0.122,0.146,0.263
11311,347314415,99822.20,28.00,0.151,0.343,0.119
11313,347374397,99826.11,28.00,0.124,0.012,0.243
11315,347434423,99824.48,28.01,0.084,0.150,-0.382
11317,347494434,99826.57,28.00,0.057,-0.026,-0.602
11319,347554397,99826.60,28.01,0.056,-0.029,-0.227
11321,347614415,99823.82,28.01,0.092,0.206,0.024
11323,347674397,99824.78,28.01,0.146,0.125,0.613
11325,347734423,99823.87,28.00,0.156,0.202,0.699
11327,347794397,99822.54,28.01,0.186,0.314,0.218
11329,347854397,99823.33,28.00,0.213,0.248,0.474
11331,347914417,99821.59,28.01,0.258,0.394,0.539
11333,347974397,99822.28,28.00,0.272,0.336,0.557
11335,348034423,99820.47,28.01,0.301,0.489,0.308
11337,348094427,99824.25,28.00,0.278,0.170,0.305
11339,348154397,99824.53,28.01,0.247,0.146,-0.185
11341,348214415,99830.81,28.01,0.172,-0.385,-0.456
11343,348274409,99824.91,28.00,0.152,0.114,-0.954
11345,348334423,99825.74,28.00,0.118,0.043,-0.768
11347,348394410,99822.09,28.00,0.172,0.353,-0.233
11349,348454397,99821.18,28.00,0.213,0.429,0.558
11351,348514415,99825.22,28.00,0.175,0.088,0.456
11353,348574396,99829.50,28.00,0.120,-0.274,-0.259
11355,348634423,99826.72,28.00,0.087,-0.039,-0.764
11357,348694427,99825.37,28.00,0.084,0.075,-0.658
11359,348754397,99823.75,28.00,0.085,0.212,-0.220
11361,348814415,99825.77,28.00,0.083,0.041,0.018
11363,348874397,99826.18,28.00,0.086,0.006,0.124
11365,348934422,99823.77,28.00,0.089,0.210,-0.058
11367,348994397,99825.72,28.00,0.050,0.045,-0.217
11369,349054408,99826.16,28.00,0.054,0.008,-0.275
11371,349114415,99828.02,28.00,0.016,-0.149,-0.089
11373,349174397,99825.82,28.00,0.008,0.037,-0.487
11375,349234423,99822.10,28.00,0.062,0.351,-0.132
11377,349294427,99825.58,28.00,0.084,0.057,0.708
11379,349354397,99821.50,28.00,0.123,0.402,0.498
11381,349414415,99825.90,28.00,0.155,0.030,0.660
11383,349474397,99825.10,28.00,0.126,0.098,0.414
11385,349534422,99826.92,28.00,0.111,-0.056,-0.320
11387,349594397,99821.65,28.00,0.148,0.390,-0.162
11389,349654397,99823.00,28.00,0.161,0.276,0.260
11391,349714415,99822.63,28.00,0.185,0.306,0.375
11393,349774397,99825.51,28.00,0.172,0.063,0.335
11395,349834431,99823.45,28.00,0.168,0.238,-0.095
11397,349894451,99826.73,28.00,0.158,-0.040,-0.051
11399,349954397,99823.73,28.00,0.166,0.214,-0.054
11401,350014415,99823.87,28.00,0.157,0.202,-0.125
11403,350074397,99825.77,28.00,0.160,0.041,0.036
11405,350134422,99826.00,28.00,0.130,0.022,-0.040
11407,350194397,99826.89,28.00,0.135,-0.054,-0.247
11409,350254396,99823.66,28.00,0.137,0.219,-0.089
11411,350314415,99824.05,28.00,0.084,0.186,-0.433
11413,350374397,99825.41,28.00,0.112,0.072,-0.326
11415,350434422,99822.75,28.00,0.120,0.296,0.237
11417,350494427,99825.73,28.00,0.115,0.045,0.106
11419,350554397,99821.88,28.00,0.148,0.370,0.096
11421,350614425,99825.34,28.00,0.126,0.078,0.216
11423,350674397,99821.77,28.00,0.147,0.380,-0.095
11425,350734423,99824.16,28.00,0.117,0.177,-0.031
11427,350794397,99823.66,28.00,0.163,0.219,0.065
11429,350854397,99828.14,28.00,0.126,-0.159,0.468
11431,350914415,99825.24,28.00,0.115,0.085,-0.344
11433,350974397,99826.55,28.00,0.070,-0.025,-0.502
11435,351034422,99826.89,28.00,0.054,-0.054,-0.517
11437,351094427,99827.86,28.00,0.022,-0.136,-0.343
11439,351154397,99824.09,28.00,0.090,0.184,-0.123
11441,351214415,99824.72,28.00,0.093,0.130,0.569
11443,351274397,99821.91,28.00,0.141,0.367,0.262
11445,351334423,99823.76,28.00,0.143,0.211,0.493
11447,351394418,99824.89,28.00,0.177,0.115,0.434
11449,351454397,99825.68,28.00,0.186,0.049,0.540
11451,351514415,99825.35,28.00,0.179,0.076,0.117
11453,351574397,99823.47,28.00,0.129,0.236,-0.478
11455,351634423,99827.23,28.00,0.111,-0.082,-0.560
11457,351694427,99826.34,28.00,0.116,-0.008,-0.071
11459,351754397,99826.38,28.00,0.116,-0.011,-0.012
11461,351814415,99827.39,28.00,0.110,-0.095,0.029
11463,351874397,99827.23,28.00,0.082,-0.082,-0.188
11465,351934422,99823.60,28.00,0.119,0.224,-0.304
11467,351994397,99825.95,28.00,0.095,0.026,0.169
11469,352054397,99825.10,28.00,0.120,0.098,0.000
11471,352114415,99825.09,28.00,0.103,0.098,0.110
11473,352174407,99821.67,28.00,0.120,0.388,-0.248
11475,352234423,99823.33,28.00,0.123,0.247,0.091
11477,352294427,99822.45,28.00,0.133,0.321,0.156
11479,352354397,99826.60,28.00,0.100,-0.029,0.097
11481,352414415,99824.98,28.00,0.111,0.108,-0.154
11483,352474397,99820.88,28.00,0.164,0.455,0.086
11485,352534423,99824.59,28.00,0.173,0.141,0.628
11487,352594396,99821.34,28.00,0.180,0.416,0.217
11489,352654397,99825.15,28.00,0.154,0.093,-0.034
11491,352714415,99823.12,28.00,0.138,0.265,-0.273
11493,352774397,99822.76,28.00,0.156,0.296,-0.230
11495,352834422,99827.44,28.00,0.114,-0.099,0.168
11497,352894466,99823.92,28.00,0.116,0.197,-0.366
11499,352954408,99824.67,28.00,0.114,0.134,-0.181
11501,353014415,99824.65,28.00,0.087,0.136,-0.139
11503,353074397,99825.76,28.00,0.031,0.042,-0.569
11505,353134423,99826.04,28.00,0.051,0.018,-0.456
11507,353194397,99827.99,28.00,0.038,-0.147,0.199
11509,353254397,99826.98,28.00,0.028,-0.061,-0.132
11511,353314415,99824.40,28.00,0.049,0.157,-0.196
11513,353374397,99826.08,28.00,0.031,0.015,0.070
11515,353434422,99824.92,28.00,0.043,0.113,-0.073
11517,353494427,99821.86,28.00,0.057,0.372,-0.030
11519,353554397,99827.75,28.00,0.019,-0.126,0.094
11521,353614415,99826.66,28.00,0.023,-0.034,-0.119
11523,353674397,99826.02,28.00,0.034,0.020,-0.027
11525,353734431,99825.74,27.99,0.042,0.043,0.117
11527,353794397,99823.15,27.99,0.083,0.263,0.191
11529,353854397,99826.34,27.99,0.063,-0.008,0.386
11531,353914416,99824.55,28.00,0.086,0.145,0.026
11533,353974397,99827.16,27.99,0.049,-0.077,0.056
11535,354034422,99819.35,28.00,0.110,0.583,-0.299
11537,354094427,99825.63,28.00,0.119,0.053,0.607
11539,354154397,99825.21,27.99,0.096,0.088,0.339
11541,354214415,99825.51,28.00,0.116,0.063,-0.141
11543,354274397,99825.55,28.00,0.130,0.059,0.295
11545,354334422,99826.78,28.00,0.093,-0.044,0.029
11547,354394409,99825.07,28.00,0.090,0.100,-0.436
11549,354454396,99825.38,28.00,0.059,0.074,-0.327
11551,354514426,99825.15,28.00,0.070,0.094,-0.278
11553,354574397,99826.95,28.00,0.067,-0.059,0.157
11555,354634423,99824.85,28.00,0.088,0.118,0.083
11557,354694427,99825.05,28.00,0.083,0.103,0.106
11559,354754397,99821.23,28.00,0.095,0.424,-0.162
11561,354814415,99825.43,28.00,0.081,0.070,0.062
11563,354874397,99824.20,28.00,0.089,0.174,0.067
11565,354934422,99821.38,28.00,0.117,0.412,0.022
11567,354994397,99823.52,28.00,0.120,0.231,0.303
11569,355054397,99825.13,28.00,0.101,0.095,0.151
11571,355114415,99824.16,28.00,0.094,0.178,-0.218
11573,355174397,99824.40,28.00,0.105,0.157,-0.073
11575,355234423,99825.80,28.00,0.094,0.039,0.145
11577,355294434,99826.49,28.00,0.060,-0.020,-0.199
11579,355354397,99825.45,28.00,0.083,0.068,-0.273
11581,355414415,99827.48,28.00,0.052,-0.104,0.094
11583,355474397,99824.81,28.00,0.069,0.122,-0.257
11585,355534423,99822.14,28.00,0.100,0.348,0.045
11587,355594397,99826.09,28.00,0.077,0.014,0.299
11589,355654397,99821.53,28.00,0.137,0.400,0.098
11591,355714415,99823.91,28.00,0.148,0.199,0.578
11593,355774397,99823.87,28.00,0.144,0.202,0.291
11595,355834422,99823.62,28.00,0.136,0.222,-0.087
11597,355894451,99825.05,28.00,0.114,0.102,-0.160
11599,355954397,99824.72,28.00,0.123,0.130,-0.147
11601,356014415,99821.64,28.00,0.166,0.390,0.149
11603,356074407,99825.84,28.00,0.115,0.035,0.251
11605,356134423,99824.08,28.00,0.131,0.184,-0.299
11607,356194397,99824.65,28.00,0.100,0.136,-0.124
11609,356254397,99823.77,28.00,0.116,0.210,-0.250
11611,356314415,99822.50,28.00,0.141,0.318,0.177
11613,356374398,99824.43,28.00,0.143,0.154,0.342
11615,356434423,99826.35,28.00,0.110,-0.008,0.062
11617,356494427,99822.62,28.00,0.134,0.307,-0.324
11619,356554396,99829.02,28.00,0.084,-0.234,0.080
11621,356614415,99826.61,28.00,0.059,-0.030,-0.461
11623,356674397,99822.36,28.00,0.078,0.329,-0.572
11625,356734422,99821.27,28.00,0.105,0.421,0.053
11627,356794397,99825.61,28.00,0.083,0.055,0.365
11629,356854408,99825.51,28.00,0.073,0.063,-0.048
11631,356914416,99821.67,28.00,0.135,0.387,0.020
11633,356974397,99824.23,28.00,0.125,0.172,0.550
11635,357034423,99824.31,28.00,0.171,0.164,0.369
11637,357094427,99825.27,28.00,0.193,0.083,0.680
11639,357154397,99823.30,28.00,0.220,0.250,0.393
11641,357214415,99823.56,28.00,0.215,0.227,0.203
11643,357274397,99828.75,28.00,0.154,-0.211,-0.095
11645,357334422,99818.55,28.00,0.193,0.652,-0.716
11647,357394410,99823.18,28.00,0.200,0.260,0.108
11649,357454397,99825.98,28.00,0.156,0.024,0.254
11651,357514415,99826.34,28.00,0.136,-0.007,-0.421
11653,357574397,99824.84,28.00,0.116,0.120,-0.452
11655,357634431,99826.46,28.00,0.101,-0.018,-0.324
11657,357694426,99823.61,28.00,0.126,0.224,-0.106
11659,357754397,99823.77,28.00,0.143,0.210,0.215
11661,357814415,99825.25,28.00,0.131,0.085,0.233
11663,357874397,99827.18,28.01,0.147,-0.078,0.163
11665,357934419,99824.37,28.00,0.095,0.160,-0.183
11667,357994397,99822.91,28.00,0.130,0.283,-0.581
11669,358054397,99827.65,28.01,0.089,-0.118,0.264
11671,358114415,99821.37,28.00,0.177,0.413,0.012
11673,358174397,99828.03,28.01,0.122,-0.150,0.635
11675,358234422,99824.07,28.01,0.141,0.184,-0.255
11677,358294427,99824.43,28.01,0.134,0.154,-0.084
11679,358354397,99821.47,28.01,0.179,0.405,0.062
11681,358414425,99824.55,28.01,0.172,0.144,0.455
11683,358474397,99822.16,28.01,0.185,0.347,0.087
11685,358534422,99830.55,28.01,0.100,-0.362,-0.038
11687,358594397,99823.52,28.01,0.186,0.231,-0.351
11689,358654397,99824.00,28.01,0.170,0.191,0.420
11691,358714415,99823.66,28.01,0.140,0.219,-0.259
11693,358774397,99825.91,28.01,0.090,0.030,-0.543
11695,358834422,99823.41,28.01,0.103,0.241,-0.522
11697,358894452,99825.39,28.01,0.085,0.073,-0.037
11699,358954397,99824.16,28.02,0.108,0.177,-0.007
11701,359014415,99825.16,28.02,0.111,0.092,0.241
11703,359074397,99824.33,28.02,0.130,0.163,0.176
11705,359134423,99825.84,28.02,0.121,0.035,0.194
11707,359194409,99822.66,28.02,0.121,0.303,-0.169
11709,359254397,99827.72,28.02,0.115,-0.123,0.063
11711,359314415,99824.35,28.02,0.145,0.161,0.199
11713,359374397,99826.77,28.02,0.145,-0.044,0.274
11715,359434423,99820.67,28.02,0.223,0.472,0.285
11717,359494427,99824.15,28.02,0.199,0.178,0.579
11719,359554397,99823.74,28.02,0.165,0.213,-0.211
11721,359614415,99823.52,28.02,0.207,0.231,-0.189
11723,359674397,99826.91,28.02,0.159,-0.056,0.318
11725,359734422,99825.95,28.02,0.122,0.026,-0.570
11727,359794397,99827.05,28.02,0.096,-0.067,-0.606
11729,359854397,99827.08,28.02,0.076,-0.069,-0.384
11731,359914416,99826.23,28.02,0.072,0.002,-0.315
11733,359974409,99821.15,28.02,0.129,0.432,-0.047
11735,360034423,99820.51,28.02,0.197,0.486,0.716
11737,360094427,99825.23,28.02,0.217,0.087,1.142
11739,360154397,99823.54,28.02,0.233,0.230,0.546
11741,360214415,99824.90,28.02,0.207,0.115,0.033
11743,360274397,99822.17,28.02,0.248,0.345,-0.106
11745,360334423,99824.02,28.02,0.238,0.188,0.323
11747,360394410,99820.67,28.02,0.240,0.472,-0.145
11749,360454397,99820.30,28.02,0.285,0.504,0.077
11751,360514415,99827.55,28.02,0.202,-0.109,0.387
11753,360574397,99824.85,28.02,0.171,0.119,-0.813
11755,360634423,99826.65,28.02,0.176,-0.033,-0.450
11757,360694427,99825.15,28.02,0.182,0.094,0.073
11759,360754408,99824.27,28.03,0.164,0.169,-0.163
11761,360814415,99825.35,28.03,0.163,0.077,-0.184
11763,360874397,99823.64,28.02,0.165,0.221,-0.047
11765,360934423,99824.87,28.03,0.151,0.117,-0.092
11767,360994397,99824.30,28.03,0.157,0.165,-0.079
11769,361054397,99826.02,28.03,0.130,0.021,-0.041
11771,361114415,99827.47,28.03,0.094,-0.103,-0.329
11773,361174397,99826.10,28.03,0.082,0.013,-0.489
11775,361234422,99825.54,28.03,0.062,0.061,-0.395
11777,361294426,99824.70,28.03,0.078,0.132,-0.225
11779,361354397,99822.20,28.03,0.152,0.344,0.409
11781,361414415,99824.67,28.03,0.153,0.134,0.842
11783,361474397,99818.81,28.03,0.201,0.629,0.192
11785,361534431,99824.20,28.03,0.162,0.174,0.274
11787,361594397,99821.52,28.03,0.226,0.400,0.137
11789,361654397,99824.48,28.03,0.194,0.150,0.502
11791,361714415,99822.74,28.03,0.158,0.297,-0.428
11793,361774397,99827.38,28.03,0.150,-0.095,-0.326
11795,361834422,99824.60,28.03,0.163,0.140,0.043
11797,361894452,99820.16,28.03,0.208,0.516,0.011
11799,361954397,99829.21,28.03,0.144,-0.250,0.389
11801,362014415,99823.92,28.03,0.153,0.197,-0.403
11803,362074397,99822.58,28.03,0.177,0.311,-0.184
11805,362134422,99822.70,28.03,0.213,0.301,0.417
11807,362194397,99824.01,28.03,0.171,0.190,0.254
11809,362254397,99823.44,28.03,0.152,0.239,-0.499
11811,362314426,99826.13,28.03,0.115,0.010,-0.356
11813,362374397,99823.79,28.03,0.144,0.208,-0.237
11815,362434423,99824.27,28.03,0.141,0.167,0.170
11817,362494427,99824.65,28.03,0.144,0.136,0.058
11819,362554397,99822.71,28.03,0.157,0.300,0.020
11821,362614415,99823.84,28.03,0.137,0.204,-0.016
11823,362674397,99824.06,28.03,0.099,0.185,-0.350
11825,362734422,99825.81,28.03,0.095,0.038,-0.360
11827,362794397,99824.32,28.03,0.148,0.164,0.235
11829,362854397,99825.78,28.03,0.129,0.040,0.476
11831,362914415,99824.91,28.03,0.121,0.114,-0.171
11833,362974397,99827.15,28.03,0.113,-0.076,-0.086
11835,363034423,99823.41,28.03,0.110,0.240,-0.197
11837,363094434,99823.52,28.03,0.147,0.232,-0.014
11839,363154397,99823.99,28.04,0.163,0.191,0.527
11841,363214415,99826.88,28.03,0.147,-0.052,0.303
11843,363274398,99825.95,28.03,0.171,0.027,0.080
11845,363334423,99825.67,28.04,0.131,0.049,-0.049
11847,363394409,99820.04,28.04,0.221,0.525,-0.208
11849,363454397,99824.95,28.04,0.176,0.110,0.652
11851,363514415,99823.43,28.04,0.190,0.239,-0.139
11853,363574397,99826.49,28.04,0.162,-0.020,0.027
11855,363634422,99822.54,28.04,0.185,0.314,-0.214
11857,363694427,99825.91,28.04,0.126,0.030,-0.147
11859,363754397,99823.81,28.04,0.161,0.207,-0.353
11861,363814415,99824.98,28.04,0.119,0.108,0.029
11863,363874407,99825.06,28.05,0.092,0.101,-0.516
11865,363934424,99823.55,28.04,0.100,0.228,-0.371
11867,363994397,99825.63,28.05,0.087,0.053,0.016
11869,364054397,99824.32,28.05,0.096,0.163,-0.043
11871,364114415,99824.25,28.05,0.085,0.170,-0.060
11873,364174397,99824.64,28.05,0.141,0.137,0.235
11875,364234423,99821.63,28.05,0.148,0.391,0.511
11877,364294426,99822.88,28.05,0.130,0.286,-0.066
11879,364354397,99825.90,28.06,0.135,0.031,0.065
11881,364414415,99819.76,28.06,0.179,0.549,0.128
11883,364474397,99826.88,28.06,0.158,-0.052,0.417
11885,364534422,99824.68,28.06,0.186,0.133,0.242
11887,364594397,99827.71,28.06,0.136,-0.123,0.047
11889,364654409,99827.77,28.06,0.112,-0.128,-0.496
11891,364714415,99822.62,28.06,0.141,0.307,-0.424
11893,364774397,99823.05,28.06,0.200,0.271,0.381
11895,364834423,99821.79,28.06,0.206,0.377,0.678
11897,364894451,99824.05,28.06,0.195,0.187,0.117
11899,364954397,99824.99,28.06,0.194,0.107,0.047
11901,365014415,99824.42,28.06,0.195,0.155,0.013
11903,365074397,99823.80,28.06,0.168,0.208,-0.212
11905,365134422,99824.15,28.06,0.169,0.178,-0.308
11907,365194397,99826.57,28.06,0.125,-0.027,-0.125
11909,365254397,99824.31,28.06,0.128,0.164,-0.462
11911,365314415,99824.15,28.07,0.120,0.178,-0.189
11913,365374397,99825.38,28.07,0.159,0.074,0.195
11915,365434431,99826.02,28.07,0.097,0.020,0.156
11917,365494426,99822.38,28.07,0.097,0.328,-0.800
11919,365554397,99826.15,28.07,0.114,0.009,0.048
11921,365614415,99823.29,28.07,0.130,0.251,0.328
11923,365674397,99825.23,28.07,0.134,0.087,0.166
11925,365734422,99823.64,28.07,0.138,0.221,0.106
11927,365794397,99822.32,28.07,0.199,0.332,0.251
11929,365854396,99823.80,28.07,0.204,0.208,0.714
11931,365914415,99825.41,28.07,0.180,0.071,0.143
11933,365974397,99822.46,28.07,0.173,0.321,-0.371
11935,366034422,99824.95,28.07,0.161,0.111,-0.200
11937,366094427,99826.84,28.07,0.114,-0.049,-0.180
11939,366154397,99825.70,28.07,0.106,0.047,-0.542
11941,366214425,99825.98,28.07,0.101,0.023,-0.216
11943,366274397,99822.34,28.07,0.136,0.332,-0.040
11945,366334423,99827.77,28.08,0.082,-0.128,0.163
11947,366394410,99824.91,28.08,0.079,0.113,-0.437
11949,366454397,99825.29,28.08,0.081,0.082,-0.204
11951,366514415,99824.46,28.08,0.088,0.152,0.034
11953,366574397,99825.35,28.08,0.062,0.077,-0.075
11955,366634422,99823.34,28.08,0.087,0.246,-0.190
11957,366694426,99825.04,28.08,0.107,0.103,0.350
11959,366754397,99822.18,28.08,0.128,0.345,0.307
11961,366814415,99822.66,28.08,0.153,0.304,0.274
11963,366874397,99824.20,28.08,0.141,0.174,0.332
11965,366934423,99824.22,28.08,0.124,0.172,-0.115
11967,366994409,99825.30,28.08,0.153,0.080,0.026
11969,367054397,99824.27,28.08,0.159,0.168,0.339
11971,367114415,99821.49,28.08,0.175,0.403,-0.017
11973,367174397,99828.84,28.08,0.160,-0.218,0.343
11975,367234423,99822.67,28.08,0.172,0.303,-0.011
11977,367294427,99821.66,28.08,0.180,0.389,-0.220
11979,367354397,99825.28,28.08,0.156,0.082,0.099
11981,367414415,99825.84,28.08,0.131,0.035,-0.181
11983,367474397,99825.84,28.08,0.102,0.035,-0.445
11985,367534422,99825.04,28.08,0.108,0.103,-0.357
11987,367594397,99824.86,28.08,0.120,0.118,0.057
11989,367654397,99825.54,28.08,0.111,0.061,0.115
11991,367714415,99825.20,28.08,0.107,0.090,-0.096
11993,367774407,99821.68,28.08,0.105,0.387,-0.276
11995,367834423,99824.09,28.08,0.130,0.183,0.064
11997,367894465,99822.17,28.08,0.153,0.345,0.439
11999,367954397,99818.85,28.08,0.208,0.626,0.320
12001,368014415,99826.94,28.08,0.130,-0.057,0.434
12003,368074397,99825.53,28.08,0.143,0.062,-0.375
12005,368134423,99826.47,28.08,0.105,-0.018,-0.189
12007,368194397,99820.16,28.08,0.190,0.516,-0.197
12009,368254397,99826.60,28.08,0.176,-0.029,0.830
12011,368314415,99822.95,28.07,0.196,0.279,0.200
12013,368374397,99819.12,28.08,0.264,0.602,0.208
12015,368434422,99822.36,28.07,0.309,0.329,1.003
12017,368494427,99825.40,28.07,0.291,0.073,0.792
12019,368554408,99824.53,28.07,0.246,0.146,-0.300
12021,368614415,99828.10,28.07,0.174,-0.156,-0.789
12023,368674396,99823.95,28.07,0.144,0.194,-1.046
12025,368734423,99825.01,28.07,0.179,0.105,-0.370
12027,368794397,99821.15,28.07,0.207,0.431,0.364
12029,368854397,99827.21,28.07,0.183,-0.081,0.328
12031,368914416,99824.43,28.07,0.158,0.154,-0.202
12033,368974397,99822.08,28.07,0.232,0.353,-0.146
12035,369034422,99822.45,28.07,0.250,0.321,0.794
12037,369094427,99822.92,28.07,0.217,0.282,0.123
12039,369154397,99826.18,28.07,0.192,0.006,-0.292
12041,369214415,99824.02,28.07,0.209,0.189,-0.154
12043,369274397,99820.76,28.07,0.249,0.465,0.105
12045,369334431,99826.52,28.08,0.240,-0.022,0.540
12047,369394410,99827.19,28.07,0.200,-0.079,0.057
12049,369454397,99827.45,28.07,0.118,-0.101,-0.884
12051,369514415,99824.24,28.07,0.120,0.170,-1.092
12053,369574397,99823.38,28.07,0.150,0.244,-0.107
12055,369634422,99828.11,28.07,0.106,-0.157,0.291
12057,369694427,99824.86,28.07,0.089,0.118,-0.477
12059,369754397,99824.42,28.07,0.111,0.155,-0.304
12061,369814415,99826.34,28.07,0.105,-0.007,0.271
12063,369874397,99822.41,28.07,0.112,0.325,-0.114
12065,369934422,99824.45,28.07,0.146,0.152,0.176
12067,369994397,99822.22,28.07,0.188,0.341,0.617
12069,370054397,99826.32,28.07,0.154,-0.006,0.399
12071,370114426,99825.83,28.07,0.124,0.036,-0.311
12073,370174397,99823.80,28.07,0.175,0.207,-0.204
12075,370234423,99827.98,28.07,0.137,-0.145,0.419
12077,370294427,99824.60,28.07,0.159,0.140,-0.199
12079,370354397,99823.00,28.07,0.230,0.275,0.361
12081,370414415,99823.51,28.07,0.255,0.233,0.895
12083,370474397,99825.70,28.07,0.199,0.047,0.165
12085,370534422,99823.52,28.07,0.203,0.231,-0.569
12087,370594397,99822.07,28.07,0.231,0.354,-0.047
12089,370654397,99826.97,28.07,0.181,-0.060,0.212
12091,370714415,99821.91,28.07,0.216,0.367,-0.330
12093,370774397,99819.59,28.07,0.255,0.564,0.164
12095,370834423,99825.60,28.07,0.180,0.055,0.231
12097,370894460,99824.50,28.07,0.179,0.149,-0.533
12099,370954397,99822.31,28.07,0.195,0.333,-0.171
12101,371014415,99823.15,28.07,0.227,0.263,0.293
12103,371074397,99824.84,28.07,0.196,0.119,0.319
12105,371134423,99824.26,28.07,0.198,0.169,-0.238
12107,371194397,99823.12,28.07,0.210,0.264,-0.030
12109,371254397,99825.41,28.07,0.159,0.072,-0.108
12111,371314415,99826.36,28.07,0.143,-0.009,-0.469
12113,371374397,99822.00,28.07,0.170,0.360,-0.251
12115,371434422,99826.56,28.07,0.178,-0.026,0.345
12117,371494427,99823.38,28.07,0.207,0.243,0.356
12119,371554397,99822.29,28.07,0.236,0.335,0.261
12121,371614415,99820.62,28.07,0.307,0.477,0.616
12123,371674407,99825.80,28.07,0.234,0.038,0.576
12125,371734423,99823.70,28.07,0.228,0.216,-0.598
12127,371794397,99827.34,28.07,0.171,-0.091,-0.387
12129,371854397,99821.58,28.07,0.221,0.395,-0.459
12131,371914416,99821.41,28.07,0.214,0.409,0.135
12133,371974397,99826.04,28.07,0.183,0.018,0.033
12135,372034422,99824.34,28.07,0.225,0.162,0.049
12137,372094426,99825.01,28.07,0.189,0.105,0.160
12139,372154397,99820.20,28.07,0.214,0.512,-0.429
12141,372214415,99825.85,28.07,0.215,0.034,0.292
12143,372274397,99825.80,28.07,0.212,0.038,0.324
12145,372334422,99825.12,28.07,0.160,0.097,-0.372
12147,372394410,99822.95,28.07,0.183,0.280,-0.598
12149,372454409,99823.73,28.07,0.174,0.214,0.070
12151,372514415,99822.59,28.07,0.216,0.310,0.144
12153,372574397,99823.05,28.07,0.188,0.271,0.257
12155,372634423,99822.45,28.07,0.191,0.322,-0.254
12157,372694427,99822.13,28.07,0.245,0.348,0.265
12159,372754397,99823.67,28.07,0.227,0.219,0.562
12161,372814415,99823.69,28.07,0.199,0.217,-0.220
12163,372874397,99824.55,28.07,0.225,0.144,-0.125
12165,372934421,99822.09,28.07,0.244,0.352,0.282
12167,372994397,99821.89,28.07,0.266,0.369,0.219
12169,373054397,99824.09,28.07,0.270,0.183,0.392
12171,373114415,99824.93,28.07,0.203,0.112,-0.161
12173,373174397,99823.15,28.07,0.209,0.263,-0.750
12175,373234431,99823.59,28.07,0.230,0.226,0.057
12177,373294426,99826.04,28.07,0.202,0.019,0.230
12179,373354397,99821.16,28.07,0.243,0.430,-0.183
12181,373414415,99824.19,28.07,0.230,0.175,0.245
12183,373474397,99825.21,28.07,0.214,0.088,0.025
12185,373534422,99819.55,28.07,0.293,0.567,0.021
12187,373594397,99825.23,28.07,0.258,0.086,0.656
12189,373654397,99822.02,28.07,0.251,0.358,-0.212
12191,373714415,99825.37,28.07,0.209,0.075,-0.349
12193,373774397,99823.62,28.07,0.215,0.222,-0.354
12195,373834422,99825.36,28.07,0.206,0.076,-0.039
12197,373894452,99823.21,28.07,0.186,0.257,-0.233
12199,373954397,99823.83,28.07,0.183,0.205,-0.331
12201,374014425,99819.23,28.07,0.243,0.594,0.085
12203,374074397,99822.45,28.07,0.230,0.322,0.514
12205,374134423,99822.48,28.07,0.258,0.320,0.259
12207,374194397,99825.00,28.07,0.236,0.106,0.299
12209,374254397,99822.23,28.07,0.263,0.341,-0.071
12211,374314415,99821.54,28.07,0.274,0.399,0.162
12213,374374397,99824.50,28.07,0.242,0.148,0.088
12215,374434422,99820.05,28.07,0.293,0.524,-0.125
12217,374494426,99822.61,28.07,0.279,0.308,0.345
12219,374554397,99824.87,28.07,0.256,0.117,0.019
12221,374614415,99822.50,28.07,0.279,0.317,-0.134
12223,374674397,99825.35,28.07,0.222,0.077,-0.079
12225,374734423,99823.63,28.07,0.206,0.221,-0.647
12227,374794409,99819.19,28.07,0.265,0.597,-0.220
12229,374854397,99825.06,28.07,0.238,0.101,0.558
12231,374914415,99820.60,28.07,0.247,0.478,-0.110
12233,374974397,99821.29,28.07,0.273,0.420,0.022
12235,375034423,99825.62,28.07,0.265,0.054,0.515
12237,375094427,99822.63,28.07,0.250,0.306,-0.074
12239,375154397,99827.55,28.07,0.238,-0.110,-0.140
12241,375214415,99824.22,28.07,0.244,0.172,-0.028
12243,375274397,99821.34,28.07,0.246,0.415,-0.266
12245,375334422,99822.72,28.07,0.309,0.299,0.312
12247,375394410,99827.02,28.07,0.259,-0.064,0.712
12249,375454397,99818.59,28.07,0.302,0.648,-0.461
12251,375514415,99824.19,28.07,0.267,0.175,0.068
12253,375574409,99822.64,28.08,0.250,0.305,-0.229
12255,375634423,99819.87,28.07,0.307,0.540,-0.121
12257,375694426,99824.67,28.08,0.301,0.134,0.687
12259,375754397,99822.13,28.08,0.316,0.348,0.203
12261,375814415,99823.63,28.08,0.306,0.222,0.051
12263,375874397,99824.76,28.08,0.310,0.126,0.069
12265,375934423,99827.95,28.08,0.247,-0.143,-0.105
12267,375994397,99819.52,28.08,0.300,0.569,-0.670
12269,376054397,99820.09,28.08,0.346,0.521,0.369
12271,376114415,99819.86,28.08,0.366,0.541,0.699
12273,376174397,99821.82,28.08,0.323,0.375,0.114
12275,376234423,99823.37,28.08,0.310,0.244,-0.340
12277,376294427,99820.77,28.08,0.343,0.463,-0.052
12279,376354408,99824.28,28.08,0.320,0.167,0.266
12281,376414415,99823.48,28.08,0.274,0.235,-0.348
12283,376474397,99822.17,28.08,0.264,0.345,-0.706
12285,376534423,99822.95,28.08,0.283,0.279,-0.070
12287,376594397,99825.45,28.08,0.255,0.068,0.217
12289,376654397,99822.32,28.08,0.270,0.332,-0.234
12291,376714415,99825.45,28.08,0.266,0.068,0.111
12293,376774397,99825.91,28.08,0.240,0.030,0.007
12295,376834422,99820.26,28.08,0.314,0.507,-0.138
12297,376894452,99821.85,28.08,0.302,0.372,0.503
12299,376954397,99819.95,28.08,0.356,0.533,0.237
12301,377014415,99825.22,28.08,0.292,0.088,0.391
12303,377074397,99819.17,28.08,0.346,0.599,-0.375
12305,377134431,99826.55,28.08,0.294,-0.025,0.296
12307,377194397,99820.21,28.08,0.347,0.511,-0.150
12309,377254397,99821.25,28.08,0.350,0.423,0.270
12311,377314415,99822.43,28.08,0.330,0.323,0.091
12313,377374397,99824.13,28.08,0.285,0.179,-0.327
12315,377434424,99820.65,28.08,0.275,0.474,-0.674
12317,377494426,99820.38,28.08,0.323,0.497,-0.077
12319,377554397,99819.65,28.08,0.312,0.558,0.401
12321,377614415,99825.88,28.08,0.282,0.031,0.046
12323,377674397,99820.11,28.08,0.290,0.519,-0.271
12325,377734422,99821.58,28.08,0.262,0.395,-0.331
12327,377794397,99822.91,28.08,0.255,0.283,-0.194
12329,377854397,99822.29,28.08,0.285,0.335,0.114
12331,377914424,99820.73,28.08,0.333,0.468,0.487
12333,377974397,99821.34,28.08,0.347,0.415,0.590
12335,378034423,99822.82,28.08,0.304,0.291,0.063
12337,378094427,99822.66,28.08,0.280,0.304,-0.531
12339,378154397,99824.04,28.08,0.314,0.187,-0.045
12341,378214415,99825.09,28.08,0.283,0.099,0.295
12343,378274397,99821.15,28.08,0.294,0.432,-0.398
12345,378334422,99819.92,28.08,0.337,0.535,0.070
12347,378394410,99819.63,28.08,0.369,0.560,0.587
12349,378454397,99819.40,28.08,0.418,0.579,0.655
12351,378514415,99821.08,28.08,0.393,0.438,0.511
12353,378574397,99823.25,28.08,0.364,0.254,-0.190
12355,378634423,99823.34,28.08,0.372,0.247,-0.181
12357,378694435,99823.81,28.09,0.359,0.206,0.014
12359,378754397,99822.01,28.08,0.355,0.359,-0.224
12361,378814415,99818.95,28.08,0.390,0.618,-0.116
12363,378874397,99821.61,28.09,0.427,0.393,0.577
12365,378934423,99826.31,28.09,0.347,-0.005,0.368
12367,378994397,99822.24,28.09,0.339,0.339,-0.853
12369,379054397,99821.51,28.09,0.347,0.401,-0.388
12371,379114415,99821.66,28.09,0.331,0.388,-0.046
12373,379174397,99822.80,28.09,0.300,0.292,-0.281
12375,379234422,99824.97,28.09,0.302,0.109,-0.168
12377,379294427,99823.83,28.09,0.322,0.205,0.165
12379,379354397,99822.24,28.09,0.341,0.339,0.190
12381,379414415,99819.88,28.09,0.353,0.539,0.082
12383,379474407,99823.35,28.09,0.347,0.245,0.176
12385,379534423,99824.50,28.09,0.323,0.148,0.057
12387,379594397,99825.99,28.09,0.294,0.022,-0.303
12389,379654397,99821.52,28.09,0.316,0.401,-0.375
12391,379714415,99822.94,28.09,0.332,0.281,0.146
12393,379774397,99825.43,28.09,0.333,0.070,0.414
12395,379834423,99818.92,28.09,0.370,0.620,0.028
12397,379894452,99821.55,28.09,0.401,0.398,0.382
12399,379954397,99823.59,28.09,0.382,0.225,0.526
12401,380014415,99823.84,28.09,0.314,0.204,-0.450
12403,380074397,99820.36,28.09,0.350,0.499,-0.737
12405,380134422,99822.00,28.10,0.378,0.360,0.382
12407,380194397,99818.84,28.10,0.355,0.627,0.134
12409,380254408,99820.71,28.10,0.351,0.469,-0.314
12411,380314415,99819.65,28.10,0.375,0.559,0.113
12413,380374397,99822.18,28.10,0.336,0.344,0.118
12415,380434423,99822.27,28.10,0.309,0.337,-0.424
12417,380494427,99822.56,28.10,0.291,0.312,-0.423
12419,380554397,99821.84,28.10,0.331,0.373,-0.015
12421,380614415,99822.06,28.10,0.322,0.355,0.342
12423,380674397,99823.56,28.10,0.355,0.228,0.225
12425,380734422,99821.69,28.10,0.379,0.386,0.470
12427,380794397,99825.66,28.10,0.341,0.050,0.196
12429,380854397,99824.76,28.10,0.325,0.126,-0.317
12431,380914416,99827.98,28.10,0.269,-0.145,-0.420
12433,380974397,99821.08,28.10,0.267,0.438,-0.848
12435,381034431,99819.99,28.11,0.305,0.529,-0.288
12437,381094426,99824.11,28.11,0.261,0.181,0.325
12439,381154397,99827.50,28.11,0.237,-0.105,-0.189
12441,381214415,99822.34,28.11,0.265,0.331,-0.242
12443,381274397,99825.06,28.11,0.262,0.101,0.135
12445,381334422,99823.86,28.11,0.284,0.203,0.206
12447,381394410,99821.52,28.11,0.312,0.400,0.219
12449,381454397,99822.99,28.11,0.318,0.276,0.313
12451,381514415,99822.31,28.11,0.315,0.333,0.122
12453,381574397,99820.76,28.11,0.331,0.465,-0.050
12455,381634422,99823.87,28.11,0.336,0.202,0.284
12457,381694427,99823.20,28.11,0.314,0.259,0.075
12459,381754397,99823.69,28.11,0.312,0.217,-0.262
12461,381814425,99820.19,28.11,0.350,0.513,0.018
12463,381874397,99820.71,28.11,0.392,0.469,0.506
12465,381934423,99822.19,28.11,0.373,0.344,0.499
12467,381994397,99821.67,28.11,0.340,0.387,-0.299
12469,382054397,99822.36,28.11,0.326,0.329,-0.461
12471,382114415,99824.55,28.11,0.263,0.144,-0.410
12473,382174397,99823.67,28.12,0.262,0.218,-0.644
12475,382234422,99823.37,28.11,0.263,0.244,-0.126
12477,382294427,99821.93,28.12,0.231,0.366,-0.272
12479,382354397,99824.53,28.12,0.209,0.146,-0.423
12481,382414415,99821.07,28.12,0.275,0.439,0.065
12483,382474397,99824.25,28.12,0.249,0.169,0.538
12485,382534423,99818.84,28.12,0.305,0.627,-0.011
12487,382594409,99823.62,28.12,0.310,0.223,0.581
12489,382654397,99825.12,28.12,0.293,0.096,0.352
12491,382714415,99821.38,28.12,0.315,0.413,-0.173
12493,382774397,99822.13,28.12,0.323,0.348,0.115
12495,382834422,99822.77,28.12,0.276,0.295,-0.087
12497,382894465,99822.66,28.12,0.290,0.304,-0.401
12499,382954396,99822.43,28.12,0.271,0.324,-0.029
12501,383014415,99823.41,28.12,0.294,0.240,-0.018
12503,383074397,99819.88,28.12,0.333,0.539,0.326
12505,383134422,99823.07,28.12,0.337,0.270,0.459
12507,383194397,99818.69,28.13,0.377,0.639,0.254
12509,383254397,99825.20,28.13,0.361,0.090,0.472
12511,383314415,99821.15,28.13,0.366,0.432,0.022
12513,383374407,99823.91,28.13,0.377,0.198,0.029
12515,383434423,99820.70,28.13,0.393,0.470,0.196
12517,383494426,99821.58,28.13,0.411,0.395,0.173
12519,383554397,99823.02,28.13,0.358,0.274,0.030
12521,383614415,99823.65,28.13,0.310,0.220,-0.734
12523,383674397,99821.83,28.13,0.314,0.374,-0.627
12525,383734423,99824.73,28.13,0.313,0.129,0.047
12527,383794397,99820.85,28.13,0.349,0.457,0.154
12529,383854397,99826.02,28.13,0.287,0.021,0.100
12531,383914416,99822.45,28.13,0.322,0.321,-0.364
12533,383974397,99821.83,28.13,0.349,0.374,0.256
12535,384034422,99823.90,28.13,0.342,0.200,0.371
12537,384094427,99825.41,28.13,0.265,0.072,-0.301
12539,384154408,99821.05,28.13,0.302,0.440,-0.791
12541,384214415,99824.72,28.13,0.277,0.130,0.144
12543,384274397,99819.55,28.13,0.311,0.567,-0.117
12545,384334423,99820.95,28.13,0.319,0.449,0.195
12547,384394410,99824.27,28.13,0.297,0.168,0.245
12549,384454397,99822.05,28.13,0.294,0.356,-0.198
12551,384514415,99822.82,28.13,0.277,0.290,-0.235
12553,384574397,99817.44,28.13,0.360,0.745,0.046
12555,384634422,99823.37,28.13,0.288,0.244,0.505
12557,384694427,99822.07,28.13,0.316,0.353,-0.298
12559,384754397,99821.07,28.13,0.312,0.438,0.093
12561,384814415,99820.70,28.13,0.296,0.470,-0.179
12563,384874397,99822.88,28.13,0.321,0.285,0.058
12565,384934431,99819.92,28.13,0.379,0.535,0.564
12567,384994397,99817.70,28.13,0.411,0.723,0.577
12569,385054397,99819.63,28.13,0.427,0.560,0.487
12571,385114415,99820.55,28.13,0.431,0.482,0.386
12573,385174397,99817.89,28.13,0.451,0.707,0.083
12575,385234422,99823.64,28.13,0.410,0.221,0.155
12577,385294426,99822.18,28.13,0.379,0.345,-0.388
12579,385354397,99823.14,28.13,0.335,0.263,-0.669
12581,385414415,99820.02,28.13,0.392,0.527,-0.294
12583,385474397,99819.20,28.13,0.404,0.596,0.444
12585,385534422,99820.20,28.13,0.388,0.512,0.107
12587,385594397,99823.47,28.13,0.351,0.235,-0.151
12589,385654397,99824.09,28.13,0.325,0.183,-0.369
12591,385714426,99824.16,28.13,0.316,0.177,-0.347
12593,385774397,99822.68,28.13,0.272,0.302,-0.461
12595,385834423,99822.30,28.13,0.294,0.334,-0.459
12597,385894452,99822.50,28.13,0.293,0.317,0.182
12599,385954397,99822.55,28.13,0.328,0.314,0.223
12601,386014415,99823.15,28.13,0.330,0.263,0.434
12603,386074397,99818.93,28.13,0.388,0.619,0.205
12605,386134422,99821.88,28.13,0.406,0.370,0.674
12607,386194397,99820.81,28.13,0.432,0.460,0.517
12609,386254397,99820.74,28.13,0.426,0.466,0.213
12611,386314415,99826.36,28.13,0.374,-0.009,-0.044
12613,386374397,99821.02,28.13,0.392,0.443,-0.462
12615,386434423,99822.05,28.13,0.413,0.355,0.032
12617,386494435,99820.63,28.13,0.427,0.475,0.312
12619,386554397,99825.70,28.13,0.406,0.047,0.246
12621,386614415,99821.55,28.13,0.410,0.398,-0.144
12623,386674397,99823.09,28.13,0.410,0.267,-0.116
12625,386734423,99822.86,28.13,0.334,0.287,-0.367
12627,386794397,99825.46,28.13,0.295,0.067,-0.944
12629,386854397,99822.55,28.13,0.278,0.313,-0.624
12631,386914416,99820.90,28.13,0.367,0.453,0.051
12633,386974397,99822.52,28.13,0.342,0.316,0.817
12635,387034422,99823.47,28.14,0.326,0.235,-0.144
12637,387094427,99825.80,28.14,0.308,0.039,-0.133
12639,387154397,99823.04,28.13,0.347,0.272,-0.007
12641,387214415,99819.58,28.14,0.363,0.564,0.174
12643,387274407,99822.55,28.14,0.347,0.313,0.096
12645,387334423,99822.50,28.13,0.354,0.317,0.032
12647,387394410,99823.59,28.14,0.332,0.226,-0.010
12649,387454397,99824.26,28.14,0.297,0.169,-0.339
12651,387514415,99820.12,28.14,0.335,0.518,-0.377
12653,387574397,99820.84,28.14,0.378,0.458,0.445
12655,387634423,99821.98,28.14,0.323,0.361,0.297
12657,387694427,99822.53,28.14,0.296,0.315,-0.628
12659,387754397,99821.32,28.14,0.287,0.417,-0.444
12661,387814415,99820.47,28.14,0.311,0.489,-0.091
12663,387874397,99819.86,28.14,0.353,0.541,0.421
12665,387934420,99821.31,28.13,0.383,0.418,0.705
12667,387994397,99819.84,28.14,0.436,0.542,0.685
12669,388054408,99820.64,28.14,0.421,0.475,0.487
12671,388114415,99818.32,28.14,0.460,0.671,0.040
12673,388174397,99826.02,28.14,0.421,0.020,0.481
12675,388234423,99817.77,28.14,0.451,0.718,-0.250
12677,388294427,99821.38,28.14,0.426,0.412,-0.102
12679,388354397,99821.27,28.14,0.383,0.421,-0.307
12681,388414415,99817.98,28.14,0.455,0.699,-0.261
12683,388474397,99823.91,28.14,0.385,0.198,0.483
12685,388534422,99820.98,28.14,0.397,0.446,-0.470
12687,388594397,99819.80,28.14,0.400,0.545,-0.146
12689,388654397,99819.55,28.14,0.381,0.566,-0.142
12691,388714415,99822.41,28.14,0.408,0.324,0.096
12693,388774396,99822.20,28.14,0.396,0.343,0.349
12695,388834431,99824.24,28.14,0.409,0.171,0.070
12697,388894452,99823.94,28.14,0.387,0.196,0.093
12699,388954397,99817.04,28.14,0.418,0.779,-0.430
12701,389014415,99819.60,28.14,0.432,0.562,0.165
12703,389074397,99822.78,28.14,0.416,0.293,0.396
12705,389134422,99822.41,28.14,0.405,0.325,-0.078
12707,389194397,99821.24,28.14,0.400,0.424,-0.247
12709,389254397,99820.58,28.14,0.405,0.480,-0.128
12711,389314415,99821.05,28.14,0.440,0.440,0.248
12713,389374397,99823.81,28.15,0.402,0.207,0.338
12715,389434422,99817.73,28.15,0.444,0.720,-0.316
12717,389494427,99824.32,28.15,0.391,0.164,0.149
12719,389554397,99822.59,28.15,0.353,0.310,-0.510
12721,389614426,99823.51,28.15,0.298,0.232,-0.842
12723,389674397,99823.31,28.15,0.301,0.249,-0.586
12725,389734423,99819.93,28.15,0.338,0.534,-0.007
12727,389794397,99822.48,28.15,0.375,0.319,0.583
12729,389854397,99820.11,28.15,0.387,0.520,0.530
12731,389914415,99821.91,28.15,0.326,0.367,-0.214
12733,389974397,99820.67,28.15,0.342,0.472,-0.544
12735,390034422,99817.72,28.15,0.399,0.721,0.224
12737,390094426,99823.86,28.15,0.387,0.202,0.753
12739,390154397,99819.66,28.15,0.374,0.557,-0.047
12741,390214415,99824.49,28.15,0.348,0.149,-0.279
12743,390274397,99823.59,28.15,0.354,0.226,-0.056
12745,390334423,99824.11,28.15,0.350,0.181,-0.006
12747,390394418,99823.30,28.15,0.354,0.250,-0.027
12749,390454397,99824.23,28.15,0.291,0.171,-0.315
12751,390514415,99821.98,28.15,0.339,0.362,-0.484
12753,390574397,99821.59,28.15,0.336,0.395,0.307
12755,390634423,99819.59,28.15,0.383,0.563,0.163
12757,390694427,99819.52,28.15,0.377,0.569,0.373
12759,390754397,99821.25,28.16,0.379,0.423,0.085
12761,390814415,99821.10,28.15,0.380,0.436,0.106
12763,390874397,99821.15,28.15,0.400,0.432,0.118
12765,390934422,99821.55,28.16,0.421,0.398,0.366
12767,390994397,99822.80,28.16,0.372,0.292,0.055
12769,391054397,99823.66,28.15,0.344,0.219,-0.571
12771,391114415,99819.49,28.15,0.362,0.572,-0.428
12773,391174407,99818.33,28.16,0.401,0.670,0.114
12775,391234423,99821.95,28.16,0.410,0.364,0.640
12777,391294426,99822.62,28.15,0.388,0.307,0.241
12779,391354397,99822.51,28.15,0.373,0.317,-0.291
12781,391414415,99818.88,28.16,0.404,0.624,-0.208
12783,391474397,99823.61,28.16,0.401,0.224,0.363
12785,391534423,99824.65,28.16,0.377,0.136,0.159
12787,391594397,99820.49,28.16,0.382,0.487,-0.402
12789,391654397,99822.79,28.16,0.338,0.293,-0.318
12791,391714415,99821.45,28.16,0.330,0.407,-0.483
12793,391774397,99819.39,28.16,0.371,0.580,-0.080
12795,391834422,99819.64,28.16,0.386,0.559,0.439
12797,391894452,99821.42,28.16,0.404,0.408,0.422
12799,391954409,99817.08,28.16,0.473,0.776,0.479
12801,392014415,99820.87,28.16,0.433,0.455,0.521
12803,392074397,99823.31,28.16,0.390,0.249,-0.289
12805,392134423,99822.02,28.16,0.391,0.358,-0.449
12807,392194397,99822.58,28.16,0.346,0.311,-0.340
12809,392254397,99818.34,28.16,0.395,0.669,-0.406
12811,392314415,99821.53,28.16,0.429,0.399,0.644
12813,392374397,99825.48,28.16,0.375,0.065,0.496
12815,392434422,99822.96,28.17,0.343,0.279,-0.671
12817,392494427,99817.07,28.16,0.395,0.777,-0.557
12819,392554397,99820.09,28.16,0.384,0.521,0.318
12821,392614415,99818.74,28.16,0.436,0.635,0.320
12823,392674397,99823.09,28.16,0.384,0.268,0.424
12825,392734431,99820.84,28.16,0.430,0.457,-0.131
12827,392794396,99822.53,28.17,0.385,0.315,0.160
12829,392854397,99822.94,28.17,0.372,0.281,-0.418
12831,392914416,99821.99,28.17,0.355,0.360,-0.317
12833,392974397,99821.34,28.17,0.395,0.416,-0.054
12835,393034422,99820.56,28.17,0.401,0.481,0.375
12837,393094426,99821.15,28.16,0.362,0.432,-0.128
12839,393154397,99820.10,28.17,0.374,0.520,-0.372
12841,393214415,99819.55,28.17,0.409,0.567,0.215
12843,393274397,99819.51,28.16,0.402,0.570,0.326
12845,393334422,99819.32,28.17,0.439,0.587,0.160
12847,393394409,99823.60,28.17,0.445,0.225,0.655
12849,393454397,99820.55,28.17,0.449,0.482,0.191
12851,393514425,99822.92,28.17,0.386,0.282,-0.357
12853,393574397,99818.90,28.17,0.391,0.622,-0.752
12855,393634422,99820.02,28.17,0.435,0.528,0.097
12857,393694427,99823.63,28.17,0.421,0.222,0.661
12859,393754397,99823.02,28.17,0.378,0.273,-0.201
12861,393814415,99819.82,28.17,0.401,0.544,-0.554
12863,393874397,99822.59,28.17,0.408,0.310,0.227
12865,393934422,99820.52,28.17,0.409,0.484,0.135
12867,393994397,99822.43,28.17,0.406,0.324,-0.009
12869,394054397,99822.65,28.17,0.395,0.305,0.018
12871,394114415,99823.10,28.17,0.386,0.266,-0.140
12873,394174397,99820.05,28.17,0.416,0.524,-0.074
12875,394234423,99822.55,28.17,0.405,0.313,0.235
12877,394294435,99820.84,28.17,0.415,0.458,0.016
12879,394354397,99818.74,28.17,0.452,0.635,0.108
12881,394414415,99821.03,28.17,0.400,0.442,0.126
12883,394474397,99825.40,28.17,0.367,0.072,-0.372
12885,394534423,99815.62,28.17,0.452,0.899,-0.216
12887,394594397,99819.84,28.17,0.509,0.542,0.941
12889,394654397,99822.62,28.17,0.452,0.307,0.754
12891,394714415,99822.70,28.17,0.431,0.301,-0.538
12893,394774397,99821.90,28.17,0.408,0.369,-0.462
12895,394834422,99818.26,28.17,0.450,0.676,-0.265
12897,394894452,99820.72,28.17,0.475,0.468,0.519
12899,394954397,99821.80,28.17,0.457,0.377,0.411
12901,395014415,99824.43,28.17,0.385,0.155,-0.397
12903,395074407,99817.25,28.17,0.474,0.761,-0.546
12905,395134423,99825.12,28.17,0.414,0.096,0.599
12907,395194397,99816.23,28.17,0.479,0.848,-0.236
12909,395254397,99822.62,28.17,0.435,0.307,0.264
12911,395314415,99824.52,28.17,0.451,0.147,0.112
12913,395374398,99823.12,28.17,0.388,0.265,-0.211
12915,395434423,99823.47,28.17,0.364,0.235,-0.876
12917,395494427,99822.70,28.17,0.338,0.301,-0.509
12919,395554397,99825.20,28.17,0.311,0.089,-0.373
12921,395614415,99823.58,28.17,0.323,0.226,-0.205
12923,395674397,99823.71,28.17,0.355,0.215,0.212
12925,395734422,99822.45,28.17,0.366,0.322,0.369
12927,395794397,99818.08,28.18,0.416,0.691,0.151
12929,395854408,99824.54,28.17,0.373,0.145,0.426
12931,395914416,99820.63,28.18,0.381,0.475,-0.243
12933,395974397,99818.75,28.18,0.417,0.634,-0.059
12935,396034423,99818.48,28.18,0.421,0.657,0.317
12937,396094427,99821.11,28.18,0.380,0.435,-0.032
12939,396154396,99822.94,28.18,0.358,0.281,-0.342
12941,396214415,99822.16,28.18,0.353,0.347,-0.262
12943,396274397,99820.05,28.18,0.415,0.524,0.137
12945,396334422,99822.60,28.18,0.383,0.309,0.515
12947,396394410,99823.08,28.18,0.361,0.269,-0.260
12949,396454397,99822.33,28.18,0.375,0.332,-0.199
12951,396514415,99821.68,28.19,0.386,0.387,0.121
12953,396574397,99820.58,28.19,0.401,0.480,0.128
12955,396634431,99822.65,28.19,0.404,0.305,0.244
12957,396694427,99821.78,28.19,0.420,0.378,0.205
12959,396754396,99824.81,28.19,0.392,0.122,0.131
12961,396814415,99819.46,28.19,0.395,0.574,-0.400
12963,396874397,99820.83,28.19,0.382,0.459,-0.287
12965,396934422,99817.24,28.19,0.453,0.762,0.154
12967,396994397,99820.80,28.19,0.427,0.461,0.617
12969,397054397,99822.64,28.20,0.399,0.305,-0.085
12971,397114415,99821.44,28.20,0.404,0.407,-0.268
12973,397174397,99819.59,28.20,0.424,0.563,-0.025
12975,397234422,99825.70,28.20,0.353,0.048,0.037
12977,397294427,99824.28,28.20,0.327,0.167,-0.665
12979,397354397,99825.18,28.20,0.331,0.091,-0.359
12981,397414425,99823.21,28.20,0.334,0.257,-0.021
12983,397474397,99823.14,28.20,0.311,0.263,-0.205
12985,397534422,99820.82,28.20,0.327,0.460,-0.284
12987,397594397,99822.59,28.20,0.321,0.310,0.087
12989,397654397,99824.45,28.20,0.274,0.153,-0.131
12991,397714415,99822.98,28.20,0.261,0.277,-0.579
12993,397774397,99822.62,28.20,0.304,0.307,-0.041
12995,397834422,99822.26,28.20,0.313,0.338,0.472
12997,397894466,99822.84,28.20,0.332,0.289,0.264
12999,397954397,99819.31,28.20,0.360,0.587,0.224
13001,398014415,99820.35,28.20,0.382,0.499,0.331
13003,398074397,99823.28,28.20,0.375,0.252,0.444
13005,398134423,99822.13,28.19,0.395,0.349,0.152
13007,398194409,99819.93,28.20,0.410,0.535,0.125
13009,398254397,99819.46,28.20,0.407,0.574,0.034
13011,398314415,99820.07,28.20,0.461,0.523,0.303
13013,398374397,99821.20,28.19,0.447,0.428,0.600
13015,398434423,99824.41,28.20,0.390,0.156,-0.199
13017,398494427,99820.62,28.20,0.378,0.476,-0.741
13019,398554397,99824.16,28.20,0.377,0.178,-0.211
13021,398614415,99822.46,28.20,0.404,0.321,0.230
13023,398674397,99820.08,28.20,0.398,0.522,0.045
13025,398734422,99827.09,28.20,0.329,-0.071,-0.200
13027,398794397,99817.89,28.20,0.400,0.707,-0.470
13029,398854397,99820.75,28.20,0.424,0.465,0.516
13031,398914416,99822.37,28.20,0.410,0.328,0.499
13033,398974407,99820.78,28.20,0.434,0.463,0.005
13035,399034423,99818.88,28.20,0.481,0.623,0.344
13037,399094426,99820.97,28.20,0.461,0.447,0.440
13039,399154397,99818.66,28.20,0.471,0.642,-0.128
13041,399214415,99825.41,28.20,0.442,0.072,0.156
13043,399274397,99821.69,28.21,0.406,0.386,-0.360
13045,399334423,99818.90,28.21,0.448,0.622,-0.525
13047,399394410,99819.51,28.21,0.497,0.571,0.594
13049,399454397,99821.99,28.20,0.495,0.360,0.745
13051,399514415,99818.87,28.21,0.540,0.625,0.257
13053,399574397,99820.00,28.20,0.524,0.529,0.290
13055,399634422,99822.05,28.21,0.492,0.355,-0.149
13057,399694427,99819.38,28.21,0.517,0.581,-0.252
13059,399754408,99820.52,28.21,0.519,0.485,0.165
13061,399814415,99820.85,28.21,0.498,0.457,0.000
13063,399874397,99820.77,28.21,0.489,0.464,-0.266
13065,399934423,99822.27,28.21,0.451,0.337,-0.263
13067,399994397,99821.38,28.21,0.449,0.412,-0.412
13069,400054397,99820.48,28.21,0.423,0.489,-0.307
13071,400114415,99822.40,28.21,0.415,0.326,-0.281
13073,400174397,99822.12,28.21,0.396,0.349,-0.145
13075,400234422,99822.55,28.21,0.378,0.313,-0.317
13077,400294427,99823.00,28.21,0.349,0.275,-0.338
13079,400354397,99820.59,28.21,0.394,0.478,-0.176
13081,400414415,99821.40,28.21,0.398,0.411,0.406
13083,400474397,99823.18,28.21,0.413,0.260,0.319
13085,400534431,99818.88,28.21,0.466,0.624,0.344
13087,400594397,99822.11,28.21,0.436,0.350,0.373
13089,400654397,99823.60,28.21,0.440,0.224,-0.001
13091,400714415,99817.77,28.21,0.484,0.717,0.032
13093,400774397,99813.52,28.21,0.565,1.076,0.421
13095,400834422,99815.92,28.21,0.607,0.873,1.089
13097,400894452,99819.86,28.21,0.591,0.541,0.792
13099,400954397,99822.21,28.21,0.510,0.342,-0.270
13101,401014415,99820.35,28.21,0.495,0.499,-0.973
13103,401074397,99818.56,28.21,0.496,0.650,-0.437
13105,401134422,99823.82,28.20,0.431,0.206,-0.199
13107,401194397,99823.35,28.21,0.441,0.245,-0.399
13109,401254397,99821.08,28.21,0.430,0.438,-0.173
13111,401314426,99817.16,28.21,0.482,0.769,-0.139
13113,401374397,99817.87,28.20,0.496,0.709,0.477
13115,401434423,99819.04,28.20,0.473,0.610,0.176
13117,401494427,99824.27,28.21,0.421,0.169,-0.195
13119,401554397,99820.40,28.20,0.439,0.495,-0.425
13121,401614415,99825.05,28.21,0.401,0.102,-0.044
13123,401674397,99823.12,28.20,0.383,0.265,-0.360
13125,401734422,99819.94,28.21,0.413,0.534,-0.334
13127,401794397,99822.01,28.20,0.399,0.359,0.169
13129,401854397,99820.44,28.20,0.386,0.492,-0.170
13131,401914415,99822.63,28.21,0.374,0.307,-0.193
13133,401974397,99817.03,28.21,0.409,0.780,-0.121
13135,402034423,99822.91,28.21,0.359,0.283,0.098
13137,402094435,99821.21,28.20,0.368,0.427,-0.249
13139,402154397,99818.18,28.21,0.425,0.683,0.128
13141,402214415,99823.12,28.21,0.385,0.265,0.510
13143,402274397,99822.80,28.21,0.391,0.292,-0.102
13145,402334423,99821.14,28.21,0.426,0.432,0.121
13147,402394409,99823.73,28.21,0.403,0.213,0.313
13149,402454397,99821.05,28.21,0.414,0.440,-0.149
13151,402514415,99818.91,28.21,0.445,0.620,0.020
13153,402574397,99820.82,28.21,0.459,0.460,0.424
13155,402634422,99820.79,28.21,0.459,0.462,0.286
13157,402694427,99820.66,28.21,0.475,0.473,0.098
13159,402754397,99821.30,28.21,0.449,0.418,0.050
13161,402814415,99823.21,28.21,0.468,0.258,-0.028
13163,402874407,99820.66,28.21,0.458,0.474,0.091
13165,402934420,99821.27,28.22,0.457,0.421,-0.199
13167,402994397,99821.00,28.22,0.445,0.444,-0.071
13169,403054397,99820.33,28.21,0.475,0.501,-0.008
13171,403114415,99818.15,28.22,0.498,0.685,0.296
13173,403174397,99823.48,28.22,0.441,0.234,0.123
13175,403234423,99822.12,28.22,0.427,0.349,-0.470
13177,403294427,99823.92,28.22,0.400,0.198,-0.347
13179,403354397,99820.89,28.22,0.452,0.453,-0.079
13181,403414415,99816.98,28.22,0.488,0.784,0.383
13183,403474397,99818.03,28.22,0.513,0.695,0.445
13185,403534422,99820.37,28.22,0.536,0.498,0.633
13187,403594397,99820.91,28.22,0.503,0.452,0.241
13189,403654408,99821.24,28.22,0.481,0.424,-0.427
13191,403714415,99818.27,28.22,0.518,0.675,-0.199
13193,403774397,99819.22,28.22,0.529,0.595,0.341
13195,403834423,99822.11,28.22,0.473,0.350,0.042
13197,403894452,99821.81,28.22,0.450,0.376,-0.605
13199,403954397,99822.10,28.22,0.440,0.351,-0.375
13201,404014415,99824.26,28.22,0.433,0.169,-0.044
13203,404074397,99820.75,28.22,0.426,0.465,-0.200
13205,404134422,99817.20,28.22,0.460,0.765,-0.268
13207,404194397,99821.46,28.22,0.472,0.405,0.476
13209,404254397,99822.85,28.22,0.429,0.288,0.222
13211,404314415,99821.36,28.22,0.430,0.414,-0.454
13213,404374397,99824.93,28.22,0.382,0.112,-0.202
13215,404434431,99819.95,28.22,0.387,0.532,-0.578
13217,404494427,99821.48,28.22,0.444,0.404,0.149
13219,404554397,99819.38,28.22,0.463,0.581,0.711
13221,404614415,99820.96,28.22,0.473,0.448,0.298
13223,404674397,99822.56,28.22,0.431,0.312,0.055
13225,404734422,99822.99,28.22,0.396,0.276,-0.550
13227,404794397,99821.33,28.22,0.398,0.416,-0.481
13229,404854397,99822.57,28.22,0.378,0.311,-0.145
13231,404914415,99821.69,28.22,0.386,0.386,-0.148
13233,404974397,99820.09,28.22,0.418,0.521,0.122
13235,405034422,99820.66,28.22,0.432,0.473,0.387
13237,405094427,99822.21,28.22,0.415,0.342,0.200
13239,405154397,99823.32,28.22,0.401,0.248,-0.112
13241,405214425,99819.89,28.21,0.436,0.538,-0.092
13243,405274397,99821.13,28.22,0.445,0.433,0.308
13245,405334423,99820.70,28.22,0.458,0.470,0.252
13247,405394410,99819.27,28.21,0.451,0.590,0.007
13249,405454396,99817.82,28.21,0.450,0.713,-0.218
13251,405514415,99822.39,28.21,0.440,0.327,0.088
13253,405574397,99821.40,28.21,0.464,0.410,0.217
13255,405634422,99823.50,28.21,0.413,0.233,0.015
13257,405694426,99822.02,28.21,0.348,0.358,-0.888
13259,405754397,99821.66,28.21,0.361,0.388,-0.791
13261,405814415,99819.93,28.21,0.424,0.535,0.334
13263,405874397,99823.00,28.21,0.446,0.275,0.911
13265,405934423,99815.38,28.21,0.485,0.919,0.290
13267,405994409,99821.12,28.21,0.447,0.434,0.129
13269,406054397,99822.56,28.21,0.425,0.312,-0.123
13271,406114415,99827.84,28.21,0.367,-0.134,-0.263
13273,406174397,99820.44,28.21,0.369,0.491,-0.761
13275,406234423,99818.90,28.21,0.396,0.622,-0.352
13277,406294427,99819.52,28.21,0.416,0.569,0.367
13279,406354397,99822.01,28.21,0.420,0.359,0.436
13281,406414415,99820.15,28.21,0.420,0.516,0.099
13283,406474397,99821.12,28.21,0.417,0.434,-0.066
13285,406534422,99817.63,28.20,0.483,0.729,0.221
13287,406594397,99820.72,28.21,0.476,0.468,0.662
13289,406654397,99818.81,28.21,0.460,0.629,-0.034
13291,406714415,99819.89,28.20,0.463,0.538,-0.214
13293,406774407,99820.88,28.20,0.452,0.454,0.061
13295,406834423,99822.14,28.21,0.438,0.348,-0.077
13297,406894452,99821.01,28.20,0.436,0.444,-0.174
13299,406954397,99818.95,28.20,0.468,0.617,-0.019
13301,407014415,99816.73,28.20,0.499,0.805,0.307
13303,407074397,99823.53,28.20,0.467,0.230,0.433
13305,407134423,99827.07,28.20,0.392,-0.068,-0.209
13307,407194397,99822.61,28.20,0.418,0.308,-0.763
13309,407254397,99820.10,28.20,0.440,0.520,-0.036
13311,407314415,99819.16,28.20,0.507,0.600,0.479
13313,407374397,99821.57,28.20,0.458,0.396,0.555
13315,407434422,99820.34,28.20,0.449,0.500,-0.457
13317,407494427,99818.81,28.20,0.490,0.629,-0.055
13319,407554408,99819.18,28.20,0.501,0.598,0.440
13321,407614415,99821.55,28.20,0.482,0.398,0.196
13323,407674397,99823.39,28.20,0.451,0.242,-0.151
13325,407734423,99820.14,28.20,0.447,0.517,-0.459
13327,407794397,99821.01,28.20,0.457,0.444,-0.152
13329,407854397,99822.98,28.20,0.411,0.277,-0.006
13331,407914416,99818.55,28.20,0.434,0.652,-0.489
13333,407974397,99819.53,28.20,0.465,0.568,0.205
13335,408034422,99822.69,28.20,0.443,0.302,0.458
13337,408094427,99818.28,28.20,0.463,0.674,-0.162
13339,408154397,99819.70,28.20,0.465,0.555,0.051
13341,408214415,99818.13,28.20,0.486,0.686,0.158
13343,408274397,99822.39,28.20,0.472,0.327,0.294
13345,408334432,99824.77,28.20,0.455,0.126,0.124
13347,408394410,99823.19,28.20,0.425,0.259,-0.335
13349,408454397,99817.99,28.20,0.453,0.698,-0.552
13351,408514415,99819.76,28.20,0.443,0.549,0.042
13353,408574397,99821.65,28.20,0.438,0.389,0.084
13355,408634422,99818.49,28.20,0.466,0.656,0.026
13357,408694426,99820.10,28.20,0.491,0.520,0.372
13359,408754396,99819.74,28.20,0.491,0.551,0.370
13361,408814415,99823.56,28.20,0.449,0.227,-0.045
13363,408874396,99820.77,28.20,0.478,0.463,-0.237
13365,408934422,99820.91,28.20,0.435,0.451,-0.108
13367,408994397,99820.97,28.20,0.453,0.447,-0.332
13369,409054397,99820.30,28.20,0.494,0.504,0.357
13371,409114426,99824.20,28.20,0.439,0.174,0.328
13373,409174397,99821.81,28.21,0.423,0.376,-0.580
13375,409234423,99822.98,28.20,0.414,0.277,-0.351
13377,409294427,99818.53,28.20,0.462,0.653,-0.019
13379,409354397,99822.94,28.20,0.459,0.280,0.502
13381,409414415,99819.59,28.20,0.485,0.563,0.232
13383,409474397,99818.04,28.21,0.526,0.694,0.263
13385,409534422,99821.23,28.20,0.518,0.425,0.517
13387,409594397,99818.91,28.20,0.522,0.620,0.025
13389,409654397,99824.46,28.20,0.449,0.152,-0.220
13391,409714415,99821.64,28.20,0.453,0.390,-0.636
13393,409774397,99822.95,28.20,0.463,0.280,-0.050
13395,409834423,99821.02,28.20,0.474,0.442,0.154
13397,409894459,99822.66,28.20,0.510,0.304,0.326
13399,409954397,99818.78,28.20,0.546,0.632,0.499
13401,410014415,99824.41,28.20,0.502,0.156,0.273
13403,410074397,99820.90,28.20,0.479,0.453,-0.474
13405,410134423,99817.72,28.20,0.477,0.721,-0.672
13407,410194397,99825.52,28.20,0.401,0.063,-0.239
13409,410254397,99817.99,28.20,0.445,0.699,-0.574
13411,410314415,99817.18,28.20,0.470,0.767,0.103
13413,410374397,99817.82,28.20,0.487,0.713,0.415
13415,410434422,99819.54,28.20,0.520,0.568,0.537
13417,410494427,99822.48,28.20,0.502,0.319,0.530
13419,410554397,99819.28,28.20,0.520,0.590,-0.074
13421,410614415,99820.33,28.20,0.522,0.501,0.075
13423,410674407,99819.09,28.20,0.540,0.606,0.130
13425,410734423,99821.02,28.20,0.506,0.442,0.043
13427,410794397,99821.34,28.20,0.525,0.415,-0.124
13429,410854397,99822.32,28.20,0.455,0.333,-0.169
13431,410914416,99818.41,28.20,0.490,0.663,-0.703
13433,410974397,99822.03,28.20,0.470,0.357,0.184
13435,411034423,99819.30,28.20,0.514,0.588,0.112
13437,411094427,99820.97,28.20,0.497,0.447,0.308
13439,411154397,99817.75,28.20,0.522,0.719,-0.076
13441,411214415,99819.27,28.20,0.539,0.591,0.271
13443,411274397,99819.27,28.20,0.528,0.591,0.229
13445,411334422,99822.66,28.20,0.508,0.304,-0.038
13447,411394410,99817.80,28.20,0.557,0.714,-0.027
13449,411454408,99821.82,28.20,0.534,0.375,0.345
13451,411514415,99820.52,28.20,0.519,0.485,-0.146
13453,411574397,99817.88,28.20,0.512,0.708,-0.441
13455,411634423,99821.38,28.20,0.499,0.412,-0.128
13457,411694427,99821.30,28.20,0.473,0.419,-0.122
13459,411754397,99820.97,28.20,0.461,0.447,-0.390
13461,411814415,99821.88,28.20,0.417,0.370,-0.384
13463,411874397,99820.66,28.20,0.434,0.472,-0.415
13465,411934422,99816.82,28.20,0.483,0.797,0.161
13467,411994397,99819.95,28.20,0.490,0.534,0.555
13469,412054397,99818.34,28.20,0.503,0.669,0.282
13471,412114415,99817.02,28.19,0.523,0.781,0.115
13473,412174397,99819.90,28.20,0.523,0.537,0.325
13475,412234431,99818.67,28.20,0.533,0.641,0.166
13477,412294426,99824.34,28.19,0.498,0.162,0.145
13479,412354397,99820.99,28.20,0.504,0.445,-0.220
13481,412414415,99820.91,28.20,0.470,0.451,-0.346
13483,412474397,99820.15,28.20,0.461,0.516,-0.468
13485,412534422,99822.17,28.20,0.470,0.345,-0.020
13487,412594397,99819.54,28.20,0.488,0.568,0.163
13489,412654397,99823.27,28.19,0.447,0.253,0.028
13491,412714415,99819.93,28.20,0.499,0.534,-0.116
13493,412774397,99820.38,28.19,0.522,0.497,0.518
13495,412834422,99821.80,28.20,0.497,0.377,0.267
13497,412894466,99821.67,28.20,0.475,0.388,-0.318
13499,412954397,99820.43,28.20,0.507,0.492,-0.156
13501,413014425,99821.20,28.20,0.463,0.427,0.054
13503,413074397,99816.13,28.19,0.487,0.855,-0.548
13505,413134423,99816.84,28.19,0.551,0.796,0.359
13507,413194397,99821.99,28.19,0.570,0.360,1.161
13509,413254397,99822.70,28.19,0.537,0.301,0.398
13511,413314415,99820.48,28.19,0.542,0.488,-0.400
13513,413374397,99820.01,28.19,0.539,0.528,-0.140
13515,413434422,99818.66,28.19,0.508,0.641,-0.304
13517,413494426,99820.56,28.19,0.515,0.481,-0.275
13519,413554397,99819.70,28.19,0.518,0.554,0.110
13521,413614415,99821.82,28.19,0.488,0.375,-0.064
13523,413674397,99819.69,28.19,0.507,0.555,-0.212
13525,413734423,99821.55,28.19,0.477,0.398,-0.010
13527,413794409,99816.98,28.19,0.525,0.784,-0.183
13529,413854397,99818.91,28.19,0.524,0.621,0.351
13531,413914415,99824.86,28.19,0.464,0.118,0.113
13533,413974397,99825.73,28.19,0.396,0.045,-0.697
13535,414034423,99821.27,28.19,0.416,0.422,-0.891
13537,414094427,99821.10,28.19,0.403,0.436,-0.171
13539,414154397,99820.35,28.19,0.426,0.499,-0.031
13541,414214415,99823.71,28.19,0.440,0.215,0.459
13543,414274397,99817.77,28.19,0.449,0.717,0.090
13545,414334422,99826.42,28.19,0.397,-0.014,-0.045
13547,414394410,99818.84,28.19,0.448,0.627,-0.208
13549,414454397,99817.12,28.19,0.506,0.772,0.349
13551,414514415,99816.29,28.19,0.566,0.843,0.909
13553,414574409,99822.41,28.19,0.531,0.325,0.799
13555,414634423,99823.19,28.19,0.500,0.260,-0.141
13557,414694426,99823.12,28.19,0.491,0.265,-0.387
13559,414754397,99819.44,28.19,0.487,0.576,-0.348
13561,414814415,99821.45,28.19,0.430,0.406,-0.477
13563,414874397,99822.40,28.19,0.440,0.326,-0.422
13565,414934424,99824.59,28.19,0.379,0.141,-0.145
13567,414994397,99820.88,28.19,0.401,0.455,-0.613
13569,415054397,99819.91,28.19,0.440,0.536,0.166
13571,415114415,99820.07,28.19,0.458,0.523,0.515
13573,415174397,99820.97,28.19,0.451,0.447,0.253
13575,415234422,99822.60,28.19,0.423,0.309,-0.090
13577,415294427,99818.66,28.18,0.444,0.642,-0.320
13579,415354408,99821.69,28.18,0.442,0.386,0.149
13581,415414415,99820.37,28.18,0.467,0.498,0.235
13583,415474397,99819.38,28.18,0.485,0.581,0.253
13585,415534423,99819.05,28.18,0.515,0.608,0.329
13587,415594397,99819.75,28.18,0.531,0.550,0.463
13589,415654397,99820.54,28.18,0.505,0.483,0.135
13591,415714415,99815.79,28.18,0.553,0.884,-0.203
13593,415774397,99820.71,28.18,0.517,0.469,0.299
13595,415834422,99821.53,28.18,0.515,0.399,-0.048
13597,415894452,99821.72,28.18,0.483,0.383,-0.186
13599,415954397,99819.12,28.18,0.520,0.603,-0.268
13601,416014415,99821.13,28.18,0.484,0.433,0.137
13603,416074397,99823.66,28.18,0.429,0.219,-0.438
13605,416134431,99821.09,28.18,0.429,0.436,-0.649
13607,416194397,99819.63,28.18,0.449,0.560,-0.154
13609,416254397,99820.71,28.18,0.479,0.469,0.377
13611,416314415,99822.51,28.18,0.457,0.317,0.378
13613,416374397,99818.77,28.18,0.468,0.633,-0.254
13615,416434422,99819.62,28.18,0.479,0.561,0.003
13617,416494426,99819.78,28.18,0.497,0.547,0.292
13619,416554397,99817.21,28.18,0.518,0.764,0.204
13621,416614415,99820.53,28.18,0.560,0.484,0.543
13623,416674397,99817.14,28.18,0.599,0.771,0.704
13625,416734422,99819.49,28.18,0.577,0.572,0.289
13627,416794397,99820.37,28.18,0.520,0.498,-0.359
13629,416854397,99817.86,28.18,0.508,0.710,-0.814
13631,416914423,99821.98,28.18,0.475,0.362,-0.293
13633,416974397,99822.90,28.18,0.503,0.284,0.051
13635,417034423,99822.44,28.18,0.495,0.323,0.251
13637,417094427,99817.16,28.18,0.524,0.768,-0.193
13639,417154397,99821.95,28.18,0.497,0.363,0.122
13641,417214415,99819.43,28.18,0.525,0.577,0.020
13643,417274397,99817.57,28.18,0.576,0.734,0.352
13645,417334422,99820.06,28.18,0.549,0.523,0.465
13647,417394410,99819.13,28.18,0.563,0.602,-0.085
13649,417454397,99819.45,28.18,0.539,0.576,-0.042
13651,417514415,99824.51,28.18,0.455,0.148,-0.452
13653,417574397,99820.70,28.18,0.496,0.470,-0.652
13655,417634423,99821.12,28.18,0.473,0.434,0.047
13657,417694435,99822.91,28.18,0.456,0.283,-0.192
13659,417754397,99817.75,28.18,0.512,0.719,-0.068
13661,417814415,99819.41,28.18,0.558,0.579,0.684
13663,417874397,99819.94,28.18,0.544,0.534,0.602
13665,417934420,99824.22,28.18,0.503,0.172,-0.084
13667,417994397,99822.11,28.18,0.472,0.350,-0.530
13669,418054397,99824.68,28.18,0.464,0.133,-0.409
13671,418114415,99818.70,28.18,0.537,0.639,0.125
13673,418174397,99819.21,28.17,0.535,0.595,0.496
13675,418234422,99821.80,28.17,0.484,0.377,-0.083
13677,418294427,99820.45,28.17,0.507,0.490,-0.364
13679,418354397,99820.31,28.17,0.490,0.502,0.023
13681,418414415,99822.48,28.17,0.463,0.320,-0.215
13683,418474407,99823.79,28.17,0.443,0.209,-0.253
13685,418534423,99817.03,28.17,0.495,0.780,-0.237
13687,418594397,99821.27,28.17,0.500,0.422,0.450
13689,418654397,99820.86,28.17,0.504,0.456,0.340
13691,418714415,99820.70,28.17,0.512,0.470,0.070
13693,418774397,99820.18,28.17,0.508,0.514,0.030
13695,418834423,99819.79,28.17,0.512,0.546,-0.058
13697,418894452,99817.69,28.17,0.521,0.724,-0.040
13699,418954397,99821.73,28.17,0.502,0.382,0.097
13701,419014415,99820.47,28.17,0.495,0.489,-0.100
13703,419074397,99817.03,28.17,0.532,0.780,-0.132
13705,419134422,99817.23,28.17,0.570,0.763,0.455
13707,419194397,99819.17,28.17,0.578,0.599,0.621
13709,419254408,99823.22,28.17,0.567,0.257,0.382
13711,419314415,99814.83,28.17,0.578,0.966,-0.289
13713,419374397,99819.11,28.17,0.559,0.604,-0.220
13715,419434423,99821.86,28.17,0.527,0.372,-0.011
13717,419494427,99820.30,28.17,0.526,0.503,-0.314
13719,419554397,99818.48,28.17,0.516,0.658,-0.278
13721,419614415,99822.70,28.17,0.486,0.301,-0.155
13723,419674397,99822.12,28.17,0.504,0.350,-0.044
13725,419734422,99821.12,28.17,0.512,0.434,0.121
13727,419794397,99819.92,28.16,0.490,0.535,-0.135
13729,419854397,99821.38,28.16,0.462,0.413,-0.380
13731,419914416,99823.75,28.16,0.424,0.212,-0.357
13733,419974397,99819.09,28.16,0.435,0.606,-0.506
13735,420034431,99817.62,28.16,0.489,0.730,0.071
13737,420094427,99821.21,28.16,0.492,0.426,0.748
13739,420154397,99820.62,28.16,0.497,0.476,0.280
13741,420214415,99817.11,28.16,0.535,0.773,0.058
13743,420274397,99821.98,28.16,0.492,0.361,0.246
13745,420334424,99820.43,28.16,0.490,0.492,-0.270
13747,420394410,99822.45,28.16,0.452,0.322,-0.263
13749,420454397,99822.16,28.16,0.447,0.346,-0.360
13751,420514415,99816.72,28.16,0.479,0.806,-0.213
13753,420574397,99818.67,28.16,0.502,0.641,0.292
13755,420634422,99817.70,28.16,0.550,0.723,0.621
13757,420694427,99818.11,28.16,0.524,0.688,0.372
13759,420754397,99817.23,28.16,0.572,0.762,0.021
13761,420814425,99821.98,28.16,0.560,0.362,0.637
13763,420874397,99818.70,28.16,0.568,0.639,0.045
13765,420934423,99817.37,28.16,0.600,0.751,0.015
13767,420994397,99823.07,28.15,0.563,0.269,0.372
13769,421054397,99822.95,28.16,0.538,0.280,-0.220
13771,421114415,99819.55,28.15,0.528,0.567,-0.556
13773,421174397,99818.85,28.15,0.515,0.626,-0.436
13775,421234422,99817.58,28.15,0.513,0.734,-0.271
13777,421294426,99819.70,28.15,0.510,0.555,-0.003
13779,421354397,99823.48,28.15,0.464,0.235,0.014
13781,421414415,99818.62,28.15,0.466,0.645,-0.561
13783,421474397,99822.77,28.15,0.440,0.295,-0.218
13785,421534423,99822.45,28.15,0.418,0.322,-0.205
13787,421594409,99819.76,28.15,0.443,0.549,-0.287
13789,421654397,99817.58,28.15,0.507,0.734,0.374
13791,421714415,99821.46,28.15,0.502,0.405,0.791
13793,421774397,99817.11,28.15,0.524,0.773,0.110
13795,421834423,99819.79,28.15,0.526,0.546,0.168
13797,421894452,99819.60,28.15,0.520,0.562,0.143
13799,421954397,99823.62,28.15,0.450,0.222,-0.266
13801,422014415,99819.77,28.15,0.452,0.548,-0.760
13803,422074397,99820.95,28.15,0.454,0.448,-0.185
13805,422134422,99819.27,28.15,0.446,0.590,-0.049
13807,422194397,99823.95,28.16,0.426,0.195,-0.046
13809,422254397,99817.48,28.15,0.468,0.742,-0.078
13811,422314415,99822.01,28.15,0.466,0.359,0.329
13813,422374407,99821.74,28.16,0.458,0.381,0.196
13815,422434423,99817.32,28.16,0.509,0.755,-0.040
13817,422494426,99819.73,28.16,0.510,0.552,0.460
13819,422554397,99820.00,28.16,0.521,0.529,0.270
13821,422614415,99821.14,28.15,0.518,0.432,0.178
13823,422674397,99819.02,28.16,0.543,0.611,0.073
13825,422734423,99820.11,28.15,0.559,0.519,0.307
13827,422794397,99819.31,28.15,0.612,0.587,0.534
13829,422854397,99823.63,28.16,0.572,0.221,0.557
13831,422914416,99821.65,28.15,0.530,0.390,-0.511
13833,422974397,99821.07,28.15,0.536,0.438,-0.605
13835,423034422,99818.80,28.15,0.542,0.630,-0.100
13837,423094427,99816.81,28.15,0.544,0.798,-0.144
13839,423154408,99817.48,28.15,0.600,0.742,0.285
13841,423214415,99820.49,28.15,0.585,0.487,0.730
13843,423274397,99820.63,28.15,0.568,0.475,-0.038
13845,423334423,99821.59,28.15,0.538,0.394,-0.317
13847,423394410,99819.37,28.15,0.549,0.582,-0.358
13849,423454397,99819.13,28.15,0.530,0.602,-0.151
13851,423514415,99823.17,28.15,0.473,0.261,-0.325
13853,423574397,99819.15,28.15,0.502,0.601,-0.480
13855,423634422,99821.84,28.15,0.471,0.373,0.008
13857,423694427,99819.12,28.15,0.476,0.603,-0.278
13859,423754397,99820.14,28.15,0.541,0.517,0.313
13861,423814415,99819.09,28.15,0.553,0.605,0.785
13863,423874397,99819.22,28.15,0.557,0.595,0.172
13865,423934431,99819.60,28.15,0.556,0.562,0.081
13867,423994397,99821.55,28.15,0.537,0.397,0.006
13869,424054397,99824.05,28.15,0.470,0.187,-0.361
13871,424114415,99820.37,28.15,0.478,0.498,-0.779
13873,424174397,99816.84,28.15,0.475,0.795,-0.382
13875,424234422,99822.20,28.15,0.462,0.343,-0.012
13877,424294426,99818.34,28.14,0.503,0.670,0.171
13879,424354397,99818.26,28.14,0.548,0.676,0.491
13881,424414415,99818.41,28.14,0.568,0.664,0.661
13883,424474397,99822.57,28.14,0.546,0.311,0.376
13885,424534422,99817.43,28.14,0.548,0.746,-0.258
13887,424594397,99815.50,28.15,0.607,0.909,-0.036
13889,424654397,99818.26,28.14,0.599,0.676,0.655
13891,424714426,99824.51,28.14,0.521,0.148,-0.006
13893,424774397,99818.21,28.14,0.557,0.680,-0.662
13895,424834423,99819.68,28.14,0.539,0.556,-0.047
13897,424894452,99819.59,28.14,0.536,0.563,-0.103
13899,424954397,99817.08,28.14,0.614,0.775,0.261
13901,425014415,99823.06,28.14,0.568,0.270,0.777
13903,425074397,99818.77,28.14,0.588,0.633,-0.216
13905,425134422,99818.72,28.14,0.558,0.637,-0.241
13907,425194397,99821.56,28.14,0.531,0.397,-0.323
13909,425254397,99818.55,28.14,0.514,0.651,-0.438
13911,425314415,99818.30,28.14,0.520,0.673,-0.350
13913,425374397,99821.12,28.14,0.522,0.434,0.207
13915,425434423,99821.10,28.14,0.509,0.436,0.099
13917,425494435,99820.81,28.14,0.507,0.460,-0.178
13919,425554397,99819.13,28.14,0.505,0.602,-0.148
13921,425614415,99819.47,28.14,0.523,0.574,0.011
13923,425674397,99818.77,28.14,0.571,0.633,0.449
13925,425734424,99819.55,28.14,0.563,0.566,0.510
13927,425794397,99820.48,28.14,0.540,0.489,-0.074
13929,425854397,99819.04,28.14,0.503,0.610,-0.505
13931,425914417,99818.96,28.14,0.522,0.617,-0.407
13933,425974397,99817.14,28.14,0.525,0.771,0.084
13935,426034422,99818.08,28.14,0.567,0.691,0.261
13937,426094427,99818.71,28.14,0.588,0.638,0.671
13939,426154397,99823.79,28.14,0.511,0.209,0.122
13941,426214415,99821.88,28.14,0.497,0.370,-0.740
13943,426274407,99820.93,28.14,0.472,0.450,-0.526
13945,426334423,99820.94,28.14,0.484,0.450,-0.277
13947,426394410,99820.88,28.14,0.461,0.454,-0.033
13949,426454397,99818.12,28.14,0.508,0.688,-0.112
13951,426514415,99817.47,28.14,0.539,0.743,0.491
13953,426574397,99821.45,28.14,0.537,0.407,0.551
13955,426634423,99817.81,28.14,0.567,0.714,0.205
13957,426694427,99820.20,28.14,0.571,0.512,0.288
13959,426754397,99820.35,28.14,0.549,0.499,0.086
13961,426814415,99819.88,28.14,0.515,0.538,-0.452
13963,426874397,99825.17,28.14,0.479,0.092,-0.355
13965,426934422,99819.65,28.14,0.462,0.559,-0.542
13967,426994397,99817.51,28.14,0.511,0.739,-0.349
13969,427054408,99818.77,28.14,0.503,0.633,0.425
13971,427114415,99823.67,28.14,0.467,0.218,0.083
13973,427174397,99823.20,28.13,0.450,0.258,-0.266
13975,427234423,99822.01,28.14,0.444,0.359,-0.353
13977,427294427,99822.26,28.14,0.429,0.338,-0.217
13979,427354397,99820.29,28.14,0.458,0.504,-0.091
13981,427414415,99822.59,28.14,0.510,0.310,0.620
13983,427474397,99816.26,28.13,0.580,0.845,0.796
13985,427534422,99817.41,28.13,0.625,0.748,0.812
13987,427594397,99819.12,28.13,0.633,0.603,0.768
13989,427654397,99823.75,28.14,0.562,0.212,0.061
13991,427714415,99820.67,28.14,0.554,0.472,-0.736
13993,427774397,99818.37,28.13,0.552,0.666,-0.455
13995,427834431,99820.13,28.13,0.557,0.518,-0.028
13997,427894465,99821.03,28.13,0.533,0.442,0.051
13999,427954397,99820.38,28.13,0.541,0.497,-0.206
14001,428014415,99823.41,28.13,0.477,0.241,-0.177
14003,428074397,99821.98,28.13,0.497,0.362,-0.496
14005,428134422,99819.72,28.13,0.529,0.553,0.144
14007,428194397,99822.73,28.13,0.481,0.298,0.136
14009,428254397,99819.41,28.13,0.515,0.579,-0.319
14011,428314415,99822.31,28.13,0.481,0.334,0.101
14013,428374397,99819.93,28.13,0.485,0.535,-0.284
14015,428434422,99822.60,28.13,0.482,0.309,0.004
14017,428494427,99817.39,28.13,0.499,0.749,-0.071
14019,428554397,99819.26,28.13,0.560,0.591,0.362
14021,428614425,99816.58,28.13,0.618,0.818,0.991
14023,428674397,99821.14,28.13,0.598,0.432,0.695
14025,428734423,99820.29,28.13,0.569,0.505,-0.133
14027,428794397,99817.25,28.13,0.570,0.761,-0.549
14029,428854397,99819.28,28.13,0.574,0.589,-0.053
14031,428914415,99824.10,28.13,0.530,0.182,0.157
14033,428974396,99824.22,28.13,0.474,0.172,-0.548
14035,429034423,99820.34,28.13,0.481,0.500,-0.826
14037,429094426,99820.73,28.13,0.502,0.466,-0.040
14039,429154397,99818.11,28.13,0.539,0.689,0.342
14041,429214415,99818.60,28.13,0.552,0.647,0.390
14043,429274397,99820.19,28.13,0.560,0.513,0.341
14045,429334423,99820.69,28.13,0.580,0.471,0.329
14047,429394418,99822.21,28.13,0.546,0.342,0.144
14049,429454397,99815.58,28.13,0.612,0.902,-0.244
14051,429514415,99820.81,28.13,0.609,0.460,0.598
14053,429574397,99820.12,28.13,0.594,0.519,0.187
14055,429634423,99822.64,28.13,0.542,0.305,-0.369
14057,429694427,99819.95,28.13,0.487,0.534,-0.923
14059,429754397,99818.56,28.13,0.531,0.650,-0.625
14061,429814415,99819.83,28.13,0.518,0.543,0.356
14063,429874397,99819.84,28.13,0.538,0.542,0.086
14065,429934422,99818.71,28.13,0.564,0.637,0.296
14067,429994397,99816.70,28.13,0.557,0.808,0.101
14069,430054397,99817.23,28.13,0.567,0.763,-0.072
14071,430114415,99821.96,28.13,0.527,0.363,0.150
14073,430174407,99819.34,28.13,0.532,0.584,-0.285
14075,430234423,99816.94,28.13,0.566,0.788,-0.061
14077,430294426,99817.00,28.13,0.575,0.782,0.298
14079,430354397,99821.20,28.13,0.545,0.428,0.190
14081,430414415,99820.83,28.13,0.567,0.459,0.016
14083,430474397,99818.05,28.13,0.557,0.693,-0.016
14085,430534423,99821.71,28.13,0.552,0.384,-0.067
14087,430594397,99818.91,28.14,0.535,0.621,-0.116
14089,430654396,99820.47,28.13,0.518,0.489,-0.362
14091,430714415,99814.76,28.14,0.555,0.972,-0.216
14093,430774397,99822.27,28.14,0.521,0.337,0.291
14095,430834422,99821.52,28.14,0.489,0.401,-0.159
14097,430894452,99818.36,28.14,0.527,0.668,-0.379
14099,430954408,99820.66,28.14,0.532,0.473,0.366
14101,431014415,99820.55,28.14,0.530,0.482,0.197
14103,431074397,99815.35,28.14,0.642,0.921,0.358
14105,431134423,99821.66,28.14,0.609,0.389,1.106
14107,431194397,99818.22,28.14,0.597,0.679,-0.166
14109,431254397,99819.81,28.14,0.562,0.545,-0.477
14111,431314415,99817.66,28.14,0.556,0.727,-0.464
14113,431374397,99820.97,28.14,0.531,0.447,-0.187
14115,431434422,99817.09,28.14,0.598,0.775,0.080
14117,431494427,99819.09,28.14,0.556,0.605,0.376
14119,431554397,99821.66,28.14,0.546,0.389,-0.208
14121,431614415,99820.38,28.14,0.522,0.497,-0.223
14123,431674397,99820.09,28.14,0.544,0.521,-0.235
14125,431734432,99824.48,28.14,0.486,0.150,0.090
14127,431794397,99822.92,28.14,0.493,0.282,-0.423
14129,431854397,99820.12,28.14,0.493,0.518,-0.210
14131,431914416,99818.42,28.14,0.508,0.662,-0.144
14133,431974397,99821.63,28.14,0.505,0.391,0.227
14135,432034422,99820.15,28.14,0.514,0.516,0.128
14137,432094426,99820.00,28.14,0.519,0.529,0.036
14139,432154397,99820.73,28.14,0.525,0.467,0.132
14141,432214415,99818.74,28.14,0.528,0.635,0.016
14143,432274397,99819.28,28.14,0.550,0.589,0.098
14145,432334422,99819.17,28.14,0.587,0.599,0.486
14147,432394409,99815.47,28.14,0.595,0.912,0.269
14149,432454397,99817.91,28.14,0.585,0.705,0.001
14151,432514426,99819.15,28.14,0.615,0.601,0.268
14153,432574397,99816.92,28.14,0.648,0.789,0.461
14155,432634423,99817.40,28.14,0.636,0.748,0.239
14157,432694427,99819.08,28.14,0.622,0.607,-0.064
14159,432754397,99823.65,28.14,0.590,0.221,-0.023
14161,432814415,99817.64,28.14,0.590,0.728,-0.445
14163,432874397,99817.75,28.15,0.632,0.719,-0.106
14165,432934420,99818.41,28.14,0.635,0.662,0.526
14167,432994396,99821.62,28.14,0.622,0.392,0.209
14169,433054397,99814.79,28.14,0.658,0.969,-0.122
14171,433114415,99815.40,28.14,0.663,0.918,0.079
14173,433174397,99821.35,28.14,0.592,0.414,0.029
14175,433234423,99819.73,28.14,0.573,0.551,-0.661
14177,433294435,99818.63,28.14,0.556,0.644,-0.526
14179,433354397,99819.96,28.14,0.568,0.532,-0.131
14181,433414415,99819.52,28.14,0.595,0.569,0.321
14183,433474397,99820.40,28.14,0.572,0.495,0.200
14185,433534423,99820.55,28.14,0.560,0.482,-0.234
14187,433594397,99820.55,28.14,0.528,0.482,-0.337
14189,433654397,99819.42,28.14,0.524,0.578,-0.453
14191,433714415,99821.03,28.14,0.543,0.441,0.064
14193,433774397,99823.98,28.14,0.514,0.193,0.277
14195,433834422,99818.30,28.14,0.561,0.673,-0.169
14197,433894452,99818.28,28.14,0.579,0.674,0.286
14199,433954397,99820.19,28.14,0.530,0.513,0.062
14201,434014415,99819.79,28.13,0.544,0.546,-0.359
14203,434074407,99821.25,28.14,0.546,0.423,0.175
14205,434134423,99820.06,28.14,0.549,0.524,0.065
14207,434194397,99816.66,28.14,0.572,0.811,-0.075
14209,434254396,99819.85,28.14,0.536,0.541,0.031
14211,434314415,99819.28,28.13,0.561,0.589,-0.091
14213,434374398,99820.78,28.14,0.561,0.463,0.287
14215,434434423,99821.12,28.14,0.532,0.434,-0.041
14217,434494427,99820.12,28.14,0.556,0.518,-0.210
14219,434554397,99818.95,28.14,0.567,0.617,0.182
14221,434614415,99820.75,28.14,0.551,0.466,0.088
14223,434674397,99816.29,28.14,0.547,0.843,-0.327
14225,434734422,99819.38,28.14,0.538,0.581,-0.191
14227,434794397,99818.75,28.14,0.540,0.634,0.036
14229,434854408,99819.41,28.14,0.565,0.578,0.166
14231,434914416,99823.02,28.14,0.541,0.274,0.364
14233,434974397,99817.57,28.14,0.552,0.734,-0.278
14235,435034423,99821.07,28.14,0.556,0.438,0.013
14237,435094427,99821.35,28.14,0.490,0.414,-0.123
14239,435154397,99820.66,28.14,0.499,0.473,-0.689
14241,435214415,99818.30,28.14,0.502,0.673,-0.111
14243,435274397,99821.27,28.14,0.498,0.422,0.047
14245,435334422,99819.43,28.14,0.488,0.577,-0.046
14247,435394410,99823.51,28.14,0.451,0.232,-0.208
14249,435454397,99818.71,28.14,0.481,0.638,-0.276
14251,435514415,99822.72,28.15,0.481,0.299,0.251
14253,435574397,99818.20,28.15,0.504,0.681,0.137
14255,435634431,99820.04,28.15,0.506,0.526,0.123
14257,435694427,99822.18,28.15,0.479,0.344,0.096
14259,435754397,99820.06,28.15,0.517,0.524,-0.070
14261,435814415,99818.86,28.15,0.561,0.625,0.470
14263,435874397,99823.57,28.15,0.486,0.227,0.270
14265,435934422,99821.63,28.15,0.496,0.391,-0.572
14267,435994397,99823.34,28.15,0.465,0.246,-0.163
14269,436054397,99823.52,28.15,0.424,0.232,-0.474
14271,436114415,99820.10,28.15,0.430,0.520,-0.617
14273,436174397,99821.54,28.15,0.429,0.399,-0.086
14275,436234422,99818.38,28.15,0.478,0.665,0.191
14277,436294427,99820.23,28.15,0.506,0.509,0.631
14279,436354397,99819.04,28.15,0.498,0.610,0.350
14281,436414425,99821.51,28.15,0.503,0.401,0.038
14283,436474397,99814.09,28.15,0.628,1.028,0.512
14285,436534423,99817.41,28.15,0.644,0.748,1.251
14287,436594397,99818.95,28.15,0.623,0.618,0.445
14289,436654397,99820.72,28.15,0.596,0.468,-0.191
14291,436714415,99820.78,28.15,0.578,0.463,-0.323
14293,436774397,99821.65,28.15,0.578,0.390,-0.177
14295,436834422,99817.89,28.15,0.582,0.707,-0.152
14297,436894452,99820.14,28.15,0.558,0.517,-0.171
14299,436954397,99819.92,28.15,0.557,0.535,-0.162
14301,437014415,99821.02,28.15,0.561,0.443,0.031
14303,437074397,99822.16,28.15,0.557,0.346,0.140
14305,437134423,99819.62,28.15,0.552,0.561,-0.145
14307,437194409,99820.82,28.15,0.521,0.459,-0.306
14309,437254397,99819.90,28.15,0.538,0.538,-0.236
14311,437314415,99822.98,28.15,0.484,0.277,-0.051
14313,437374397,99820.99,28.15,0.478,0.445,-0.558
14315,437434423,99820.02,28.15,0.497,0.526,-0.167
14317,437494427,99819.41,28.15,0.504,0.579,0.168
14319,437554397,99821.18,28.15,0.495,0.429,0.105
14321,437614415,99818.55,28.15,0.481,0.652,-0.226
14323,437674397,99819.52,28.15,0.500,0.569,-0.140
14325,437734422,99818.80,28.15,0.528,0.630,0.369
14327,437794397,99823.03,28.15,0.507,0.273,0.395
14329,437854397,99815.34,28.15,0.556,0.922,-0.095
14331,437914416,99820.77,28.15,0.548,0.463,0.351
14333,437974407,99816.87,28.15,0.601,0.793,0.355
14335,438034423,99823.75,28.15,0.549,0.212,0.435
14337,438094426,99817.18,28.15,0.558,0.767,-0.451
14339,438154397,99818.96,28.15,0.575,0.617,-0.113
14341,438214415,99822.29,28.15,0.528,0.335,0.198
14343,438274397,99819.84,28.15,0.529,0.542,-0.452
14345,438334423,99821.34,28.15,0.536,0.416,-0.055
14347,438394410,99817.85,28.15,0.538,0.710,-0.017
14349,438454397,99821.20,28.15,0.515,0.427,-0.112
14351,438514415,99818.10,28.15,0.559,0.689,0.023
14353,438574397,99820.72,28.15,0.535,0.468,0.294
14355,438634423,99818.75,28.15,0.539,0.634,-0.165
14357,438694427,99818.25,28.15,0.556,0.676,-0.009
14359,438754408,99820.82,28.15,0.574,0.459,0.411
14361,438814415,99818.30,28.15,0.577,0.672,0.234
14363,438874397,99817.05,28.15,0.596,0.778,-0.037
14365,438934423,99822.99,28.15,0.558,0.276,0.246
14367,438994397,99815.39,28.16,0.627,0.919,-0.089
14369,439054397,99821.15,28.15,0.573,0.432,0.306
14371,439114415,99820.63,28.15,0.546,0.475,-0.395
14373,439174397,99821.03,28.15,0.492,0.442,-0.679
14375,439234422,99820.20,28.16,0.495,0.512,-0.635
14377,439294426,99819.33,28.16,0.522,0.585,0.047
14379,439354397,99817.61,28.16,0.558,0.731,0.366
14381,439414415,99818.24,28.16,0.551,0.677,0.327
14383,439474397,99820.68,28.16,0.550,0.471,0.122
14385,439534432,99818.16,28.16,0.549,0.685,-0.023
14387,439594397,99818.57,28.16,0.570,0.650,0.001
14389,439654396,99823.52,28.16,0.499,0.231,0.101
14391,439714415,99819.20,28.17,0.497,0.596,-0.744
14393,439774397,99820.45,28.17,0.539,0.491,-0.013
14395,439834423,99818.73,28.17,0.554,0.636,0.524
14397,439894452,99820.78,28.16,0.542,0.463,0.156
14399,439954397,99818.62,28.17,0.570,0.646,0.037
14401,440014415,99822.12,28.17,0.542,0.350,0.203
14403,440074397,99819.98,28.17,0.535,0.531,-0.242
14405,440134422,99820.64,28.17,0.514,0.475,-0.310
14407,440194397,99819.32,28.17,0.529,0.586,-0.192
14409,440254397,99820.91,28.17,0.526,0.451,0.143
14411,440314426,99822.37,28.17,0.509,0.329,0.046
14413,440374397,99821.78,28.17,0.475,0.378,-0.340
14415,440434423,99820.48,28.17,0.487,0.488,-0.431
14417,440494427,99821.03,28.17,0.484,0.442,0.040
14419,440554397,99816.68,28.17,0.547,0.809,0.150
14421,440614415,99815.69,28.17,0.583,0.893,0.623
14423,440674397,99818.82,28.17,0.588,0.628,0.605
14425,440734422,99820.27,28.17,0.575,0.506,0.263
14427,440794397,99821.67,28.17,0.556,0.388,-0.096
14429,440854397,99818.55,28.18,0.558,0.651,-0.309
14431,440914415,99821.10,28.17,0.547,0.436,-0.099
14433,440974397,99824.87,28.17,0.468,0.117,-0.242
14435,441034423,99817.65,28.17,0.546,0.727,-0.608
14437,441094435,99822.95,28.17,0.520,0.280,0.529
14439,441154397,99818.96,28.17,0.520,0.617,-0.139
14441,441214415,99818.80,28.17,0.532,0.630,-0.183
14443,441274397,99822.78,28.17,0.493,0.293,0.111
14445,441334423,99824.17,28.17,0.457,0.176,-0.339
14447,441394409,99820.36,28.17,0.468,0.498,-0.507
14449,441454397,99819.88,28.17,0.509,0.539,0.091
14451,441514415,99820.52,28.17,0.489,0.485,0.363
14453,441574397,99818.85,28.17,0.517,0.626,-0.067
14455,441634422,99818.15,28.17,0.548,0.685,0.337
14457,441694427,99817.45,28.17,0.562,0.744,0.379
14459,441754397,99818.95,28.18,0.598,0.618,0.438
14461,441814415,99820.21,28.17,0.581,0.511,0.460
14463,441874407,99818.03,28.17,0.611,0.695,-0.020
14465,441934423,99821.00,28.17,0.609,0.444,0.348
14467,441994397,99819.60,28.18,0.594,0.562,0.000
14469,442054396,99816.98,28.17,0.621,0.785,-0.225
14471,442114415,99820.55,28.18,0.597,0.483,0.192
14473,442174397,99815.70,28.17,0.618,0.892,-0.186
14475,442234423,99819.17,28.18,0.569,0.599,-0.152
14477,442294427,99822.33,28.17,0.522,0.332,-0.436
14479,442354397,99817.05,28.17,0.563,0.778,-0.445
14481,442414415,99820.32,28.17,0.569,0.502,0.332
14483,442474397,99823.20,28.17,0.505,0.259,0.068
14485,442534422,99821.60,28.17,0.504,0.393,-0.645
14487,442594397,99819.34,28.17,0.528,0.585,-0.146
14489,442654408,99819.75,28.17,0.547,0.550,0.278
14491,442714415,99820.79,28.17,0.516,0.462,0.136
14493,442774397,99816.39,28.17,0.565,0.834,-0.218
14495,442834423,99823.76,28.17,0.536,0.211,0.501
14497,442894467,99819.06,28.17,0.559,0.608,0.013
14499,442954397,99818.18,28.17,0.551,0.683,-0.124
14501,443014415,99819.88,28.17,0.546,0.539,-0.047
14503,443074397,99818.12,28.17,0.547,0.688,-0.062
14505,443134422,99820.17,28.17,0.534,0.514,-0.058
14507,443194397,99818.85,28.17,0.543,0.626,-0.051
14509,443254397,99818.58,28.17,0.570,0.649,0.159
14511,443314415,99824.68,28.17,0.535,0.133,0.414
14513,443374397,99815.63,28.17,0.587,0.898,-0.212
14515,443434431,99821.45,28.17,0.565,0.407,0.242
14517,443494427,99820.69,28.17,0.571,0.471,0.117
14519,443554397,99821.71,28.17,0.552,0.384,-0.055
14521,443614415,99821.13,28.17,0.539,0.433,-0.260
14523,443674397,99817.32,28.17,0.558,0.755,-0.286
14525,443734422,99824.09,28.17,0.519,0.183,0.130
14527,443794397,99820.49,28.17,0.531,0.487,-0.178
14529,443854397,99820.09,28.17,0.520,0.521,-0.193
14531,443914415,99816.90,28.17,0.572,0.791,0.005
14533,443974397,99818.38,28.17,0.635,0.665,0.844
14535,444034422,99821.70,28.17,0.598,0.386,0.788
14537,444094427,99820.27,28.17,0.636,0.506,-0.020
14539,444154397,99818.01,28.17,0.600,0.697,-0.022
14541,444214426,99819.11,28.17,0.586,0.604,-0.497
14543,444274397,99820.00,28.17,0.585,0.529,-0.094
14545,444334423,99818.82,28.17,0.592,0.628,0.001
14547,444394410,99819.60,28.17,0.588,0.562,0.031
14549,444454397,99819.41,28.17,0.586,0.579,-0.014
14551,444514415,99818.77,28.17,0.596,0.632,-0.011
14553,444574397,99818.33,28.17,0.613,0.670,0.147
14555,444634422,99816.23,28.17,0.639,0.848,0.209
14557,444694426,99820.31,28.17,0.601,0.502,0.185
14559,444754397,99819.73,28.17,0.615,0.552,-0.120
14561,444814415,99819.98,28.17,0.650,0.530,0.306
14563,444874397,99819.16,28.17,0.620,0.600,0.197
14565,444934423,99823.56,28.16,0.562,0.228,-0.441
14567,444994409,99820.46,28.16,0.542,0.490,-0.722
14569,445054397,99820.27,28.16,0.541,0.506,-0.462
14571,445114415,99818.02,28.17,0.542,0.697,-0.161
14573,445174397,99821.64,28.16,0.526,0.390,-0.007
14575,445234423,99819.15,28.16,0.505,0.601,-0.235
14577,445294427,99816.52,28.16,0.573,0.823,-0.133
14579,445354397,99820.08,28.16,0.568,0.522,0.745
14581,445414415,99819.73,28.16,0.510,0.551,-0.145
14583,445474397,99822.48,28.16,0.490,0.319,-0.630
14585,445534422,99822.68,28.16,0.463,0.302,-0.285
14587,445594397,99821.65,28.16,0.491,0.390,-0.197
14589,445654397,99818.95,28.16,0.486,0.618,0.046
14591,445714415,99820.11,28.16,0.485,0.520,-0.109
14593,445774407,99821.46,28.16,0.472,0.405,0.045
14595,445834423,99820.80,28.16,0.516,0.462,0.142
14597,445894452,99816.73,28.16,0.578,0.805,0.583
14599,445954397,99818.22,28.16,0.587,0.679,0.650
14601,446014415,99822.58,28.15,0.546,0.311,0.232
14603,446074397,99820.74,28.15,0.514,0.466,-0.495
14605,446134423,99817.95,28.15,0.559,0.702,-0.381
14607,446194397,99820.41,28.15,0.536,0.494,0.308
14609,446254397,99818.30,28.15,0.544,0.673,-0.138
14611,446314415,99819.40,28.15,0.530,0.579,-0.068
14613,446374397,99819.24,28.15,0.521,0.593,-0.151
14615,446434422,99817.47,28.15,0.546,0.743,-0.078
14617,446494427,99822.23,28.15,0.531,0.341,0.338
14619,446554408,99821.21,28.15,0.501,0.426,-0.108
14621,446614415,99821.58,28.15,0.509,0.395,-0.329
14623,446674397,99822.96,28.15,0.480,0.279,-0.024
14625,446734423,99821.38,28.15,0.478,0.412,-0.339
14627,446794397,99819.27,28.15,0.519,0.590,-0.013
14629,446854397,99823.30,28.15,0.493,0.250,0.401
14631,446914416,99819.68,28.15,0.512,0.556,-0.106
14633,446974397,99822.75,28.14,0.526,0.296,0.244
14635,447034422,99819.30,28.15,0.517,0.588,0.101
14637,447094427,99821.38,28.14,0.515,0.413,-0.173
14639,447154397,99818.99,28.14,0.480,0.614,-0.255
14641,447214415,99820.61,28.14,0.487,0.477,-0.387
14643,447274397,99820.02,28.14,0.499,0.527,0.166
14645,447334431,99816.35,28.14,0.551,0.837,0.214
14647,447394410,99822.44,28.14,0.515,0.323,0.505
14649,447454397,99823.48,28.14,0.472,0.235,-0.217
14651,447514415,99819.29,28.14,0.490,0.589,-0.576
14653,447574397,99820.86,28.14,0.488,0.456,-0.001
14655,447634422,99820.30,28.14,0.510,0.503,0.184
14657,447694426,99820.66,28.14,0.526,0.473,0.333
14659,447754397,99820.26,28.14,0.555,0.507,0.366
14661,447814415,99821.10,28.14,0.535,0.436,0.237
14663,447874397,99816.41,28.14,0.550,0.832,-0.310
14665,447934420,99819.41,28.13,0.586,0.578,0.267
14667,447994397,99820.31,28.13,0.610,0.502,0.766
14669,448054397,99819.21,28.13,0.600,0.595,0.230
14671,448114426,99819.78,28.13,0.574,0.547,-0.265
14673,448174397,99816.45,28.13,0.610,0.828,-0.231
14675,448234423,99816.85,28.13,0.644,0.795,0.409
14677,448294427,99817.62,28.13,0.622,0.729,0.347
14679,448354397,99816.92,28.13,0.639,0.789,-0.097
14681,448414415,99819.67,28.13,0.645,0.556,0.307
14683,448474397,99818.80,28.13,0.647,0.630,0.192
14685,448534423,99819.68,28.13,0.620,0.556,-0.128
14687,448594397,99821.62,28.13,0.558,0.392,-0.508
14689,448654397,99821.07,28.12,0.587,0.438,-0.475
14691,448714415,99819.32,28.12,0.611,0.586,0.275
14693,448774397,99818.98,28.12,0.579,0.614,-0.006
14695,448834423,99819.80,28.12,0.591,0.546,-0.232
14697,448894460,99818.12,28.12,0.598,0.687,0.094
14699,448954397,99817.52,28.12,0.607,0.738,0.022
14701,449014415,99819.65,28.12,0.599,0.558,0.145
14703,449074396,99818.40,28.12,0.576,0.664,-0.163
14705,449134423,99818.49,28.12,0.616,0.656,-0.088
14707,449194397,99820.27,28.12,0.608,0.507,0.468
14709,449254397,99821.32,28.12,0.559,0.417,-0.187
14711,449314415,99822.71,28.11,0.540,0.300,-0.525
14713,449374397,99817.33,28.11,0.601,0.755,-0.117
14715,449434422,99823.23,28.11,0.548,0.255,0.366
14717,449494427,99818.59,28.11,0.557,0.648,-0.401
14719,449554397,99821.25,28.11,0.526,0.423,-0.241
14721,449614415,99816.90,28.11,0.604,0.791,0.027
14723,449674407,99817.41,28.11,0.594,0.748,0.570
14725,449734423,99823.91,28.11,0.545,0.198,0.066
14727,449794397,99821.62,28.11,0.506,0.392,-0.562
14729,449854397,99817.88,28.11,0.557,0.708,-0.509
14731,449914416,99819.37,28.11,0.575,0.582,0.510
14733,449974397,99821.84,28.11,0.541,0.373,0.268
14735,450034423,99821.33,28.11,0.552,0.416,-0.193
14737,450094427,99819.30,28.10,0.577,0.588,0.097
14739,450154397,99818.88,28.10,0.567,0.623,0.103
14741,450214415,99820.52,28.10,0.545,0.485,-0.146
14743,450274397,99820.34,28.10,0.570,0.500,-0.032
14745,450334422,99817.59,28.10,0.568,0.732,0.084
14747,450394410,99815.71,28.10,0.590,0.891,-0.113
14749,450454408,99817.99,28.10,0.600,0.699,0.316
14751,450514415,99818.05,28.10,0.610,0.694,0.317
14753,450574397,99818.35,28.10,0.600,0.668,0.091
14755,450634423,99817.23,28.10,0.622,0.763,-0.012
14757,450694427,99819.94,28.10,0.587,0.534,0.110
14759,450754397,99815.45,28.10,0.623,0.913,-0.256
14761,450814415,99820.72,28.10,0.623,0.468,0.404
14763,450874397,99822.95,28.09,0.603,0.280,0.325
14765,450934422,99818.44,28.09,0.657,0.660,-0.028
14767,450994397,99818.69,28.09,0.673,0.640,0.442
14769,451054397,99818.45,28.09,0.677,0.660,0.254
14771,451114415,99820.63,28.09,0.675,0.475,0.151
14773,451174397,99819.20,28.09,0.661,0.596,-0.058
14775,451234431,99819.05,28.09,0.626,0.609,-0.443
14777,451294427,99813.80,28.09,0.717,1.053,-0.160
14779,451354397,99819.72,28.09,0.677,0.552,0.767
14781,451414415,99817.45,28.09,0.671,0.744,-0.187
14783,451474397,99819.45,28.09,0.668,0.576,-0.137
14785,451534422,99822.16,28.09,0.611,0.346,-0.120
14787,451594397,99818.37,28.09,0.626,0.666,-0.608
14789,451654397,99818.88,28.08,0.614,0.624,-0.140
14791,451714415,99819.66,28.08,0.586,0.558,-0.208
14793,451774397,99817.48,28.08,0.595,0.741,-0.343
14795,451834422,99817.73,28.08,0.623,0.720,0.131
14797,451894452,99820.52,28.08,0.575,0.485,0.209
14799,451954397,99815.82,28.08,0.625,0.882,-0.312
14801,452014425,99821.51,28.08,0.616,0.401,0.504
14803,452074397,99819.95,28.08,0.624,0.534,0.219
14805,452134422,99819.93,28.08,0.595,0.534,-0.177
14807,452194397,99818.39,28.08,0.626,0.665,-0.219
14809,452254397,99816.95,28.08,0.647,0.787,0.270
14811,452314415,99819.83,28.07,0.674,0.543,0.499
14813,452374397,99820.34,28.07,0.634,0.500,0.267
14815,452434422,99819.56,28.07,0.603,0.565,-0.609
14817,452494426,99822.09,28.07,0.571,0.352,-0.476
14819,452554397,99815.38,28.07,0.599,0.919,-0.442
14821,452614415,99817.27,28.07,0.654,0.760,0.341
14823,452674397,99819.48,28.07,0.633,0.573,0.731
14825,452734423,99821.24,28.07,0.583,0.424,-0.258
14827,452794409,99821.47,28.07,0.580,0.404,-0.487
14829,452854397,99817.84,28.07,0.584,0.711,-0.240
14831,452914415,99821.02,28.07,0.560,0.443,-0.122
14833,452974397,99818.35,28.07,0.581,0.668,-0.114
14835,453034423,99822.38,28.07,0.513,0.327,-0.116
14837,453094427,99821.09,28.07,0.537,0.436,-0.442
14839,453154397,99820.38,28.07,0.589,0.497,0.395
14841,453214415,99820.65,28.07,0.585,0.474,0.556
14843,453274397,99821.04,28.07,0.567,0.441,-0.062
14845,453334422,99814.68,28.07,0.618,0.978,-0.227
14847,453394410,99817.77,28.06,0.619,0.717,0.372
14849,453454397,99820.20,28.06,0.589,0.512,0.185
14851,453514415,99817.62,28.06,0.633,0.729,-0.080
14853,453574409,99817.59,28.06,0.679,0.733,0.588
14855,453634423,99816.85,28.06,0.702,0.795,0.642
14857,453694427,99820.23,28.06,0.672,0.509,0.267
14859,453754397,99818.19,28.06,0.656,0.682,-0.329
14861,453814415,99819.51,28.06,0.649,0.570,-0.289
14863,453874397,99821.15,28.06,0.627,0.432,-0.063
14865,453934423,99816.55,28.06,0.654,0.820,-0.251
14867,453994397,99814.94,28.06,0.664,0.957,0.005
14869,454054396,99817.48,28.06,0.674,0.742,0.247
14871,454114416,99821.16,28.06,0.634,0.430,0.221
14873,454174397,99818.88,28.06,0.651,0.623,-0.259
14875,454234422,99819.59,28.05,0.646,0.564,0.035
14877,454294427,99818.66,28.05,0.638,0.642,-0.096
14879,454354408,99819.45,28.05,0.570,0.576,-0.497
14881,454414415,99815.79,28.05,0.593,0.884,-0.782
14883,454474397,99821.15,28.05,0.569,0.431,0.138
14885,454534423,99818.88,28.05,0.581,0.624,-0.007
14887,454594397,99822.75,28.05,0.497,0.296,-0.301
14889,454654397,99817.80,28.05,0.516,0.714,-0.862
14891,454714415,99821.05,28.05,0.519,0.440,0.050
14893,454774397,99819.21,28.05,0.523,0.596,0.157
14895,454834422,99815.88,28.05,0.561,0.877,-0.012
14897,454894452,99821.02,28.05,0.538,0.443,0.381
14899,454954397,99819.11,28.05,0.578,0.604,0.196
14901,455014415,99820.82,28.05,0.592,0.459,0.497
14903,455074397,99822.09,28.05,0.573,0.352,0.242
14905,455134432,99816.99,28.05,0.583,0.783,-0.346
14907,455194397,99823.02,28.05,0.538,0.274,-0.124
14909,455254397,99818.34,28.05,0.522,0.669,-0.508
14911,455314415,99822.47,28.04,0.479,0.320,-0.508
14913,455374397,99821.73,28.05,0.484,0.383,-0.275
14915,455434422,99816.98,28.05,0.522,0.784,-0.057
14917,455494426,99818.44,28.05,0.538,0.661,0.334
14919,455554397,99819.42,28.05,0.555,0.577,0.450
14921,455614415,99819.85,28.04,0.582,0.542,0.444
14923,455674397,99822.16,28.04,0.558,0.346,0.318
14925,455734422,99817.69,28.04,0.599,0.724,-0.116
14927,455794397,99817.99,28.04,0.613,0.699,0.287
14929,455854397,99818.65,28.04,0.619,0.643,0.289
14931,455914424,99822.47,28.04,0.568,0.320,0.023
14933,455974397,99818.62,28.04,0.557,0.646,-0.620
14935,456034423,99817.09,28.04,0.576,0.774,-0.352
14937,456094427,99817.95,28.04,0.567,0.702,0.105
14939,456154397,99818.99,28.04,0.578,0.614,0.081
14941,456214415,99819.84,28.04,0.612,0.542,0.413
14943,456274397,99815.88,28.04,0.652,0.877,0.453
14945,456334422,99817.61,28.04,0.661,0.731,0.410
14947,456394410,99819.52,28.04,0.680,0.570,0.449
14949,456454397,99819.82,28.04,0.655,0.544,0.186
14951,456514415,99820.67,28.04,0.622,0.472,-0.383
14953,456574397,99818.75,28.04,0.609,0.634,-0.518
14955,456634423,99819.97,28.04,0.548,0.531,-0.571
14957,456694435,99820.48,28.04,0.561,0.488,-0.514
14959,456754397,99818.09,28.04,0.573,0.691,0.044
14961,456814415,99820.37,28.04,0.580,0.498,0.176
14963,456874397,99822.28,28.04,0.518,0.336,-0.041
14965,456934423,99819.23,28.04,0.528,0.594,-0.681
14967,456994397,99819.14,28.04,0.592,0.601,0.251
14969,457054397,99819.73,28.04,0.626,0.551,0.940
14971,457114415,99818.85,28.04,0.618,0.626,0.377
14973,457174397,99816.53,28.03,0.643,0.822,-0.081
14975,457234423,99821.86,28.04,0.635,0.371,0.383
14977,457294427,99822.15,28.04,0.566,0.347,-0.162
14979,457354397,99819.22,28.04,0.596,0.595,-0.731
14981,457414415,99821.24,28.04,0.598,0.424,0.222
14983,457474407,99821.60,28.04,0.590,0.393,0.131
14985,457534423,99818.66,28.03,0.608,0.643,-0.123
14987,457594397,99819.36,28.04,0.564,0.583,-0.184
14989,457654397,99818.99,28.04,0.589,0.614,-0.307
14991,457714415,99820.73,28.03,0.596,0.466,0.350
14993,457774397,99818.28,28.03,0.556,0.674,-0.160
14995,457834423,99822.09,28.03,0.516,0.352,-0.598
14997,457894466,99818.11,28.03,0.605,0.688,0.025
14999,457954397,99818.16,28.03,0.636,0.685,0.912
15001,458014415,99818.04,28.03,0.639,0.695,0.451
15003,458074397,99817.41,28.03,0.646,0.747,0.067
15005,458134422,99821.28,28.03,0.588,0.420,-0.093
15007,458194397,99820.77,28.03,0.605,0.463,-0.352
15009,458254408,99816.75,28.03,0.648,0.804,0.142
15011,458314415,99817.53,28.03,0.642,0.737,0.279
15013,458374397,99815.73,28.03,0.687,0.889,0.188
15015,458434423,99816.43,28.03,0.719,0.830,0.621
15017,458494427,99818.73,28.03,0.706,0.636,0.481
15019,458554397,99818.23,28.03,0.698,0.679,-0.054
15021,458614415,99817.51,28.03,0.712,0.740,-0.087
15023,458674397,99818.32,28.03,0.706,0.671,0.111
15025,458734422,99819.23,28.03,0.688,0.593,-0.056
15027,458794397,99819.20,28.03,0.664,0.596,-0.301
15029,458854397,99821.97,28.03,0.601,0.363,-0.515
15031,458914416,99819.48,28.03,0.587,0.572,-0.785
15033,458974397,99820.12,28.03,0.559,0.519,-0.475
15035,459034431,99817.34,28.03,0.601,0.754,-0.195
15037,459094427,99819.92,28.03,0.599,0.535,0.406
15039,459154397,99816.88,28.03,0.619,0.793,0.115
15041,459214415,99819.48,28.03,0.621,0.573,0.205
15043,459274397,99814.98,28.03,0.683,0.953,0.309
15045,459334422,99818.22,28.03,0.631,0.679,0.324
15047,459394410,99821.17,28.03,0.626,0.430,-0.209
15049,459454397,99819.75,28.03,0.635,0.550,0.018
15051,459514415,99816.58,28.03,0.674,0.818,0.076
15053,459574397,99820.04,28.03,0.656,0.525,0.355
15055,459634422,99820.55,28.02,0.630,0.482,-0.097
15057,459694427,99822.00,28.02,0.628,0.360,-0.216
15059,459754397,99821.66,28.03,0.617,0.388,-0.052
15061,459814425,99820.42,28.03,0.587,0.493,-0.390
15063,459874397,99819.66,28.02,0.583,0.558,-0.475
15065,459934423,99818.56,28.03,0.594,0.650,-0.109
15067,459994397,99817.59,28.03,0.599,0.732,0.040
15069,460054397,99818.41,28.03,0.612,0.663,0.137
15071,460114415,99818.75,28.03,0.622,0.634,0.270
15073,460174397,99820.24,28.03,0.607,0.508,0.140
15075,460234422,99821.59,28.02,0.595,0.394,-0.075
15077,460294426,99819.88,28.03,0.565,0.539,-0.347
15079,460354397,99820.16,28.03,0.599,0.516,-0.220
15081,460414415,99822.07,28.03,0.550,0.354,0.174
15083,460474397,99819.84,28.03,0.595,0.543,-0.265
15085,460534422,99820.75,28.03,0.546,0.465,0.086
15087,460594409,99818.61,28.03,0.562,0.646,-0.463
15089,460654397,99819.43,28.02,0.574,0.577,0.130
15091,460714415,99818.24,28.02,0.562,0.678,0.052
15093,460774397,99821.86,28.03,0.514,0.372,-0.268
15095,460834423,99816.70,28.03,0.555,0.808,-0.384
15097,460894451,99816.76,28.02,0.582,0.803,0.281
15099,460954397,99815.93,28.03,0.626,0.873,0.561
15101,461014415,99823.41,28.03,0.548,0.241,0.420
15103,461074397,99818.26,28.03,0.581,0.676,-0.506
15105,461134422,99820.78,28.03,0.569,0.463,0.072
15107,461194397,99816.91,28.03,0.606,0.790,0.051
15109,461254397,99822.00,28.03,0.591,0.360,0.372
15111,461314415,99817.76,28.03,0.620,0.718,0.086
15113,461374409,99817.31,28.03,0.627,0.756,0.103
15115,461434423,99816.23,28.02,0.657,0.848,0.203
15117,461494426,99818.02,28.03,0.656,0.696,0.370
15119,461554397,99820.13,28.03,0.640,0.518,0.134
15121,461614415,99817.68,28.03,0.631,0.725,-0.252
15123,461674397,99817.46,28.03,0.660,0.743,-0.089
15125,461734422,99820.66,28.03,0.608,0.473,0.165
15127,461794397,99819.57,28.03,0.590,0.565,-0.539
15129,461854396,99819.66,28.03,0.568,0.558,-0.434
15131,461914416,99817.65,28.03,0.584,0.728,-0.266
15133,461974397,99815.97,28.03,0.641,0.870,0.286
15135,462034422,99819.81,28.03,0.602,0.544,0.534
15137,462094427,99816.10,28.03,0.651,0.858,-0.078
15139,462154408,99820.27,28.03,0.618,0.506,0.333
15141,462214415,99820.84,28.03,0.642,0.458,0.083
15143,462274397,99819.99,28.03,0.631,0.529,0.152
15145,462334423,99817.56,28.03,0.639,0.735,-0.229
15147,462394410,99822.44,28.03,0.583,0.322,-0.124
15149,462454397,99820.97,28.02,0.566,0.447,-0.521
15151,462514415,99821.85,28.03,0.540,0.372,-0.427
15153,462574397,99822.13,28.03,0.521,0.349,-0.358
15155,462634422,99815.30,28.03,0.565,0.926,-0.337
15157,462694427,99819.49,28.03,0.573,0.572,0.373
15159,462754396,99813.22,28.03,0.652,1.102,0.484
15161,462814415,99818.05,28.03,0.661,0.693,0.865
15163,462874397,99816.54,28.03,0.661,0.821,0.363
15165,462934428,99817.12,28.03,0.687,0.772,0.106
15167,462994397,99814.50,28.03,0.731,0.993,0.432
15169,463054397,99820.46,28.03,0.708,0.490,0.559
15171,463114415,99821.28,28.02,0.673,0.420,-0.047
15173,463174397,99817.00,28.02,0.690,0.783,-0.499
15175,463234424,99821.16,28.03,0.620,0.430,-0.267
15177,463294426,99822.27,28.03,0.607,0.337,-0.546
15179,463354397,99819.95,28.03,0.578,0.533,-0.452
15181,463414415,99815.62,28.02,0.634,0.899,-0.363
15183,463474397,99816.64,28.03,0.652,0.813,0.512
15185,463534422,99820.94,28.03,0.652,0.449,0.544
15187,463594397,99817.66,28.03,0.682,0.726,0.249
15189,463654397,99816.38,28.03,0.706,0.835,0.228
15191,463714426,99816.16,28.03,0.738,0.854,0.405
15193,463774397,99815.97,28.03,0.705,0.869,0.164
15195,463834423,99817.59,28.03,0.714,0.732,-0.198
15197,463894452,99821.13,28.03,0.672,0.433,0.096
15199,463954396,99818.32,28.03,0.633,0.670,-0.649
15201,464014415,99818.76,28.03,0.626,0.634,-0.641
15203,464074397,99818.36,28.03,0.632,0.667,-0.081
15205,464134422,99819.37,28.03,0.602,0.582,-0.083
15207,464194397,99818.05,28.03,0.624,0.693,-0.211
15209,464254397,99815.04,28.03,0.652,0.948,0.142
15211,464314415,99815.85,28.03,0.704,0.879,0.522
15213,464374397,99819.82,28.03,0.665,0.544,0.624
15215,464434423,99818.02,28.03,0.676,0.696,-0.196
15217,464494435,99812.54,28.03,0.736,1.159,0.048
15219,464554397,99817.69,28.03,0.718,0.724,0.553
15221,464614415,99817.28,28.03,0.726,0.759,0.162
15223,464674397,99817.98,28.03,0.664,0.700,-0.284
15225,464734423,99814.23,28.03,0.706,1.017,-0.591
15227,464794397,99817.28,28.03,0.707,0.758,0.370
15229,464854397,99818.11,28.03,0.705,0.689,0.249
15231,464914416,99818.16,28.03,0.673,0.685,-0.162
15233,464974397,99821.17,28.03,0.652,0.429,-0.320
15235,465034422,99819.52,28.03,0.625,0.569,-0.350
15237,465094427,99816.83,28.04,0.648,0.797,-0.414
15239,465154397,99818.72,28.03,0.655,0.637,0.231
15241,465214415,99819.36,28.03,0.663,0.583,0.286
15243,465274407,99816.46,28.04,0.702,0.828,0.203
15245,465334423,99816.69,28.03,0.701,0.808,0.286
15247,465394410,99819.99,28.04,0.667,0.530,0.012
15249,465454397,99821.62,28.04,0.652,0.392,-0.196
15251,465514415,99816.93,28.04,0.669,0.788,-0.259
15253,465574397,99817.39,28.04,0.668,0.749,-0.061
15255,465634423,99818.91,28.04,0.634,0.621,-0.086
15257,465694427,99818.81,28.04,0.645,0.629,-0.239
15259,465754396,99817.06,28.04,0.654,0.777,0.038
15261,465814415,99819.09,28.04,0.640,0.606,0.040
15263,465874397,99818.10,28.04,0.699,0.689,0.252
15265,465934422,99819.45,28.04,0.703,0.575,0.685
15267,465994397,99819.07,28.04,0.722,0.607,0.274
15269,466054409,99819.35,28.04,0.680,0.583,-0.044
15271,466114415,99819.08,28.04,0.667,0.607,-0.516
15273,466174397,99820.99,28.04,0.658,0.445,-0.146
15275,466234423,99816.19,28.04,0.682,0.851,-0.130
15277,466294427,99816.77,28.04,0.652,0.802,-0.141
15279,466354397,99819.99,28.04,0.628,0.529,-0.245
15281,466414415,99817.20,28.04,0.675,0.766,-0.000
15283,466474397,99815.55,28.04,0.701,0.904,0.411
15285,466534422,99817.12,28.04,0.717,0.772,0.425
15287,466594397,99822.34,28.04,0.671,0.331,0.291
15289,466654397,99817.57,28.04,0.664,0.734,-0.506
15291,466714415,99816.59,28.04,0.696,0.817,-0.242
15293,466774397,99812.79,28.04,0.718,1.138,0.216
15295,466834431,99818.23,28.04,0.711,0.679,0.322
15297,466894452,99821.33,28.04,0.664,0.416,0.128
15299,466954397,99818.69,28.04,0.652,0.640,-0.570
15301,467014415,99817.23,28.04,0.668,0.763,-0.312
15303,467074397,99820.69,28.04,0.657,0.471,0.211
15305,467134422,99820.05,28.04,0.648,0.524,-0.003
15307,467194397,99819.55,28.04,0.619,0.566,-0.342
15309,467254397,99820.19,28.04,0.571,0.513,-0.605
15311,467314415,99819.13,28.04,0.614,0.602,-0.334
15313,467374397,99817.81,28.04,0.621,0.713,0.341
15315,467434422,99817.12,28.03,0.640,0.772,0.123
15317,467494427,99817.59,28.04,0.673,0.732,0.396
15319,467554396,99818.44,28.04,0.677,0.661,0.483
15321,467614425,99817.84,28.04,0.716,0.711,0.325
15323,467674397,99815.79,28.04,0.766,0.885,0.584
15325,467734422,99817.83,28.04,0.739,0.712,0.429
15327,467794397,99818.98,28.04,0.730,0.615,-0.128
15329,467854397,99817.77,28.04,0.746,0.717,-0.036
15331,467914415,99817.70,28.04,0.734,0.723,0.031
15333,467974397,99815.62,28.04,0.762,0.899,-0.069
15335,468034422,99820.55,28.04,0.712,0.482,0.154
15337,468094426,99815.18,28.04,0.731,0.936,-0.442
15339,468154397,99819.77,28.04,0.705,0.548,-0.031
15341,468214415,99817.84,28.04,0.697,0.712,-0.165
15343,468274397,99817.43,28.04,0.704,0.746,-0.207
15345,468334423,99819.63,28.03,0.703,0.560,0.157
15347,468394418,99820.11,28.04,0.641,0.519,-0.218
15349,468454397,99817.30,28.04,0.669,0.756,-0.650
15351,468514415,99817.39,28.04,0.663,0.749,0.065
15353,468574397,99816.59,28.03,0.718,0.816,0.256
15355,468634423,99819.40,28.04,0.696,0.579,0.576
15357,468694427,99818.93,28.04,0.685,0.619,-0.132
15359,468754397,99816.70,28.03,0.693,0.807,-0.236
15361,468814415,99819.28,28.03,0.633,0.589,-0.252
15363,468874397,99816.64,28.03,0.687,0.813,-0.346
15365,468934422,99817.39,28.03,0.683,0.749,0.405
15367,468994397,99817.25,28.04,0.681,0.761,0.030
15369,469054397,99820.94,28.04,0.654,0.450,0.011
15371,469114415,99816.79,28.03,0.709,0.800,0.003
15373,469174408,99815.68,28.04,0.755,0.894,0.564
15375,469234423,99820.82,28.03,0.710,0.459,0.512
15377,469294426,99819.88,28.03,0.660,0.539,-0.519
15379,469354397,99817.48,28.03,0.656,0.742,-0.800
15381,469414415,99820.69,28.03,0.630,0.471,-0.200
15383,469474397,99816.89,28.03,0.630,0.791,-0.319
15385,469534423,99816.95,28.03,0.690,0.787,0.127
15387,469594397,99820.51,28.03,0.670,0.486,0.736
15389,469654397,99818.95,28.03,0.664,0.618,-0.094
15391,469714415,99815.23,28.03,0.686,0.931,-0.243
15393,469774397,99816.62,28.03,0.669,0.814,0.015
15395,469834422,99820.87,28.03,0.653,0.456,0.046
15397,469894452,99814.88,28.03,0.729,0.961,0.158
15399,469954408,99820.38,28.03,0.672,0.496,0.466
15401,470014415,99815.85,28.03,0.687,0.880,-0.416
15403,470074397,99819.05,28.03,0.658,0.609,-0.129
15405,470134423,99818.59,28.03,0.678,0.648,-0.040
15407,470194397,99819.98,28.03,0.673,0.531,0.203
15409,470254397,99819.95,28.03,0.693,0.533,0.156
15411,470314415,99817.27,28.03,0.721,0.759,0.238
15413,470374397,99816.34,28.03,0.735,0.838,0.220
15415,470434422,99817.45,28.03,0.707,0.745,0.033
15417,470494427,99819.30,28.03,0.681,0.588,-0.293
15419,470554397,99819.58,28.03,0.664,0.564,-0.302
15421,470614415,99817.40,28.03,0.678,0.748,-0.232
15423,470674397,99817.48,28.03,0.676,0.742,0.010
15425,470734431,99815.20,28.03,0.722,0.934,0.145
15427,470794397,99815.61,28.03,0.728,0.900,0.440
15429,470854397,99816.19,28.03,0.702,0.851,0.012
15431,470914416,99820.51,28.03,0.643,0.486,-0.364
15433,470974397,99817.88,28.03,0.679,0.708,-0.375
15435,471034422,99817.29,28.03,0.701,0.758,0.287
15437,471094427,99820.70,28.03,0.668,0.469,0.241
15439,471154397,99817.05,28.03,0.675,0.778,-0.308
15441,471214415,99816.19,28.03,0.672,0.851,-0.221
15443,471274397,99814.31,28.02,0.720,1.009,0.110
15445,471334422,99820.65,28.03,0.703,0.474,0.666
15447,471394409,99817.77,28.03,0.697,0.718,0.010
15449,471454397,99817.88,28.03,0.691,0.708,-0.266
15451,471514426,99820.04,28.03,0.680,0.525,-0.013
15453,471574397,99817.92,28.03,0.699,0.704,-0.013
15455,471634423,99819.70,28.03,0.686,0.555,0.109
15457,471694427,99816.42,28.03,0.682,0.831,-0.227
15459,471754397,99814.02,28.03,0.761,1.034,0.098
15461,471814415,99818.67,28.03,0.723,0.641,0.767
15463,471874397,99821.62,28.03,0.681,0.392,-0.182
15465,471934422,99813.98,28.03,0.734,1.038,-0.443
15467,471994397,99816.92,28.03,0.754,0.789,0.408
15469,472054397,99819.76,28.03,0.720,0.549,0.382
15471,472114415,99817.62,28.03,0.720,0.730,-0.316
15473,472174397,99818.12,28.03,0.729,0.687,-0.071
15475,472234423,99820.73,28.03,0.668,0.467,-0.092
15477,472294435,99818.05,28.03,0.638,0.694,-0.843
15479,472354397,99819.62,28.03,0.636,0.560,-0.465
15481,472414415,99815.85,28.03,0.642,0.879,-0.131
15483,472474397,99819.45,28.03,0.592,0.576,-0.239
15485,472534422,99821.16,28.03,0.575,0.430,-0.354
15487,472594397,99816.22,28.03,0.622,0.848,-0.141
15489,472654397,99818.85,28.03,0.633,0.626,0.437
15491,472714415,99819.15,28.03,0.640,0.600,0.371
15493,472774397,99821.23,28.03,0.609,0.424,0.032
15495,472834422,99821.19,28.03,0.642,0.428,-0.034
15497,472894467,99816.86,28.03,0.678,0.794,0.309
15499,472954397,99815.09,28.02,0.724,0.943,0.369
15501,473014415,99816.20,28.02,0.731,0.851,0.557
15503,473074407,99816.18,28.02,0.732,0.852,0.193
15505,473134423,99819.27,28.02,0.731,0.590,0.172
15507,473194396,99814.70,28.02,0.768,0.977,0.129
15509,473254397,99816.42,28.02,0.769,0.831,0.266
15511,473314415,99816.24,28.02,0.763,0.846,0.094
15513,473374397,99818.36,28.02,0.711,0.668,-0.270
15515,473434423,99818.37,28.02,0.697,0.667,-0.540
15517,473494427,99818.22,28.02,0.680,0.679,-0.319
15519,473554397,99821.84,28.02,0.702,0.373,0.104
15521,473614415,99820.27,28.02,0.676,0.506,0.185
15523,473674397,99818.52,28.02,0.671,0.654,-0.473
15525,473734422,99817.99,28.02,0.693,0.698,-0.075
15527,473794397,99819.47,28.02,0.690,0.574,0.275
15529,473854408,99819.91,28.02,0.651,0.536,-0.140
15531,473914416,99821.12,28.02,0.641,0.434,-0.403
15533,473974397,99815.91,28.02,0.663,0.874,-0.238
15535,474034423,99818.37,28.02,0.678,0.667,0.175
15537,474094427,99816.54,28.02,0.694,0.821,0.317
15539,474154397,99816.77,28.02,0.728,0.802,0.305
15541,474214415,99819.80,28.02,0.700,0.546,0.404
15543,474274397,99818.75,28.02,0.698,0.634,-0.175
15545,474334422,99821.19,28.02,0.685,0.429,-0.053
15547,474394410,99817.12,28.02,0.690,0.772,-0.208
15549,474454397,99820.22,28.02,0.630,0.510,-0.354
15551,474514415,99820.03,28.02,0.622,0.526,-0.546
15553,474574397,99821.34,28.02,0.589,0.416,-0.289
15555,474634431,99820.81,28.02,0.604,0.460,-0.252
15557,474694427,99819.55,28.02,0.616,0.567,0.105
15559,474754396,99817.64,28.02,0.664,0.728,0.260
15561,474814415,99816.97,28.02,0.670,0.785,0.443
15563,474874397,99817.22,28.02,0.668,0.764,0.084
15565,474934422,99816.71,28.02,0.666,0.807,-0.044
15567,474994397,99815.73,28.02,0.694,0.890,0.061
15569,475054397,99817.53,28.02,0.650,0.737,0.097
15571,475114415,99818.73,28.02,0.640,0.635,-0.354
15573,475174397,99817.28,28.02,0.701,0.758,0.180
15575,475234422,99817.66,28.02,0.707,0.727,0.640
15577,475294427,99819.68,28.02,0.695,0.556,0.185
15579,475354397,99818.71,28.02,0.687,0.638,-0.115
15581,475414425,99816.55,28.02,0.735,0.821,0.018
15583,475474397,99821.85,28.02,0.603,0.372,-0.080
15585,475534422,99816.14,28.02,0.642,0.855,-1.206
15587,475594397,99821.18,28.02,0.622,0.429,0.144
15589,475654397,99815.16,28.01,0.690,0.938,0.166
15591,475714415,99820.15,28.02,0.681,0.516,0.620
15593,475774397,99819.43,28.02,0.687,0.577,0.237
15595,475834422,99816.79,28.01,0.700,0.800,-0.050
15597,475894452,99822.21,28.02,0.670,0.342,0.117
15599,475954397,99818.55,28.01,0.657,0.652,-0.299
15601,476014415,99816.38,28.02,0.688,0.835,-0.300
15603,476074397,99815.01,28.02,0.732,0.951,0.402
15605,476134423,99817.44,28.02,0.753,0.745,0.694
15607,476194409,99819.03,28.01,0.715,0.610,0.272
15609,476254397,99817.49,28.02,0.711,0.741,-0.417
15611,476314415,99817.53,28.02,0.733,0.737,-0.037
15613,476374397,99816.47,28.02,0.711,0.827,0.052
15615,476434423,99817.35,28.01,0.701,0.752,-0.283
15617,476494427,99819.23,28.01,0.711,0.594,0.068
15619,476554397,99820.16,28.01,0.732,0.515,0.377
15621,476614415,99818.73,28.01,0.712,0.636,0.104
15623,476674397,99819.80,28.01,0.686,0.545,-0.370
15625,476734422,99817.35,28.01,0.659,0.752,-0.539
15627,476794397,99819.44,28.01,0.655,0.576,-0.370
15629,476854397,99817.08,28.01,0.667,0.776,-0.018
15631,476914416,99821.68,28.01,0.651,0.387,0.157
15633,476974407,99818.29,28.01,0.655,0.673,-0.078
15635,477034423,99818.70,28.01,0.674,0.638,-0.027
15637,477094426,99820.96,28.01,0.649,0.448,0.207
15639,477154397,99817.71,28.01,0.662,0.722,-0.233
15641,477214415,99816.56,28.01,0.689,0.819,0.044
15643,477274397,99821.02,28.01,0.673,0.443,0.396
15645,477334423,99818.76,28.01,0.653,0.633,-0.149
15647,477394410,99819.05,28.01,0.664,0.608,-0.278
15649,477454397,99816.16,28.01,0.675,0.853,0.029
15651,477514415,99823.62,28.01,0.625,0.222,0.086
15653,477574397,99816.69,28.01,0.664,0.809,-0.291
15655,477634422,99819.09,28.01,0.650,0.605,0.060
15657,477694427,99818.47,28.01,0.650,0.658,-0.019
15659,477754408,99815.98,28.01,0.686,0.868,0.029
15661,477814415,99820.54,28.01,0.694,0.483,0.549
15663,477874397,99820.86,28.01,0.650,0.456,0.127
15665,477934419,99820.39,28.01,0.645,0.495,-0.514
15667,477994397,99821.34,28.01,0.644,0.416,-0.076
15669,478054397,99820.12,28.01,0.623,0.518,-0.147
15671,478114415,99820.29,28.01,0.610,0.505,-0.372
15673,478174397,99816.61,28.01,0.615,0.815,-0.326
15675,478234422,99818.09,28.01,0.625,0.690,-0.009
15677,478294427,99818.73,28.01,0.622,0.636,0.212
15679,478354397,99817.66,28.01,0.658,0.726,0.157
15681,478414415,99818.24,28.01,0.685,0.677,0.527
15683,478474397,99817.76,28.01,0.680,0.718,0.319
15685,478534431,99819.75,28.01,0.677,0.550,0.032
15687,478594397,99818.91,28.01,0.653,0.621,-0.118
15689,478654397,99821.46,28.01,0.639,0.405,-0.252
15691,478714415,99816.77,28.01,0.663,0.801,-0.156
15693,478774397,99819.76,28.01,0.641,0.549,0.028
15695,478834422,99818.77,28.01,0.624,0.633,-0.209
15697,478894452,99819.03,28.01,0.626,0.611,-0.235
15699,478954397,99822.89,28.01,0.602,0.284,0.079
15701,479014415,99818.05,28.01,0.619,0.694,-0.216
15703,479074397,99824.45,28.01,0.541,0.153,-0.208
15705,479134422,99819.91,28.01,0.526,0.536,-0.832
15707,479194397,99817.05,28.01,0.608,0.778,-0.162
15709,479254397,99819.57,28.01,0.613,0.565,0.902
15711,479314426,99820.00,28.01,0.598,0.529,0.209
15713,479374397,99818.99,28.01,0.623,0.614,-0.046
15715,479434423,99822.83,28.01,0.556,0.289,0.019
15717,479494427,99819.34,28.01,0.542,0.585,-0.774
15719,479554397,99816.49,28.01,0.593,0.825,-0.263
15721,479614415,99814.57,28.01,0.627,0.988,0.490
15723,479674397,99822.59,28.01,0.606,0.310,0.625
15725,479734422,99816.30,28.01,0.646,0.842,0.126
15727,479794397,99817.66,28.01,0.655,0.727,0.208
15729,479854397,99820.23,28.01,0.630,0.509,0.208
15731,479914415,99819.31,28.01,0.650,0.587,-0.055
15733,479974397,99817.08,28.01,0.686,0.776,0.237
15735,480034423,99817.91,28.01,0.690,0.705,0.364
15737,480094435,99816.21,28.01,0.708,0.849,0.142
15739,480154397,99814.47,28.01,0.761,0.996,0.325
15741,480214415,99813.59,28.01,0.797,1.070,0.681
15743,480274397,99818.77,28.01,0.779,0.633,0.572
15745,480334423,99820.80,28.01,0.706,0.461,-0.202
15747,480394409,99815.45,28.01,0.740,0.914,-0.799
15749,480454397,99818.63,28.01,0.733,0.644,0.140
15751,480514415,99818.61,28.01,0.725,0.646,0.078
15753,480574397,99818.22,28.01,0.715,0.679,-0.181
15755,480634423,99822.50,28.01,0.636,0.317,-0.368
15757,480694427,99819.30,28.01,0.633,0.588,-0.837
15759,480754396,99818.12,28.01,0.651,0.688,-0.241
15761,480814415,99818.46,28.01,0.652,0.659,0.155
15763,480874407,99820.84,28.01,0.645,0.458,0.129
15765,480934423,99816.07,28.01,0.660,0.861,-0.112
15767,480994397,99815.02,28.01,0.719,0.950,0.192
15769,481054397,99816.26,28.01,0.739,0.845,0.788
15771,481114415,99820.95,28.01,0.672,0.448,0.209
15773,481174397,99818.34,28.01,0.683,0.670,-0.546
15775,481234423,99815.34,28.01,0.705,0.923,-0.118
15777,481294427,99817.18,28.01,0.718,0.767,0.276
15779,481354397,99815.80,28.01,0.775,0.883,0.521
15781,481414415,99816.51,28.01,0.772,0.824,0.583
15783,481474397,99818.36,28.01,0.742,0.667,-0.006
15785,481534422,99818.75,28.01,0.719,0.635,-0.345
15787,481594397,99817.72,28.01,0.746,0.722,-0.163
15789,481654408,99817.05,28.01,0.761,0.778,0.273
15791,481714415,99818.09,28.01,0.724,0.690,-0.004
15793,481774397,99818.23,28.01,0.710,0.679,-0.416
15795,481834423,99818.18,28.01,0.681,0.682,-0.359
15797,481894452,99816.24,28.01,0.712,0.846,-0.266
15799,481954396,99818.39,28.01,0.738,0.665,0.475
15801,482014415,99821.62,28.01,0.647,0.392,0.083
15803,482074397,99816.37,28.01,0.696,0.836,-0.799
15805,482134422,99816.19,28.01,0.724,0.851,0.317
15807,482194397,99819.45,28.01,0.682,0.576,0.282
15809,482254397,99818.19,28.01,0.710,0.682,-0.168
15811,482314415,99817.77,28.01,0.686,0.717,0.037
15813,482374397,99820.62,28.01,0.658,0.477,-0.273
15815,482434431,99816.19,28.01,0.714,0.851,-0.086
15817,482494427,99817.77,28.01,0.716,0.717,0.443
15819,482554397,99818.40,28.01,0.711,0.664,0.169
15821,482614415,99817.59,28.01,0.717,0.732,-0.026
15823,482674397,99819.53,28.01,0.695,0.569,-0.006
15825,482734422,99816.80,28.01,0.699,0.799,-0.250
15827,482794397,99819.27,28.01,0.700,0.590,0.013
15829,482854397,99820.88,28.01,0.635,0.455,-0.147
15831,482914415,99818.45,28.01,0.640,0.659,-0.732
15833,482974397,99815.91,28.01,0.670,0.875,-0.106
15835,483034422,99814.98,28.01,0.707,0.953,0.364
15837,483094427,99820.38,28.01,0.658,0.496,0.399
15839,483154397,99816.48,28.01,0.694,0.826,-0.211
15841,483214425,99817.39,28.01,0.680,0.749,0.101
15843,483274397,99814.93,28.01,0.705,0.957,-0.058
15845,483334423,99818.32,28.01,0.722,0.671,0.415
15847,483394410,99817.52,28.01,0.734,0.739,0.418
15849,483454397,99816.08,28.01,0.737,0.860,0.044
15851,483514415,99817.12,28.01,0.750,0.772,0.106
15853,483574397,99820.35,28.01,0.697,0.499,0.072
15855,483634422,99817.67,28.01,0.679,0.725,-0.650
15857,483694426,99818.30,28.00,0.660,0.672,-0.480
15859,483754397,99818.98,28.01,0.677,0.615,-0.064
15861,483814415,99819.16,28.01,0.679,0.600,0.228
15863,483874397,99820.29,28.01,0.660,0.504,0.006
15865,483934423,99818.24,28.01,0.671,0.677,-0.193
15867,483994409,99817.84,28.01,0.688,0.711,0.071
15869,484054397,99820.98,28.01,0.646,0.446,0.103
15871,484114415,99822.59,28.00,0.575,0.309,-0.604
15873,484174397,99815.01,28.00,0.623,0.950,-0.873
15875,484234423,99818.14,28.00,0.647,0.686,0.349
15877,484294427,99813.38,28.01,0.740,1.088,0.775
15879,484354397,99817.76,28.01,0.700,0.718,0.804
15881,484414415,99815.76,28.00,0.721,0.887,-0.096
15883,484474397,99818.55,28.00,0.689,0.651,0.050
15885,484534422,99817.52,28.00,0.697,0.739,-0.191
15887,484594397,99817.79,28.00,0.696,0.716,0.008
15889,484654397,99815.75,28.01,0.748,0.888,0.200
15891,484714415,99821.85,28.01,0.710,0.372,0.571
15893,484774407,99814.85,28.01,0.762,0.964,-0.108
15895,484834423,99816.31,28.00,0.755,0.840,0.199
15897,484894452,99818.89,28.00,0.752,0.622,0.170
15899,484954397,99816.24,28.01,0.769,0.846,0.053
15901,485014415,99819.89,28.01,0.767,0.538,0.228
15903,485074397,99813.70,28.00,0.765,1.061,-0.153
15905,485134423,99818.59,28.01,0.751,0.648,-0.172
15907,485194397,99815.74,28.01,0.730,0.888,-0.165
15909,485254396,99817.54,28.01,0.705,0.737,-0.451
15911,485314415,99815.62,28.01,0.708,0.899,-0.288
15913,485374397,99818.98,28.01,0.709,0.614,0.085
15915,485434422,99815.94,28.01,0.718,0.872,0.083
15917,485494427,99815.18,28.01,0.746,0.936,0.062
15919,485554408,99818.51,28.01,0.690,0.655,0.129
15921,485614415,99818.95,28.01,0.644,0.617,-0.651
15923,485674397,99815.04,28.01,0.704,0.948,-0.400
15925,485734423,99817.52,28.01,0.711,0.738,0.575
15927,485794397,99821.34,28.01,0.667,0.416,0.220
15929,485854397,99815.70,28.00,0.700,0.893,-0.384
15931,485914416,99814.65,28.01,0.757,0.981,0.291
15933,485974397,99819.15,28.01,0.720,0.600,0.634
15935,486034423,99822.60,28.01,0.673,0.309,-0.195
15937,486094427,99821.67,28.01,0.664,0.388,-0.473
15939,486154396,99817.33,28.00,0.713,0.755,-0.149
15941,486214415,99818.10,28.01,0.748,0.689,0.550
15943,486274397,99817.31,28.00,0.726,0.756,0.314
15945,486334431,99821.66,28.00,0.700,0.389,-0.169
15947,486394410,99819.73,28.01,0.668,0.551,-0.370
15949,486454397,99819.33,28.00,0.661,0.586,-0.551
15951,486514415,99819.01,28.00,0.640,0.613,-0.272
15953,486574397,99820.96,28.00,0.643,0.448,-0.131
15955,486634422,99816.77,28.00,0.640,0.802,-0.132
15957,486694426,99817.16,28.00,0.667,0.769,-0.074
15959,486754397,99817.04,28.00,0.715,0.779,0.596
15961,486814415,99817.62,28.00,0.722,0.729,0.618
15963,486874397,99815.09,28.00,0.766,0.943,0.278
15965,486934422,99819.98,28.00,0.713,0.530,0.314
15967,486994397,99817.60,28.00,0.732,0.732,-0.293
15969,487054397,99818.70,28.00,0.720,0.639,0.014
15971,487114426,99817.62,28.00,0.735,0.730,-0.024
15973,487174397,99813.16,28.00,0.775,1.106,0.096
15975,487234423,99816.78,28.00,0.787,0.800,0.484
15977,487294427,99816.43,28.00,0.771,0.830,0.254
15979,487354397,99816.30,28.00,0.794,0.841,-0.061
15981,487414415,99820.55,28.00,0.729,0.483,0.078
15983,487474397,99820.16,28.00,0.708,0.515,-0.608
15985,487534422,99817.30,28.00,0.756,0.757,-0.199
15987,487594397,99820.27,28.00,0.712,0.507,0.260
15989,487654397,99818.47,28.00,0.733,0.658,-0.252
15991,487714415,99818.05,28.00,0.706,0.693,-0.089
15993,487774397,99819.28,28.00,0.707,0.590,-0.231
15995,487834423,99817.53,28.00,0.734,0.737,0.112
15997,487894475,99820.91,28.00,0.669,0.452,0.008
15999,487954397,99819.49,28.00,0.661,0.572,-0.628
16001,488014415,99819.40,28.00,0.637,0.580,-0.373
16003,488074397,99819.40,28.00,0.619,0.579,-0.384
16005,488134423,99819.97,28.00,0.585,0.531,-0.391
16007,488194397,99816.84,28.00,0.573,0.796,-0.607
16009,488254397,99816.08,28.00,0.625,0.860,-0.076
16011,488314415,99821.12,28.00,0.582,0.433,0.544
16013,488374397,99814.16,28.00,0.634,1.022,-0.212
16015,488434422,99815.34,28.00,0.646,0.922,0.288
16017,488494427,99819.45,28.00,0.627,0.575,0.358
16019,488554397,99820.01,28.00,0.600,0.528,-0.103
16021,488614415,99818.82,28.00,0.629,0.628,-0.185
16023,488674409,99815.51,28.00,0.692,0.908,0.415
16025,488734422,99818.80,28.00,0.682,0.630,0.662
16027,488794397,99823.12,28.00,0.618,0.265,-0.007
16029,488854397,99820.27,28.00,0.616,0.505,-0.645
16031,488914416,99819.98,28.00,0.626,0.530,-0.201
16033,488974397,99817.99,28.00,0.656,0.698,0.164
16035,489034423,99821.21,28.00,0.656,0.426,0.407
16037,489094427,99820.91,28.00,0.625,0.451,0.001
16039,489154397,99815.03,28.00,0.690,0.948,-0.290
16041,489214415,99818.44,28.00,0.677,0.661,0.480
16043,489274396,99813.08,28.00,0.743,1.114,0.204
16045,489334422,99821.77,28.00,0.687,0.379,0.562
16047,489394410,99820.16,28.00,0.637,0.516,-0.461
16049,489454408,99817.96,28.00,0.693,0.701,-0.481
16051,489514415,99816.78,28.00,0.658,0.801,0.177
16053,489574397,99818.88,28.00,0.661,0.624,-0.263
16055,489634423,99819.64,28.00,0.638,0.559,0.019
16057,489694427,99818.27,28.00,0.652,0.675,-0.204
16059,489754397,99817.18,28.00,0.653,0.767,0.004
16061,489814415,99815.99,28.00,0.680,0.867,0.064
16063,489874397,99816.60,28.00,0.688,0.816,0.316
16065,489934422,99816.00,28.00,0.675,0.867,0.043
16067,489994397,99820.62,28.00,0.635,0.476,-0.156
16069,490054397,99821.56,28.00,0.622,0.397,-0.238
16071,490114415,99817.05,27.99,0.630,0.778,-0.326
16073,490174397,99821.91,28.00,0.623,0.367,0.052
16075,490234431,99817.90,28.00,0.621,0.706,-0.043
16077,490294427,99818.85,27.99,0.645,0.626,-0.049
16079,490354397,99816.02,28.00,0.651,0.865,0.203
16081,490414415,99819.40,28.00,0.608,0.580,-0.133
16083,490474397,99815.41,28.00,0.670,0.916,-0.140
16085,490534422,99817.02,27.99,0.649,0.781,0.388
16087,490594397,99820.50,28.00,0.636,0.487,0.034
16089,490654397,99815.98,27.99,0.670,0.868,-0.022
16091,490714415,99818.39,28.00,0.668,0.665,0.240
16093,490774397,99814.30,28.00,0.681,1.011,-0.006
16095,490834422,99820.79,27.99,0.684,0.462,0.278
16097,490894452,99817.58,27.99,0.697,0.733,0.298
16099,490954397,99816.02,28.00,0.695,0.865,-0.117
16101,491014425,99817.19,27.99,0.704,0.767,0.028
16103,491074397,99817.87,27.99,0.695,0.709,0.140
16105,491134423,99817.77,28.00,0.687,0.717,-0.105
16107,491194397,99817.74,27.99,0.696,0.720,-0.050
16109,491254397,99818.35,27.99,0.659,0.668,-0.094
16111,491314415,99816.61,27.99,0.670,0.815,-0.398
16113,491374397,99816.65,27.99,0.686,0.812,0.087
16115,491434422,99820.60,27.99,0.631,0.478,0.083
16117,491494427,99816.53,27.99,0.685,0.822,-0.284
16119,491554397,99815.94,27.99,0.738,0.872,0.599
16121,491614415,99819.32,27.99,0.708,0.586,0.609
16123,491674397,99814.59,27.99,0.756,0.986,-0.064
16125,491734423,99819.64,27.99,0.736,0.559,0.401
16127,491794409,99816.91,27.99,0.765,0.790,0.117
16129,491854397,99819.05,27.99,0.691,0.609,-0.160
16131,491914415,99818.41,27.99,0.703,0.663,-0.636
16133,491974397,99816.69,27.99,0.713,0.808,-0.010
16135,492034423,99813.91,27.99,0.750,1.044,0.098
16137,492094427,99817.36,27.99,0.731,0.752,0.348
16139,492154397,99821.35,27.99,0.677,0.415,-0.091
16141,492214415,99818.16,27.99,0.681,0.684,-0.553
16143,492274397,99815.73,27.99,0.697,0.889,-0.212
16145,492334422,99821.73,27.99,0.668,0.382,0.199
16147,492394410,99821.77,27.99,0.631,0.379,-0.203
16149,492454397,99819.58,27.99,0.581,0.564,-0.844
16151,492514415,99816.82,27.99,0.610,0.797,-0.685
16153,492574407,99817.02,27.99,0.641,0.781,0.315
16155,492634423,99820.13,27.99,0.625,0.518,0.458
16157,492694426,99819.71,27.99,0.675,0.553,0.290
16159,492754397,99815.94,27.99,0.690,0.872,0.396
16161,492814415,99812.23,27.99,0.728,1.186,0.033
16163,492874397,99816.92,27.99,0.742,0.789,0.570
16165,492934419,99816.41,27.99,0.726,0.832,0.323
16167,492994397,99818.30,27.99,0.690,0.673,-0.297
16169,493054397,99817.90,27.99,0.699,0.707,-0.280
16171,493114415,99820.16,27.99,0.686,0.516,0.091
16173,493174397,99816.09,27.99,0.697,0.859,-0.164
16175,493234422,99820.13,27.99,0.660,0.518,-0.113
16177,493294427,99816.88,27.99,0.631,0.793,-0.526
16179,493354408,99819.35,27.99,0.632,0.583,-0.397
16181,493414415,99816.61,27.99,0.644,0.815,0.036
16183,493474397,99819.54,27.99,0.663,0.568,0.258
16185,493534423,99820.05,27.99,0.642,0.524,0.283
16187,493594397,99823.51,27.99,0.615,0.233,-0.154
16189,493654397,99819.34,27.99,0.649,0.584,-0.162
16191,493714415,99817.22,27.99,0.689,0.764,0.241
16193,493774397,99815.26,27.99,0.733,0.929,0.516
16195,493834422,99819.90,27.99,0.713,0.537,0.558
16197,493894452,99822.20,27.99,0.666,0.343,-0.082
16199,493954397,99820.00,27.99,0.671,0.528,-0.510
16201,494014415,99819.04,27.99,0.658,0.610,-0.231
16203,494074397,99821.03,27.99,0.613,0.442,-0.345
16205,494134432,99815.66,27.99,0.650,0.896,-0.480
16207,494194397,99818.06,27.99,0.636,0.692,0.119
16209,494254397,99818.64,27.99,0.651,0.643,0.131
16211,494314415,99819.34,27.99,0.648,0.584,0.205
16213,494374397,99820.08,27.99,0.619,0.522,-0.105
16215,494434422,99817.84,27.99,0.612,0.711,-0.449
16217,494494427,99815.46,27.99,0.666,0.912,-0.034
16219,494554397,99820.99,27.99,0.630,0.445,0.549
16221,494614415,99818.70,27.98,0.675,0.639,0.091
16223,494674397,99815.44,27.98,0.702,0.914,0.317
16225,494734422,99818.53,27.98,0.679,0.653,0.203
16227,494794397,99816.51,27.99,0.711,0.824,0.019
16229,494854397,99816.06,27.98,0.704,0.862,0.154
16231,494914424,99818.55,27.98,0.685,0.651,-0.049
16233,494974397,99822.07,27.99,0.610,0.354,-0.327
16235,495034423,99822.14,27.98,0.556,0.348,-0.969
16237,495094427,99819.17,27.98,0.615,0.599,-0.487
16239,495154397,99817.52,27.98,0.627,0.739,0.412
16241,495214415,99816.56,27.98,0.665,0.819,0.280
16243,495274397,99817.98,27.98,0.674,0.700,0.509
16245,495334422,99819.73,27.98,0.664,0.552,0.251
16247,495394410,99819.73,27.98,0.659,0.552,-0.040
16249,495454397,99819.22,27.98,0.626,0.595,-0.282
16251,495514415,99818.37,27.98,0.631,0.667,-0.411
16253,495574397,99819.29,27.98,0.630,0.589,0.016
16255,495634423,99815.65,27.98,0.652,0.896,-0.029
16257,495694435,99821.76,27.98,0.621,0.380,0.195
16259,495754397,99821.36,27.98,0.591,0.414,-0.184
16261,495814415,99819.30,27.98,0.572,0.587,-0.607
16263,495874397,99819.87,27.98,0.579,0.540,-0.276
16265,495934422,99821.71,27.98,0.571,0.384,0.136
16267,495994397,99819.75,27.98,0.625,0.550,0.225
16269,496054397,99819.04,27.98,0.629,0.610,0.470
16271,496114415,99819.83,27.98,0.630,0.543,0.107
16273,496174397,99817.94,27.98,0.629,0.703,-0.045
16275,496234422,99818.13,27.98,0.635,0.686,-0.065
16277,496294427,99815.51,27.98,0.670,0.908,0.141
16279,496354397,99818.72,27.98,0.669,0.637,0.412
16281,496414415,99815.84,27.98,0.708,0.880,0.274
16283,496474407,99817.61,27.98,0.722,0.731,0.450
16285,496534423,99819.16,27.98,0.696,0.600,0.222
16287,496594397,99820.11,27.98,0.649,0.519,-0.406
16289,496654397,99812.49,27.98,0.757,1.163,-0.272
16291,496714415,99820.08,27.98,0.692,0.522,0.761
16293,496774397,99817.91,27.98,0.703,0.705,-0.252
16295,496834423,99817.33,27.98,0.732,0.754,0.072
16297,496894452,99818.35,27.98,0.723,0.668,0.305
16299,496954397,99819.88,27.98,0.662,0.538,-0.291
16301,497014415,99817.52,27.98,0.670,0.739,-0.678
16303,497074397,99819.92,27.98,0.650,0.535,-0.092
16305,497134422,99820.77,27.98,0.646,0.464,-0.065
16307,497194397,99819.18,27.98,0.649,0.598,-0.087
16309,497254408,99816.23,27.98,0.660,0.848,-0.147
16311,497314415,99816.52,27.98,0.669,0.823,0.036
16313,497374397,99819.16,27.98,0.650,0.600,0.155
16315,497434423,99814.49,27.98,0.690,0.994,-0.076
16317,497494427,99820.91,27.98,0.648,0.452,0.277
16319,497554397,99817.87,27.98,0.685,0.709,-0.033
16321,497614415,99819.92,27.98,0.673,0.535,0.240
16323,497674397,99818.36,27.98,0.643,0.668,-0.240
16325,497734422,99817.91,27.98,0.652,0.705,-0.405
16327,497794397,99815.28,27.98,0.678,0.928,0.058
16329,497854397,99818.56,27.98,0.681,0.650,0.354
16331,497914416,99820.05,27.98,0.689,0.525,0.362
16333,497974397,99819.30,27.98,0.673,0.588,0.036
16335,498034431,99818.07,27.98,0.630,0.692,-0.524
16337,498094427,99820.57,27.98,0.604,0.481,-0.570
16339,498154397,99818.68,27.99,0.619,0.641,-0.214
16341,498214415,99822.05,27.98,0.577,0.355,-0.032
16343,498274397,99820.34,27.98,0.561,0.499,-0.453
16345,498334422,99818.61,27.98,0.603,0.646,-0.161
16347,498394410,99820.20,27.98,0.617,0.512,0.520
16349,498454396,99819.72,27.98,0.626,0.552,0.313
16351,498514415,99814.02,27.98,0.691,1.034,0.171
16353,498574397,99815.77,27.98,0.727,0.886,0.723
16355,498634422,99815.42,27.98,0.734,0.916,0.574
16357,498694427,99817.43,27.98,0.737,0.746,0.222
16359,498754397,99817.28,27.98,0.737,0.759,0.140
16361,498814426,99815.60,27.98,0.726,0.900,-0.154
16363,498874397,99817.62,27.98,0.713,0.730,-0.183
16365,498934423,99822.34,27.98,0.642,0.331,-0.209
16367,498994397,99815.14,27.98,0.677,0.939,-0.725
16369,499054397,99818.51,27.98,0.644,0.655,-0.082
16371,499114415,99816.59,27.98,0.652,0.817,-0.208
16373,499174397,99823.22,27.98,0.576,0.256,-0.132
16375,499234422,99819.17,27.98,0.601,0.599,-0.553
16377,499294426,99819.43,27.98,0.587,0.577,-0.092
16379,499354397,99817.16,27.98,0.607,0.769,-0.115
16381,499414415,99817.16,27.98,0.632,0.768,0.239
16383,499474397,99822.47,27.98,0.607,0.320,0.430
16385,499534423,99819.35,27.98,0.597,0.584,-0.195
16387,499594409,99815.42,27.98,0.673,0.915,-0.065
16389,499654397,99815.54,27.97,0.711,0.906,0.844
16391,499714415,99817.37,27.98,0.700,0.752,0.539
16393,499774397,99818.16,27.97,0.692,0.684,0.012
16395,499834423,99819.46,27.97,0.663,0.574,-0.154
16397,499894452,99819.98,27.97,0.648,0.531,-0.328
16399,499954397,99820.93,27.97,0.606,0.450,-0.362
16401,500014415,99813.59,27.97,0.668,1.070,-0.458
16403,500074397,99819.91,27.97,0.657,0.536,0.521
16405,500134422,99820.09,27.97,0.641,0.521,0.202
16407,500194397,99816.70,27.97,0.683,0.807,-0.110
16409,500254397,99818.34,27.97,0.665,0.669,0.246
16411,500314415,99819.54,27.97,0.637,0.568,-0.168
16413,500374407,99813.81,27.97,0.707,1.052,-0.164
16415,500434423,99818.56,27.97,0.692,0.650,0.611
16417,500494426,99820.20,27.97,0.662,0.511,0.073
16419,500554397,99816.12,27.97,0.717,0.856,-0.164
16421,500614415,99816.94,27.97,0.702,0.788,0.316
16423,500674397,99815.47,27.97,0.741,0.911,0.087
16425,500734423,99818.48,27.97,0.724,0.657,0.395
16427,500794397,99819.05,27.97,0.699,0.609,-0.106
16429,500854397,99817.59,27.97,0.717,0.732,-0.233
16431,500914416,99816.30,27.97,0.775,0.841,0.372
16433,500974397,99819.46,27.97,0.751,0.574,0.617
16435,501034422,99820.40,27.97,0.729,0.495,-0.116
16437,501094427,99815.52,27.97,0.747,0.907,-0.379
16439,501154408,99814.62,27.97,0.785,0.984,0.090
16441,501214415,99820.15,27.98,0.759,0.516,0.540
16443,501274397,99821.68,27.97,0.708,0.387,-0.169
16445,501334423,99821.80,27.97,0.664,0.376,-0.759
16447,501394410,99817.86,27.97,0.667,0.710,-0.724
16449,501454396,99816.19,27.98,0.664,0.851,-0.330
16451,501514415,99821.26,27.98,0.609,0.422,-0.171
16453,501574397,99819.34,27.98,0.626,0.584,-0.344
16455,501634422,99815.94,27.98,0.651,0.872,-0.010
16457,501694427,99818.88,27.98,0.634,0.623,0.174
16459,501754397,99817.51,27.98,0.635,0.739,-0.072
16461,501814415,99818.43,27.98,0.656,0.662,0.086
16463,501874397,99820.49,27.98,0.608,0.487,0.117
16465,501934431,99817.77,27.98,0.655,0.717,-0.267
16467,501994397,99819.02,27.98,0.670,0.612,0.472
16469,502054397,99820.11,27.98,0.664,0.519,0.307
16471,502114415,99821.15,27.98,0.653,0.432,-0.002
16473,502174397,99818.26,27.99,0.670,0.676,-0.127
16475,502234422,99818.43,27.98,0.628,0.661,-0.211
16477,502294427,99820.29,27.98,0.613,0.504,-0.428
16479,502354397,99812.48,27.98,0.714,1.164,0.069
16481,502414415,99819.74,27.98,0.707,0.550,1.030
16483,502474397,99817.82,27.98,0.699,0.713,0.267
16485,502534422,99818.11,27.98,0.691,0.689,-0.228
16487,502594397,99821.88,27.98,0.656,0.370,-0.087
16489,502654397,99814.21,27.98,0.693,1.018,-0.389
16491,502714426,99820.55,27.98,0.677,0.482,0.210
16493,502774397,99820.56,27.98,0.617,0.481,-0.156
16495,502834423,99816.67,27.98,0.635,0.810,-0.781
16497,502894466,99821.65,27.98,0.634,0.390,0.191
16499,502954397,99816.59,27.98,0.683,0.816,0.289
16501,503014415,99815.74,27.98,0.712,0.889,0.395
16503,503074397,99819.00,27.98,0.645,0.613,0.108
16505,503134422,99815.30,27.98,0.703,0.926,-0.390
16507,503194397,99817.40,27.98,0.723,0.749,0.602
16509,503254397,99816.75,27.98,0.713,0.803,0.299
16511,503314415,99820.89,27.98,0.682,0.453,-0.079
16513,503374397,99817.05,27.98,0.695,0.778,-0.261
16515,503434423,99820.30,27.98,0.659,0.503,-0.131
16517,503494435,99819.93,27.98,0.610,0.535,-0.521
16519,503554397,99817.52,27.98,0.624,0.738,-0.644
16521,503614415,99819.45,27.98,0.640,0.575,0.171
16523,503674397,99816.34,27.98,0.685,0.838,0.390
16525,503734423,99818.75,27.98,0.673,0.635,0.408
16527,503794397,99823.48,27.98,0.612,0.234,-0.060
16529,503854397,99817.02,27.98,0.658,0.781,-0.514
16531,503914416,99812.40,27.97,0.730,1.171,0.274
16533,503974397,99818.66,27.97,0.723,0.643,0.886
16535,504034422,99818.16,27.97,0.737,0.684,0.388
16537,504094427,99818.82,27.97,0.701,0.628,-0.047
16539,504154397,99818.29,27.97,0.701,0.673,-0.373
16541,504214415,99819.56,27.97,0.718,0.565,0.097
16543,504274409,99819.34,27.97,0.651,0.584,-0.153
16545,504334423,99818.84,27.97,0.659,0.627,-0.712
16547,504394410,99820.17,27.97,0.624,0.514,-0.145
16549,504454397,99821.42,27.97,0.596,0.408,-0.402
16551,504514415,99815.18,27.97,0.655,0.936,-0.267
16553,504574397,99817.62,27.97,0.638,0.730,0.322
16555,504634423,99821.52,27.97,0.610,0.401,0.052
16557,504694427,99815.73,27.97,0.670,0.890,-0.084
16559,504754397,99820.40,27.97,0.647,0.495,0.439
16561,504814415,99818.93,27.97,0.642,0.619,-0.052
16563,504874397,99816.34,27.97,0.664,0.838,-0.164
16565,504934422,99819.36,27.97,0.634,0.583,0.087
16567,504994397,99819.25,27.96,0.604,0.592,-0.327
16569,505054408,99819.29,27.97,0.579,0.589,-0.515
16571,505114415,99815.26,27.96,0.649,0.930,-0.118
16573,505174397,99821.19,27.96,0.593,0.428,0.525
16575,505234423,99819.63,27.96,0.605,0.559,-0.236
16577,505294427,99814.66,27.96,0.667,0.979,0.081
16579,505354397,99818.06,27.96,0.677,0.692,0.673
16581,505414415,99818.28,27.96,0.697,0.674,0.489
16583,505474397,99822.34,27.96,0.661,0.331,0.246
16585,505534422,99815.88,27.96,0.721,0.877,-0.151
16587,505594397,99818.70,27.96,0.691,0.639,0.253
16589,505654397,99816.34,27.96,0.709,0.837,-0.144
16591,505714415,99816.27,27.96,0.752,0.845,0.293
16593,505774397,99816.66,27.96,0.750,0.811,0.503
16595,505834431,99817.32,27.96,0.751,0.755,0.084
16597,505894452,99819.53,27.96,0.758,0.568,0.205
16599,505954397,99817.45,27.96,0.800,0.745,0.329
16601,506014415,99817.75,27.96,0.780,0.719,0.256
16603,506074397,99817.05,27.96,0.819,0.778,0.025
16605,506134424,99818.77,27.96,0.802,0.633,0.370
16607,506194397,99818.38,27.96,0.780,0.665,-0.204
16609,506254397,99816.49,27.96,0.805,0.825,-0.238
16611,506314415,99816.64,27.96,0.769,0.813,-0.055
16613,506374397,99819.42,27.96,0.688,0.578,-0.684
16615,506434422,99819.84,27.97,0.696,0.542,-0.709
16617,506494427,99817.45,27.96,0.695,0.744,-0.113
16619,506554397,99819.86,27.96,0.660,0.541,-0.208
16621,506614425,99816.75,27.97,0.698,0.803,-0.202
16623,506674397,99817.77,27.97,0.729,0.717,0.458
16625,506734423,99817.15,27.97,0.733,0.770,0.428
16627,506794397,99815.36,27.97,0.789,0.921,0.269
16629,506854397,99818.12,27.97,0.770,0.688,0.561
16631,506914415,99819.33,27.96,0.740,0.586,-0.112
16633,506974397,99817.55,27.97,0.749,0.735,-0.326
16635,507034422,99817.98,27.97,0.766,0.700,0.094
16637,507094426,99819.49,27.97,0.729,0.572,0.082
16639,507154396,99817.55,27.97,0.713,0.736,-0.505
16641,507214415,99818.70,27.97,0.695,0.639,-0.361
16643,507274397,99817.42,27.97,0.715,0.747,-0.105
16645,507334423,99818.12,27.97,0.735,0.688,0.285
16647,507394418,99816.69,27.97,0.765,0.809,0.380
16649,507454397,99819.93,27.97,0.718,0.535,0.182
16651,507514415,99814.80,27.97,0.764,0.967,-0.321
16653,507574397,99820.28,27.97,0.726,0.505,0.255
16655,507634423,99817.28,27.97,0.750,0.759,-0.101
16657,507694427,99818.81,27.97,0.728,0.629,0.022
16659,507754397,99816.84,27.97,0.714,0.796,-0.326
16661,507814415,99815.65,27.97,0.741,0.896,-0.197
16663,507874397,99818.94,27.97,0.718,0.619,0.263
16665,507934419,99817.20,27.97,0.701,0.765,-0.235
16667,507994397,99816.30,27.97,0.666,0.841,-0.557
16669,508054397,99817.59,27.97,0.686,0.733,-0.270
16671,508114415,99820.27,27.97,0.671,0.506,0.308
16673,508174407,99816.46,27.97,0.726,0.828,0.115
16675,508234423,99816.60,27.97,0.742,0.816,0.487
16677,508294426,99815.08,27.97,0.755,0.945,0.241
16679,508354397,99815.85,27.97,0.774,0.879,0.232
16681,508414415,99815.40,27.97,0.767,0.917,0.196
16683,508474397,99819.38,27.97,0.719,0.581,-0.149
16685,508534423,99818.95,27.97,0.705,0.617,-0.424
16687,508594397,99815.95,27.98,0.732,0.872,-0.232
16689,508654397,99816.23,27.97,0.761,0.848,0.301
16691,508714415,99818.14,27.97,0.734,0.686,0.308
16693,508774397,99817.59,27.98,0.714,0.732,-0.308
16695,508834423,99818.56,27.98,0.690,0.650,-0.371
16697,508894452,99816.04,27.97,0.737,0.864,-0.092
16699,508954409,99819.17,27.98,0.730,0.598,0.481
16701,509014415,99818.28,27.98,0.700,0.674,-0.080
16703,509074397,99816.43,27.98,0.701,0.831,-0.477
16705,509134423,99820.36,27.98,0.711,0.498,0.146
16707,509194397,99821.65,27.98,0.652,0.389,0.052
16709,509254397,99816.12,27.98,0.717,0.857,-0.488
16711,509314415,99816.99,27.98,0.719,0.783,0.410
16713,509374396,99818.17,27.98,0.706,0.683,0.123
16715,509434422,99819.00,27.98,0.735,0.613,0.136
16717,509494427,99817.65,27.98,0.757,0.728,0.409
16719,509554397,99817.71,27.98,0.744,0.722,0.133
16721,509614415,99818.41,27.98,0.691,0.663,-0.386
16723,509674397,99817.40,27.98,0.695,0.748,-0.593
16725,509734431,99816.98,27.98,0.693,0.784,-0.104
16727,509794397,99813.35,27.98,0.767,1.090,0.200
16729,509854397,99819.46,27.98,0.726,0.574,0.710
16731,509914416,99819.91,27.98,0.677,0.537,-0.310
16733,509974397,99816.15,27.98,0.732,0.854,-0.439
16735,510034422,99818.85,27.98,0.683,0.626,0.212
16737,510094426,99818.28,27.98,0.694,0.674,-0.309
16739,510154397,99820.80,27.98,0.658,0.461,-0.030
16741,510214415,99814.28,27.98,0.727,1.012,-0.199
16743,510274397,99816.40,27.98,0.719,0.833,0.441
16745,510334422,99817.16,27.98,0.742,0.769,0.279
16747,510394410,99820.91,27.98,0.707,0.452,0.282
16749,510454397,99816.23,27.98,0.711,0.848,-0.393
16751,510514426,99814.99,27.98,0.730,0.952,-0.195
16753,510574397,99816.91,27.98,0.722,0.790,0.200
16755,510634423,99820.75,27.98,0.716,0.466,0.198
16757,510694427,99817.88,27.98,0.722,0.708,0.016
16759,510754397,99818.64,27.98,0.704,0.644,-0.156
16761,510814415,99814.95,27.98,0.753,0.956,-0.065
16763,510874397,99818.05,27.98,0.696,0.693,0.159
16765,510934422,99818.73,27.98,0.674,0.635,-0.502
16767,510994397,99817.78,27.98,0.677,0.716,-0.295
16769,511054397,99817.78,27.98,0.684,0.717,0.001
16771,511114415,99811.72,27.98,0.771,1.229,0.260
16773,511174397,99819.45,27.98,0.760,0.575,0.988
16775,511234423,99815.80,27.98,0.749,0.884,0.126
16777,511294435,99811.75,27.99,0.815,1.226,-0.161
16779,511354397,99818.81,27.98,0.791,0.629,0.743
16781,511414415,99818.23,27.99,0.771,0.678,0.031
16783,511474397,99821.59,27.98,0.760,0.394,-0.158
16785,511534424,99817.71,27.98,0.739,0.722,-0.293
16787,511594397,99817.25,27.99,0.764,0.761,-0.336
16789,511654397,99821.45,27.99,0.702,0.407,0.094
16791,511714415,99820.02,27.99,0.690,0.527,-0.577
16793,511774397,99816.52,27.99,0.710,0.823,-0.343
16795,511834422,99817.39,27.99,0.704,0.749,0.033
16797,511894452,99814.63,27.99,0.718,0.982,-0.062
16799,511954397,99817.16,27.98,0.730,0.769,0.207
16801,512014415,99815.65,27.99,0.741,0.896,0.262
16803,512074407,99817.04,27.99,0.736,0.779,0.093
16805,512134423,99823.50,27.99,0.684,0.233,0.069
16807,512194397,99819.97,27.99,0.667,0.531,-0.518
16809,512254397,99819.85,27.99,0.657,0.541,-0.488
16811,512314415,99816.23,27.99,0.720,0.848,0.034
16813,512374398,99820.29,27.99,0.728,0.504,0.751
16815,512434423,99817.99,27.99,0.716,0.698,0.185
16817,512494427,99814.97,27.99,0.764,0.954,-0.125
16819,512554397,99816.95,27.99,0.779,0.786,0.546
16821,512614415,99815.88,27.99,0.804,0.877,0.408
16823,512674397,99818.41,27.99,0.763,0.663,0.126
16825,512734422,99818.16,27.99,0.754,0.684,-0.355
16827,512794397,99820.30,27.99,0.728,0.503,-0.189
16829,512854409,99818.80,27.99,0.714,0.630,-0.349
16831,512914416,99817.73,27.99,0.709,0.720,-0.343
16833,512974397,99817.90,27.99,0.727,0.706,-0.011
16835,513034423,99819.59,27.99,0.680,0.564,0.018
16837,513094426,99818.31,27.99,0.682,0.671,-0.468
16839,513154397,99814.96,27.99,0.741,0.954,0.071
16841,513214415,99818.66,27.99,0.734,0.642,0.629
16843,513274397,99817.70,27.99,0.714,0.724,0.017
16845,513334422,99816.55,27.99,0.734,0.820,-0.224
16847,513394409,99819.89,27.99,0.718,0.538,0.222
16849,513454397,99816.97,27.99,0.728,0.785,-0.080
16851,513514415,99818.86,27.99,0.684,0.625,-0.215
16853,513574397,99820.29,27.99,0.634,0.504,-0.587
16855,513634431,99818.27,27.99,0.655,0.675,-0.506
16857,513694427,99820.96,27.99,0.654,0.447,0.212
16859,513754397,99817.18,27.99,0.646,0.767,-0.097
16861,513814415,99819.07,27.99,0.651,0.607,-0.163
16863,513874397,99818.75,27.99,0.644,0.634,0.087
16865,513934423,99815.73,27.99,0.695,0.890,0.044
16867,513994397,99816.27,27.99,0.710,0.844,0.512
16869,514054396,99817.94,27.99,0.708,0.703,0.323
16871,514114415,99813.41,27.99,0.756,1.085,0.121
16873,514174397,99817.27,27.99,0.739,0.759,0.397
16875,514234422,99818.38,27.99,0.736,0.666,0.115
16877,514294427,99818.68,27.99,0.735,0.640,0.013
16879,514354397,99818.77,27.99,0.730,0.633,-0.024
16881,514414425,99816.34,27.99,0.721,0.838,-0.231
16883,514474397,99821.05,27.99,0.701,0.439,-0.099
16885,514534423,99816.44,27.99,0.720,0.830,-0.113
16887,514594397,99820.21,27.99,0.687,0.511,-0.053
16889,514654397,99817.02,27.99,0.728,0.780,-0.069
16891,514714415,99817.69,27.99,0.713,0.724,0.196
16893,514774397,99819.73,27.99,0.689,0.552,-0.119
16895,514834422,99818.79,27.99,0.716,0.631,-0.066
16897,514894452,99815.42,27.99,0.766,0.916,0.331
16899,514954397,99817.73,27.99,0.743,0.721,0.392
16901,515014415,99820.16,27.99,0.714,0.515,-0.116
16903,515074397,99816.30,27.99,0.731,0.841,-0.322
16905,515134423,99814.46,27.99,0.765,0.997,0.051
16907,515194409,99816.32,27.99,0.763,0.840,0.384
16909,515254396,99818.34,27.99,0.735,0.669,0.060
16911,515314415,99815.55,27.99,0.762,0.905,-0.199
16913,515374397,99815.45,27.99,0.783,0.913,0.237
16915,515434423,99818.23,27.99,0.777,0.678,0.367
16917,515494427,99815.48,27.99,0.778,0.911,-0.037
16919,515554397,99819.08,27.99,0.719,0.607,-0.294
16921,515614415,99818.85,28.00,0.713,0.626,-0.505
16923,515674397,99814.90,28.00,0.742,0.960,-0.180
16925,515734422,99818.09,27.99,0.747,0.690,0.308
16927,515794397,99813.53,28.00,0.775,1.075,0.177
16929,515854397,99818.19,28.00,0.704,0.682,-0.103
16931,515914416,99816.06,28.00,0.773,0.861,-0.215
16933,515974407,99819.08,28.00,0.758,0.606,0.655
16935,516034423,99819.91,28.00,0.731,0.536,-0.051
16937,516094426,99819.59,28.00,0.708,0.564,-0.428
16939,516154397,99820.79,28.00,0.646,0.462,-0.595
16941,516214415,99818.52,28.00,0.620,0.653,-0.915
16943,516274397,99817.40,28.00,0.647,0.748,-0.379
16945,516334423,99816.75,28.00,0.671,0.803,0.319
16947,516394410,99818.31,28.00,0.678,0.672,0.391
16949,516454397,99822.28,28.00,0.640,0.336,0.176
16951,516514415,99815.72,28.00,0.683,0.891,-0.307
16953,516574397,99819.04,28.00,0.683,0.610,0.265
16955,516634422,99818.71,28.00,0.667,0.638,0.115
16957,516694427,99816.71,28.00,0.676,0.807,-0.250
16959,516754408,99817.40,28.00,0.659,0.748,-0.082
16961,516814415,99818.95,28.00,0.648,0.617,-0.128
16963,516874397,99815.44,28.00,0.651,0.914,-0.229
16965,516934423,99819.91,28.00,0.660,0.536,0.129
16967,516994397,99814.78,28.00,0.698,0.970,0.285
16969,517054397,99817.10,28.00,0.738,0.774,0.518
16971,517114415,99815.59,28.00,0.766,0.901,0.687
16973,517174397,99815.78,28.00,0.782,0.885,0.376
16975,517234422,99820.80,28.00,0.703,0.461,0.020
16977,517294427,99816.60,28.00,0.721,0.816,-0.710
16979,517354397,99817.85,28.00,0.706,0.710,-0.131
16981,517414415,99820.02,28.00,0.671,0.526,-0.165
16983,517474397,99818.74,28.00,0.711,0.635,-0.120
16985,517534431,99816.40,28.00,0.734,0.833,0.350
16987,517594397,99817.09,28.00,0.737,0.775,0.224
16989,517654397,99816.49,28.00,0.702,0.825,-0.142
16991,517714415,99816.27,28.00,0.686,0.845,-0.526
16993,517774397,99818.28,28.00,0.681,0.674,-0.147
16995,517834422,99816.38,28.00,0.715,0.834,0.132
16997,517894466,99819.36,28.00,0.679,0.583,0.222
16999,517954397,99819.13,28.00,0.669,0.602,-0.275
17001,518014415,99818.83,28.00,0.672,0.628,-0.152
17003,518074397,99820.41,28.00,0.624,0.494,-0.193
17005,518134422,99818.51,28.00,0.637,0.655,-0.473
17007,518194397,99818.09,28.00,0.653,0.690,0.066
17009,518254397,99815.73,28.00,0.688,0.889,0.252
17011,518314426,99816.78,28.00,0.704,0.800,0.424
17013,518374397,99814.86,28.00,0.718,0.963,0.242
17015,518434423,99817.54,28.00,0.729,0.737,0.275
17017,518494427,99817.03,28.00,0.722,0.780,0.212
17019,518554397,99815.07,28.00,0.773,0.946,0.099
17021,518614415,99820.38,28.00,0.725,0.497,0.463
17023,518674397,99814.31,28.00,0.722,1.009,-0.535
17025,518734422,99819.61,28.00,0.673,0.562,-0.417
17027,518794397,99814.52,28.00,0.723,0.992,-0.245
17029,518854397,99820.02,28.00,0.695,0.527,0.363
17031,518914415,99816.69,28.00,0.695,0.809,-0.141
17033,518974397,99818.80,28.00,0.669,0.630,-0.247
17035,519034423,99816.73,28.00,0.693,0.805,-0.139
17037,519094435,99816.55,28.00,0.674,0.820,0.006
17039,519154397,99817.62,28.00,0.681,0.730,-0.101
17041,519214415,99818.02,28.00,0.700,0.696,0.254
17043,519274397,99819.52,28.00,0.683,0.570,0.217
17045,519334423,99818.48,28.00,0.706,0.657,-0.014
17047,519394409,99814.37,28.00,0.723,1.005,0.058
17049,519454397,99816.05,27.99,0.769,0.862,0.351
17051,519514415,99818.88,28.00,0.760,0.623,0.717
17053,519574397,99822.01,28.00,0.693,0.359,-0.119
17055,519634422,99817.78,27.99,0.726,0.716,-0.614
17057,519694427,99818.64,27.99,0.704,0.643,-0.020
17059,519754397,99817.34,27.99,0.725,0.754,-0.114
17061,519814415,99818.07,27.99,0.711,0.692,0.101
17063,519874407,99816.51,27.99,0.726,0.824,-0.090
17065,519934423,99815.69,27.99,0.720,0.893,-0.013
17067,519994397,99819.81,28.00,0.692,0.545,-0.036
17069,520054397,99817.60,27.99,0.677,0.732,-0.301
17071,520114415,99817.80,27.99,0.680,0.714,-0.283
17073,520174397,99818.92,27.99,0.676,0.620,0.063
17075,520234423,99817.31,27.99,0.695,0.756,0.042
17077,520294427,99814.94,27.99,0.702,0.957,0.034
17079,520354397,99815.54,27.99,0.733,0.906,0.189
17081,520414415,99819.56,27.99,0.709,0.566,0.457
17083,520474397,99817.80,27.99,0.715,0.715,-0.078
17085,520534422,99813.98,27.99,0.734,1.038,-0.144
17087,520594397,99820.38,27.99,0.688,0.497,0.080
17089,520654408,99819.91,27.99,0.678,0.537,-0.229
17091,520714415,99817.27,27.99,0.704,0.759,-0.169
17093,520774397,99820.12,27.99,0.670,0.519,0.083
17095,520834423,99818.39,27.99,0.701,0.665,-0.104
17097,520894452,99817.84,27.99,0.679,0.712,0.058
17099,520954397,99816.42,27.99,0.702,0.831,-0.183
17101,521014415,99817.09,27.99,0.681,0.774,0.074
17103,521074397,99815.62,27.99,0.750,0.899,0.155
17105,521134422,99820.81,27.99,0.704,0.460,0.668
17107,521194397,99817.00,27.99,0.705,0.782,-0.359
17109,521254397,99819.08,27.99,0.684,0.607,-0.251
17111,521314415,99817.33,27.99,0.703,0.754,-0.103
17113,521374397,99817.45,27.99,0.720,0.744,0.196
17115,521434431,99816.75,27.99,0.761,0.803,0.416
17117,521494427,99818.06,27.99,0.754,0.693,0.459
17119,521554397,99817.65,27.99,0.778,0.727,0.156
17121,521614415,99818.69,27.99,0.728,0.640,-0.002
17123,521674397,99817.48,27.99,0.741,0.742,-0.459
17125,521734422,99815.73,27.99,0.780,0.889,0.160
17127,521794397,99819.62,27.99,0.734,0.561,0.292
17129,521854397,99815.25,27.99,0.764,0.930,-0.317
17131,521914415,99817.83,27.99,0.808,0.713,0.441
17133,521974397,99814.52,27.99,0.844,0.992,0.693
17135,522034422,99814.71,27.99,0.874,0.976,0.452
17137,522094427,99818.81,27.99,0.860,0.629,0.517
17139,522154397,99817.35,27.99,0.843,0.753,-0.079
17141,522214425,99815.75,27.99,0.863,0.888,-0.251
17143,522274397,99817.91,27.99,0.848,0.705,0.138
17145,522334423,99816.11,27.99,0.844,0.857,-0.148
17147,522394410,99818.48,27.99,0.808,0.657,-0.236
17149,522454397,99817.66,27.99,0.773,0.726,-0.522
17151,522514415,99818.80,27.99,0.760,0.630,-0.483
17153,522574397,99817.55,27.99,0.765,0.736,-0.158
17155,522634422,99814.19,27.99,0.776,1.020,-0.138
17157,522694426,99814.77,27.99,0.783,0.970,0.014
17159,522754397,99815.84,27.99,0.798,0.880,0.271
17161,522814415,99820.19,27.99,0.793,0.513,0.432
17163,522874397,99819.80,27.99,0.745,0.546,-0.114
17165,522934419,99817.20,27.99,0.775,0.766,-0.524
17167,522994409,99816.10,27.99,0.787,0.858,0.157
17169,523054397,99817.46,27.99,0.785,0.743,0.171
17171,523114415,99818.82,27.99,0.755,0.628,-0.036
17173,523174397,99820.46,27.99,0.736,0.490,-0.286
17175,523234423,99817.94,27.98,0.724,0.703,-0.367
17177,523294427,99817.18,27.98,0.757,0.767,-0.133
17179,523354397,99819.09,27.99,0.734,0.605,0.286
17181,523414415,99814.56,27.99,0.769,0.988,-0.152
17183,523474397,99814.90,27.98,0.775,0.960,0.172
17185,523534422,99814.83,27.98,0.759,0.966,0.021
17187,523594397,99817.77,27.98,0.754,0.717,-0.046
17189,523654397,99816.73,27.98,0.782,0.805,0.189
17191,523714415,99820.77,27.99,0.751,0.464,0.287
17193,523774407,99817.38,27.98,0.779,0.750,-0.114
17195,523834423,99815.50,27.98,0.768,0.909,-0.073
17197,523894452,99819.52,27.98,0.756,0.570,-0.045
17199,523954397,99816.34,27.98,0.768,0.839,-0.030
17201,524014415,99815.96,27.98,0.757,0.870,-0.138
17203,524074397,99812.34,27.98,0.813,1.176,0.008
17205,524134423,99812.92,27.98,0.836,1.127,0.583
17207,524194397,99816.76,27.98,0.810,0.803,0.395
17209,524254397,99815.63,27.98,0.794,0.898,-0.210
17211,524314415,99818.28,27.98,0.774,0.674,-0.239
17213,524374397,99816.66,27.98,0.785,0.811,-0.122
17215,524434422,99820.45,27.98,0.725,0.491,-0.137
17217,524494427,99815.99,27.98,0.773,0.868,-0.403
17219,524554408,99815.88,27.98,0.776,0.877,0.241
17221,524614415,99821.09,27.98,0.740,0.436,0.138
17223,524674397,99813.51,27.98,0.799,1.077,-0.179
17225,524734423,99816.31,27.98,0.805,0.840,0.399
17227,524794397,99816.84,27.98,0.811,0.796,0.348
17229,524854397,99816.80,27.98,0.831,0.799,0.213
17231,524914416,99817.28,27.98,0.792,0.759,0.018
17233,524974397,99817.40,27.98,0.768,0.749,-0.514
17235,525034422,99819.62,27.98,0.707,0.560,-0.534
17237,525094427,99817.52,27.98,0.718,0.738,-0.634
17239,525154397,99816.83,27.98,0.710,0.797,-0.139
17241,525214415,99815.61,27.98,0.717,0.900,-0.135
17243,525274397,99820.55,27.98,0.730,0.483,0.338
17245,525334431,99816.05,27.98,0.793,0.863,0.544
17247,525394410,99818.82,27.98,0.742,0.628,0.325
17249,525454397,99813.16,27.98,0.790,1.106,-0.375
17251,525514415,99815.18,27.98,0.834,0.936,0.538
17253,525574397,99819.40,27.98,0.797,0.580,0.650
17255,525634422,99822.38,27.98,0.737,0.328,-0.324
17257,525694426,99818.42,27.98,0.731,0.662,-0.785
17259,525754397,99819.56,27.98,0.714,0.566,-0.378
17261,525814415,99817.83,27.98,0.689,0.712,-0.372
17263,525874397,99818.02,27.98,0.641,0.696,-0.653
17265,525934422,99818.73,27.98,0.643,0.636,-0.501
17267,525994397,99815.02,27.98,0.703,0.949,0.161
17269,526054397,99815.68,27.98,0.719,0.894,0.601
17271,526114425,99819.53,27.98,0.726,0.568,0.518
17273,526174397,99815.52,27.98,0.721,0.907,0.053
17275,526234423,99817.62,27.98,0.719,0.730,-0.163
17277,526294427,99820.83,27.98,0.679,0.459,0.022
17279,526354397,99818.50,27.98,0.695,0.655,-0.307
17281,526414415,99819.45,27.98,0.670,0.575,-0.087
17283,526474397,99818.80,27.98,0.689,0.631,-0.128
17285,526534422,99819.43,27.98,0.670,0.577,0.077
17287,526594397,99813.66,27.98,0.772,1.065,0.125
17289,526654397,99820.69,27.98,0.724,0.470,0.895
17291,526714415,99813.36,27.98,0.773,1.090,-0.150
17293,526774397,99815.71,27.98,0.803,0.891,0.404
17295,526834423,99815.09,27.98,0.823,0.943,0.589
17297,526894460,99819.17,27.98,0.822,0.599,0.429
17299,526954396,99819.01,27.98,0.787,0.613,0.014
17301,527014415,99813.88,27.98,0.787,1.045,-0.670
17303,527074397,99818.86,27.98,0.730,0.625,-0.377
17305,527134423,99818.68,27.98,0.737,0.640,-0.331
17307,527194397,99816.67,27.98,0.772,0.810,0.108
17309,527254397,99816.91,27.98,0.803,0.790,0.479
17311,527314415,99821.77,27.98,0.757,0.379,0.386
17313,527374397,99818.27,27.98,0.745,0.675,-0.474
17315,527434422,99816.82,27.98,0.768,0.797,-0.308
17317,527494427,99820.02,27.98,0.713,0.527,0.012
17319,527554397,99816.84,27.98,0.736,0.796,-0.456
17321,527614415,99818.26,27.98,0.737,0.676,0.108
17323,527674407,99814.64,27.98,0.778,0.981,0.164
17325,527734423,99813.45,27.98,0.807,1.082,0.364
17327,527794397,99817.58,27.98,0.805,0.733,0.507
17329,527854397,99815.12,27.98,0.845,0.942,0.333
17331,527914416,99819.50,27.98,0.800,0.571,0.283
17333,527974397,99819.80,27.98,0.800,0.546,-0.202
17335,528034423,99816.09,27.98,0.816,0.859,-0.138
17337,528094427,99817.84,27.98,0.768,0.711,-0.214
17339,528154397,99816.50,27.98,0.786,0.825,-0.389
17341,528214415,99818.92,27.98,0.743,0.620,-0.045
17343,528274397,99815.27,27.98,0.779,0.929,-0.315
17345,528334422,99817.96,27.98,0.772,0.701,0.266
17347,528394410,99817.19,27.98,0.781,0.766,0.119
17349,528454408,99815.77,27.98,0.824,0.887,0.224
17351,528514415,99817.71,27.98,0.836,0.722,0.577
17353,528574397,99820.12,27.98,0.782,0.518,0.097
17355,528634423,99818.39,27.98,0.771,0.665,-0.608
17357,528694427,99817.62,27.98,0.735,0.730,-0.519
17359,528754396,99817.41,27.98,0.714,0.748,-0.585
17361,528814415,99814.06,27.98,0.736,1.030,-0.331
17363,528874397,99818.52,27.98,0.746,0.654,0.338
17365,528934422,99820.14,27.98,0.700,0.517,0.189
17367,528994397,99816.59,27.98,0.726,0.817,-0.455
17369,529054397,99815.41,27.98,0.747,0.916,0.112
17371,529114415,99810.29,27.98,0.835,1.349,0.440
17373,529174397,99817.52,27.98,0.815,0.739,0.989
17375,529234431,99817.80,27.98,0.789,0.715,0.124
17377,529294426,99816.17,27.98,0.771,0.852,-0.488
17379,529354397,99816.31,27.98,0.776,0.841,-0.280
17381,529414415,99813.75,27.98,0.817,1.057,0.143
17383,529474396,99820.62,27.98,0.809,0.476,0.646
17385,529534423,99817.80,27.98,0.749,0.715,-0.172
17387,529594397,99817.55,27.98,0.732,0.736,-0.938
17389,529654397,99815.22,27.98,0.779,0.933,-0.119
17391,529714415,99819.91,27.98,0.764,0.536,0.545
17393,529774397,99815.34,27.98,0.788,0.923,0.030
17395,529834422,99816.62,27.98,0.806,0.814,0.176
17397,529894452,99816.90,27.98,0.835,0.791,0.483
17399,529954396,99817.55,27.98,0.797,0.736,0.163
17401,530014425,99815.25,27.98,0.847,0.930,-0.193
17403,530074397,99819.88,27.98,0.808,0.539,0.410
17405,530134423,99816.78,27.98,0.832,0.800,-0.156
17407,530194397,99817.13,27.98,0.819,0.771,0.008
17409,530254397,99819.07,27.98,0.773,0.607,-0.264
17411,530314415,99821.52,27.98,0.731,0.401,-0.536
17413,530374397,99818.04,27.98,0.719,0.695,-0.641
17415,530434422,99815.16,27.98,0.736,0.937,-0.415
17417,530494426,99819.22,27.98,0.697,0.595,0.011
17419,530554397,99818.74,27.98,0.735,0.635,0.005
17421,530614415,99817.19,27.98,0.738,0.766,0.285
17423,530674397,99815.48,27.98,0.775,0.911,0.108
17425,530734423,99819.91,27.98,0.729,0.536,0.294
17427,530794409,99819.54,27.98,0.733,0.568,-0.226
17429,530854397,99816.62,27.98,0.752,0.815,-0.074
17431,530914415,99818.49,27.98,0.754,0.656,0.173
17433,530974397,99816.88,27.98,0.720,0.792,-0.140
17435,531034423,99816.62,27.98,0.752,0.814,-0.290
17437,531094427,99816.48,27.97,0.808,0.827,0.621
17439,531154397,99821.17,27.98,0.736,0.430,0.480
17441,531214415,99820.29,27.97,0.748,0.504,-0.466
17443,531274397,99818.29,27.97,0.766,0.674,0.003
17445,531334422,99819.87,27.97,0.755,0.540,0.126
17447,531394410,99820.24,27.97,0.753,0.508,-0.010
17449,531454397,99817.74,27.97,0.763,0.720,-0.083
17451,531514415,99813.82,27.97,0.776,1.051,-0.154
17453,531574407,99816.06,27.97,0.756,0.862,-0.053
17455,531634423,99813.42,27.97,0.770,1.085,-0.148
17457,531694427,99818.80,27.97,0.725,0.631,0.014
17459,531754397,99815.47,27.97,0.740,0.911,-0.285
17461,531814415,99818.48,27.97,0.766,0.657,0.254
17463,531874397,99818.48,27.97,0.778,0.658,0.532
17465,531934423,99817.23,27.97,0.792,0.763,0.174
17467,531994397,99814.59,27.97,0.819,0.986,0.120
17469,532054397,99817.96,27.97,0.807,0.701,0.276
17471,532114415,99817.65,27.97,0.779,0.727,-0.106
17473,532174397,99813.19,27.97,0.803,1.104,-0.433
17475,532234423,99818.74,27.97,0.784,0.635,0.182
17477,532294427,99820.21,27.97,0.732,0.511,-0.112
17479,532354408,99815.34,27.97,0.759,0.923,-0.620
17481,532414415,99815.91,27.97,0.772,0.875,0.093
17483,532474397,99817.97,27.96,0.809,0.701,0.529
17485,532534423,99816.73,27.96,0.782,0.806,0.307
17487,532594397,99818.47,27.96,0.759,0.658,-0.366
17489,532654396,99815.12,27.96,0.795,0.941,-0.165
17491,532714415,99812.99,27.96,0.837,1.121,0.328
17493,532774397,99811.58,27.96,0.884,1.241,0.592
17495,532834423,99818.59,27.96,0.841,0.648,0.613
17497,532894466,99816.80,27.96,0.817,0.799,-0.288
17499,532954396,99817.40,27.96,0.829,0.748,-0.305
17501,533014415,99815.89,27.96,0.856,0.876,0.219
17503,533074397,99816.10,27.96,0.855,0.858,0.236
17505,533134431,99817.57,27.96,0.821,0.734,-0.096
17507,533194397,99818.36,27.96,0.779,0.667,-0.495
17509,533254397,99818.51,27.96,0.792,0.655,-0.374
17511,533314415,99815.84,27.96,0.762,0.880,-0.210
17513,533374397,99819.33,27.96,0.727,0.585,-0.480
17515,533434422,99817.33,27.96,0.747,0.755,-0.226
17517,533494427,99815.62,27.96,0.785,0.899,0.215
17519,533554396,99816.51,27.96,0.776,0.824,0.343
17521,533614415,99817.46,27.96,0.772,0.743,0.017
17523,533674397,99819.03,27.96,0.735,0.611,-0.141
17525,533734422,99819.97,27.96,0.750,0.531,-0.198
17527,533794397,99819.07,27.96,0.711,0.607,-0.099
17529,533854397,99813.35,27.96,0.787,1.091,-0.320
17531,533914424,99816.30,27.96,0.781,0.842,0.620
17533,533974397,99817.57,27.96,0.757,0.734,0.093
17535,534034423,99818.43,27.96,0.779,0.661,-0.025
17537,534094427,99818.46,27.96,0.750,0.659,0.099
17539,534154397,99821.48,27.96,0.687,0.403,-0.503
17541,534214415,99820.62,27.96,0.634,0.476,-0.923
17543,534274397,99817.09,27.96,0.653,0.775,-0.775
17545,534334422,99814.52,27.96,0.701,0.992,0.108
17547,534394410,99813.41,27.96,0.758,1.086,0.684
17549,534454397,99818.95,27.96,0.758,0.618,0.916
17551,534514415,99817.44,27.96,0.743,0.745,0.188
17553,534574397,99817.99,27.96,0.732,0.698,-0.284
17555,534634423,99817.76,27.96,0.721,0.718,-0.183
17557,534694434,99817.66,27.96,0.734,0.727,-0.068
17559,534754397,99817.91,27.96,0.716,0.705,0.034
17561,534814415,99818.16,27.96,0.759,0.685,0.088
17563,534874397,99816.20,27.96,0.775,0.850,0.458
17565,534934423,99815.30,27.96,0.800,0.926,0.219
17567,534994397,99816.02,27.96,0.803,0.865,0.298
17569,535054397,99818.41,27.96,0.787,0.664,0.133
17571,535114415,99815.66,27.95,0.793,0.896,-0.154
17573,535174397,99812.56,27.95,0.859,1.158,0.124
17575,535234422,99818.82,27.96,0.818,0.628,0.661
17577,535294427,99818.16,27.95,0.787,0.684,-0.269
17579,535354397,99817.05,27.95,0.760,0.778,-0.635
17581,535414415,99816.55,27.96,0.776,0.821,-0.321
17583,535474407,99817.70,27.96,0.794,0.724,0.288
17585,535534423,99816.69,27.96,0.787,0.809,0.176
17587,535594397,99813.75,27.95,0.813,1.057,-0.116
17589,535654396,99811.57,27.96,0.864,1.241,0.304
17591,535714415,99818.80,27.96,0.824,0.630,0.627
17593,535774397,99814.48,27.96,0.861,0.995,-0.011
17595,535834423,99818.08,27.95,0.848,0.691,0.254
17597,535894452,99812.46,27.96,0.895,1.166,0.060
17599,535954397,99817.62,27.95,0.828,0.730,0.085
17601,536014415,99813.34,27.95,0.839,1.091,-0.577
17603,536074397,99815.34,27.95,0.853,0.922,0.013
17605,536134422,99813.51,27.95,0.869,1.077,0.269
17607,536194397,99813.24,27.95,0.916,1.100,0.351
17609,536254408,99816.02,27.95,0.909,0.865,0.622
17611,536314415,99819.15,27.95,0.896,0.601,0.213
17613,536374397,99816.45,27.95,0.887,0.829,-0.182
17615,536434423,99818.12,27.95,0.838,0.687,-0.452
17617,536494427,99815.52,27.95,0.841,0.908,-0.575
17619,536554396,99814.23,27.95,0.887,1.016,0.040
17621,536614415,99817.02,27.95,0.904,0.781,0.688
17623,536674397,99816.80,27.95,0.871,0.799,0.180
17625,536734422,99817.65,27.95,0.841,0.728,-0.489
17627,536794397,99820.42,27.95,0.802,0.493,-0.395
17629,536854397,99816.64,27.95,0.807,0.813,-0.492
17631,536914416,99816.05,27.95,0.801,0.863,-0.257
17633,536974397,99816.03,27.95,0.791,0.864,-0.149
17635,537034431,99814.47,27.95,0.823,0.996,-0.018
17637,537094427,99815.59,27.95,0.793,0.902,0.145
17639,537154397,99820.60,27.95,0.734,0.478,-0.313
17641,537214415,99817.38,27.95,0.742,0.750,-0.541
17643,537274397,99816.05,27.95,0.779,0.863,0.000
17645,537334422,99818.53,27.95,0.800,0.653,0.605
17647,537394410,99818.91,27.95,0.777,0.621,0.284
17649,537454397,99817.77,27.95,0.771,0.717,-0.305
17651,537514415,99816.99,27.95,0.792,0.783,-0.075
17653,537574397,99817.30,27.95,0.776,0.757,0.112
17655,537634422,99816.23,27.95,0.781,0.848,-0.165
17657,537694427,99816.86,27.95,0.788,0.794,0.052
17659,537754397,99816.66,27.95,0.779,0.810,0.058
17661,537814426,99817.78,27.95,0.749,0.716,-0.219
17663,537874397,99820.73,27.95,0.725,0.467,-0.257
17665,537934420,99815.95,27.95,0.742,0.871,-0.299
17667,537994397,99818.72,27.95,0.735,0.637,0.009
17669,538054397,99815.99,27.95,0.750,0.868,0.034
17671,538114415,99818.26,27.95,0.756,0.676,0.164
17673,538174397,99815.26,27.95,0.753,0.930,0.025
17675,538234422,99817.38,27.95,0.777,0.750,0.067
17677,538294426,99818.56,27.95,0.754,0.650,0.306
17679,538354397,99818.73,27.95,0.735,0.636,-0.274
17681,538414415,99817.10,27.95,0.737,0.774,-0.299
17683,538474397,99818.33,27.95,0.714,0.670,-0.149
17685,538534423,99818.49,27.95,0.714,0.656,-0.169
17687,538594409,99817.31,27.95,0.746,0.756,0.104
17689,538654397,99815.90,27.95,0.772,0.876,0.359
17691,538714415,99820.32,27.95,0.730,0.502,0.238
17693,538774397,99818.53,27.95,0.721,0.653,-0.351
17695,538834423,99817.41,27.95,0.730,0.747,-0.244
17697,538894452,99820.24,27.95,0.713,0.508,0.092
17699,538954397,99812.91,27.95,0.753,1.128,-0.189
17701,539014415,99817.28,27.95,0.705,0.758,-0.022
17703,539074397,99817.82,27.95,0.698,0.713,-0.262
17705,539134422,99817.69,27.95,0.711,0.724,-0.026
17707,539194397,99815.25,27.95,0.734,0.930,0.127
17709,539254397,99821.05,27.95,0.700,0.440,0.248
17711,539314415,99816.77,27.95,0.723,0.802,-0.132
17713,539374407,99818.02,27.95,0.729,0.696,0.094
17715,539434423,99819.52,27.95,0.711,0.569,0.130
17717,539494426,99817.55,27.95,0.731,0.736,-0.100
17719,539554397,99817.88,27.95,0.725,0.708,0.077
17721,539614415,99819.77,27.95,0.719,0.548,0.045
17723,539674397,99818.37,27.95,0.725,0.667,-0.014
17725,539734423,99817.20,27.95,0.726,0.765,-0.078
17727,539794397,99816.29,27.95,0.749,0.843,0.041
17729,539854397,99818.93,27.96,0.728,0.619,0.231
17731,539914416,99815.99,27.95,0.753,0.868,-0.081
17733,539974397,99819.53,27.95,0.736,0.569,0.181
17735,540034422,99817.23,27.95,0.724,0.762,-0.163
17737,540094427,99819.12,27.95,0.727,0.603,-0.154
17739,540154408,99816.94,27.95,0.724,0.788,-0.014
17741,540214415,99813.91,27.95,0.795,1.044,0.106
17743,540274397,99816.76,27.95,0.788,0.803,0.731
17745,540334423,99820.97,27.95,0.765,0.447,0.238
17747,540394410,99820.28,27.95,0.745,0.505,-0.188
17749,540454397,99817.71,27.96,0.738,0.722,-0.452
17751,540514415,99821.87,27.96,0.712,0.371,-0.168
17753,540574397,99818.77,27.96,0.694,0.632,-0.344
17755,540634422,99814.95,27.95,0.752,0.956,-0.255
17757,540694427,99821.04,27.95,0.677,0.441,0.303
17759,540754397,99819.41,27.95,0.685,0.578,-0.482
17761,540814415,99815.50,27.96,0.713,0.909,-0.127
17763,540874397,99816.81,27.95,0.712,0.798,0.175
17765,540934431,99816.86,27.95,0.743,0.794,0.273
17767,540994397,99816.94,27.96,0.721,0.787,0.215
17769,541054397,99816.02,27.95,0.734,0.865,-0.177
17771,541114415,99815.87,27.95,0.757,0.878,0.200
17773,541174397,99817.40,27.96,0.750,0.748,0.302
17775,541234422,99818.70,27.96,0.762,0.639,0.171
17777,541294426,99816.12,27.95,0.762,0.856,0.055
17779,541354397,99819.59,27.96,0.724,0.564,-0.169
17781,541414415,99817.74,27.95,0.708,0.720,-0.423
17783,541474397,99814.73,27.95,0.739,0.974,-0.290
17785,541534423,99819.49,27.96,0.726,0.572,0.338
17787,541594397,99817.46,27.96,0.743,0.744,0.133
17789,541654397,99817.69,27.96,0.751,0.724,0.131
17791,541714426,99818.68,27.96,0.757,0.640,0.203
17793,541774397,99820.56,27.96,0.734,0.481,0.097
17795,541834423,99818.64,27.96,0.722,0.644,-0.318
17797,541894452,99816.33,27.96,0.726,0.839,-0.362
17799,541954397,99816.71,27.95,0.746,0.807,0.048
17801,542014415,99816.85,27.96,0.743,0.795,0.239
17803,542074397,99816.84,27.95,0.740,0.795,-0.024
17805,542134422,99818.70,27.96,0.702,0.639,-0.158
17807,542194397,99817.28,27.96,0.696,0.758,-0.438
17809,542254397,99817.19,27.96,0.735,0.766,0.034
17811,542314415,99816.53,27.96,0.780,0.822,0.649
17813,542374397,99817.22,27.96,0.763,0.763,0.445
17815,542434423,99816.70,27.96,0.742,0.808,-0.254
17817,542494435,99821.65,27.96,0.722,0.389,-0.132
17819,542554397,99814.91,27.96,0.753,0.959,-0.159
17821,542614415,99814.98,27.96,0.730,0.953,-0.168
17823,542674397,99820.02,27.96,0.693,0.527,-0.170
17825,542734423,99815.28,27.96,0.742,0.927,-0.129
17827,542794397,99820.00,27.96,0.726,0.529,0.405
17829,542854397,99817.52,27.96,0.719,0.739,-0.047
17831,542914416,99815.60,27.96,0.730,0.900,-0.259
17833,542974397,99814.52,27.96,0.795,0.992,0.337
17835,543034422,99815.35,27.96,0.781,0.922,0.629
17837,543094427,99816.74,27.96,0.806,0.804,0.184
17839,543154397,99817.48,27.96,0.788,0.742,0.268
17841,543214415,99818.23,27.96,0.766,0.678,-0.224
17843,543274407,99817.04,27.96,0.751,0.779,-0.371
17845,543334423,99820.75,27.96,0.734,0.465,-0.157
17847,543394410,99819.19,27.96,0.733,0.597,-0.088
17849,543454397,99818.11,27.96,0.710,0.689,-0.301
17851,543514415,99816.66,27.96,0.726,0.811,-0.299
17853,543574397,99813.36,27.96,0.784,1.090,0.235
17855,543634423,99818.97,27.96,0.756,0.616,0.614
17857,543694427,99817.69,27.96,0.740,0.724,-0.102
17859,543754397,99817.20,27.96,0.730,0.765,-0.360
17861,543814415,99818.40,27.96,0.720,0.664,-0.151
17863,543874397,99814.45,27.96,0.750,0.998,-0.093
17865,543934422,99817.49,27.96,0.759,0.741,0.320
17867,543994397,99819.75,27.96,0.715,0.550,0.157
17869,544054408,99818.29,27.96,0.702,0.673,-0.505
17871,544114415,99817.41,27.96,0.734,0.748,-0.121
17873,544174397,99815.25,27.96,0.755,0.930,0.297
17875,544234423,99817.38,27.96,0.726,0.750,0.092
17877,544294427,99816.30,27.96,0.746,0.842,-0.123
17879,544354397,99817.06,27.96,0.732,0.777,0.090
17881,544414415,99816.45,27.96,0.737,0.829,-0.097
17883,544474397,99817.79,27.96,0.729,0.716,0.027
17885,544534423,99819.58,27.96,0.735,0.564,0.121
17887,544594397,99823.25,27.96,0.672,0.254,-0.015
17889,544654397,99816.59,27.96,0.700,0.817,-0.691
17891,544714415,99816.23,27.96,0.739,0.847,0.098
17893,544774397,99814.23,27.96,0.749,1.017,0.397
17895,544834431,99821.59,27.96,0.708,0.394,0.194
17897,544894452,99817.20,27.96,0.717,0.765,-0.232
17899,544954397,99817.77,27.96,0.705,0.718,-0.217
17901,545014415,99817.04,27.96,0.698,0.779,-0.171
17903,545074397,99820.31,27.96,0.698,0.503,0.045
17905,545134422,99818.40,27.96,0.685,0.664,-0.011
17907,545194397,99818.73,27.96,0.693,0.636,-0.178
17909,545254397,99818.34,27.96,0.664,0.669,-0.103
17911,545314415,99818.46,27.96,0.711,0.659,-0.046
17913,545374397,99814.56,27.96,0.770,0.988,0.635
17915,545434422,99817.31,27.96,0.756,0.756,0.554
17917,545494427,99813.62,27.96,0.794,1.068,0.077
17919,545554397,99819.23,27.96,0.739,0.593,0.191
17921,545614425,99820.40,27.96,0.732,0.495,-0.250
17923,545674397,99814.23,27.96,0.747,1.016,-0.316
17925,545734423,99812.67,27.96,0.793,1.148,0.016
17927,545794397,99815.84,27.96,0.765,0.880,0.437
17929,545854397,99818.58,27.96,0.751,0.649,-0.022
17931,545914415,99815.22,27.96,0.791,0.933,0.022
17933,545974397,99817.78,27.96,0.742,0.716,0.092
17935,546034423,99818.67,27.96,0.731,0.641,-0.379
17937,546094426,99814.44,27.96,0.728,0.999,-0.364
17939,546154397,99817.25,27.96,0.762,0.761,0.075
17941,546214415,99814.25,27.96,0.812,1.015,0.651
17943,546274397,99818.16,27.96,0.839,0.684,0.801
17945,546334423,99816.73,27.96,0.843,0.805,0.504
17947,546394418,99819.22,27.96,0.763,0.595,-0.340
17949,546454397,99816.04,27.96,0.747,0.863,-1.006
17951,546514415,99821.26,27.96,0.679,0.422,-0.552
17953,546574397,99820.15,27.96,0.639,0.516,-0.789
17955,546634423,99820.28,27.96,0.622,0.505,-0.664
17957,546694427,99819.19,27.96,0.618,0.597,-0.297
17959,546754396,99814.20,27.97,0.690,1.019,0.036
17961,546814415,99813.48,27.97,0.718,1.080,0.652
17963,546874397,99817.41,27.96,0.720,0.748,0.568
17965,546934422,99817.23,27.96,0.714,0.763,0.218
17967,546994397,99815.39,27.96,0.745,0.918,0.004
17969,547054397,99816.54,27.96,0.739,0.821,0.260
17971,547114415,99814.98,27.96,0.753,0.953,0.031
17973,547174407,99815.71,27.96,0.797,0.891,0.357
17975,547234423,99817.52,27.96,0.772,0.738,0.492
17977,547294426,99820.20,27.96,0.752,0.512,-0.106
17979,547354397,99818.44,27.96,0.708,0.661,-0.461
17981,547414415,99820.27,27.96,0.680,0.507,-0.666
17983,547474397,99813.45,27.96,0.721,1.083,-0.384
17985,547534423,99816.48,27.96,0.709,0.826,0.149
17987,547594397,99820.32,27.96,0.686,0.501,0.147
17989,547654396,99820.99,27.96,0.654,0.445,-0.205
17991,547714415,99820.03,27.96,0.660,0.526,-0.361
17993,547774397,99813.19,27.96,0.745,1.105,0.115
17995,547834422,99815.67,27.96,0.763,0.894,0.819
17997,547894466,99819.51,27.96,0.767,0.570,0.645
17999,547954408,99815.34,27.96,0.796,0.923,0.210
18001,548014415,99817.52,27.96,0.768,0.738,0.059
18003,548074397,99815.36,27.96,0.791,0.921,-0.145
18005,548134423,99815.98,27.96,0.831,0.869,0.375
18007,548194397,99819.45,27.96,0.804,0.575,0.525
18009,548254397,99820.81,27.96,0.768,0.460,-0.203
18011,548314415,99817.57,27.96,0.774,0.734,-0.493
18013,548374397,99814.93,27.96,0.800,0.957,-0.136
18015,548434422,99818.88,27.96,0.764,0.623,0.151
18017,548494427,99816.70,27.96,0.788,0.807,-0.137
18019,548554397,99816.69,27.96,0.783,0.808,0.084
18021,548614415,99817.53,27.96,0.802,0.737,0.128
18023,548674397,99816.03,27.96,0.795,0.864,0.130
18025,548734431,99814.92,27.96,0.809,0.958,-0.113
18027,548794397,99820.29,27.96,0.750,0.504,0.027
18029,548854397,99814.14,27.96,0.771,1.024,-0.557
18031,548914416,99821.40,27.96,0.748,0.410,0.099
18033,548974397,99816.85,27.96,0.761,0.795,-0.013
18035,549034423,99814.73,27.96,0.788,0.974,-0.078
18037,549094427,99816.92,27.96,0.774,0.789,0.227
18039,549154397,99817.48,27.96,0.772,0.741,0.006
18041,549214415,99819.36,27.96,0.779,0.583,0.138
18043,549274397,99819.22,27.96,0.748,0.595,-0.008
18045,549334422,99820.22,27.96,0.692,0.510,-0.617
18047,549394409,99815.83,27.96,0.716,0.881,-0.692
18049,549454397,99815.43,27.96,0.763,0.915,0.230
18051,549514426,99820.45,27.96,0.717,0.491,0.520
18053,549574396,99818.23,27.96,0.669,0.678,-0.597
18055,549634423,99819.96,27.96,0.688,0.532,-0.493
18057,549694427,99817.38,27.96,0.717,0.750,0.281
18059,549754396,99815.48,27.96,0.746,0.910,0.274
18061,549814415,99816.80,27.96,0.770,0.800,0.465
18063,549874397,99816.66,27.96,0.762,0.811,0.311
18065,549934422,99818.80,27.96,0.730,0.630,-0.151
18067,549994397,99816.41,27.96,0.757,0.832,-0.213
18069,550054397,99817.28,27.96,0.731,0.758,0.035
18071,550114415,99819.25,27.96,0.719,0.592,-0.182
18073,550174397,99819.68,27.96,0.689,0.556,-0.199
18075,550234423,99816.48,27.96,0.736,0.826,-0.217
18077,550294435,99819.41,27.96,0.741,0.579,0.501
18079,550354397,99819.70,27.96,0.711,0.555,0.100
18081,550414415,99812.40,27.96,0.757,1.171,-0.430
18083,550474397,99816.15,27.96,0.775,0.854,0.391
18085,550534423,99815.23,27.96,0.778,0.931,0.412
18087,550594397,99816.50,27.96,0.785,0.825,0.109
18089,550654397,99822.65,27.96,0.704,0.305,0.002
18091,550714415,99817.23,27.96,0.719,0.763,-0.760
18093,550774397,99818.81,27.96,0.720,0.629,-0.109
18095,550834422,99819.27,27.96,0.671,0.591,-0.153
18097,550894452,99819.59,27.96,0.686,0.564,-0.417
18099,550954397,99820.38,27.96,0.671,0.497,0.085
18101,551014415,99814.78,27.96,0.696,0.970,-0.259
18103,551074407,99816.77,27.96,0.698,0.802,0.087
18105,551134423,99815.79,27.96,0.712,0.884,0.183
18107,551194397,99817.81,27.96,0.701,0.714,0.149
18109,551254397,99813.50,27.96,0.743,1.078,0.014
18111,551314415,99814.91,27.96,0.778,0.959,0.496
18113,551374398,99815.63,27.96,0.782,0.898,0.567
18115,551434422,99819.56,27.96,0.778,0.566,0.310
18117,551494427,99817.86,27.96,0.787,0.710,0.126
18119,551554397,99817.80,27.96,0.769,0.714,-0.103
18121,551614415,99817.31,27.96,0.767,0.756,-0.229
18123,551674397,99815.57,27.96,0.773,0.903,-0.127
18125,551734423,99821.45,27.96,0.714,0.407,-0.057
18127,551794397,99820.34,27.96,0.673,0.500,-0.627
18129,551854408,99820.88,27.96,0.654,0.454,-0.663
18131,551914416,99815.03,27.96,0.702,0.949,-0.256
18133,551974397,99815.79,27.96,0.725,0.884,0.375
18135,552034423,99824.01,27.96,0.652,0.190,0.357
18137,552094427,99818.86,27.96,0.640,0.625,-0.691
18139,552154397,99814.91,27.96,0.670,0.959,-0.517
18141,552214415,99819.23,27.96,0.664,0.594,0.305
18143,552274397,99815.19,27.96,0.716,0.935,0.284
18145,552334422,99816.57,27.96,0.716,0.818,0.426
18147,552394410,99818.55,27.96,0.737,0.651,0.357
18149,552454397,99820.80,27.96,0.666,0.461,0.043
18151,552514415,99817.62,27.96,0.698,0.729,-0.619
18153,552574397,99815.05,27.96,0.723,0.947,0.114
18155,552634431,99816.91,27.96,0.738,0.790,0.361
18157,552694427,99819.12,27.96,0.736,0.603,0.397
18159,552754397,99821.49,27.96,0.701,0.403,0.026
18161,552814415,99816.46,27.96,0.709,0.828,-0.481
18163,552874397,99814.90,27.96,0.747,0.960,-0.072
18165,552934419,99819.69,27.96,0.722,0.555,0.448
18167,552994397,99817.69,27.96,0.713,0.724,-0.141
18169,553054397,99816.80,27.96,0.689,0.799,-0.417
18171,553114415,99817.06,27.96,0.703,0.777,-0.222
18173,553174397,99814.38,27.96,0.707,1.004,0.026
18175,553234422,99817.02,27.96,0.681,0.781,-0.093
18177,553294427,99816.88,27.96,0.694,0.793,-0.077
18179,553354397,99816.11,27.96,0.736,0.857,0.307
18181,553414425,99817.95,27.96,0.731,0.702,0.505
18183,553474397,99817.84,27.96,0.703,0.712,-0.084
18185,553534422,99815.90,27.96,0.702,0.876,-0.429
18187,553594396,99820.16,27.96,0.677,0.515,-0.061
18189,553654397,99817.01,27.96,0.693,0.781,-0.120
18191,553714415,99818.70,27.96,0.710,0.638,0.171
18193,553774397,99815.05,27.96,0.724,0.947,0.181
18195,553834423,99817.35,27.96,0.725,0.752,0.110
18197,553894452,99815.54,27.96,0.781,0.906,0.377
18199,553954397,99817.80,27.96,0.778,0.714,0.621
18201,554014415,99815.53,27.96,0.782,0.906,0.043
18203,554074397,99818.30,27.96,0.767,0.672,-0.015
18205,554134423,99816.66,27.96,0.803,0.811,0.115
18207,554194409,99821.81,27.96,0.754,0.376,0.280
18209,554254397,99816.89,27.97,0.779,0.792,-0.355
18211,554314415,99816.87,27.97,0.758,0.793,-0.161
18213,554374397,99815.44,27.97,0.765,0.915,-0.237
18215,554434422,99820.40,27.97,0.750,0.495,0.159
18217,554494427,99821.09,27.96,0.697,0.436,-0.169
18219,554554397,99817.59,27.97,0.707,0.732,-0.696
18221,554614415,99816.27,27.96,0.730,0.845,-0.067
18223,554674397,99815.09,27.96,0.777,0.944,0.409
18225,554734422,99815.54,27.97,0.814,0.906,0.718
18227,554794397,99816.52,27.97,0.805,0.823,0.482
18229,554854397,99819.09,27.96,0.800,0.606,0.103
18231,554914415,99815.70,27.97,0.824,0.892,0.028
18233,554974409,99819.76,27.97,0.792,0.549,0.107
18235,555034423,99815.88,27.96,0.835,0.877,-0.069
18237,555094426,99817.32,27.97,0.835,0.755,0.314
18239,555154397,99815.70,27.97,0.833,0.892,0.026
18241,555214415,99817.62,27.97,0.835,0.730,0.009
18243,555274397,99816.95,27.97,0.831,0.786,0.064
18245,555334423,99818.58,27.97,0.818,0.649,-0.070
18247,555394410,99818.80,27.97,0.755,0.630,-0.413
18249,555454397,99814.33,27.97,0.765,1.008,-0.885
18251,555514415,99817.89,27.96,0.744,0.707,-0.129
18253,555574397,99817.70,27.97,0.740,0.723,-0.065
18255,555634422,99815.56,27.97,0.760,0.904,-0.074
18257,555694427,99817.73,27.97,0.742,0.720,0.118
18259,555754408,99819.91,27.97,0.723,0.536,-0.054
18261,555814415,99821.03,27.97,0.700,0.442,-0.186
18263,555874397,99816.34,27.97,0.756,0.838,-0.140
18265,555934423,99814.00,27.97,0.820,1.036,0.597
18267,555994397,99816.02,27.97,0.810,0.865,0.690
18269,556054396,99822.73,27.97,0.714,0.297,-0.139
18271,556114415,99817.62,27.97,0.733,0.730,-0.874
18273,556174397,99814.21,27.97,0.805,1.018,0.074
18275,556234422,99816.65,27.97,0.817,0.812,0.831
18277,556294427,99817.70,27.97,0.771,0.723,0.122
18279,556354397,99818.45,27.97,0.745,0.659,-0.549
18281,556414415,99818.59,27.97,0.703,0.649,-0.530
18283,556474397,99816.61,27.97,0.733,0.815,-0.420
18285,556534432,99815.23,27.97,0.745,0.932,0.183
18287,556594397,99819.02,27.97,0.777,0.612,0.479
18289,556654397,99818.76,27.97,0.749,0.634,0.386
18291,556714415,99814.66,27.97,0.795,0.980,-0.236
18293,556774397,99818.62,27.97,0.789,0.646,0.431
18295,556834422,99817.91,27.97,0.804,0.705,0.241
18297,556894452,99816.70,27.97,0.804,0.808,0.060
18299,556954397,99814.20,27.97,0.834,1.019,0.001
18301,557014415,99815.45,27.97,0.822,0.913,0.196
18303,557074397,99815.91,27.97,0.814,0.874,-0.056
18305,557134422,99817.62,27.97,0.806,0.730,-0.034
18307,557194397,99820.09,27.97,0.743,0.521,-0.247
18309,557254397,99819.04,27.97,0.717,0.610,-0.784
18311,557314426,99817.11,27.97,0.708,0.773,-0.567
18313,557374397,99814.76,27.97,0.762,0.972,-0.034
18315,557434423,99818.66,27.97,0.734,0.642,0.505
18317,557494427,99820.30,27.97,0.704,0.503,-0.139
18319,557554397,99817.77,27.97,0.688,0.717,-0.500
18321,557614415,99816.10,27.97,0.721,0.858,-0.234
18323,557674397,99817.52,27.97,0.769,0.738,0.620
18325,557734423,99816.24,27.97,0.772,0.846,0.586
18327,557794397,99816.62,27.97,0.790,0.815,0.138
18329,557854397,99816.38,27.97,0.827,0.834,0.430
18331,557914416,99817.29,27.97,0.828,0.758,0.464
18333,557974397,99812.96,27.96,0.877,1.123,0.155
18335,558034423,99819.08,27.97,0.834,0.607,0.388
18337,558094435,99814.59,27.97,0.830,0.986,-0.360
18339,558154397,99818.18,27.97,0.802,0.683,-0.306
18341,558214415,99816.49,27.97,0.825,0.825,-0.076
18343,558274397,99812.13,27.97,0.886,1.194,0.261
18345,558334423,99817.06,27.97,0.842,0.777,0.465
18347,558394410,99815.38,27.97,0.866,0.919,-0.107
18349,558454397,99816.92,27.97,0.848,0.789,0.115
18351,558514415,99820.90,27.97,0.841,0.453,0.078
18353,558574397,99815.68,27.97,0.811,0.894,-0.346
18355,558634422,99812.84,27.97,0.848,1.134,-0.550
18357,558694427,99816.06,27.97,0.844,0.861,0.381
18359,558754397,99815.74,27.97,0.888,0.889,0.408
18361,558814415,99819.84,27.97,0.844,0.543,0.424
18363,558874407,99819.25,27.97,0.795,0.592,-0.541
18365,558934423,99815.15,27.97,0.821,0.938,-0.689
18367,558994397,99814.19,27.97,0.863,1.020,0.212
18369,559054397,99817.90,27.97,0.838,0.706,0.495
18371,559114415,99817.39,27.97,0.843,0.750,-0.035
18373,559174397,99818.45,27.97,0.826,0.660,-0.043
18375,559234423,99819.03,27.97,0.821,0.610,-0.124
18377,559294427,99816.41,27.97,0.807,0.832,-0.257
18379,559354397,99815.97,27.97,0.806,0.870,-0.334
18381,559414415,99812.71,27.97,0.841,1.145,-0.020
18383,559474397,99815.90,27.97,0.857,0.875,0.472
18385,559534422,99817.30,27.97,0.872,0.757,0.542
18387,559594397,99817.23,27.97,0.856,0.763,0.163
18389,559654408,99813.62,27.97,0.876,1.068,-0.238
18391,559714415,99818.73,27.97,0.884,0.636,0.327
18393,559774397,99815.83,27.97,0.920,0.882,0.437
18395,559834423,99815.62,27.97,0.927,0.899,0.285
18397,559894452,99819.15,27.97,0.864,0.601,-0.069
18399,559954396,99811.10,27.97,0.908,1.281,-0.677
18401,560014415,99817.04,27.97,0.876,0.779,0.120
18403,560074397,99812.46,27.97,0.935,1.166,0.105
18405,560134422,99814.47,27.97,0.939,0.996,0.507
18407,560194397,99818.77,27.97,0.902,0.632,0.233
18409,560254397,99816.05,27.97,0.895,0.863,-0.362
18411,560314415,99817.23,27.97,0.896,0.763,-0.192
18413,560374397,99818.52,27.97,0.867,0.653,-0.039
18415,560434431,99812.60,27.97,0.920,1.154,-0.253
18417,560494427,99817.22,27.97,0.924,0.764,0.512
18419,560554397,99816.98,27.97,0.884,0.784,0.093
18421,560614415,99818.82,27.97,0.860,0.629,-0.497
18423,560674397,99813.85,27.97,0.846,1.048,-0.551
18425,560734422,99816.79,27.97,0.844,0.800,-0.297
18427,560794397,99814.33,27.97,0.843,1.008,-0.024
18429,560854397,99815.43,27.97,0.862,0.915,0.024
18431,560914415,99814.66,27.97,0.884,0.980,0.357
18433,560974397,99813.58,27.97,0.907,1.072,0.305
18435,561034422,99813.98,27.97,0.940,1.037,0.439
18437,561094427,99813.95,27.97,0.962,1.040,0.535
18439,561154397,99813.39,27.97,0.971,1.088,0.295
18441,561214425,99817.02,27.97,0.942,0.781,0.112
18443,561274397,99819.84,27.97,0.889,0.543,-0.274
18445,561334423,99814.95,27.97,0.889,0.956,-0.722
18447,561394410,99818.34,27.97,0.842,0.669,-0.412
18449,561454397,99815.90,27.97,0.830,0.875,-0.535
18451,561514415,99814.02,27.97,0.848,1.034,-0.305
18453,561574397,99815.70,27.97,0.821,0.892,0.014
18455,561634422,99817.55,27.97,0.822,0.736,-0.089
18457,561694426,99815.22,27.97,0.874,0.933,0.263
18459,561754397,99812.89,27.97,0.955,1.130,0.800
18461,561814415,99816.37,27.97,0.939,0.836,0.913
18463,561874397,99817.18,27.97,0.891,0.767,-0.139
18465,561934423,99814.10,27.97,0.912,1.027,-0.544
18467,561994409,99817.74,27.97,0.888,0.720,0.068
18469,562054396,99814.05,27.97,0.904,1.031,-0.146
18471,562114415,99816.09,27.97,0.870,0.859,-0.137
18473,562174397,99816.05,27.97,0.829,0.862,-0.497
18475,562234423,99817.13,27.97,0.840,0.771,-0.365
18477,562294427,99815.11,27.97,0.862,0.942,0.158
18479,562354397,99815.23,27.97,0.873,0.931,0.215
18481,562414415,99815.88,27.97,0.904,0.877,0.362
18483,562474397,99812.16,27.97,0.958,1.191,0.508
18485,562534422,99820.17,27.97,0.879,0.514,0.399
18487,562594397,99814.43,27.97,0.891,0.999,-0.623
18489,562654397,99816.75,27.97,0.929,0.803,0.088
18491,562714415,99814.62,27.97,0.974,0.983,0.704
18493,562774407,99819.45,27.97,0.918,0.575,0.357
18495,562834423,99813.98,27.97,0.933,1.037,-0.522
18497,562894466,99816.86,27.97,0.919,0.794,-0.113
18499,562954397,99813.89,27.97,0.908,1.045,-0.205
18501,563014415,99815.54,27.97,0.889,0.906,-0.319
18503,563074397,99814.42,27.97,0.889,1.000,-0.190
18505,563134423,99815.18,27.97,0.855,0.936,-0.240
18507,563194397,99816.05,27.97,0.842,0.862,-0.363
18509,563254397,99813.73,27.97,0.863,1.059,-0.137
18511,563314415,99817.44,27.97,0.889,0.746,0.442
18513,563374397,99821.47,27.97,0.834,0.405,0.397
18515,563434422,99813.55,27.97,0.837,1.074,-0.769
18517,563494427,99816.65,27.97,0.821,0.812,-0.375
18519,563554408,99819.26,27.97,0.819,0.592,0.122
18521,563614415,99819.34,27.97,0.837,0.584,0.208
18523,563674397,99817.32,27.97,0.860,0.755,0.238
18525,563734423,99818.74,27.97,0.816,0.635,-0.017
18527,563794397,99814.39,27.97,0.814,1.003,-0.632
18529,563854397,99818.70,27.97,0.774,0.639,-0.302
18531,563914416,99815.46,27.97,0.795,0.912,-0.266
18533,563974397,99817.92,27.97,0.794,0.705,0.140
18535,564034422,99816.37,27.97,0.782,0.835,-0.010
18537,564094427,99816.16,27.97,0.802,0.853,-0.112
18539,564154397,99817.43,27.97,0.811,0.746,0.312
18541,564214415,99816.32,27.97,0.831,0.840,0.244
18543,564274397,99817.75,27.97,0.814,0.719,0.151
18545,564334431,99813.94,27.97,0.819,1.041,-0.263
18547,564394410,99818.80,27.97,0.808,0.630,0.031
18549,564454396,99818.23,27.97,0.770,0.678,-0.107
18551,564514415,99820.63,27.97,0.739,0.475,-0.515
18553,564574397,99818.38,27.97,0.778,0.666,-0.154
18555,564634422,99814.26,27.97,0.794,1.014,0.159
18557,564694426,99815.41,27.97,0.846,0.917,0.366
18559,564754396,99812.07,27.97,0.908,1.199,0.834
18561,564814415,99816.69,27.97,0.879,0.809,0.633
18563,564874397,99815.55,27.97,0.881,0.904,-0.062
18565,564934422,99819.11,27.97,0.861,0.604,0.006
18567,564994397,99817.80,27.97,0.839,0.714,-0.220
18569,565054397,99815.48,27.97,0.832,0.911,-0.504
18571,565114426,99816.19,27.97,0.833,0.851,-0.184
18573,565174397,99814.27,27.98,0.885,1.013,0.247
18575,565234423,99814.33,27.97,0.923,1.008,0.700
18577,565294427,99816.09,27.97,0.906,0.859,0.467
18579,565354396,99815.33,27.97,0.910,0.923,-0.070
18581,565414415,99818.12,27.97,0.877,0.688,-0.051
18583,565474397,99817.79,27.98,0.870,0.716,-0.273
18585,565534422,99814.86,27.97,0.882,0.963,-0.223
18587,565594397,99815.37,27.97,0.862,0.920,-0.122
18589,565654397,99811.24,27.97,0.936,1.269,0.031
18591,565714415,99816.55,27.97,0.945,0.820,0.915
18593,565774397,99814.48,27.98,0.951,0.996,0.392
18595,565834423,99817.85,27.97,0.925,0.711,-0.006
18597,565894459,99816.62,27.98,0.907,0.814,-0.274
18599,565954396,99817.85,27.98,0.895,0.710,-0.294
18601,566014415,99815.35,27.98,0.899,0.922,-0.203
18603,566074397,99812.58,27.97,0.928,1.156,-0.082
18605,566134423,99813.52,27.97,0.931,1.077,0.249
18607,566194397,99816.24,27.98,0.962,0.846,0.439
18609,566254397,99816.34,27.98,0.937,0.838,0.354
18611,566314415,99816.57,27.98,0.975,0.818,-0.008
18613,566374397,99815.16,27.97,0.944,0.937,0.154
18615,566434422,99812.53,27.98,0.948,1.160,-0.492
18617,566494427,99819.69,27.98,0.868,0.555,-0.218
18619,566554397,99818.52,27.98,0.806,0.653,-0.926
18621,566614415,99813.43,27.97,0.839,1.084,-0.906
18623,566674407,99813.96,27.97,0.888,1.039,0.340
18625,566734423,99813.45,27.97,0.920,1.082,0.768
18627,566794397,99813.81,27.97,0.950,1.052,0.572
18629,566854397,99815.87,27.98,0.931,0.878,0.378
18631,566914416,99816.04,27.98,0.912,0.863,-0.169
18633,566974397,99816.10,27.98,0.879,0.858,-0.408
18635,567034423,99815.83,27.97,0.916,0.881,-0.180
18637,567094427,99819.38,27.98,0.862,0.581,0.236
18639,567154397,99817.18,27.97,0.847,0.767,-0.572
18641,567214415,99814.66,27.98,0.844,0.980,-0.494
18643,567274397,99816.45,27.98,0.854,0.828,-0.033
18645,567334422,99813.03,27.97,0.886,1.118,0.210
18647,567394410,99810.59,27.97,0.935,1.323,0.339
18649,567454409,99814.50,27.97,0.957,0.994,0.783
18651,567514415,99813.37,27.98,0.946,1.089,0.369
18653,567574397,99815.58,27.97,0.951,0.902,-0.009
18655,567634423,99812.56,27.97,0.938,1.157,-0.067
18657,567694427,99811.95,27.97,0.980,1.209,-0.087
18659,567754397,99814.77,27.98,0.974,0.970,0.532
18661,567814415,99815.73,27.97,0.947,0.890,0.024
18663,567874397,99817.61,27.97,0.938,0.731,-0.207
18665,567934420,99813.36,27.98,0.945,1.090,-0.215
18667,567994397,99809.48,27.97,1.002,1.418,-0.033
18669,568054397,99817.04,27.98,0.967,0.779,0.628
18671,568114415,99816.64,27.97,0.911,0.812,-0.276
18673,568174397,99813.38,27.98,0.939,1.088,-0.684
18675,568234431,99813.41,27.97,0.970,1.086,0.257
18677,568294427,99815.16,27.97,0.984,0.938,0.547
18679,568354397,99815.38,27.97,0.981,0.919,0.276
18681,568414415,99816.29,27.97,0.978,0.843,0.024
18683,568474397,99818.23,27.98,0.931,0.679,-0.154
18685,568534422,99814.28,27.97,0.908,1.012,-0.770
18687,568594397,99815.89,27.97,0.933,0.876,-0.274
18689,568654397,99815.48,27.97,0.938,0.911,0.344
18691,568714415,99811.05,27.97,0.958,1.286,-0.069
18693,568774397,99815.74,27.97,0.932,0.888,0.090
18695,568834422,99816.73,27.98,0.940,0.805,0.088
18697,568894452,99816.06,27.97,0.919,0.861,-0.043
18699,568954397,99814.70,27.97,0.944,0.977,-0.186
18701,569014425,99815.59,27.97,0.979,0.902,0.429
18703,569074397,99817.96,27.97,0.902,0.701,0.141
18705,569134423,99814.98,27.98,0.920,0.953,-0.742
18707,569194397,99814.55,27.97,0.914,0.989,-0.099
18709,569254397,99817.10,27.97,0.910,0.774,0.048
18711,569314415,99814.45,27.97,0.936,0.998,0.090
18713,569374397,99813.99,27.97,0.969,1.036,0.312
18715,569434422,99814.60,27.97,0.951,0.985,0.294
18717,569494426,99814.06,27.97,0.954,1.031,-0.149
18719,569554397,99813.71,27.97,0.949,1.061,-0.056
18721,569614415,99813.91,27.97,0.979,1.044,0.123
18723,569674396,99815.58,27.97,0.934,0.902,0.162
18725,569734423,99814.75,27.97,0.941,0.973,-0.385
18727,569794409,99814.36,27.97,0.982,1.006,0.202
18729,569854397,99815.43,27.97,0.936,0.915,0.226
18731,569914415,99814.09,27.97,0.981,1.028,-0.211
18733,569974397,99813.47,27.97,0.989,1.081,0.390
18735,570034423,99815.53,27.97,0.985,0.906,0.186
18737,570094427,99814.60,27.97,0.987,0.985,0.041
18739,570154397,99817.39,27.97,0.931,0.750,-0.212
18741,570214415,99815.70,27.97,0.948,0.892,-0.459
18743,570274397,99819.48,27.97,0.873,0.573,-0.200
18745,570334422,99814.44,27.97,0.897,0.999,-0.735
18747,570394410,99814.02,27.97,0.912,1.034,-0.015
18749,570454397,99812.98,27.97,0.959,1.121,0.384
18751,570514415,99813.29,27.97,0.974,1.096,0.580
18753,570574407,99816.93,27.97,0.936,0.788,0.208
18755,570634423,99813.44,27.97,0.930,1.083,-0.437
18757,570694426,99815.70,27.97,0.897,0.892,-0.365
18759,570754397,99813.34,27.97,0.927,1.092,-0.198
18761,570814415,99814.44,27.97,0.961,0.999,0.431
18763,570874397,99815.25,27.97,0.988,0.930,0.671
18765,570934423,99814.23,27.97,0.995,1.016,0.360
18767,570994397,99816.47,27.97,0.971,0.827,0.027
18769,571054397,99810.94,27.97,0.992,1.294,-0.306
18771,571114415,99815.66,27.97,0.982,0.895,0.102
18773,571174397,99817.75,27.97,0.939,0.719,0.019
18775,571234422,99815.00,27.97,0.954,0.951,-0.432
18777,571294427,99815.80,27.97,0.944,0.884,-0.040
18779,571354408,99814.77,27.97,0.929,0.971,-0.191
18781,571414415,99811.44,27.97,0.981,1.252,-0.110
18783,571474397,99817.88,27.97,0.938,0.708,0.477
18785,571534423,99813.65,27.97,0.972,1.066,-0.101
18787,571594397,99815.43,27.97,0.986,0.915,0.273
18789,571654397,99812.63,27.97,1.007,1.151,0.258
18791,571714415,99814.95,27.97,0.967,0.956,-0.008
18793,571774397,99815.20,27.97,0.978,0.934,-0.219
18795,571834422,99813.38,27.97,0.977,1.088,-0.011
18797,571894452,99810.18,27.97,1.070,1.358,0.275
18799,571954397,99818.87,27.97,0.976,0.625,0.776
18801,572014415,99815.27,27.97,0.981,0.929,-0.644
18803,572074397,99811.91,27.97,1.007,1.213,-0.261
18805,572134431,99814.96,27.97,0.995,0.954,0.202
18807,572194397,99812.28,27.97,1.037,1.181,0.160
18809,572254397,99812.39,27.97,1.005,1.172,0.128
18811,572314415,99817.13,27.97,1.014,0.771,0.003
18813,572374397,99810.44,27.97,1.083,1.337,0.368
18815,572434423,99818.91,27.97,0.999,0.621,0.373
18817,572494426,99815.60,27.97,0.988,0.900,-0.647
18819,572554397,99812.99,27.97,1.037,1.121,-0.240
18821,572614415,99820.02,27.97,0.995,0.528,0.526
18823,572674397,99813.34,27.97,1.023,1.092,-0.229
18825,572734422,99815.41,27.97,1.020,0.916,0.000
18827,572794397,99813.52,27.97,1.075,1.077,0.325
18829,572854397,99811.71,27.97,1.087,1.229,0.476
18831,572914424,99815.48,27.97,1.033,0.911,-0.017
18833,572974397,99818.46,27.97,0.945,0.659,-0.739
18835,573034423,99814.90,27.97,0.964,0.960,-0.944
18837,573094427,99813.98,27.97,0.982,1.037,-0.019
18839,573154397,99815.20,27.97,1.008,0.934,0.384
18841,573214415,99814.24,27.97,1.018,1.015,0.380
18843,573274397,99814.56,27.97,1.009,0.988,0.047
18845,573334422,99816.49,27.97,0.963,0.826,-0.241
18847,573394410,99812.87,27.97,1.004,1.132,-0.368
18849,573454397,99812.97,27.97,1.033,1.123,0.391
18851,573514415,99813.95,27.97,1.069,1.040,0.627
18853,573574397,99816.62,27.97,1.020,0.814,0.338
18855,573634423,99812.35,27.97,1.019,1.175,-0.592
18857,573694435,99812.94,27.97,1.014,1.126,-0.291
18859,573754397,99812.40,27.97,1.050,1.171,0.156
18861,573814415,99815.21,27.97,1.039,0.934,0.452
18863,573874397,99812.29,27.97,1.058,1.181,0.027
18865,573934423,99813.03,27.97,1.046,1.118,0.011
18867,573994397,99813.57,27.97,1.037,1.072,-0.098
18869,574054397,99816.38,27.97,1.004,0.835,-0.128
18871,574114415,99813.56,27.97,0.999,1.073,-0.399
18873,574174397,99814.56,27.97,1.018,0.988,-0.078
18875,574234422,99814.88,27.97,0.988,0.961,0.098
18877,574294427,99816.62,27.97,0.962,0.814,-0.352
18879,574354397,99813.88,27.97,0.976,1.046,-0.287
18881,574414415,99817.13,27.97,0.961,0.771,0.062
18883,574474407,99815.06,27.97,0.971,0.946,-0.035
18885,574534423,99817.00,27.97,0.960,0.782,0.022
18887,574594397,99813.75,27.96,0.970,1.057,-0.123
18889,574654397,99815.52,27.96,1.005,0.908,0.227
18891,574714415,99813.10,27.97,1.015,1.112,0.429
18893,574774397,99816.00,27.97,1.009,0.867,0.140
18895,574834423,99815.48,27.96,1.003,0.911,0.036
18897,574894452,99813.82,27.96,1.003,1.051,-0.192
18899,574954397,99815.17,27.97,0.974,0.937,-0.195
18901,575014415,99810.05,27.97,1.036,1.370,-0.156
18903,575074397,99814.09,27.97,1.023,1.029,0.525
18905,575134423,99814.62,27.96,1.016,0.983,0.120
18907,575194397,99814.92,27.96,0.999,0.958,-0.151
18909,575254408,99818.58,27.96,0.941,0.649,-0.322
18911,575314415,99813.30,27.96,0.958,1.095,-0.644
18913,575374397,99815.90,27.96,0.954,0.875,-0.041
18915,575434423,99815.68,27.96,0.981,0.894,0.254
18917,575494427,99813.96,27.96,1.009,1.039,0.358
18919,575554397,99811.57,27.96,1.049,1.241,0.354
18921,575614415,99816.10,27.96,1.002,0.858,0.310
18923,575674397,99814.41,27.96,0.997,1.002,-0.351
18925,575734422,99809.89,27.96,1.023,1.383,-0.288
18927,575794397,99812.89,27.96,1.056,1.130,0.394
18929,575854397,99813.51,27.96,1.071,1.077,0.676
18931,575914416,99816.86,27.96,1.027,0.794,0.154
18933,575974397,99813.07,27.96,1.028,1.114,-0.491
18935,576034431,99814.48,27.96,0.987,0.995,-0.397
18937,576094427,99812.70,27.96,1.016,1.146,-0.306
18939,576154397,99815.52,27.96,0.963,0.908,0.020
18941,576214415,99814.20,27.96,0.969,1.019,-0.434
18943,576274397,99816.45,27.96,0.980,0.828,0.127
18945,576334422,99814.39,27.96,0.986,1.003,0.166
18947,576394410,99812.79,27.96,1.005,1.138,-0.006
18949,576454397,99814.43,27.96,1.006,1.000,0.227
18951,576514415,99811.38,27.95,1.032,1.257,0.112
18953,576574397,99815.40,27.96,1.008,0.917,0.198
18955,576634422,99812.52,27.96,1.048,1.161,0.056
18957,576694427,99812.86,27.95,1.057,1.132,0.331
18959,576754397,99812.82,27.96,1.053,1.136,0.140
18961,576814425,99815.26,27.96,0.998,0.930,-0.234
18963,576874397,99812.91,27.95,1.012,1.128,-0.528
18965,576934423,99810.98,27.95,1.032,1.290,-0.010
18967,576994397,99810.87,27.95,1.066,1.301,0.323
18969,577054397,99814.10,27.95,1.027,1.027,0.331
18971,577114415,99815.33,27.95,0.996,0.923,-0.334
18973,577174397,99812.93,27.95,0.992,1.126,-0.466
18975,577234422,99812.41,27.95,1.021,1.170,-0.060
18977,577294426,99816.59,27.95,1.004,0.817,0.407
18979,577354397,99814.06,27.95,1.005,1.030,-0.067
18981,577414415,99816.27,27.95,0.970,0.844,-0.221
18983,577474397,99811.41,27.95,1.025,1.254,-0.202
18985,577534423,99813.66,27.95,0.976,1.064,0.142
18987,577594409,99811.73,27.95,0.996,1.227,-0.360
18989,577654397,99814.12,27.95,1.023,1.025,0.352
18991,577714415,99813.66,27.95,0.994,1.064,0.255
18993,577774397,99814.95,27.95,1.012,0.956,-0.137
18995,577834423,99810.55,27.95,1.030,1.328,0.105
18997,577894465,99813.38,27.95,1.044,1.089,0.211
18999,577954396,99813.21,27.95,1.027,1.103,0.217
19001,578014415,99812.96,27.95,1.037,1.124,-0.138
19003,578074397,99812.80,27.95,1.042,1.137,0.099
19005,578134422,99817.70,27.95,0.999,0.724,0.067
19007,578194397,99815.95,27.94,0.985,0.870,-0.378
19009,578254397,99818.03,27.95,0.949,0.695,-0.389
19011,578314415,99813.49,27.95,0.976,1.079,-0.392
19013,578374407,99810.34,27.95,1.075,1.345,0.432
19015,578434423,99811.71,27.94,1.090,1.229,1.116
19017,578494426,99813.72,27.94,1.068,1.060,0.320
19019,578554397,99815.32,27.94,1.076,0.924,0.009
19021,578614415,99816.34,27.95,1.037,0.838,-0.018
19023,578674397,99813.40,27.94,1.065,1.087,-0.361
19025,578734423,99813.93,27.94,1.073,1.042,0.187
19027,578794397,99812.86,27.94,1.071,1.132,0.071
19029,578854397,99812.20,27.94,1.083,1.188,-0.038
19031,578914416,99815.32,27.94,1.066,0.924,0.164
19033,578974397,99811.80,27.94,1.080,1.222,-0.110
19035,579034422,99812.23,27.94,1.080,1.185,-0.027
19037,579094427,99814.66,27.94,1.071,0.980,0.116
19039,579154408,99816.53,27.94,1.047,0.822,-0.017
19041,579214415,99812.41,27.94,1.084,1.170,-0.179
19043,579274397,99817.04,27.94,1.030,0.779,0.100
19045,579334423,99814.59,27.94,1.014,0.986,-0.527
19047,579394410,99815.62,27.94,1.000,0.899,-0.395
19049,579454397,99817.51,27.94,0.984,0.739,-0.119
19051,579514415,99810.55,27.94,1.022,1.327,-0.237
19053,579574397,99813.32,27.94,1.039,1.093,0.285
19055,579634423,99811.59,27.94,1.080,1.239,0.521
19057,579694427,99817.36,27.94,1.018,0.752,0.318
19059,579754397,99818.62,27.94,0.931,0.646,-0.775
19061,579814415,99814.52,27.94,0.930,0.992,-1.180
19063,579874397,99814.17,27.94,0.962,1.021,-0.143
19065,579934431,99812.12,27.94,1.035,1.195,0.648
19067,579994397,99815.81,27.94,1.006,0.883,0.754
19069,580054397,99815.13,27.94,1.035,0.940,0.085
19071,580114415,99814.29,27.94,1.047,1.012,0.279
19073,580174397,99811.16,27.94,1.064,1.275,0.054
19075,580234423,99815.28,27.94,1.042,0.928,0.121
19077,580294426,99810.73,27.94,1.050,1.312,-0.207
19079,580354397,99813.85,27.94,1.032,1.048,-0.117
19081,580414415,99815.58,27.94,1.038,0.902,0.110
19083,580474397,99813.38,27.94,1.038,1.088,0.025
19085,580534422,99817.50,27.94,1.004,0.740,-0.093
19087,580594397,99812.88,27.94,1.021,1.131,-0.300
19089,580654397,99815.21,27.94,0.979,0.933,-0.217
19091,580714425,99817.02,27.94,0.968,0.781,-0.287
19093,580774397,99816.48,27.94,0.964,0.826,-0.121
19095,580834423,99815.66,27.94,0.951,0.896,-0.205
19097,580894452,99812.07,27.94,0.990,1.199,-0.164
19099,580954397,99812.79,27.94,1.010,1.138,0.381
19101,581014415,99816.91,27.94,1.016,0.789,0.558
19103,581074397,99814.48,27.94,1.041,0.995,0.324
19105,581134422,99815.65,27.94,1.001,0.897,-0.019
19107,581194397,99814.09,27.94,1.018,1.029,-0.338
19109,581254396,99812.38,27.94,1.050,1.173,0.161
19111,581314415,99813.33,27.94,1.034,1.093,0.243
19113,581374397,99813.41,27.94,1.046,1.085,-0.021
19115,581434423,99812.77,27.94,1.039,1.140,0.038
19117,581494435,99811.66,27.94,1.080,1.234,0.082
19119,581554397,99815.13,27.94,1.056,0.940,0.437
19121,581614415,99810.41,27.94,1.090,1.339,-0.092
19123,581674397,99816.84,27.94,1.047,0.796,0.193
19125,581734422,99815.59,27.94,1.040,0.902,-0.212
19127,581794397,99815.37,27.94,1.014,0.920,-0.349
19129,581854397,99812.91,27.94,0.994,1.128,-0.553
19131,581914416,99813.77,27.94,1.005,1.055,-0.271
19133,581974397,99815.12,27.94,0.977,0.942,0.060
19135,582034422,99818.61,27.94,0.936,0.646,-0.282
19137,582094427,99813.12,27.94,0.956,1.110,-0.472
19139,582154397,99811.88,27.94,0.977,1.215,-0.061
19141,582214415,99811.27,27.94,1.008,1.266,0.336
19143,582274407,99815.34,27.94,0.976,0.922,0.367
19145,582334423,99811.08,27.94,0.988,1.283,-0.266
19147,582394410,99814.02,27.94,0.985,1.034,0.015
19149,582454397,99814.37,27.94,1.023,1.005,0.379
19151,582514415,99817.27,27.94,1.027,0.760,0.608
19153,582574397,99816.75,27.94,0.956,0.804,-0.205
19155,582634423,99812.34,27.94,1.022,1.176,-0.655
19157,582694427,99816.05,27.94,0.957,0.862,0.240
19159,582754397,99814.12,27.94,0.945,1.025,-0.625
19161,582814415,99811.39,27.94,0.983,1.257,-0.223
19163,582874397,99813.14,27.94,0.997,1.108,0.434
19165,582934420,99814.45,27.94,1.006,0.998,0.405
19167,582994397,99815.71,27.94,0.979,0.891,0.094
19169,583054408,99813.37,27.94,0.973,1.089,-0.386
19171,583114415,99813.27,27.94,0.975,1.098,-0.208
19173,583174397,99814.73,27.94,0.982,0.974,0.133
19175,583234423,99814.09,27.94,1.003,1.028,0.241
19177,583294427,99813.04,27.94,1.038,1.117,0.358
19179,583354397,99817.26,27.94,0.990,0.761,0.298
19181,583414415,99812.56,27.94,1.012,1.158,-0.391
19183,583474397,99814.15,27.94,1.018,1.023,0.067
19185,583534422,99815.66,27.94,1.003,0.895,0.163
19187,583594397,99813.78,27.94,1.003,1.055,-0.185
19189,583654397,99811.61,27.94,1.015,1.238,-0.160
19191,583714415,99814.46,27.94,1.008,0.997,0.129
19193,583774397,99814.03,27.94,0.994,1.033,-0.014
19195,583834431,99816.93,27.94,0.980,0.789,-0.119
19197,583894451,99811.74,27.94,1.032,1.227,0.014
19199,583954397,99815.93,27.94,0.990,0.873,0.264
19201,584014415,99813.94,27.94,0.984,1.041,-0.328
19203,584074397,99815.72,27.94,0.955,0.890,-0.295
19205,584134422,99814.50,27.94,0.962,0.994,-0.249
19207,584194397,99812.27,27.94,0.988,1.182,0.015
19209,584254397,99811.23,27.93,1.019,1.269,0.293
19211,584314415,99811.40,27.94,1.035,1.256,0.419
19213,584374397,99812.46,27.94,1.050,1.166,0.368
19215,584434422,99813.12,27.94,1.033,1.110,0.172
19217,584494427,99815.77,27.94,1.026,0.886,-0.040
19219,584554397,99808.41,27.94,1.093,1.509,0.048
19221,584614425,99814.04,27.94,1.080,1.032,0.565
19223,584674397,99819.41,27.94,1.020,0.579,0.161
19225,584734423,99814.13,27.94,1.028,1.024,-0.622
19227,584794397,99813.94,27.94,1.019,1.041,-0.321
19229,584854397,99811.98,27.94,1.010,1.207,-0.264
19231,584914415,99816.19,27.94,0.994,0.851,-0.082
19233,584974397,99810.21,27.94,1.034,1.356,-0.043
19235,585034422,99813.91,27.94,1.045,1.044,0.370
19237,585094426,99815.01,27.93,1.011,0.951,0.223
19239,585154397,99818.84,27.94,0.972,0.627,-0.328
19241,585214415,99815.03,27.94,0.966,0.948,-0.496
19243,585274397,99819.85,27.93,0.899,0.541,-0.447
19245,585334423,99813.78,27.94,0.956,1.055,-0.482
19247,585394418,99812.84,27.94,1.008,1.134,0.487
19249,585454397,99815.26,27.93,0.974,0.929,0.512
19251,585514415,99814.49,27.93,0.946,0.994,-0.398
19253,585574397,99813.70,27.93,0.987,1.061,-0.190
19255,585634423,99813.03,27.93,1.031,1.118,0.609
19257,585694427,99816.33,27.94,1.022,0.839,0.622
19259,585754397,99818.39,27.94,0.981,0.665,-0.009
19261,585814415,99812.62,27.94,0.980,1.152,-0.664
19263,585874397,99813.81,27.93,1.002,1.052,-0.172
19265,585934422,99815.10,27.93,0.993,0.943,0.320
19267,585994397,99815.20,27.93,0.974,0.935,-0.111
19269,586054397,99815.55,27.93,0.945,0.904,-0.369
19271,586114415,99813.67,27.94,0.995,1.064,-0.127
19273,586174407,99813.13,27.94,0.989,1.109,0.362
19275,586234423,99819.67,27.93,0.949,0.557,0.073
19277,586294426,99816.37,27.93,0.953,0.836,-0.255
19279,586354397,99814.77,27.93,0.975,0.970,-0.132
19281,586414415,99814.12,27.94,0.987,1.026,0.195
19283,586474397,99814.48,27.93,1.024,0.995,0.359
19285,586534423,99814.61,27.94,1.007,0.985,0.349
19287,586594397,99816.05,27.94,0.987,0.863,-0.186
19289,586654397,99812.77,27.94,1.015,1.140,-0.169
19291,586714415,99814.27,27.94,1.034,1.013,0.305
19293,586774397,99812.55,27.94,1.052,1.158,0.327
19295,586834422,99815.48,27.94,1.025,0.911,0.132
19297,586894452,99809.98,27.94,1.070,1.376,-0.154
19299,586954408,99813.70,27.94,1.013,1.062,0.037
19301,587014415,99814.20,27.94,0.977,1.019,-0.566
19303,587074397,99818.16,27.94,0.949,0.685,-0.384
19305,587134423,99811.59,27.94,0.984,1.240,-0.279
19307,587194397,99811.70,27.94,1.045,1.230,0.374
19309,587254397,99815.06,27.94,1.024,0.946,0.775
19311,587314415,99815.72,27.94,0.980,0.891,-0.214
19313,587374397,99816.73,27.94,0.980,0.804,-0.423
19315,587434422,99812.91,27.94,0.986,1.128,-0.156
19317,587494427,99816.66,27.94,0.997,0.812,0.125
19319,587554397,99814.80,27.94,1.005,0.968,0.273
19321,587614415,99813.10,27.94,1.024,1.112,0.025
19323,587674397,99815.01,27.94,1.049,0.951,0.372
19325,587734431,99811.52,27.94,1.088,1.246,0.434
19327,587794397,99812.37,27.94,1.096,1.174,0.367
19329,587854397,99812.87,27.94,1.105,1.131,0.255
19331,587914416,99812.51,27.94,1.107,1.162,0.119
19333,587974397,99813.59,27.94,1.107,1.070,0.070
19335,588034422,99815.84,27.94,1.072,0.881,-0.016
19337,588094426,99815.66,27.94,1.017,0.896,-0.594
19339,588154397,99814.27,27.94,1.035,1.013,-0.625
19341,588214415,99816.91,27.94,1.002,0.790,0.012
19343,588274397,99814.52,27.94,0.979,0.992,-0.469
19345,588334422,99816.52,27.94,0.941,0.823,-0.525
19347,588394409,99815.30,27.94,0.941,0.925,-0.401
19349,588454397,99814.45,27.94,0.952,0.997,-0.088
19351,588514425,99812.05,27.94,1.030,1.200,0.399
19353,588574397,99813.86,27.94,1.040,1.047,0.902
19355,588634423,99813.25,27.94,1.024,1.099,0.159
19357,588694427,99815.40,27.94,0.983,0.917,-0.322
19359,588754397,99811.58,27.94,1.035,1.240,-0.249
19361,588814415,99814.90,27.94,1.023,0.960,0.434
19363,588874397,99815.42,27.94,0.992,0.915,-0.062
19365,588934422,99813.88,27.94,0.974,1.046,-0.513
19367,588994397,99814.73,27.94,0.933,0.974,-0.502
19369,589054397,99815.37,27.94,0.938,0.920,-0.362
19371,589114415,99813.38,27.94,0.922,1.088,-0.158
19373,589174397,99814.58,27.94,0.928,0.987,-0.171
19375,589234423,99816.83,27.94,0.906,0.797,0.107
19377,589294434,99813.26,27.94,0.956,1.099,-0.018
19379,589354397,99812.72,27.94,0.971,1.144,0.392
19381,589414415,99813.15,27.94,1.014,1.108,0.461
19383,589474397,99813.70,27.94,1.000,1.061,0.459
19385,589534423,99813.72,27.94,1.009,1.059,-0.023
19387,589594397,99817.45,27.94,0.997,0.745,0.222
19389,589654397,99813.67,27.94,0.997,1.063,-0.130
19391,589714415,99813.05,27.94,1.017,1.116,-0.136
19393,589774396,99812.65,27.94,1.041,1.150,0.306
19395,589834422,99812.20,27.94,1.053,1.188,0.311
19397,589894452,99815.48,27.94,1.020,0.911,0.120
19399,589954397,99814.04,27.94,1.030,1.032,-0.194
19401,590014415,99815.59,27.94,1.012,0.901,-0.021
19403,590074409,99814.40,27.94,1.008,1.002,-0.194
19405,590134423,99814.82,27.94,1.029,0.966,0.019
19407,590194397,99813.45,27.94,1.019,1.082,0.123
19409,590254397,99811.99,27.94,1.044,1.205,-0.095
19411,590314415,99816.77,27.94,1.036,0.802,0.394
19413,590374398,99816.79,27.94,0.994,0.800,-0.057
19415,590434423,99816.25,27.94,0.992,0.846,-0.513
19417,590494427,99814.89,27.94,0.993,0.960,-0.161
19419,590554397,99813.38,27.94,1.030,1.089,0.072
19421,590614415,99816.43,27.94,1.039,0.830,0.549
19423,590674397,99811.15,27.94,1.082,1.277,0.276
19425,590734422,99812.77,27.94,1.084,1.140,0.299
19427,590794397,99817.07,27.94,1.015,0.776,-0.017
19429,590854408,99812.88,27.94,1.032,1.130,-0.659
19431,590914416,99812.09,27.94,1.081,1.197,0.132
19433,590974397,99816.15,27.94,1.043,0.854,0.516
19435,591034423,99811.61,27.94,1.026,1.238,-0.500
19437,591094427,99816.25,27.94,1.032,0.845,-0.184
19439,591154397,99814.25,27.94,1.039,1.014,0.233
19441,591214415,99813.80,27.94,1.051,1.053,0.019
19443,591274397,99812.11,27.94,1.047,1.196,-0.003
19445,591334422,99814.42,27.94,1.066,1.000,0.115
19447,591394410,99816.50,27.94,1.040,0.825,0.287
19449,591454397,99815.52,27.94,1.044,0.907,-0.185
19451,591514415,99811.49,27.94,1.069,1.248,-0.104
19453,591574397,99815.76,27.94,1.018,0.887,-0.005
19455,591634431,99817.66,27.94,0.993,0.726,-0.347
19457,591694427,99816.74,27.94,0.954,0.804,-0.504
19459,591754397,99808.12,27.94,1.019,1.533,-0.589
19461,591814415,99815.84,27.94,0.997,0.880,0.497
19463,591874397,99813.55,27.94,1.007,1.074,0.177
19465,591934424,99819.15,27.94,0.975,0.601,0.074
19467,591994397,99817.26,27.94,0.957,0.760,-0.252
19469,592054397,99818.84,27.94,0.921,0.627,-0.455
19471,592114415,99815.26,27.94,0.946,0.929,-0.382
19473,592174397,99815.16,27.94,0.956,0.937,0.101
19475,592234422,99812.02,27.94,0.993,1.203,0.188
19477,592294427,99814.33,27.94,0.993,1.008,0.373
19479,592354397,99817.93,27.94,0.945,0.704,0.069
19481,592414425,99812.49,27.94,0.993,1.163,-0.339
19483,592474397,99810.74,27.94,1.067,1.311,0.525
19485,592534422,99812.73,27.94,1.085,1.143,0.982
19487,592594397,99814.11,27.94,1.061,1.027,0.322
19489,592654397,99813.87,27.94,1.043,1.047,-0.291
19491,592714415,99814.02,27.94,1.031,1.034,-0.299
19493,592774397,99815.24,27.94,1.020,0.931,-0.147
19495,592834422,99813.10,27.94,1.033,1.112,-0.111
19497,592894466,99812.45,27.94,1.057,1.166,0.121
19499,592954397,99812.36,27.94,1.078,1.175,0.364
19501,593014415,99815.33,27.94,1.059,0.924,0.304
19503,593074397,99812.60,27.94,1.096,1.154,0.038
19505,593134423,99812.23,27.94,1.094,1.186,0.216
19507,593194409,99809.66,27.94,1.135,1.403,0.098
19509,593254397,99813.09,27.94,1.079,1.113,0.165
19511,593314415,99812.44,27.94,1.082,1.168,-0.412
19513,593374397,99812.13,27.94,1.086,1.193,-0.051
19515,593434423,99818.23,27.94,1.053,0.679,0.165
19517,593494427,99812.93,27.94,1.087,1.127,-0.119
19519,593554397,99816.46,27.94,1.044,0.828,0.002
19521,593614415,99816.74,27.94,1.041,0.804,-0.252
19523,593674397,99815.41,27.94,1.041,0.916,-0.133
19525,593734422,99812.47,27.94,1.030,1.165,-0.300
19527,593794396,99811.23,27.94,1.058,1.270,-0.186
19529,593854397,99816.02,27.94,1.024,0.865,0.298
19531,593914416,99815.82,27.94,1.016,0.882,-0.146
19533,593974409,99812.10,27.94,1.072,1.196,-0.007
19535,594034423,99812.87,27.94,1.054,1.132,0.346
19537,594094426,99812.48,27.94,1.051,1.165,-0.142
19539,594154397,99813.12,27.94,1.018,1.110,-0.229
19541,594214415,99814.28,27.94,1.021,1.012,-0.254
19543,594274397,99814.53,27.94,0.997,0.991,-0.074
19545,594334423,99813.68,27.94,0.988,1.063,-0.346
19547,594394410,99814.48,27.94,0.984,0.995,-0.146
19549,594454397,99815.14,27.94,1.031,0.940,0.297
19551,594514415,99813.45,27.94,1.033,1.082,0.477
19553,594574397,99814.28,27.94,1.042,1.012,0.075
19555,594634423,99815.21,27.94,1.014,0.934,0.026
19557,594694427,99815.73,27.94,1.015,0.890,-0.217
19559,594754408,99815.16,27.94,0.987,0.938,-0.178
19561,594814415,99812.85,27.94,1.015,1.133,-0.300
19563,594874397,99810.41,27.94,1.037,1.339,0.149
19565,594934423,99815.94,27.94,1.001,0.872,0.228
19567,594994397,99815.14,27.94,0.985,0.940,-0.213
19569,595054397,99814.09,27.94,1.013,1.028,-0.145
19571,595114415,99814.29,27.94,0.970,1.011,-0.008
19573,595174397,99812.25,27.94,0.995,1.184,-0.396
19575,595234422,99813.59,27.94,1.033,1.070,0.412
19577,595294427,99811.04,27.94,1.042,1.286,0.438
19579,595354397,99819.31,27.94,0.976,0.587,0.060
19581,595414415,99813.13,27.94,1.005,1.109,-0.435
19583,595474397,99814.56,27.94,1.031,0.988,0.148
19585,595534431,99814.61,27.94,1.018,0.985,0.320
19587,595594397,99814.52,27.93,1.014,0.991,-0.146
19589,595654397,99815.66,27.94,1.012,0.895,-0.015
19591,595714415,99812.11,27.94,1.036,1.196,-0.015
19593,595774397,99817.10,27.94,0.998,0.774,0.118
19595,595834422,99814.23,27.93,1.011,1.016,-0.199
19597,595894452,99815.67,27.94,0.991,0.894,-0.093
19599,595954397,99812.28,27.94,1.039,1.181,-0.032
19601,596014415,99814.41,27.93,1.026,1.001,0.363
19603,596074397,99816.97,27.94,1.001,0.785,0.018
19605,596134422,99812.93,27.94,1.025,1.126,-0.226
19607,596194397,99814.39,27.93,1.019,1.003,0.060
19609,596254396,99815.25,27.93,0.984,0.930,-0.125
19611,596314426,99811.05,27.93,1.014,1.286,-0.398
19613,596374397,99812.75,27.94,1.064,1.142,0.457
19615,596434423,99814.51,27.94,1.032,0.993,0.584
19617,596494427,99814.40,27.93,1.017,1.002,-0.305
19619,596554397,99814.62,27.93,1.030,0.983,-0.116
19621,596614415,99812.27,27.94,1.067,1.182,0.235
19623,596674397,99810.84,27.93,1.107,1.303,0.450
19625,596734422,99814.08,27.94,1.098,1.029,0.531
19627,596794397,99812.69,27.93,1.101,1.146,0.061
19629,596854396,99809.84,27.93,1.152,1.388,0.090
19631,596914415,99814.87,27.93,1.134,0.963,0.575
19633,596974397,99812.32,27.93,1.131,1.178,-0.031
19635,597034423,99814.21,27.93,1.106,1.018,-0.236
19637,597094435,99812.32,27.94,1.112,1.178,-0.243
19639,597154397,99813.96,27.93,1.110,1.039,0.020
19641,597214415,99815.81,27.93,1.065,0.883,-0.091
19643,597274397,99812.06,27.93,1.092,1.200,-0.447
19645,597334423,99817.69,27.93,1.022,0.724,-0.051
19647,597394410,99813.46,27.93,1.046,1.082,-0.534
19649,597454397,99811.66,27.93,1.044,1.234,-0.145
19651,597514415,99814.61,27.93,1.021,0.985,-0.066
19653,597574397,99813.21,27.93,1.023,1.103,-0.167
19655,597634422,99812.55,27.93,1.036,1.158,-0.035
19657,597694427,99816.37,27.93,1.002,0.836,0.118
19659,597754397,99813.43,27.93,1.004,1.084,-0.303
19661,597814415,99816.63,27.93,0.972,0.813,-0.179
19663,597874407,99815.77,27.93,0.941,0.886,-0.411
19665,597934420,99815.93,27.93,0.924,0.873,-0.516
19667,597994397,99818.34,27.93,0.893,0.669,-0.258
19669,598054397,99812.38,27.93,0.891,1.172,-0.564
19671,598114415,99811.72,27.93,0.953,1.229,-0.049
19673,598174397,99813.95,27.93,0.980,1.040,0.921
19675,598234423,99813.84,27.93,0.963,1.050,0.375
19677,598294427,99818.61,27.93,0.907,0.647,-0.239
19679,598354397,99815.04,27.93,0.954,0.948,-0.298
19681,598414415,99810.98,27.93,1.003,1.291,0.338
19683,598474397,99813.99,27.93,1.014,1.037,0.600
19685,598534422,99811.66,27.93,1.079,1.234,0.591
19687,598594397,99816.32,27.93,1.007,0.839,0.437
19689,598654408,99812.55,27.93,1.032,1.158,-0.539
19691,598714415,99816.94,27.93,1.003,0.787,0.066
19693,598774397,99813.75,27.93,1.026,1.057,-0.089
19695,598834423,99813.60,27.93,1.041,1.069,0.127
19697,598894452,99814.68,27.93,1.023,0.978,0.130
19699,598954397,99813.16,27.93,1.057,1.107,-0.008
19701,599014415,99813.76,27.93,1.047,1.056,0.251
19703,599074397,99815.61,27.93,1.023,0.900,-0.080
19705,599134422,99814.77,27.93,0.999,0.971,-0.363
19707,599194397,99815.05,27.93,0.994,0.947,-0.343
19709,599254397,99814.08,27.93,1.006,1.029,-0.053
19711,599314415,99812.68,27.93,1.047,1.147,0.235
19713,599374397,99813.79,27.93,1.088,1.054,0.690
19715,599434431,99814.26,27.93,1.075,1.014,0.508
19717,599494427,99815.14,27.93,1.045,0.939,-0.202
19719,599554397,99814.97,27.93,1.028,0.954,-0.408
19721,599614415,99813.95,27.93,1.032,1.040,-0.257
19723,599674397,99811.50,27.93,1.089,1.247,0.173
19725,599734422,99816.78,27.93,1.052,0.801,0.577
19727,599794397,99815.88,27.93,1.008,0.877,-0.376
19729,599854397,99816.08,27.93,1.002,0.860,-0.600
19731,599914415,99816.22,27.92,0.984,0.848,-0.198
19733,599974397,99814.22,27.92,1.023,1.017,-0.083
19735,600034422,99812.29,27.92,1.040,1.180,0.305
19737,600094427,99816.45,27.93,1.028,0.828,0.282
19739,600154397,99815.95,27.93,1.000,0.872,-0.087
19741,600214426,99813.75,27.92,0.993,1.057,-0.505
19743,600274397,99812.74,27.92,1.022,1.142,-0.111
19745,600334423,99818.43,27.92,0.937,0.661,0.066
19747,600394410,99814.74,27.92,0.951,0.973,-0.720
19749,600454396,99811.80,27.92,0.976,1.222,-0.140
19751,600514415,99817.65,27.92,0.936,0.728,0.205
19753,600574397,99815.44,27.92,0.975,0.914,0.008
19755,600634422,99817.22,27.92,0.977,0.764,0.380
19757,600694426,99818.59,27.93,0.935,0.648,-0.015
19759,600754396,99815.89,27.92,0.927,0.876,-0.574
19761,600814415,99816.69,27.92,0.936,0.809,-0.181
19763,600874397,99814.98,27.92,0.950,0.952,0.117
19765,600934423,99809.52,27.93,0.988,1.414,0.007
19767,600994409,99813.40,27.92,1.000,1.087,0.424
19769,601054397,99816.85,27.92,0.983,0.795,0.459
19771,601114415,99814.84,27.92,1.001,0.964,0.011
19773,601174397,99814.26,27.92,1.038,1.014,0.259
19775,601234423,99816.62,27.92,0.989,0.815,0.240
19777,601294427,99811.83,27.93,0.983,1.219,-0.668
19779,601354397,99810.15,27.92,1.072,1.361,0.057
19781,601414415,99813.45,27.92,1.104,1.082,1.251
19783,601474397,99816.06,27.92,1.066,0.861,0.535
19785,601534422,99816.50,27.92,1.011,0.825,-0.543
19787,601594397,99814.96,27.92,0.981,0.954,-0.878
19789,601654397,99813.74,27.92,0.980,1.058,-0.544
19791,601714415,99816.36,27.92,0.990,0.836,0.086
19793,601774407,99812.84,27.92,0.984,1.134,0.026
19795,601834423,99813.85,27.92,0.972,1.049,-0.257
19797,601894452,99815.00,27.92,0.978,0.952,0.008
19799,601954397,99813.05,27.92,1.022,1.116,0.274
19801,602014415,99811.65,27.92,1.047,1.234,0.459
19803,602074397,99811.16,27.92,1.095,1.275,0.496
19805,602134423,99814.29,27.92,1.108,1.012,0.775
19807,602194397,99816.15,27.92,1.034,0.854,0.032
19809,602254397,99815.55,27.92,1.003,0.905,-0.916
19811,602314415,99818.42,27.92,0.935,0.662,-0.693
19813,602374397,99816.12,27.92,0.946,0.856,-0.693
19815,602434422,99815.15,27.92,0.938,0.939,-0.175
19817,602494427,99814.14,27.92,0.955,1.024,-0.078
19819,602554408,99815.19,27.92,0.924,0.935,0.001
19821,602614415,99817.87,27.92,0.880,0.709,-0.389
19823,602674397,99815.14,27.92,0.914,0.940,-0.326
19825,602734423,99819.09,27.92,0.857,0.605,0.062
19827,602794397,99812.83,27.92,0.903,1.135,-0.443
19829,602854397,99814.61,27.92,0.955,0.984,0.516
19831,602914416,99814.12,27.92,0.974,1.025,0.799
19833,602974397,99814.94,27.92,0.969,0.957,0.255
19835,603034423,99817.00,27.92,0.969,0.782,0.114
19837,603094427,99813.64,27.92,0.964,1.066,-0.097
19839,603154397,99816.12,27.92,0.947,0.857,-0.202
19841,603214415,99820.24,27.92,0.880,0.508,-0.233
19843,603274397,99812.84,27.92,0.892,1.133,-0.859
19845,603334431,99813.30,27.92,0.933,1.094,-0.073
19847,603394410,99816.15,27.92,0.922,0.854,0.576
19849,603454396,99813.41,27.92,0.932,1.085,-0.009
19851,603514415,99813.88,27.92,0.957,1.046,0.123
19853,603574397,99814.20,27.92,0.946,1.020,0.266
19855,603634422,99817.60,27.92,0.937,0.732,0.052
19857,603694426,99813.30,27.92,0.968,1.094,0.019
19859,603754397,99815.15,27.92,0.956,0.939,0.127
19861,603814415,99813.38,27.92,0.978,1.089,0.034
19863,603874397,99814.30,27.92,0.953,1.011,0.034
19865,603934422,99813.77,27.92,0.971,1.056,-0.124
19867,603994397,99817.02,27.92,0.970,0.781,0.313
19869,604054397,99813.34,27.92,0.988,1.091,0.092
19871,604114426,99813.70,27.92,1.002,1.061,0.106
19873,604174397,99815.79,27.92,0.963,0.885,0.073
19875,604234422,99815.43,27.92,0.963,0.915,-0.318
19877,604294427,99814.01,27.92,0.959,1.035,-0.158
19879,604354397,99813.88,27.92,0.945,1.046,-0.210
19881,604414415,99815.73,27.92,0.946,0.889,-0.063
19883,604474397,99815.14,27.92,0.944,0.940,0.045
19885,604534422,99813.62,27.92,0.999,1.068,0.186
19887,604594397,99815.20,27.92,0.988,0.934,0.548
19889,604654397,99816.01,27.92,0.959,0.866,-0.101
19891,604714415,99811.30,27.92,0.988,1.265,-0.372
19893,604774397,99818.80,27.92,0.928,0.630,0.088
19895,604834423,99818.35,27.92,0.908,0.668,-0.374
19897,604894460,99818.20,27.92,0.888,0.681,-0.434
19899,604954397,99817.32,27.92,0.875,0.755,-0.367
19901,605014415,99812.41,27.92,0.939,1.171,-0.102
19903,605074397,99811.91,27.92,0.977,1.212,0.628
19905,605134423,99812.81,27.92,0.972,1.136,0.477
19907,605194397,99815.31,27.92,0.935,0.925,-0.051
19909,605254397,99812.73,27.92,0.966,1.144,-0.242
19911,605314415,99818.88,27.92,0.930,0.623,0.292
19913,605374397,99811.97,27.92,1.004,1.207,0.026
19915,605434422,99814.42,27.92,0.990,1.000,0.452
19917,605494427,99817.02,27.92,0.977,0.781,0.115
19919,605554397,99816.39,27.92,0.974,0.833,-0.066
19921,605614415,99817.66,27.92,0.914,0.726,-0.365
19923,605674407,99811.48,27.92,0.934,1.249,-0.811
19925,605734423,99817.25,27.92,0.900,0.761,-0.059
19927,605794397,99818.70,27.92,0.870,0.638,-0.147
19929,605854397,99815.27,27.92,0.907,0.928,-0.255
19931,605914416,99814.90,27.92,0.920,0.960,0.253
19933,605974397,99814.01,27.92,0.904,1.035,0.017
19935,606034423,99814.80,27.92,0.934,0.968,0.007
19937,606094427,99816.03,27.92,0.955,0.864,0.549
19939,606154397,99814.85,27.92,0.921,0.964,0.067
19941,606214415,99813.40,27.92,0.922,1.087,-0.490
19943,606274397,99818.14,27.92,0.939,0.686,0.249
19945,606334422,99815.80,27.92,0.885,0.884,0.011
19947,606394410,99815.80,27.92,0.913,0.884,-0.544
19949,606454408,99811.52,27.92,0.929,1.245,0.110
19951,606514415,99817.55,27.92,0.935,0.736,0.338
19953,606574397,99811.62,27.91,0.965,1.237,0.267
19955,606634423,99813.83,27.92,0.986,1.050,0.263
19957,606694427,99814.49,27.91,0.961,0.994,0.269
19959,606754397,99820.43,27.91,0.869,0.493,-0.444
19961,606814415,99812.87,27.91,0.882,1.131,-1.047
19963,606874397,99816.32,27.92,0.895,0.840,-0.099
19965,606934422,99815.57,27.92,0.871,0.903,0.160
19967,606994397,99813.13,27.91,0.906,1.109,-0.213
19969,607054397,99810.41,27.91,0.929,1.339,0.218
19971,607114415,99815.96,27.92,0.907,0.870,0.318
19973,607174397,99813.77,27.91,0.922,1.056,0.048
19975,607234431,99817.38,27.91,0.896,0.750,0.065
19977,607294427,99812.69,27.91,0.943,1.146,-0.061
19979,607354397,99816.84,27.92,0.904,0.796,0.238
19981,607414415,99814.46,27.91,0.919,0.997,-0.193
19983,607474397,99814.42,27.91,0.894,1.000,-0.157
19985,607534422,99814.78,27.91,0.889,0.970,-0.276
19987,607594397,99816.77,27.91,0.855,0.802,-0.149
19989,607654397,99810.21,27.91,0.936,1.356,-0.155
19991,607714415,99814.79,27.91,0.968,0.969,0.941
19993,607774397,99817.32,27.91,0.922,0.755,0.555
19995,607834422,99813.00,27.91,0.946,1.120,-0.433
19997,607894466,99814.48,27.91,0.985,0.995,0.291
19999,607954397,99818.68,27.91,0.952,0.641,0.565
20001,608014425,99815.00,27.91,0.960,0.951,-0.247
20003,608074397,99816.23,27.91,0.957,0.847,-0.095
20005,608134423,99816.45,27.91,0.934,0.829,-0.077
20007,608194397,99815.90,27.91,0.912,0.875,-0.404
20009,608254396,99813.17,27.91,0.978,1.106,-0.058
20011,608314415,99814.14,27.91,0.971,1.024,0.567
20013,608374397,99816.65,27.91,0.926,0.812,-0.083
20015,608434422,99813.80,27.91,0.945,1.053,-0.413
20017,608494426,99816.49,27.91,0.948,0.825,0.171
20019,608554397,99812.05,27.91,0.981,1.200,0.154
20021,608614415,99810.21,27.91,1.041,1.356,0.387
20023,608674397,99816.41,27.91,1.003,0.832,0.702
20025,608734423,99814.44,27.91,1.028,0.999,0.016
20027,608794409,99813.70,27.91,0.985,1.061,-0.154
20029,608854397,99814.60,27.91,0.968,0.985,-0.543
20031,608914415,99816.32,27.91,0.945,0.840,-0.226
20033,608974397,99813.54,27.91,0.975,1.075,-0.151
20035,609034423,99816.94,27.91,0.956,0.787,0.223
20037,609094427,99813.05,27.91,0.991,1.116,0.001
20039,609154397,99814.85,27.91,1.021,0.964,0.429
20041,609214415,99817.26,27.91,0.946,0.760,0.159
20043,609274397,99813.36,27.91,0.974,1.090,-0.710
20045,609334422,99815.51,27.91,0.972,0.909,0.124
20047,609394410,99814.48,27.91,0.977,0.995,0.094
20049,609454397,99811.95,27.91,1.042,1.210,0.241
20051,609514415,99814.97,27.91,1.033,0.954,0.692
20053,609574407,99817.20,27.91,0.980,0.765,-0.059
20055,609634423,99813.40,27.91,0.973,1.086,-0.715
20057,609694426,99813.76,27.91,0.983,1.056,-0.252
20059,609754396,99812.57,27.91,1.002,1.157,0.163
20061,609814415,99814.57,27.91,0.974,0.987,0.098
20063,609874396,99813.43,27.91,0.971,1.084,-0.254
20065,609934423,99811.26,27.91,1.003,1.267,-0.051
20067,609994397,99817.14,27.91,1.007,0.770,0.565
20069,610054397,99814.07,27.91,1.046,1.030,0.457
20071,610114415,99814.77,27.91,1.010,0.971,0.105
20073,610174397,99815.81,27.91,1.019,0.882,-0.216
20075,610234422,99812.44,27.91,1.043,1.168,0.076
20077,610294427,99816.72,27.91,1.006,0.806,0.110
20079,610354408,99812.24,27.91,0.978,1.184,-0.559
20081,610414415,99814.95,27.91,0.973,0.955,-0.475
20083,610474397,99814.02,27.91,0.970,1.034,-0.008
20085,610534423,99814.95,27.91,0.982,0.956,0.030
20087,610594397,99815.59,27.91,0.953,0.901,0.048
20089,610654397,99812.41,27.91,1.005,1.170,-0.142
20091,610714415,99813.39,27.91,1.018,1.087,0.503
20093,610774397,99816.55,27.91,0.952,0.820,0.041
20095,610834422,99816.09,27.91,0.938,0.860,-0.653
20097,610894452,99813.22,27.91,0.993,1.102,-0.083
20099,610954397,99812.69,27.91,1.012,1.147,0.517
20101,611014415,99815.90,27.91,0.976,0.875,0.204
20103,611074397,99815.72,27.91,0.983,0.891,-0.177
20105,611134432,99815.97,27.91,0.961,0.870,-0.081
20107,611194397,99815.05,27.90,0.978,0.947,-0.171
20109,611254397,99815.03,27.91,0.986,0.949,0.161
20111,611314415,99815.10,27.91,0.944,0.943,-0.138
20113,611374397,99810.72,27.91,0.973,1.313,-0.511
20115,611434422,99817.25,27.90,0.920,0.761,0.082
20117,611494427,99812.41,27.91,0.964,1.170,-0.213
20119,611554397,99814.20,27.90,0.959,1.018,0.239
20121,611614415,99814.22,27.90,1.002,1.017,0.342
20123,611674397,99816.20,27.90,0.954,0.850,0.293
20125,611734422,99817.45,27.91,0.892,0.744,-0.676
20127,611794397,99816.49,27.90,0.884,0.825,-0.767
20129,611854396,99813.74,27.90,0.890,1.057,-0.319
20131,611914424,99817.77,27.91,0.903,0.717,0.206
20133,611974397,99813.95,27.90,0.913,1.040,0.219
20135,612034423,99810.18,27.90,1.010,1.359,0.282
20137,612094427,99816.12,27.90,0.994,0.857,1.104
20139,612154397,99817.20,27.90,0.940,0.766,-0.014
20141,612214415,99816.02,27.90,0.925,0.866,-0.713
20143,612274397,99814.35,27.90,0.942,1.006,-0.270
20145,612334422,99811.16,27.90,0.980,1.276,0.143
20147,612394410,99812.84,27.90,0.994,1.134,0.439
20149,612454397,99814.23,27.90,1.003,1.016,0.409
20151,612514415,99812.84,27.90,1.039,1.134,0.321
20153,612574397,99815.09,27.90,1.016,0.943,0.318
20155,612634423,99813.09,27.90,1.018,1.112,-0.185
20157,612694435,99811.55,27.90,1.037,1.243,-0.085
20159,612754397,99818.98,27.90,0.932,0.615,-0.091
20161,612814415,99816.17,27.90,0.939,0.852,-0.850
20163,612874397,99815.77,27.90,0.941,0.886,-0.192
20165,612934420,99813.84,27.90,0.974,1.050,0.094
20167,612994397,99813.25,27.90,0.992,1.099,0.336
20169,613054397,99817.65,27.90,0.962,0.727,0.260
20171,613114415,99816.88,27.90,0.923,0.792,-0.344
20173,613174397,99816.02,27.90,0.892,0.865,-0.728
20175,613234422,99813.07,27.90,0.927,1.114,-0.377
20177,613294427,99812.71,27.90,0.982,1.145,0.497
20179,613354397,99818.71,27.90,0.947,0.638,0.734
20181,613414415,99812.26,27.90,0.970,1.183,-0.216
20183,613474407,99814.45,27.90,0.987,0.998,0.091
20185,613534423,99814.34,27.90,0.978,1.007,0.271
20187,613594397,99815.37,27.90,0.949,0.920,-0.205
20189,613654397,99815.12,27.90,0.913,0.940,-0.495
20191,613714415,99817.06,27.90,0.889,0.777,-0.472
20193,613774397,99811.79,27.90,0.934,1.223,-0.222
20195,613834423,99815.57,27.90,0.917,0.903,0.287
20197,613894452,99815.08,27.90,0.896,0.945,-0.084
20199,613954396,99814.54,27.90,0.880,0.990,-0.396
20201,614014415,99810.71,27.90,0.961,1.313,0.040
20203,614074397,99816.55,27.90,0.946,0.820,0.902
20205,614134422,99816.50,27.90,0.894,0.825,-0.078
20207,614194397,99815.20,27.89,0.919,0.935,-0.523
20209,614254408,99813.63,27.89,0.938,1.067,0.183
20211,614314415,99815.16,27.89,0.918,0.938,0.115
20213,614374397,99813.16,27.89,0.933,1.106,-0.140
20215,614434423,99814.23,27.89,0.949,1.016,0.188
20217,614494427,99817.62,27.89,0.917,0.730,0.249
20219,614554397,99814.98,27.89,0.916,0.953,-0.301
20221,614614415,99812.87,27.89,0.970,1.131,0.018
20223,614674397,99814.15,27.89,1.002,1.024,0.739
20225,614734423,99815.78,27.89,1.000,0.885,0.552
20227,614794397,99815.16,27.89,0.994,0.938,0.030
20229,614854397,99816.21,27.89,0.962,0.849,-0.240
20231,614914416,99815.82,27.89,0.938,0.882,-0.464
20233,614974397,99813.51,27.89,0.993,1.077,-0.118
20235,615034431,99813.64,27.89,0.997,1.066,0.493
20237,615094427,99819.46,27.89,0.933,0.574,0.044
20239,615154397,99814.75,27.89,0.928,0.973,-0.680
20241,615214415,99815.78,27.89,0.935,0.885,-0.279
20243,615274397,99816.08,27.89,0.932,0.860,0.129
20245,615334422,99815.32,27.89,0.944,0.924,0.023
20247,615394410,99814.09,27.89,0.966,1.029,0.151
20249,615454396,99814.95,27.89,0.934,0.955,0.052
20251,615514415,99816.55,27.89,0.932,0.820,-0.209
20253,615574397,99816.61,27.89,0.925,0.815,-0.010
20255,615634422,99814.48,27.89,0.921,0.995,-0.215
20257,615694427,99812.41,27.89,0.978,1.170,0.052
20259,615754396,99813.74,27.89,0.959,1.058,0.476
20261,615814425,99815.09,27.89,0.973,0.944,0.074
20263,615874397,99813.16,27.89,1.013,1.106,0.340
20265,615934423,99814.73,27.89,0.990,0.974,0.304
20267,615994397,99813.12,27.89,0.988,1.110,-0.224
20269,616054397,99814.57,27.89,1.001,0.988,0.020
20271,616114415,99815.94,27.89,0.961,0.872,0.053
20273,616174397,99814.57,27.89,0.916,0.988,-0.691
20275,616234422,99816.19,27.89,0.893,0.851,-0.660
20277,616294426,99813.41,27.89,0.920,1.086,-0.204
20279,616354397,99815.20,27.89,0.937,0.934,0.326
20281,616414415,99814.25,27.89,0.922,1.014,0.173
20283,616474397,99814.48,27.89,0.935,0.996,-0.113
20285,616534423,99815.30,27.89,0.942,0.926,0.222
20287,616594409,99813.70,27.89,0.966,1.061,0.188
20289,616654397,99814.22,27.89,0.984,1.017,0.324
20291,616714415,99815.38,27.89,0.989,0.919,0.349
20293,616774397,99815.85,27.89,1.019,0.880,0.336
20295,616834423,99814.88,27.89,0.967,0.962,0.005
20297,616894452,99816.38,27.89,0.936,0.834,-0.696
20299,616954397,99813.47,27.89,0.943,1.080,-0.436
20301,617014415,99813.61,27.89,0.948,1.069,-0.074
20303,617074397,99815.33,27.89,0.951,0.924,0.176
20305,617134422,99814.93,27.89,0.954,0.957,0.131
20307,617194397,99814.09,27.89,0.943,1.028,-0.089
20309,617254396,99816.01,27.90,0.920,0.866,-0.197
20311,617314415,99816.56,27.90,0.902,0.819,-0.236
20313,617374407,99815.47,27.90,0.915,0.912,-0.176
20315,617434423,99816.29,27.90,0.930,0.842,0.194
20317,617494426,99817.89,27.90,0.896,0.707,0.104
20319,617554397,99812.88,27.90,0.900,1.130,-0.521
20321,617614415,99815.62,27.90,0.890,0.898,-0.171
20323,617674397,99816.70,27.90,0.856,0.808,-0.102
20325,617734423,99811.57,27.90,0.914,1.241,-0.263
20327,617794397,99820.53,27.90,0.884,0.484,0.639
20329,617854397,99816.70,27.90,0.899,0.808,0.095
20331,617914416,99814.27,27.90,0.926,1.013,-0.048
20333,617974397,99815.02,27.90,0.926,0.950,0.227
20335,618034422,99816.30,27.90,0.909,0.841,0.042
20337,618094427,99811.23,27.90,0.919,1.270,-0.330
20339,618154408,99812.37,27.90,0.962,1.174,0.128
20341,618214415,99815.48,27.90,0.956,0.910,0.672
20343,618274397,99813.91,27.90,0.978,1.044,0.192
20345,618334423,99814.92,27.90,0.954,0.958,0.072
20347,618394410,99812.30,27.90,0.979,1.179,-0.189
20349,618454397,99814.45,27.90,0.990,0.998,0.285
20351,618514415,99812.34,27.90,1.048,1.176,0.488
20353,618574397,99814.10,27.89,1.042,1.027,0.600
20355,618634422,99810.68,27.89,1.066,1.316,0.047
20357,618694427,99816.30,27.89,1.017,0.841,0.095
20359,618754397,99817.62,27.89,0.972,0.730,-0.403
20361,618814415,99812.46,27.89,0.998,1.166,-0.604
20363,618874397,99812.06,27.89,1.033,1.199,0.150
20365,618934431,99814.06,27.89,1.026,1.030,0.456
20367,618994397,99812.60,27.89,1.037,1.154,0.049
20369,619054397,99811.95,27.89,1.058,1.209,0.128
20371,619114415,99815.23,27.89,1.035,0.932,0.245
20373,619174397,99815.98,27.89,1.014,0.868,-0.140
20375,619234422,99812.95,27.89,0.995,1.125,-0.484
20377,619294426,99814.77,27.89,0.951,0.971,-0.552
20379,619354397,99815.16,27.89,0.927,0.938,-0.527
20381,619414415,99815.73,27.89,0.911,0.890,-0.361
20383,619474397,99815.23,27.89,0.901,0.932,-0.261
20385,619534422,99814.63,27.89,0.943,0.982,0.059
20387,619594397,99816.55,27.89,0.941,0.820,0.514
20389,619654397,99813.62,27.89,0.979,1.068,0.191
20391,619714426,99815.46,27.89,0.991,0.912,0.429
20393,619774397,99815.59,27.89,0.952,0.901,0.054
20395,619834423,99815.72,27.89,0.949,0.891,-0.419
20397,619894452,99816.62,27.89,0.938,0.815,-0.082
20399,619954397,99812.32,27.89,0.962,1.178,-0.169
20401,620014415,99813.55,27.89,0.972,1.074,0.144
20403,620074397,99811.43,27.89,1.031,1.253,0.433
20405,620134422,99814.69,27.89,1.000,0.978,0.549
20407,620194397,99813.16,27.89,1.004,1.106,-0.164
20409,620254397,99812.16,27.88,0.987,1.191,-0.223
20411,620314415,99814.12,27.88,0.983,1.026,-0.157
20413,620374397,99815.74,27.88,0.960,0.888,-0.001
20415,620434423,99813.22,27.88,0.990,1.102,-0.133
20417,620494435,99815.98,27.88,0.998,0.869,0.361
20419,620554397,99817.25,27.88,0.952,0.761,0.064
20421,620614415,99812.84,27.88,0.972,1.133,-0.550
20423,620674397,99814.41,27.88,0.978,1.001,0.060
20425,620734423,99818.14,27.88,0.939,0.686,0.140
20427,620794397,99817.51,27.89,0.909,0.739,-0.434
20429,620854397,99817.14,27.88,0.916,0.771,-0.382
20431,620914416,99814.45,27.88,0.912,0.997,-0.141
20433,620974397,99816.62,27.88,0.933,0.814,0.056
20435,621034422,99814.66,27.88,0.923,0.980,0.183
20437,621094427,99812.44,27.88,0.953,1.168,-0.140
20439,621154397,99815.70,27.88,0.936,0.892,0.275
20441,621214415,99813.38,27.88,0.959,1.088,0.032
20443,621274407,99815.81,27.88,0.920,0.882,0.011
20445,621334423,99814.69,27.88,0.932,0.977,-0.266
20447,621394410,99815.42,27.88,0.948,0.916,0.173
20449,621454397,99813.84,27.88,0.957,1.049,0.196
20451,621514415,99814.38,27.88,0.952,1.004,0.027
20453,621574397,99815.09,27.88,0.969,0.944,0.115
20455,621634423,99819.15,27.88,0.871,0.601,-0.131
20457,621694427,99817.42,27.88,0.870,0.747,-0.944
20459,621754397,99812.55,27.88,0.889,1.158,-0.360
20461,621814415,99816.89,27.88,0.879,0.791,0.128
20463,621874397,99814.20,27.88,0.911,1.019,0.184
20465,621934423,99815.88,27.88,0.905,0.877,0.258
20467,621994397,99814.49,27.88,0.938,0.994,0.176
20469,622054408,99808.88,27.88,1.009,1.468,0.396
20471,622114415,99811.79,27.88,1.038,1.223,0.842
20473,622174397,99814.60,27.88,1.011,0.985,0.540
20475,622234423,99816.62,27.88,0.985,0.814,-0.161
20477,622294427,99817.47,27.88,0.957,0.742,-0.319
20479,622354397,99819.59,27.88,0.890,0.564,-0.574
20481,622414415,99813.60,27.88,0.915,1.070,-0.837
20483,622474397,99815.79,27.88,0.875,0.885,-0.225
20485,622534422,99813.70,27.88,0.883,1.061,-0.359
20487,622594397,99813.14,27.88,0.936,1.109,0.209
20489,622654397,99812.34,27.88,0.976,1.176,0.754
20491,622714415,99816.49,27.88,0.989,0.825,0.757
20493,622774397,99813.55,27.88,0.998,1.073,0.300
20495,622834431,99811.95,27.88,1.040,1.209,0.117
20497,622894465,99814.73,27.88,1.025,0.974,0.444
20499,622954397,99816.88,27.88,0.983,0.792,-0.104
20501,623014415,99815.99,27.88,0.980,0.867,-0.424
20503,623074397,99813.11,27.88,1.003,1.111,-0.146
20505,623134422,99815.81,27.88,0.986,0.883,0.139
20507,623194397,99815.60,27.88,0.957,0.901,-0.202
20509,623254397,99814.15,27.88,0.980,1.023,-0.297
20511,623314415,99811.99,27.88,0.982,1.205,0.046
20513,623374397,99814.39,27.88,0.991,1.003,0.114
20515,623434422,99814.84,27.88,1.001,0.964,0.309
20517,623494427,99816.48,27.88,0.999,0.826,0.226
20519,623554396,99815.08,27.88,0.996,0.945,-0.011
20521,623614425,99815.59,27.88,0.974,0.902,-0.216
20523,623674397,99815.18,27.88,0.978,0.936,-0.221
20525,623734423,99816.84,27.88,0.981,0.795,0.111
20527,623794397,99814.09,27.88,0.994,1.029,0.053
20529,623854397,99814.54,27.88,0.964,0.990,-0.157
20531,623914416,99813.56,27.88,0.957,1.073,-0.384
20533,623974397,99815.73,27.88,0.956,0.889,-0.053
20535,624034422,99816.27,27.88,0.932,0.844,-0.014
20537,624094426,99815.01,27.88,0.931,0.951,-0.309
20539,624154397,99815.26,27.88,0.918,0.930,-0.171
20541,624214415,99813.48,27.88,0.938,1.080,-0.104
20543,624274397,99815.62,27.88,0.951,0.899,0.307
20545,624334423,99815.51,27.88,0.950,0.908,0.262
20547,624394418,99815.37,27.88,0.944,0.920,-0.051
20549,624454397,99816.81,27.88,0.934,0.798,-0.057
20551,624514415,99815.36,27.88,0.972,0.921,0.111
20553,624574397,99814.62,27.88,0.956,0.984,0.203
20555,624634423,99817.96,27.88,0.936,0.701,-0.118
20557,624694427,99815.61,27.88,0.955,0.900,-0.067
20559,624754397,99813.48,27.88,0.959,1.080,-0.029
20561,624814415,99813.91,27.88,0.982,1.043,0.103
20563,624874397,99810.73,27.88,1.037,1.311,0.426
20565,624934422,99817.17,27.88,1.040,0.768,0.821
20567,624994397,99813.62,27.88,1.033,1.068,0.209
20569,625054397,99814.16,27.88,1.007,1.023,-0.383
20571,625114415,99818.73,27.88,0.984,0.636,-0.162
20573,625174409,99816.04,27.88,0.960,0.863,-0.317
20575,625234423,99813.67,27.88,0.997,1.064,-0.346
20577,625294426,99814.79,27.88,0.993,0.969,0.290
20579,625354397,99814.07,27.88,0.989,1.030,-0.006
20581,625414415,99815.61,27.88,0.970,0.900,-0.113
20583,625474397,99819.34,27.88,0.916,0.584,-0.248
20585,625534423,99816.64,27.88,0.894,0.812,-0.689
20587,625594397,99814.42,27.88,0.905,1.000,-0.490
20589,625654397,99817.06,27.88,0.860,0.777,-0.142
20591,625714415,99815.41,27.88,0.892,0.917,-0.247
20593,625774397,99812.89,27.88,0.918,1.130,0.226
20595,625834422,99814.62,27.88,0.934,0.984,0.371
20597,625894452,99816.20,27.88,0.922,0.850,0.316
20599,625954408,99813.21,27.88,0.975,1.103,0.127
20601,626014415,99814.60,27.88,1.004,0.985,0.655
20603,626074397,99818.39,27.88,0.967,0.664,0.429
20605,626134423,99813.81,27.88,0.980,1.052,-0.348
20607,626194397,99813.91,27.88,1.003,1.044,-0.002
20609,626254396,99812.17,27.88,1.047,1.190,0.443
20611,626314415,99813.45,27.88,1.062,1.082,0.583
20613,626374397,99814.45,27.88,1.076,0.998,0.410
20615,626434422,99815.04,27.88,1.021,0.948,-0.072
20617,626494427,99814.78,27.88,1.019,0.970,-0.578
20619,626554397,99814.09,27.88,1.024,1.028,-0.099
20621,626614415,99815.73,27.88,0.983,0.889,-0.138
20623,626674397,99815.37,27.88,0.986,0.920,-0.371
20625,626734431,99816.27,27.88,0.954,0.844,-0.168
20627,626794397,99814.97,27.88,0.962,0.954,-0.320
20629,626854397,99815.24,27.88,0.970,0.931,0.041
20631,626914416,99813.62,27.88,0.990,1.068,0.142
20633,626974397,99816.20,27.88,0.945,0.850,0.022
20635,627034423,99812.42,27.88,0.978,1.169,-0.349
20637,627094426,99812.89,27.88,1.005,1.130,0.298
20639,627154397,99812.11,27.88,1.035,1.196,0.493
20641,627214415,99817.56,27.88,0.960,0.735,0.172
20643,627274397,99814.55,27.88,0.935,0.989,-0.809
20645,627334422,99812.09,27.88,0.923,1.198,-0.717
20647,627394409,99815.59,27.88,0.923,0.902,-0.109
20649,627454397,99814.90,27.88,0.967,0.960,0.402
20651,627514426,99816.98,27.88,0.904,0.784,0.195
20653,627574397,99816.33,27.88,0.894,0.839,-0.633
20655,627634423,99812.88,27.88,0.928,1.131,-0.200
20657,627694427,99816.32,27.88,0.915,0.840,0.287
20659,627754397,99814.23,27.88,0.924,1.016,0.016
20661,627814415,99814.94,27.88,0.952,0.957,0.171
20663,627874397,99811.82,27.88,0.983,1.220,0.377
20665,627934420,99814.33,27.88,0.952,1.008,0.157
20667,627994397,99816.81,27.88,0.903,0.798,-0.335
20669,628054397,99810.52,27.88,0.985,1.329,-0.295
20671,628114415,99813.62,27.88,0.991,1.068,0.716
20673,628174397,99813.95,27.88,1.015,1.040,0.474
20675,628234423,99815.61,27.88,1.007,0.900,0.329
20677,628294435,99816.53,27.88,1.000,0.822,0.033
20679,628354397,99815.45,27.88,1.003,0.914,-0.074
20681,628414415,99815.09,27.88,1.011,0.944,0.003
20683,628474397,99810.23,27.88,1.049,1.355,0.038
20685,628534423,99812.77,27.88,1.049,1.140,0.303
20687,628594397,99813.91,27.88,1.035,1.043,0.155
20689,628654397,99809.32,27.88,1.105,1.432,0.069
20691,628714415,99817.10,27.88,1.051,0.774,0.612
20693,628774397,99814.76,27.88,1.019,0.972,-0.418
20695,628834422,99814.77,27.88,1.006,0.971,-0.611
20697,628894452,99816.41,27.88,0.948,0.832,-0.428
20699,628954397,99814.56,27.88,0.980,0.988,-0.484
20701,629014415,99812.55,27.88,0.999,1.158,0.196
20703,629074407,99812.98,27.88,1.015,1.122,0.253
20705,629134423,99810.34,27.88,1.073,1.345,0.422
20707,629194397,99813.30,27.88,1.067,1.095,0.643
20709,629254397,99815.20,27.88,1.036,0.934,0.072
20711,629314415,99812.34,27.88,1.029,1.176,-0.442
20713,629374397,99811.16,27.88,1.090,1.276,0.024
20715,629434423,99811.55,27.88,1.115,1.243,0.770
20717,629494426,99813.12,27.88,1.089,1.111,0.291
20719,629554397,99815.51,27.88,1.067,0.909,-0.178
20721,629614415,99816.53,27.88,1.033,0.822,-0.285
20723,629674397,99815.80,27.88,1.000,0.884,-0.569
20725,629734422,99816.01,27.88,0.995,0.866,-0.457
20727,629794397,99816.19,27.89,0.995,0.851,-0.071
20729,629854408,99812.51,27.88,1.042,1.162,0.086
20731,629914416,99816.73,27.88,1.000,0.806,0.299
20733,629974396,99813.18,27.89,1.030,1.105,-0.206
20735,630034423,99815.89,27.89,1.073,0.876,0.492
20737,630094427,99815.15,27.89,1.018,0.939,0.294
20739,630154397,99814.39,27.88,1.018,1.003,-0.642
20741,630214415,99816.62,27.88,0.980,0.815,-0.204
20743,630274397,99814.98,27.89,0.985,0.954,-0.359
20745,630334422,99816.02,27.88,0.972,0.865,-0.087
20747,630394410,99816.02,27.89,0.947,0.865,-0.227
20749,630454397,99814.22,27.89,0.981,1.017,-0.193
20751,630514415,99816.07,27.88,0.979,0.861,0.339
20753,630574397,99814.07,27.88,1.018,1.030,0.231
20755,630634432,99814.17,27.88,1.040,1.021,0.457
20757,630694427,99816.47,27.88,0.998,0.827,0.168
20759,630754397,99814.84,27.89,1.018,0.964,-0.280
20761,630814415,99817.34,27.88,0.967,0.754,-0.076
20763,630874397,99810.73,27.89,1.004,1.312,-0.551
20765,630934422,99816.48,27.88,0.988,0.826,0.213
20767,630994397,99816.02,27.88,0.965,0.865,0.011
20769,631054397,99815.41,27.89,0.992,0.917,-0.170
20771,631114415,99817.41,27.89,0.987,0.748,0.327
20773,631174397,99815.98,27.88,0.944,0.869,-0.250
20775,631234422,99816.21,27.88,0.903,0.849,-0.788
20777,631294427,99815.91,27.89,0.860,0.875,-0.750
20779,631354397,99813.30,27.89,0.914,1.095,-0.363
20781,631414425,99812.40,27.89,0.971,1.171,0.695
20783,631474397,99814.96,27.88,0.972,0.955,0.781
20785,631534423,99814.00,27.89,0.979,1.036,0.202
20787,631594397,99815.34,27.89,0.977,0.923,0.090
20789,631654397,99815.62,27.89,0.991,0.898,0.153
20791,631714415,99813.38,27.89,1.028,1.089,0.260
20793,631774397,99816.23,27.89,1.042,0.847,0.536
20795,631834422,99811.95,27.88,1.100,1.209,0.457
20797,631894452,99811.78,27.89,1.115,1.223,0.510
20799,631954397,99813.84,27.89,1.121,1.050,0.360
20801,632014415,99814.98,27.89,1.094,0.954,0.100
20803,632074397,99814.42,27.89,1.094,1.000,-0.261
20805,632134423,99814.61,27.89,1.083,0.984,-0.114
20807,632194409,99812.36,27.89,1.066,1.175,-0.336
20809,632254397,99816.16,27.89,1.018,0.853,-0.397
20811,632314415,99814.02,27.89,1.013,1.034,-0.482
20813,632374397,99813.80,27.89,1.027,1.053,-0.158
20815,632434423,99817.80,27.89,0.986,0.714,0.108
20817,632494427,99812.53,27.89,1.041,1.160,-0.184
20819,632554397,99812.62,27.89,1.038,1.152,0.272
20821,632614415,99815.55,27.89,1.005,0.904,-0.002
20823,632674397,99811.00,27.89,1.021,1.289,-0.354
20825,632734422,99817.20,27.89,0.976,0.765,-0.036
20827,632794397,99812.93,27.89,1.010,1.126,-0.182
20829,632854397,99813.72,27.89,1.042,1.059,0.332
20831,632914415,99814.48,27.89,1.023,0.995,0.363
20833,632974409,99813.53,27.89,1.015,1.075,-0.239
20835,633034423,99812.60,27.89,1.007,1.154,-0.260
20837,633094426,99815.47,27.89,1.009,0.912,0.023
20839,633154397,99810.59,27.89,1.073,1.324,0.280
20841,633214415,99815.17,27.89,1.062,0.937,0.623
20843,633274397,99813.56,27.89,1.056,1.073,0.071
20845,633334423,99813.76,27.89,1.056,1.056,-0.149
20847,633394410,99815.55,27.89,1.025,0.904,-0.082
20849,633454397,99814.89,27.89,0.998,0.960,-0.439
20851,633514415,99811.81,27.89,0.999,1.221,-0.529
20853,633574397,99816.95,27.89,0.977,0.786,-0.036
20855,633634422,99815.23,27.89,0.987,0.932,0.001
20857,633694427,99812.80,27.89,1.023,1.138,0.073
20859,633754408,99814.93,27.89,1.034,0.957,0.457
20861,633814415,99810.55,27.89,1.062,1.327,0.208
20863,633874397,99808.38,27.89,1.151,1.511,0.496
20865,633934423,99814.00,27.89,1.117,1.036,0.997
20867,633994396,99816.66,27.89,1.083,0.811,-0.038
20869,634054397,99814.65,27.89,1.103,0.981,-0.265
20871,634114415,99818.20,27.89,1.039,0.681,-0.107
20873,634174397,99813.93,27.89,1.058,1.042,-0.615
20875,634234422,99813.55,27.89,1.033,1.074,-0.252
20877,634294427,99815.45,27.89,1.049,0.913,-0.078
20879,634354397,99815.19,27.89,1.045,0.935,0.219
20881,634414415,99810.28,27.89,1.093,1.350,-0.030
20883,634474397,99812.54,27.89,1.104,1.160,0.448
20885,634534431,99814.80,27.89,1.061,0.968,0.169
20887,634594397,99812.63,27.89,1.061,1.152,-0.457
20889,634654397,99813.08,27.89,1.040,1.114,-0.263
20891,634714415,99817.23,27.89,1.002,0.763,-0.206
20893,634774397,99813.76,27.89,0.995,1.056,-0.452
20895,634834424,99812.97,27.89,1.065,1.123,0.064
20897,634894452,99812.92,27.89,1.074,1.127,0.778
20899,634954397,99812.63,27.89,1.093,1.151,0.265
20901,635014415,99814.12,27.89,1.102,1.025,0.328
20903,635074397,99812.22,27.89,1.101,1.186,0.094
20905,635134422,99812.89,27.89,1.040,1.130,-0.419
20907,635194397,99815.39,27.89,1.027,0.918,-0.583
20909,635254397,99811.68,27.89,1.050,1.232,-0.134
20911,635314426,99815.38,27.89,1.034,0.919,0.148
20913,635374397,99814.73,27.89,1.029,0.974,-0.017
20915,635434423,99813.09,27.89,1.043,1.113,-0.113
20917,635494427,99814.38,27.89,1.006,1.004,-0.086
20919,635554397,99815.84,27.89,0.977,0.881,-0.419
20921,635614415,99811.62,27.89,1.018,1.237,-0.270
20923,635674397,99815.68,27.89,0.989,0.894,0.243
20925,635734422,99813.29,27.89,0.997,1.096,-0.141
20927,635794397,99813.48,27.89,1.032,1.080,0.148
20929,635854396,99809.91,27.89,1.114,1.382,0.694
20931,635914415,99813.34,27.89,1.115,1.092,0.934
20933,635974397,99813.49,27.89,1.092,1.079,0.152
20935,636034423,99813.30,27.89,1.069,1.095,-0.389
20937,636094435,99814.96,27.89,1.085,0.954,-0.104
20939,636154397,99812.17,27.89,1.079,1.190,0.066
20941,636214415,99817.55,27.89,1.044,0.736,-0.116
20943,636274397,99811.41,27.89,1.091,1.254,-0.168
20945,636334423,99814.89,27.89,1.113,0.960,0.475
20947,636394410,99814.47,27.89,1.081,0.996,0.275
20949,636454397,99812.85,27.89,1.100,1.133,-0.331
20951,636514415,99817.02,27.90,1.059,0.781,0.070
20953,636574397,99810.15,27.89,1.120,1.361,-0.227
20955,636634422,99813.77,27.89,1.118,1.056,0.450
20957,636694427,99815.24,27.89,1.114,0.931,0.289
20959,636754397,99813.59,27.89,1.124,1.071,-0.001
20961,636814415,99807.55,27.90,1.187,1.581,0.065
20963,636874407,99811.80,27.89,1.173,1.222,0.528
20965,636934423,99811.07,27.89,1.203,1.284,0.276
20967,636994397,99813.72,27.90,1.193,1.059,0.368
20969,637054397,99810.68,27.90,1.196,1.317,-0.081
20971,637114415,99814.64,27.90,1.178,0.982,-0.040
20973,637174397,99810.37,27.89,1.155,1.343,-0.346
20975,637234423,99813.62,27.89,1.110,1.068,-0.585
20977,637294427,99812.28,27.90,1.121,1.181,-0.358
20979,637354397,99812.09,27.90,1.126,1.198,0.020
20981,637414415,99809.47,27.90,1.180,1.419,0.230
20983,637474397,99811.76,27.90,1.197,1.226,0.681
20985,637534423,99814.34,27.90,1.158,1.007,0.279
20987,637594397,99813.28,27.90,1.171,1.097,-0.252
20989,637654408,99814.99,27.90,1.144,0.952,-0.024
20991,637714415,99814.66,27.90,1.116,0.979,-0.368
20993,637774397,99813.35,27.90,1.138,1.091,-0.297
20995,637834423,99814.55,27.90,1.113,0.989,0.055
20997,637894467,99806.08,27.90,1.202,1.705,-0.120
20999,637954397,99814.10,27.90,1.175,1.027,0.780
21001,638014415,99808.75,27.90,1.254,1.479,0.393
21003,638074397,99811.97,27.90,1.240,1.208,0.652
21005,638134422,99811.90,27.90,1.231,1.214,0.047
21007,638194397,99813.32,27.90,1.200,1.093,-0.229
21009,638254397,99817.33,27.90,1.119,0.755,-0.534
21011,638314415,99810.99,27.90,1.137,1.290,-0.939
21013,638374397,99811.64,27.90,1.176,1.235,0.033
21015,638434431,99814.34,27.90,1.129,1.007,0.349
21017,638494427,99813.30,27.90,1.121,1.094,-0.430
21019,638554397,99813.92,27.90,1.114,1.043,-0.204
21021,638614415,99812.52,27.90,1.104,1.161,-0.192
21023,638674397,99813.55,27.90,1.118,1.074,-0.055
21025,638734423,99814.70,27.90,1.142,0.977,0.403
21027,638794397,99810.62,27.90,1.115,1.322,-0.036
21029,638854397,99808.55,27.90,1.166,1.496,-0.305
21031,638914415,99813.79,27.90,1.149,1.054,0.607
21033,638974397,99811.63,27.90,1.135,1.236,-0.051
21035,639034422,99812.94,27.90,1.130,1.126,-0.250
21037,639094427,99811.95,27.90,1.142,1.209,0.018
21039,639154397,99811.66,27.90,1.164,1.233,0.191
21041,639214425,99813.03,27.90,1.143,1.117,0.197
21043,639274397,99815.37,27.90,1.116,0.920,-0.171
21045,639334422,99813.80,27.90,1.110,1.053,-0.320
21047,639394410,99811.47,27.90,1.132,1.250,-0.178
21049,639454397,99810.23,27.90,1.177,1.354,0.308
21051,639514415,99812.38,27.90,1.182,1.173,0.601
21053,639574397,99810.09,27.90,1.186,1.366,0.119
21055,639634422,99812.59,27.90,1.159,1.155,-0.095
21057,639694426,99813.01,27.90,1.145,1.120,-0.216
21059,639754396,99810.08,27.90,1.176,1.367,-0.135
21061,639814415,99811.89,27.90,1.156,1.214,0.150
21063,639874397,99812.98,27.90,1.132,1.122,-0.172
21065,639934423,99812.91,27.90,1.134,1.128,-0.221
21067,639994409,99809.71,27.90,1.209,1.398,0.259
21069,640054397,99812.71,27.90,1.179,1.145,0.643
21071,640114415,99814.77,27.90,1.150,0.971,-0.158
21073,640174397,99813.66,27.90,1.133,1.065,-0.399
21075,640234424,99812.56,27.90,1.152,1.157,-0.219
21077,640294427,99814.37,27.90,1.150,1.004,0.220
21079,640354396,99808.55,27.90,1.211,1.496,0.132
21081,640414415,99811.09,27.90,1.238,1.282,0.657
21083,640474397,99811.85,27.90,1.237,1.217,0.538
21085,640534422,99811.34,27.90,1.261,1.261,0.173
21087,640594397,99811.73,27.90,1.241,1.228,0.138
21089,640654397,99812.23,27.90,1.225,1.185,-0.248
21091,640714415,99812.45,27.90,1.189,1.167,-0.363
21093,640774407,99808.01,27.90,1.215,1.542,-0.490
21095,640834423,99812.09,27.90,1.198,1.197,0.122
21097,640894452,99812.75,27.90,1.183,1.142,0.007
21099,640954397,99812.25,27.90,1.154,1.184,-0.340
21101,641014415,99815.24,27.90,1.132,0.931,-0.329
21103,641074397,99811.48,27.90,1.183,1.249,-0.014
21105,641134423,99812.11,27.90,1.190,1.196,0.412
21107,641194397,99809.95,27.90,1.190,1.378,0.050
21109,641254397,99812.98,27.90,1.173,1.122,-0.049
21111,641314415,99814.05,27.90,1.142,1.031,-0.153
21113,641374397,99810.45,27.90,1.136,1.335,-0.528
21115,641434422,99813.31,27.90,1.135,1.094,-0.142
21117,641494427,99814.94,27.90,1.122,0.957,0.151
21119,641554408,99813.09,27.90,1.122,1.112,-0.159
21121,641614415,99813.49,27.90,1.154,1.079,0.100
21123,641674397,99810.55,27.90,1.201,1.327,0.490
21125,641734423,99813.02,27.90,1.169,1.118,0.333
21127,641794397,99811.47,27.90,1.181,1.250,-0.188
21129,641854397,99812.52,27.90,1.176,1.161,0.042
21131,641914415,99810.64,27.90,1.210,1.320,0.114
21133,641974397,99812.32,27.90,1.203,1.177,0.317
21135,642034422,99813.40,27.90,1.146,1.087,-0.225
21137,642094427,99810.24,27.90,1.179,1.353,-0.548
21139,642154397,99812.73,27.90,1.173,1.143,0.232
21141,642214415,99811.66,27.90,1.177,1.234,0.066
21143,642274397,99811.74,27.90,1.189,1.227,0.050
21145,642334431,99812.80,27.90,1.133,1.137,-0.122
21147,642394410,99812.39,27.90,1.117,1.172,-0.663
21149,642454397,99811.40,27.90,1.146,1.256,-0.146
21151,642514415,99810.38,27.90,1.186,1.342,0.432
21153,642574397,99811.36,27.90,1.214,1.259,0.637
21155,642634422,99812.03,27.90,1.216,1.202,0.449
21157,642694426,99812.80,27.90,1.204,1.137,0.058
21159,642754397,99812.59,27.90,1.212,1.154,-0.054
21161,642814415,99813.50,27.90,1.201,1.078,0.044
21163,642874397,99812.82,27.90,1.201,1.136,-0.098
21165,642934420,99810.89,27.90,1.168,1.299,-0.344
21167,642994397,99812.44,27.90,1.153,1.168,-0.467
21169,643054396,99812.27,27.90,1.170,1.182,-0.030
21171,643114426,99815.37,27.90,1.139,0.920,0.139
21173,643174397,99812.84,27.90,1.153,1.134,-0.212
21175,643234423,99815.79,27.90,1.102,0.884,-0.147
21177,643294427,99813.71,27.90,1.107,1.060,-0.472
21179,643354397,99813.91,27.90,1.092,1.043,-0.189
21181,643414415,99813.70,27.90,1.069,1.062,-0.296
21183,643474397,99814.95,27.90,1.060,0.956,-0.262
21185,643534422,99810.31,27.90,1.126,1.348,0.080
21187,643594397,99810.70,27.90,1.153,1.315,0.649
21189,643654397,99812.27,27.90,1.158,1.183,0.503
21191,643714415,99814.30,27.90,1.161,1.010,0.292
21193,643774397,99811.91,27.90,1.161,1.213,0.015
21195,643834423,99816.40,27.90,1.100,0.833,-0.243
21197,643894459,99816.24,27.90,1.075,0.846,-0.589
21199,643954397,99815.60,27.90,1.073,0.900,-0.388
21201,644014415,99814.60,27.90,1.071,0.985,-0.147
21203,644074397,99809.43,27.90,1.141,1.422,0.055
21205,644134423,99813.47,27.90,1.129,1.080,0.641
21207,644194397,99815.85,27.90,1.105,0.879,0.140
21209,644254397,99812.73,27.90,1.132,1.143,-0.163
21211,644314415,99812.96,27.90,1.110,1.124,-0.009
21213,644374397,99812.32,27.90,1.117,1.177,-0.195
21215,644434422,99813.17,27.90,1.104,1.106,-0.012
21217,644494427,99813.08,27.90,1.122,1.113,0.009
21219,644554397,99811.88,27.90,1.156,1.215,0.317
21221,644614415,99811.74,27.90,1.142,1.226,0.241
21223,644674407,99816.20,27.90,1.110,0.850,-0.075
21225,644734423,99814.88,27.90,1.065,0.962,-0.455
21227,644794397,99813.21,27.90,1.083,1.103,-0.588
21229,644854397,99812.82,27.90,1.118,1.135,0.240
21231,644914416,99818.19,27.90,1.049,0.682,0.266
21233,644974397,99810.31,27.90,1.095,1.348,-0.586
21235,645034423,99813.49,27.90,1.095,1.079,0.189
21237,645094427,99812.29,27.90,1.054,1.181,-0.086
21239,645154397,99814.17,27.90,1.065,1.021,-0.351
21241,645214415,99815.36,27.90,1.079,0.921,0.321
21243,645274397,99815.30,27.90,1.050,0.926,0.059
21245,645334422,99813.50,27.90,1.054,1.078,-0.383
21247,645394410,99812.95,27.90,1.070,1.125,-0.021
21249,645454408,99811.78,27.90,1.108,1.223,0.314
21251,645514415,99813.41,27.90,1.111,1.085,0.481
21253,645574397,99811.71,27.90,1.107,1.230,0.042
21255,645634423,99811.73,27.90,1.122,1.227,-0.046
21257,645694427,99815.29,27.90,1.096,0.927,0.206
21259,645754397,99809.56,27.90,1.165,1.411,0.013
21261,645814415,99811.44,27.90,1.182,1.252,0.622
21263,645874397,99810.57,27.90,1.205,1.325,0.452
21265,645934422,99813.95,27.90,1.216,1.041,0.474
21267,645994397,99808.95,27.90,1.240,1.463,0.199
21269,646054397,99813.15,27.90,1.207,1.108,0.044
21271,646114415,99812.12,27.90,1.186,1.195,-0.292
21273,646174397,99808.83,27.90,1.207,1.473,-0.373
21275,646234431,99812.99,27.90,1.225,1.121,0.359
21277,646294427,99811.48,27.90,1.244,1.249,0.468
21279,646354397,99810.51,27.90,1.248,1.331,0.118
21281,646414415,99811.74,27.90,1.240,1.227,0.031
21283,646474397,99811.90,27.90,1.192,1.213,-0.289
21285,646534422,99813.36,27.90,1.180,1.090,-0.525
21287,646594397,99810.98,27.90,1.167,1.291,-0.304
21289,646654397,99811.23,27.90,1.180,1.270,-0.195
21291,646714415,99812.80,27.90,1.212,1.138,0.412
21293,646774397,99811.71,27.91,1.211,1.229,0.386
21295,646834422,99813.98,27.91,1.167,1.037,-0.171
21297,646894452,99813.27,27.91,1.152,1.098,-0.491
21299,646954397,99815.48,27.91,1.101,0.911,-0.422
21301,647014425,99813.15,27.91,1.090,1.108,-0.648
21303,647074397,99812.79,27.91,1.116,1.138,-0.173
21305,647134423,99813.82,27.91,1.151,1.051,0.514
21307,647194397,99816.04,27.91,1.096,0.864,0.269
21309,647254397,99811.84,27.91,1.109,1.219,-0.600
21311,647314415,99814.78,27.91,1.103,0.969,-0.019
21313,647374397,99812.12,27.91,1.133,1.194,0.144
21315,647434422,99812.59,27.91,1.135,1.155,0.223
21317,647494426,99809.41,27.91,1.170,1.423,0.111
21319,647554397,99809.92,27.91,1.234,1.380,0.619
21321,647614415,99815.64,27.91,1.210,0.897,0.931
21323,647674397,99809.96,27.91,1.215,1.377,-0.161
21325,647734423,99813.55,27.91,1.187,1.074,-0.245
21327,647794409,99811.41,27.91,1.182,1.254,-0.264
21329,647854396,99815.60,27.91,1.136,0.900,-0.241
21331,647914415,99809.24,27.91,1.156,1.438,-0.512
21333,647974397,99814.51,27.91,1.134,0.993,-0.014
21335,648034423,99814.83,27.92,1.083,0.966,-0.220
21337,648094427,99811.61,27.91,1.109,1.238,-0.583
21339,648154397,99814.62,27.92,1.059,0.984,-0.073
21341,648214415,99815.60,27.92,1.067,0.901,-0.266
21343,648274397,99810.73,27.92,1.102,1.312,0.037
21345,648334422,99812.56,27.92,1.122,1.157,0.345
21347,648394410,99810.68,27.91,1.154,1.316,0.441
21349,648454397,99814.46,27.92,1.117,0.997,0.261
21351,648514415,99816.09,27.92,1.086,0.859,-0.268
21353,648574407,99811.52,27.92,1.111,1.246,-0.391
21355,648634423,99810.01,27.92,1.123,1.373,-0.015
21357,648694426,99812.46,27.92,1.139,1.166,0.302
21359,648754397,99814.94,27.92,1.152,0.957,0.523
21361,648814416,99814.55,27.92,1.139,0.989,0.201
21363,648874397,99812.77,27.92,1.159,1.140,-0.122
21365,648934423,99811.17,27.92,1.129,1.275,-0.151
21367,648994397,99815.51,27.92,1.090,0.909,-0.397
21369,649054397,99810.72,27.92,1.124,1.313,-0.287
21371,649114415,99811.78,27.92,1.134,1.223,0.202
21373,649174397,99812.92,27.92,1.132,1.127,0.249
21375,649234422,99813.24,27.92,1.125,1.100,0.019
21377,649294427,99811.41,27.92,1.170,1.254,0.106
21379,649354408,99812.80,27.92,1.153,1.138,0.371
21381,649414415,99813.53,27.92,1.155,1.076,-0.017
21383,649474397,99813.31,27.92,1.140,1.094,-0.058
21385,649534423,99815.38,27.92,1.099,0.919,-0.301
21387,649594397,99813.54,27.92,1.110,1.075,-0.396
21389,649654397,99814.16,27.92,1.097,1.022,-0.064
21391,649714415,99814.89,27.92,1.075,0.960,-0.191
21393,649774397,99809.54,27.92,1.085,1.413,-0.445
21395,649834423,99814.62,27.92,1.085,0.983,0.075
21397,649894452,99811.98,27.92,1.097,1.207,0.210
21399,649954397,99808.84,27.92,1.155,1.471,0.168
21401,650014415,99813.38,27.92,1.154,1.088,0.718
21403,650074396,99811.02,27.92,1.136,1.288,0.061
21405,650134431,99811.20,27.92,1.166,1.273,-0.139
21407,650194397,99813.22,27.92,1.139,1.102,0.266
21409,650254397,99811.91,27.92,1.151,1.213,-0.156
21411,650314415,99811.52,27.92,1.162,1.246,0.077
21413,650374397,99814.16,27.92,1.140,1.022,0.128
21415,650434422,99813.51,27.92,1.122,1.078,-0.226
21417,650494426,99816.59,27.92,1.098,0.817,-0.230
21419,650554397,99815.30,27.92,1.068,0.926,-0.369
21421,650614415,99810.80,27.92,1.062,1.307,-0.705
21423,650674397,99814.65,27.92,1.025,0.981,-0.344
21425,650734422,99811.00,27.92,1.083,1.290,-0.064
21427,650794397,99813.16,27.92,1.076,1.107,0.476
21429,650854397,99812.69,27.92,1.128,1.147,0.381
21431,650914423,99815.74,27.92,1.065,0.888,0.342
21433,650974397,99815.41,27.92,1.058,0.917,-0.540
21435,651034423,99815.08,27.92,1.042,0.945,-0.280
21437,651094427,99811.91,27.92,1.081,1.213,-0.140
21439,651154397,99816.10,27.92,1.062,0.858,0.361
21441,651214415,99814.28,27.92,1.059,1.012,-0.064
21443,651274397,99818.44,27.92,0.970,0.661,-0.449
21445,651334423,99813.34,27.92,0.977,1.092,-0.996
21447,651394410,99813.98,27.92,1.004,1.037,-0.093
21449,651454397,99810.72,27.92,1.052,1.313,0.452
21451,651514415,99812.15,27.92,1.071,1.192,0.567
21453,651574397,99815.10,27.92,1.072,0.943,0.499
21455,651634423,99816.30,27.92,1.043,0.842,0.088
21457,651694435,99813.05,27.92,1.079,1.115,-0.221
21459,651754397,99810.49,27.92,1.089,1.332,0.119
21461,651814415,99814.66,27.92,1.090,0.980,0.235
21463,651874397,99811.60,27.92,1.083,1.239,0.042
21465,651934423,99813.20,27.92,1.075,1.104,-0.203
21467,651994397,99810.09,27.92,1.137,1.366,0.184
21469,652054397,99812.38,27.92,1.131,1.173,0.601
21471,652114415,99813.85,27.92,1.114,1.049,0.099
21473,652174397,99813.28,27.92,1.084,1.096,-0.322
21475,652234422,99811.70,27.92,1.098,1.230,-0.375
21477,652294427,99811.23,27.92,1.127,1.270,0.183
21479,652354397,99816.94,27.92,1.102,0.788,0.469
21481,652414415,99813.66,27.92,1.091,1.064,-0.181
21483,652474407,99818.98,27.92,1.008,0.615,-0.524
21485,652534423,99813.73,27.92,1.057,1.058,-0.645
21487,652594397,99815.34,27.92,1.052,0.923,0.232
21489,652654397,99812.98,27.92,1.054,1.123,-0.030
21491,652714415,99812.54,27.92,1.077,1.160,0.005
21493,652774397,99812.18,27.92,1.100,1.190,0.345
21495,652834423,99812.79,27.92,1.072,1.138,0.122
21497,652894466,99814.16,27.92,1.072,1.022,-0.180
21499,652954397,99814.96,27.92,1.046,0.955,-0.060
21501,653014415,99816.07,27.92,1.037,0.861,-0.238
21503,653074397,99815.05,27.92,0.999,0.946,-0.339
21505,653134423,99814.27,27.92,1.009,1.013,-0.466
21507,653194397,99812.89,27.92,1.042,1.130,0.144
21509,653254408,99814.30,27.92,1.046,1.010,0.401
21511,653314415,99815.12,27.92,1.014,0.942,0.013
21513,653374397,99815.49,27.92,1.022,0.910,-0.242
21515,653434423,99812.92,27.92,1.028,1.127,-0.027
21517,653494427,99816.48,27.92,0.979,0.826,-0.159
21519,653554397,99815.48,27.92,0.963,0.911,-0.498
21521,653614415,99812.09,27.92,1.011,1.197,-0.186
21523,653674397,99813.76,27.92,1.043,1.056,0.611
21525,653734423,99816.01,27.92,1.056,0.866,0.695
21527,653794397,99814.74,27.92,1.015,0.973,-0.008
21529,653854397,99811.55,27.92,1.060,1.243,-0.411
21531,653914415,99812.41,27.92,1.099,1.171,0.558
21533,653974397,99814.50,27.92,1.081,0.994,0.526
21535,654034432,99813.37,27.92,1.060,1.089,-0.230
21537,654094427,99813.21,27.92,1.058,1.103,-0.332
21539,654154397,99817.08,27.92,1.032,0.776,-0.002
21541,654214415,99815.24,27.92,0.992,0.931,-0.409
21543,654274397,99811.36,27.92,1.037,1.259,-0.509
21545,654334422,99812.37,27.92,1.047,1.174,0.360
21547,654394410,99815.02,27.92,1.027,0.949,0.238
21549,654454397,99815.20,27.92,0.990,0.934,-0.278
21551,654514415,99814.77,27.92,0.979,0.971,-0.505
21553,654574397,99814.18,27.92,1.036,1.020,0.116
21555,654634422,99816.55,27.92,1.037,0.820,0.716
21557,654694427,99813.94,27.92,1.035,1.041,0.053
21559,654754397,99811.00,27.92,1.072,1.289,-0.104
21561,654814425,99813.65,27.92,1.071,1.066,0.379
21563,654874397,99816.54,27.92,1.053,0.821,0.219
21565,654934423,99811.82,27.92,1.067,1.220,-0.215
21567,654994397,99813.94,27.92,1.057,1.041,-0.052
21569,655054397,99813.77,27.92,1.074,1.055,0.104
21571,655114415,99815.98,27.92,1.055,0.868,0.170
21573,655174397,99815.09,27.92,1.070,0.943,-0.027
21575,655234423,99815.14,27.92,1.092,0.940,0.230
21577,655294426,99809.10,27.92,1.134,1.450,0.179
21579,655354397,99810.66,27.92,1.112,1.318,0.118
21581,655414415,99810.72,27.92,1.107,1.313,-0.142
21583,655474397,99812.87,27.92,1.099,1.132,-0.011
21585,655534423,99812.77,27.92,1.071,1.140,-0.145
21587,655594409,99815.46,27.92,1.079,0.912,-0.126
21589,655654397,99810.23,27.92,1.091,1.354,-0.005
21591,655714415,99816.89,27.92,1.025,0.792,-0.166
21593,655774397,99813.47,27.92,1.032,1.081,-0.503
21595,655834423,99815.84,27.92,1.016,0.880,-0.144
21597,655894452,99813.40,27.92,1.033,1.087,-0.078
21599,655954397,99817.33,27.92,1.017,0.755,0.156
21601,656014415,99815.02,27.92,1.056,0.950,0.160
21603,656074397,99811.14,27.92,1.099,1.278,0.339
21605,656134422,99806.82,27.92,1.161,1.642,0.435
21607,656194397,99815.95,27.92,1.121,0.871,0.746
21609,656254396,99815.12,27.92,1.090,0.941,-0.117
21611,656314415,99816.07,27.92,1.042,0.861,-0.656
21613,656374407,99814.88,27.92,1.006,0.962,-0.785
21615,656434423,99812.08,27.92,1.064,1.198,-0.318
21617,656494426,99813.33,27.92,1.067,1.092,0.542
21619,656554397,99813.33,27.92,1.098,1.092,0.335
21621,656614415,99812.31,27.92,1.142,1.178,0.554
21623,656674397,99816.22,27.92,1.105,0.848,0.456
21625,656734423,99814.04,27.92,1.094,1.033,-0.340
21627,656794397,99813.35,27.92,1.110,1.091,-0.212
21629,656854397,99817.66,27.92,1.038,0.727,-0.062
21631,656914416,99813.27,27.92,1.060,1.098,-0.658
21633,656974397,99814.98,27.92,1.006,0.952,-0.292
21635,657034422,99812.80,27.92,1.035,1.137,-0.432
21637,657094427,99812.83,27.92,1.040,1.135,0.181
21639,657154408,99811.67,27.92,1.085,1.233,0.290
21641,657214415,99813.98,27.92,1.085,1.038,0.559
21643,657274397,99809.55,27.92,1.174,1.412,0.454
21645,657334423,99813.52,27.92,1.181,1.076,1.008
21647,657394410,99814.39,27.92,1.130,1.003,0.130
21649,657454397,99810.96,27.92,1.159,1.293,-0.528
21651,657514415,99810.92,27.92,1.136,1.296,-0.052
21653,657574397,99812.00,27.92,1.145,1.205,-0.115
21655,657634422,99809.95,27.92,1.166,1.378,0.149
21657,657694427,99811.42,27.92,1.187,1.254,0.331
21659,657754397,99811.74,27.92,1.173,1.227,0.266
21661,657814415,99812.01,27.92,1.210,1.204,0.111
21663,657874397,99811.04,27.92,1.214,1.286,0.381
21665,657934428,99815.84,27.92,1.146,0.881,-0.111
21667,657994397,99810.96,27.92,1.139,1.293,-0.791
21669,658054397,99812.74,27.92,1.132,1.142,-0.355
21671,658114415,99811.34,27.92,1.134,1.261,-0.047
21673,658174397,99814.91,27.92,1.141,0.959,0.173
21675,658234422,99811.77,27.92,1.134,1.224,0.061
21677,658294427,99813.23,27.92,1.103,1.101,-0.338
21679,658354397,99813.72,27.92,1.082,1.060,-0.368
21681,658414415,99812.79,27.92,1.073,1.138,-0.348
21683,658474397,99809.74,27.92,1.156,1.396,0.144
21685,658534422,99814.81,27.92,1.135,0.967,0.896
21687,658594397,99812.27,27.92,1.128,1.182,-0.044
21689,658654397,99812.57,27.92,1.115,1.157,-0.293
21691,658714426,99810.98,27.92,1.126,1.291,-0.153
21693,658774397,99816.79,27.92,1.085,0.800,0.092
21695,658834422,99812.88,27.92,1.105,1.130,-0.227
21697,658894452,99812.52,27.92,1.100,1.160,-0.074
21699,658954397,99814.62,27.92,1.091,0.983,0.002
21701,659014415,99809.13,27.92,1.151,1.447,0.056
21703,659074397,99811.98,27.92,1.125,1.207,0.366
21705,659134423,99815.53,27.92,1.090,0.906,-0.085
21707,659194397,99814.16,27.92,1.081,1.022,-0.355
21709,659254396,99813.02,27.92,1.093,1.118,-0.197
21711,659314415,99814.11,27.92,1.096,1.026,0.136
21713,659374397,99815.04,27.92,1.064,0.948,-0.033
21715,659434423,99814.29,27.92,1.049,1.011,-0.423
21717,659494435,99812.77,27.92,1.075,1.140,-0.165
21719,659554397,99816.66,27.92,1.069,0.811,0.360
21721,659614415,99812.97,27.92,1.091,1.123,0.098
21723,659674397,99816.05,27.92,1.028,0.863,-0.163
21725,659734423,99813.20,27.92,1.045,1.104,-0.558
21727,659794397,99815.91,27.92,1.027,0.875,0.007
21729,659854397,99812.83,27.92,1.079,1.135,0.105
21731,659914416,99812.31,27.92,1.123,1.178,0.618
21733,659974397,99814.63,27.92,1.112,0.983,0.566
21735,660034422,99811.52,27.92,1.136,1.246,0.023
21737,660094427,99809.57,27.92,1.177,1.410,0.223
21739,660154397,99814.33,27.92,1.139,1.008,0.407
21741,660214415,99812.37,27.92,1.141,1.174,-0.213
21743,660274407,99815.16,27.92,1.152,0.938,0.090
21745,660334423,99811.41,27.92,1.174,1.255,0.198
21747,660394410,99813.02,27.92,1.121,1.118,-0.165
21749,660454397,99814.25,27.92,1.073,1.014,-0.689
21751,660514415,99813.18,27.92,1.089,1.105,-0.486
21753,660574397,99816.32,27.92,1.060,0.840,0.065
21755,660634423,99814.05,27.92,1.039,1.031,-0.373
21757,660694427,99813.28,27.92,1.070,1.097,-0.241
21759,660754397,99810.89,27.92,1.113,1.298,0.399
21761,660814415,99812.82,27.92,1.121,1.135,0.524
21763,660874397,99815.48,27.92,1.096,0.910,0.235
21765,660934422,99811.36,27.92,1.142,1.259,-0.073
21767,660994397,99813.03,27.92,1.122,1.118,0.237
21769,661054408,99815.13,27.92,1.106,0.940,-0.065
21771,661114415,99812.66,27.92,1.099,1.149,-0.261
21773,661174397,99817.22,27.92,1.073,0.764,-0.131
21775,661234423,99813.09,27.92,1.087,1.113,-0.189
21777,661294427,99813.12,27.92,1.129,1.110,0.149
21779,661354397,99811.27,27.92,1.136,1.266,0.417
21781,661414415,99814.96,27.92,1.123,0.954,0.146
21783,661474397,99815.74,27.92,1.109,0.889,0.021
21785,661534422,99811.09,27.92,1.176,1.282,0.016
21787,661594397,99816.96,27.92,1.104,0.785,0.373
21789,661654397,99814.19,27.92,1.089,1.020,-0.641
21791,661714415,99812.61,27.92,1.117,1.154,-0.312
21793,661774397,99813.98,27.92,1.100,1.037,0.179
21795,661834431,99808.34,27.92,1.175,1.514,0.052
21797,661894452,99815.68,27.92,1.132,0.894,0.648
21799,661954397,99811.34,27.92,1.140,1.260,-0.195
21801,662014415,99812.50,27.92,1.123,1.162,-0.225
21803,662074397,99811.62,27.92,1.145,1.237,-0.035
21805,662134422,99812.44,27.92,1.147,1.168,0.242
21807,662194397,99809.26,27.92,1.170,1.437,0.053
21809,662254397,99814.66,27.92,1.157,0.980,0.298
21811,662314415,99811.14,27.92,1.193,1.278,0.186
21813,662374397,99813.28,27.92,1.189,1.097,0.289
21815,662434422,99809.80,27.92,1.224,1.391,0.125
21817,662494427,99814.09,27.92,1.188,1.028,0.212
21819,662554397,99814.70,27.92,1.146,0.977,-0.339
21821,662614426,99810.89,27.92,1.176,1.299,-0.500
21823,662674397,99811.94,27.92,1.187,1.210,0.209
21825,662734423,99813.17,27.92,1.169,1.106,0.167
21827,662794397,99811.37,27.92,1.177,1.258,-0.178
21829,662854397,99812.21,27.92,1.170,1.187,-0.019
21831,662914415,99810.43,27.92,1.172,1.338,-0.108
21833,662974397,99810.79,27.92,1.177,1.307,-0.031
21835,663034422,99817.14,27.92,1.137,0.771,0.188
21837,663094426,99810.34,27.92,1.180,1.345,-0.214
21839,663154397,99813.84,27.92,1.149,1.049,0.074
21841,663214415,99811.13,27.92,1.179,1.278,-0.081
21843,663274397,99814.89,27.92,1.157,0.961,0.227
21845,663334423,99814.84,27.92,1.121,0.964,-0.216
21847,663394418,99813.87,27.92,1.092,1.047,-0.643
21849,663454397,99812.65,27.93,1.066,1.150,-0.630
21851,663514415,99815.13,27.92,1.054,0.940,-0.323
21853,663574397,99814.30,27.92,1.047,1.010,-0.111
21855,663634423,99812.39,27.92,1.085,1.172,-0.012
21857,663694427,99812.56,27.92,1.081,1.157,0.300
21859,663754397,99812.59,27.92,1.116,1.155,0.207
21861,663814415,99811.56,27.92,1.153,1.242,0.537
21863,663874397,99814.44,27.93,1.141,0.999,0.475
21865,663934422,99813.50,27.92,1.110,1.078,-0.164
21867,663994397,99812.60,27.92,1.126,1.154,-0.358
21869,664054397,99813.41,27.93,1.152,1.085,0.290
21871,664114415,99814.05,27.92,1.132,1.031,0.260
21873,664174407,99810.96,27.93,1.172,1.293,-0.091
21875,664234423,99810.52,27.92,1.182,1.330,0.293
21877,664294426,99812.05,27.92,1.201,1.200,0.314
21879,664354397,99813.60,27.92,1.179,1.070,0.256
21881,664414415,99810.07,27.92,1.204,1.368,-0.180
21883,664474397,99812.84,27.92,1.156,1.133,-0.067
21885,664534423,99812.48,27.92,1.154,1.164,-0.381
21887,664594397,99811.50,27.93,1.168,1.247,-0.069
21889,664654396,99814.70,27.92,1.178,0.977,0.330
21891,664714416,99817.32,27.92,1.097,0.755,-0.033
21893,664774397,99809.76,27.93,1.138,1.394,-0.915
21895,664834422,99812.70,27.93,1.096,1.145,-0.127
21897,664894452,99811.21,27.93,1.142,1.272,-0.073
21899,664954408,99812.60,27.92,1.172,1.154,0.637
21901,665014415,99813.23,27.93,1.156,1.101,0.392
21903,665074397,99809.97,27.93,1.175,1.376,-0.174
21905,665134423,99812.59,27.93,1.154,1.155,0.037
21907,665194397,99811.94,27.93,1.146,1.210,-0.158
21909,665254397,99815.87,27.93,1.087,0.878,-0.275
21911,665314415,99810.24,27.93,1.111,1.354,-0.606
21913,665374397,99815.75,27.93,1.086,0.888,0.050
21915,665434422,99813.67,27.93,1.091,1.064,-0.036
21917,665494427,99811.37,27.93,1.172,1.259,0.263
21919,665554397,99812.81,27.93,1.177,1.136,0.878
21921,665614415,99816.03,27.93,1.137,0.864,0.156
21923,665674397,99812.60,27.93,1.159,1.154,-0.316
21925,665734431,99813.20,27.93,1.129,1.103,-0.122
21927,665794397,99813.09,27.93,1.161,1.113,-0.099
21929,665854397,99814.26,27.93,1.138,1.014,0.240
21931,665914416,99813.38,27.93,1.156,1.088,-0.099
21933,665974397,99818.35,27.93,1.078,0.668,-0.055
21935,666034422,99812.59,27.93,1.092,1.154,-0.798
21937,666094426,99815.38,27.93,1.076,0.919,-0.179
21939,666154397,99813.21,27.93,1.059,1.103,-0.229
21941,666214415,99814.33,27.93,1.069,1.008,-0.205
21943,666274397,99812.30,27.93,1.066,1.179,0.025
21945,666334422,99815.02,27.93,1.053,0.949,-0.062
21947,666394409,99816.23,27.93,1.015,0.847,-0.155
21949,666454397,99814.07,27.93,1.050,1.030,-0.281
21951,666514426,99816.26,27.93,1.052,0.845,0.361
21953,666574397,99809.26,27.93,1.127,1.437,0.239
21955,666634423,99817.33,27.93,1.053,0.755,0.457
21957,666694427,99814.95,27.93,1.062,0.955,-0.385
21959,666754397,99815.43,27.93,1.061,0.915,-0.092
21961,666814415,99810.35,27.93,1.115,1.344,0.065
21963,666874397,99813.27,27.93,1.112,1.097,0.461
21965,666934422,99812.08,27.93,1.120,1.198,0.167
21967,666994397,99809.57,27.93,1.201,1.410,0.364
21969,667054396,99812.48,27.93,1.200,1.164,0.917
21971,667114415,99811.59,27.93,1.216,1.240,0.278
21973,667174397,99813.46,27.93,1.207,1.081,0.174
21975,667234423,99811.98,27.93,1.181,1.207,-0.220
21977,667294435,99811.57,27.94,1.163,1.241,-0.498
21979,667354397,99812.62,27.94,1.177,1.152,-0.109
21981,667414415,99814.86,27.94,1.147,0.963,0.134
21983,667474397,99811.41,27.93,1.169,1.255,-0.250
21985,667534423,99813.73,27.94,1.157,1.058,0.078
21987,667594397,99814.04,27.94,1.121,1.032,-0.176
21989,667654396,99814.64,27.94,1.095,0.982,-0.522
21991,667714415,99811.29,27.93,1.102,1.265,-0.429
21993,667774397,99807.16,27.94,1.201,1.613,0.233
21995,667834422,99812.88,27.94,1.204,1.130,1.201
21997,667894467,99813.13,27.94,1.194,1.109,0.399
21999,667954397,99813.71,27.94,1.111,1.060,-0.541
22001,668014415,99810.00,27.93,1.134,1.374,-0.965
22003,668074407,99813.09,27.94,1.149,1.113,0.217
22005,668134423,99815.14,27.94,1.118,0.939,0.282
22007,668194397,99812.19,27.94,1.139,1.189,-0.248
22009,668254397,99813.34,27.94,1.132,1.092,0.060
22011,668314415,99812.37,27.94,1.131,1.174,-0.050
22013,668374398,99814.30,27.94,1.102,1.010,-0.135
22015,668434423,99816.00,27.94,1.094,0.867,-0.175
22017,668494427,99811.71,27.94,1.073,1.229,-0.376
22019,668554397,99816.08,27.94,1.064,0.860,-0.287
22021,668614415,99812.15,27.94,1.085,1.192,0.022
22023,668674397,99809.03,27.93,1.128,1.456,0.094
22025,668734422,99815.44,27.94,1.104,0.914,0.535
22027,668794397,99809.42,27.94,1.167,1.423,0.169
22029,668854408,99812.64,27.93,1.151,1.151,0.430
22031,668914416,99810.53,27.93,1.186,1.329,0.149
22033,668974397,99816.89,27.94,1.124,0.792,0.230
22035,669034423,99813.42,27.94,1.133,1.085,-0.441
22037,669094427,99817.55,27.93,1.081,0.736,-0.233
22039,669154397,99810.35,27.94,1.106,1.344,-0.585
22041,669214415,99812.81,27.93,1.096,1.136,-0.088
22043,669274397,99811.90,27.93,1.133,1.213,0.218
22045,669334422,99815.01,27.94,1.107,0.951,0.364
22047,669394410,99816.17,27.94,1.087,0.853,-0.131
22049,669454397,99812.09,27.94,1.091,1.198,-0.386
22051,669514415,99813.79,27.94,1.105,1.053,-0.022
22053,669574397,99813.73,27.94,1.110,1.059,0.281
22055,669634431,99812.95,27.94,1.142,1.124,0.209
22057,669694427,99813.73,27.94,1.143,1.059,0.364
22059,669754397,99812.41,27.94,1.150,1.170,0.059
22061,669814416,99813.15,27.93,1.172,1.108,0.173
22063,669874397,99809.71,27.94,1.213,1.398,0.343
22065,669934423,99816.59,27.94,1.151,0.817,0.297
22067,669994397,99813.49,27.94,1.142,1.079,-0.486
22069,670054397,99813.89,27.94,1.124,1.045,-0.413
22071,670114415,99812.05,27.94,1.125,1.200,-0.284
22073,670174396,99811.18,27.94,1.125,1.274,-0.157
22075,670234422,99812.53,27.94,1.116,1.160,-0.026
22077,670294427,99815.27,27.94,1.060,0.929,-0.207
22079,670354396,99812.34,27.94,1.088,1.176,-0.468
22081,670414425,99811.32,27.94,1.106,1.262,0.147
22083,670474397,99814.05,27.94,1.079,1.032,0.155
22085,670534423,99814.37,27.94,1.078,1.005,-0.130
22087,670594397,99810.32,27.94,1.120,1.347,0.007
22089,670654397,99814.77,27.94,1.116,0.970,0.462
22091,670714415,99812.08,27.94,1.104,1.198,0.026
22093,670774397,99816.73,27.94,1.074,0.806,-0.203
22095,670834422,99812.66,27.94,1.120,1.149,-0.042
22097,670894452,99814.98,27.94,1.107,0.953,0.304
22099,670954397,99809.87,27.94,1.151,1.385,0.016
22101,671014415,99814.24,27.94,1.104,1.015,0.155
22103,671074397,99814.72,27.94,1.109,0.975,-0.187
22105,671134423,99812.20,27.94,1.140,1.187,0.079
22107,671194409,99815.88,27.94,1.101,0.877,0.184
22109,671254397,99812.97,27.94,1.108,1.123,-0.316
22111,671314415,99811.28,27.94,1.138,1.265,-0.035
22113,671374397,99815.02,27.94,1.136,0.950,0.443
22115,671434423,99812.61,27.94,1.174,1.153,0.301
22117,671494427,99811.76,27.94,1.168,1.225,0.207
22119,671554397,99816.38,27.94,1.139,0.835,0.005
22121,671614415,99813.38,27.94,1.087,1.088,-0.546
22123,671674397,99812.57,27.94,1.116,1.156,-0.646
22125,671734422,99816.99,27.94,1.050,0.783,0.077
22127,671794397,99813.23,27.94,1.083,1.101,-0.464
22129,671854396,99813.38,27.94,1.107,1.088,0.239
22131,671914415,99810.37,27.94,1.143,1.343,0.353
22133,671974407,99813.64,27.94,1.100,1.066,0.190
22135,672034422,99812.73,27.95,1.089,1.143,-0.370
22137,672094426,99812.68,27.94,1.114,1.148,-0.073
22139,672154397,99814.55,27.94,1.078,0.989,0.147
22141,672214415,99812.89,27.94,1.102,1.130,-0.219
22143,672274397,99812.56,27.94,1.122,1.157,0.239
22145,672334423,99814.13,27.94,1.097,1.025,0.164
22147,672394410,99809.36,27.95,1.164,1.428,-0.038
22149,672454397,99812.77,27.95,1.156,1.140,0.594
22151,672514415,99811.32,27.95,1.200,1.262,0.345
22153,672574397,99817.34,27.95,1.147,0.753,0.413
22155,672634422,99812.77,27.95,1.159,1.140,-0.391
22157,672694427,99814.23,27.95,1.130,1.017,-0.257
22159,672754408,99813.52,27.95,1.146,1.077,-0.180
22161,672814415,99812.03,27.95,1.151,1.202,0.059
22163,672874397,99813.74,27.95,1.104,1.057,-0.188
22165,672934419,99812.70,27.95,1.090,1.146,-0.562
22167,672994397,99813.03,27.95,1.118,1.118,-0.075
22169,673054397,99815.29,27.95,1.113,0.927,0.406
22171,673114415,99811.74,27.95,1.125,1.226,-0.026
22173,673174397,99813.45,27.95,1.103,1.082,-0.100
22175,673234422,99813.86,27.95,1.121,1.047,-0.015
22177,673294427,99815.10,27.95,1.114,0.942,0.225
22179,673354397,99812.73,27.95,1.146,1.144,0.062
22181,673414415,99811.70,27.95,1.167,1.231,0.287
22183,673474397,99813.09,27.95,1.181,1.113,0.372
22185,673534431,99809.50,27.95,1.193,1.416,0.130
22187,673594397,99817.59,27.95,1.140,0.733,0.078
22189,673654397,99816.47,27.95,1.103,0.827,-0.421
22191,673714415,99810.99,27.95,1.152,1.290,-0.533
22193,673774397,99814.05,27.95,1.157,1.031,0.404
22195,673834422,99808.84,27.95,1.188,1.472,0.174
22197,673894452,99815.63,27.95,1.149,0.898,0.207
22199,673954397,99810.38,27.95,1.171,1.342,-0.184
22201,674014415,99813.63,27.95,1.134,1.067,-0.124
22203,674074397,99808.02,27.95,1.197,1.541,-0.141
22205,674134422,99810.46,27.95,1.198,1.335,0.493
22207,674194396,99813.20,27.95,1.220,1.104,0.480
22209,674254397,99808.84,27.95,1.242,1.472,0.287
22211,674314426,99809.35,27.95,1.250,1.428,0.101
22213,674374397,99816.61,27.95,1.193,0.815,0.197
22215,674434423,99812.73,27.95,1.192,1.143,-0.446
22217,674494427,99812.33,27.95,1.193,1.177,-0.288
22219,674554397,99810.02,27.95,1.224,1.372,0.048
22221,674614415,99811.56,27.95,1.245,1.242,0.423
22223,674674397,99809.40,27.95,1.241,1.425,0.200
22225,674734422,99814.02,27.95,1.185,1.035,-0.218
22227,674794397,99809.95,27.95,1.194,1.378,-0.536
22229,674854397,99811.17,27.95,1.178,1.275,-0.209
22231,674914415,99812.68,27.95,1.163,1.147,-0.106
22233,674974397,99814.01,27.95,1.149,1.035,-0.107
22235,675034423,99808.85,27.95,1.216,1.471,0.016
22237,675094435,99814.41,27.95,1.181,1.001,0.540
22239,675154397,99809.81,27.95,1.213,1.390,-0.080
22241,675214415,99813.78,27.95,1.177,1.054,0.066
22243,675274397,99812.27,27.95,1.175,1.182,-0.240
22245,675334423,99813.51,27.95,1.163,1.077,-0.140
22247,675394410,99811.23,27.95,1.183,1.270,-0.075
22249,675454397,99811.77,27.95,1.191,1.224,0.166
22251,675514415,99815.88,27.95,1.156,0.877,0.153
22253,675574397,99810.72,27.95,1.220,1.313,-0.061
22255,675634422,99813.56,27.95,1.175,1.073,0.286
22257,675694427,99811.38,27.95,1.159,1.258,-0.494
22259,675754397,99814.07,27.95,1.149,1.030,-0.262
22261,675814415,99810.78,27.95,1.137,1.308,-0.228
22263,675874407,99814.69,27.95,1.113,0.978,-0.247
22265,675934423,99812.44,27.95,1.154,1.168,0.052
22267,675994397,99812.50,27.95,1.144,1.163,0.258
22269,676054397,99813.31,27.95,1.143,1.094,-0.030
22271,676114415,99810.70,27.95,1.162,1.314,-0.016
22273,676174397,99812.57,27.95,1.130,1.156,-0.016
22275,676234423,99815.01,27.95,1.118,0.951,-0.171
22277,676294427,99813.62,27.95,1.119,1.068,-0.103
22279,676354397,99810.72,27.95,1.164,1.313,0.038
22281,676414415,99812.16,27.95,1.174,1.191,0.473
22283,676474397,99813.08,27.95,1.156,1.114,0.175
22285,676534422,99814.52,27.95,1.129,0.993,-0.219
22287,676594397,99812.56,27.95,1.156,1.157,-0.185
22289,676654408,99813.76,27.95,1.111,1.057,-0.023
22291,676714415,99809.06,27.95,1.141,1.453,-0.484
22293,676774397,99809.09,27.95,1.184,1.450,0.280
22295,676834423,99815.19,27.95,1.158,0.936,0.681
22297,676894452,99815.24,27.95,1.143,0.931,0.000
22299,676954397,99812.61,27.95,1.160,1.153,-0.228
22301,677014415,99815.11,27.95,1.133,0.942,0.004
22303,677074397,99814.30,27.96,1.111,1.011,-0.318
22305,677134422,99812.58,27.95,1.123,1.156,-0.336
22307,677194397,99808.46,27.96,1.196,1.504,0.226
22309,677254397,99811.52,27.96,1.199,1.246,0.779
22311,677314415,99816.49,27.95,1.147,0.825,0.233
22313,677374397,99814.73,27.95,1.097,0.974,-0.693
22315,677434431,99811.33,27.95,1.090,1.262,-0.923
22317,677494427,99811.25,27.96,1.091,1.268,-0.302
22319,677554397,99814.84,27.96,1.094,0.965,0.206
22321,677614415,99810.49,27.96,1.108,1.332,0.071
22323,677674397,99812.44,27.96,1.127,1.168,0.145
22325,677734422,99812.66,27.95,1.153,1.149,0.492
22327,677794397,99810.90,27.96,1.179,1.298,0.373
22329,677854397,99811.81,27.95,1.191,1.221,0.336
22331,677914416,99812.53,27.96,1.167,1.160,0.112
22333,677974397,99814.23,27.96,1.186,1.016,-0.015
22335,678034423,99811.37,27.95,1.226,1.259,0.353
22337,678094427,99814.05,27.96,1.195,1.032,0.273
22339,678154396,99812.95,27.96,1.185,1.124,-0.271
22341,678214426,99814.55,27.95,1.149,0.989,-0.330
22343,678274397,99815.29,27.96,1.136,0.927,-0.358
22345,678334423,99811.05,27.96,1.199,1.285,-0.005
22347,678394410,99811.52,27.96,1.211,1.245,0.554
22349,678454397,99815.06,27.96,1.135,0.946,-0.029
22351,678514415,99812.84,27.96,1.126,1.134,-0.808
22353,678574397,99813.20,27.96,1.180,1.103,0.037
22355,678634422,99812.42,27.96,1.184,1.169,0.591
22357,678694426,99815.58,27.96,1.156,0.902,0.057
22359,678754397,99809.12,27.96,1.169,1.448,-0.404
22361,678814415,99812.15,27.96,1.160,1.192,-0.122
22363,678874397,99815.46,27.96,1.138,0.913,0.128
22365,678934423,99811.20,27.96,1.194,1.272,0.023
22367,678994409,99816.75,27.96,1.139,0.804,0.348
22369,679054397,99813.40,27.96,1.171,1.086,-0.247
22371,679114415,99814.79,27.96,1.126,0.969,-0.075
22373,679174397,99815.53,27.96,1.110,0.906,-0.438
22375,679234423,99809.81,27.96,1.131,1.390,-0.368
22377,679294427,99815.15,27.96,1.088,0.939,-0.063
22379,679354397,99811.62,27.96,1.137,1.236,-0.074
22381,679414415,99812.22,27.96,1.166,1.186,0.512
22383,679474397,99813.71,27.96,1.180,1.060,0.568
22385,679534422,99812.02,27.96,1.206,1.203,0.327
22387,679594397,99812.48,27.96,1.180,1.165,0.080
22389,679654396,99812.59,27.96,1.202,1.155,-0.098
22391,679714415,99814.16,27.96,1.169,1.022,0.118
22393,679774407,99812.98,27.96,1.158,1.122,-0.389
22395,679834423,99815.01,27.96,1.140,0.951,-0.219
22397,679894452,99811.67,27.96,1.166,1.233,-0.122
22399,679954397,99809.12,27.96,1.196,1.448,0.127
22401,680014415,99813.30,27.96,1.153,1.095,0.193
22403,680074397,99810.77,27.96,1.181,1.309,-0.199
22405,680134423,99814.47,27.96,1.152,0.996,0.157
22407,680194397,99809.81,27.96,1.184,1.389,-0.154
22409,680254397,99813.75,27.96,1.105,1.057,-0.176
22411,680314415,99810.66,27.96,1.145,1.318,-0.558
22413,680374397,99813.41,27.96,1.138,1.085,0.304
22415,680434423,99814.18,27.96,1.141,1.021,0.167
22417,680494427,99815.05,27.96,1.129,0.947,0.052
22419,680554408,99811.20,27.96,1.142,1.272,-0.213
22421,680614415,99814.13,27.96,1.135,1.024,0.036
22423,680674397,99815.12,27.96,1.069,0.941,-0.246
22425,680734423,99810.32,27.96,1.131,1.347,-0.577
22427,680794397,99815.32,27.96,1.135,0.924,0.655
22429,680854397,99811.22,27.96,1.170,1.271,0.360
22431,680914415,99813.27,27.96,1.139,1.098,0.094
22433,680974397,99810.51,27.96,1.114,1.331,-0.492
22435,681034422,99813.52,27.96,1.099,1.077,-0.379
22437,681094427,99811.94,27.96,1.125,1.210,0.037
22439,681154397,99811.67,27.96,1.111,1.232,0.092
22441,681214415,99815.96,27.97,1.077,0.870,-0.111
22443,681274397,99814.24,27.96,1.062,1.015,-0.341
22445,681334431,99812.68,27.96,1.094,1.147,-0.186
22447,681394410,99811.93,27.96,1.115,1.211,0.336
22449,681454396,99812.03,27.97,1.097,1.202,0.121
22451,681514415,99815.12,27.96,1.058,0.942,-0.229
22453,681574397,99816.30,27.96,1.061,0.841,-0.201
22455,681634422,99812.83,27.97,1.104,1.135,0.114
22457,681694427,99811.27,27.97,1.122,1.267,0.313
22459,681754397,99814.96,27.97,1.078,0.954,0.104
22461,681814415,99810.56,27.96,1.142,1.326,-0.126
22463,681874397,99812.62,27.97,1.141,1.152,0.533
22465,681934422,99811.28,27.96,1.161,1.266,0.206
22467,681994397,99811.65,27.97,1.160,1.235,0.159
22469,682054397,99814.91,27.97,1.148,0.959,0.137
22471,682114426,99810.84,27.97,1.168,1.303,-0.061
22473,682174397,99812.34,27.97,1.163,1.176,0.040
22475,682234423,99812.66,27.97,1.158,1.148,0.031
22477,682294427,99814.80,27.97,1.118,0.968,-0.163
22479,682354397,99810.46,27.97,1.155,1.335,-0.349
22481,682414415,99817.05,27.97,1.125,0.778,0.320
22483,682474397,99812.21,27.97,1.145,1.187,-0.079
22485,682534422,99809.83,27.97,1.187,1.388,0.048
22487,682594397,99813.39,27.97,1.149,1.087,0.321
22489,682654397,99817.02,27.97,1.116,0.781,-0.187
22491,682714415,99812.88,27.97,1.127,1.130,-0.363
22493,682774397,99812.55,27.97,1.124,1.158,-0.171
22495,682834423,99810.51,27.97,1.188,1.331,0.223
22497,682894475,99812.09,27.97,1.242,1.198,0.994
22499,682954397,99810.98,27.97,1.233,1.291,0.632
22501,683014415,99810.92,27.97,1.228,1.296,-0.132
22503,683074397,99809.46,27.97,1.242,1.420,-0.057
22505,683134423,99812.75,27.97,1.211,1.141,0.068
22507,683194397,99813.85,27.97,1.174,1.049,-0.314
22509,683254397,99809.63,27.97,1.170,1.405,-0.633
22511,683314415,99812.99,27.97,1.172,1.121,-0.117
22513,683374397,99814.09,27.97,1.132,1.028,0.024
22515,683434423,99812.79,27.97,1.136,1.138,-0.431
22517,683494427,99810.73,27.97,1.156,1.312,-0.056
22519,683554397,99816.59,27.97,1.084,0.817,0.010
22521,683614415,99812.41,27.97,1.132,1.170,-0.411
22523,683674407,99813.36,27.97,1.159,1.090,0.443
22525,683734423,99812.59,27.97,1.153,1.155,0.328
22527,683794397,99815.21,27.97,1.102,0.934,-0.237
22529,683854397,99809.32,27.97,1.159,1.431,-0.414
22531,683914416,99812.73,27.97,1.167,1.144,0.491
22533,683974397,99811.38,27.97,1.171,1.257,0.281
22535,684034423,99811.68,27.97,1.171,1.232,-0.001
22537,684094427,99814.33,27.97,1.178,1.008,0.203
22539,684154397,99816.32,27.97,1.107,0.839,-0.090
22541,684214415,99814.21,27.97,1.080,1.018,-0.941
22543,684274397,99815.66,27.97,1.065,0.895,-0.501
22545,684334422,99809.80,27.97,1.137,1.391,-0.009
22547,684394410,99815.18,27.97,1.080,0.936,0.422
22549,684454408,99812.11,27.97,1.092,1.195,-0.362
22551,684514415,99812.52,27.97,1.122,1.160,0.107
22553,684574397,99812.85,27.97,1.107,1.133,0.296
22555,684634423,99813.48,27.97,1.089,1.079,-0.195
22557,684694427,99810.64,27.97,1.122,1.320,-0.138
22559,684754397,99815.19,27.97,1.112,0.935,0.383
22561,684814415,99813.59,27.97,1.057,1.071,-0.239
22563,684874397,99814.20,27.97,1.060,1.019,-0.650
22565,684934422,99812.69,27.98,1.070,1.147,-0.018
22567,684994397,99811.99,27.98,1.095,1.206,0.141
22569,685054397,99812.35,27.98,1.098,1.175,0.282
22571,685114415,99814.12,27.97,1.107,1.025,0.226
22573,685174397,99809.30,27.97,1.124,1.433,0.043
22575,685234432,99810.73,27.98,1.145,1.312,0.139
22577,685294427,99811.41,27.98,1.136,1.254,0.307
22579,685354397,99809.52,27.98,1.198,1.415,0.225
22581,685414415,99813.52,27.98,1.152,1.076,0.519
22583,685474397,99813.27,27.98,1.146,1.097,-0.287
22585,685534422,99816.90,27.98,1.089,0.791,-0.266
22587,685594397,99812.00,27.98,1.102,1.205,-0.625
22589,685654397,99813.10,27.98,1.117,1.112,-0.034
22591,685714415,99813.53,27.98,1.132,1.075,0.353
22593,685774397,99812.58,27.98,1.128,1.156,0.127
22595,685834422,99812.41,27.98,1.110,1.170,-0.189
22597,685894452,99810.52,27.98,1.139,1.330,-0.139
22599,685954397,99812.25,27.98,1.101,1.184,0.073
22601,686014426,99814.86,27.98,1.065,0.963,-0.371
22603,686074397,99811.93,27.98,1.095,1.211,-0.283
22605,686134423,99812.01,27.98,1.118,1.204,0.274
22607,686194397,99812.34,27.98,1.110,1.176,0.262
22609,686254397,99815.98,27.98,1.086,0.869,0.011
22611,686314415,99809.45,27.98,1.112,1.421,-0.282
22613,686374397,99811.20,27.98,1.103,1.273,-0.044
22615,686434422,99812.88,27.98,1.086,1.130,0.011
22617,686494426,99811.28,27.98,1.113,1.265,-0.036
22619,686554397,99813.10,27.98,1.134,1.112,0.416
22621,686614415,99813.27,27.98,1.159,1.098,0.509
22623,686674397,99814.69,27.98,1.137,0.978,0.260
22625,686734423,99813.85,27.98,1.066,1.048,-0.602
22627,686794409,99815.34,27.98,1.035,0.923,-0.959
22629,686854397,99815.79,27.98,1.014,0.884,-0.433
22631,686914415,99812.81,27.98,1.075,1.136,-0.045
22633,686974397,99815.84,27.98,1.047,0.881,0.490
22635,687034423,99812.06,27.98,1.071,1.200,-0.143
22637,687094427,99812.34,27.98,1.118,1.176,0.327
22639,687154397,99814.52,27.98,1.089,0.991,0.501
22641,687214415,99811.44,27.98,1.167,1.252,0.134
22643,687274397,99813.52,27.98,1.151,1.076,0.687
22645,687334422,99815.49,27.98,1.083,0.910,-0.274
22647,687394410,99814.34,27.98,1.068,1.006,-0.811
22649,687454397,99813.33,27.98,1.091,1.092,-0.218
22651,687514415,99815.04,27.98,1.062,0.948,0.103
22653,687574409,99812.28,27.98,1.077,1.181,-0.266
22655,687634423,99814.19,27.98,1.066,1.020,0.029
22657,687694426,99816.80,27.98,1.053,0.800,0.059
22659,687754396,99812.56,27.98,1.067,1.157,-0.157
22661,687814415,99815.77,27.99,1.071,0.886,0.108
22663,687874397,99813.22,27.99,1.115,1.102,0.351
22665,687934419,99812.67,27.99,1.126,1.148,0.388
22667,687994397,99813.77,27.99,1.106,1.056,0.080
22669,688054397,99813.40,27.99,1.105,1.086,-0.178
22671,688114415,99812.98,27.99,1.111,1.122,-0.036
22673,688174397,99814.91,27.99,1.069,0.959,-0.100
22675,688234422,99812.22,27.99,1.088,1.186,-0.391
22677,688294427,99811.52,27.99,1.128,1.245,0.217
22679,688354408,99812.65,27.99,1.123,1.150,0.456
22681,688414415,99813.12,27.99,1.108,1.111,-0.011
22683,688474397,99815.30,27.99,1.091,0.926,-0.125
22685,688534423,99810.35,27.99,1.145,1.344,-0.033
22687,688594397,99813.09,27.99,1.159,1.113,0.540
22689,688654397,99812.50,27.99,1.122,1.163,0.102
22691,688714415,99813.23,27.99,1.116,1.101,-0.416
22693,688774397,99812.56,27.99,1.142,1.158,0.054
22695,688834422,99814.02,27.99,1.094,1.035,0.040
22697,688894451,99813.22,27.99,1.068,1.102,-0.617
22699,688954397,99811.18,27.99,1.119,1.274,-0.191
22701,689014415,99809.66,27.99,1.166,1.402,0.618
22703,689074397,99812.34,27.99,1.175,1.176,0.687
22705,689134431,99812.48,27.99,1.146,1.165,0.128
22707,689194397,99811.99,27.99,1.183,1.206,-0.118
22709,689254396,99809.64,27.99,1.201,1.404,0.329
22711,689314415,99816.06,27.99,1.140,0.861,0.098
22713,689374397,99813.60,27.99,1.115,1.069,-0.586
22715,689434422,99813.02,27.99,1.130,1.119,-0.410
22717,689494426,99809.90,27.99,1.199,1.382,0.339
22719,689554397,99813.85,27.99,1.149,1.049,0.532
22721,689614415,99812.70,27.99,1.157,1.146,-0.285
22723,689674397,99811.87,27.99,1.166,1.216,-0.015
22725,689734422,99813.97,27.99,1.112,1.038,-0.139
22727,689794397,99811.12,27.99,1.134,1.280,-0.497
22729,689854397,99812.37,27.99,1.125,1.174,0.041
22731,689914424,99813.44,28.00,1.148,1.083,0.183
22733,689974397,99815.11,28.00,1.113,0.942,0.189
22735,690034423,99814.48,28.00,1.099,0.995,-0.384
22737,690094427,99814.39,27.99,1.095,1.003,-0.251
22739,690154396,99814.96,28.00,1.060,0.954,-0.236
22741,690214415,99811.44,28.00,1.109,1.252,-0.262
22743,690274396,99809.86,28.00,1.155,1.386,0.498
22745,690334422,99810.52,28.00,1.168,1.329,0.586
22747,690394410,99812.25,28.00,1.171,1.184,0.334
22749,690454397,99816.88,28.00,1.149,0.793,0.260
22751,690514415,99812.02,28.00,1.159,1.203,-0.196
22753,690574397,99815.62,28.00,1.106,0.899,-0.287
22755,690634423,99814.43,28.00,1.097,1.000,-0.506
22757,690694435,99814.29,28.00,1.091,1.011,-0.261
22759,690754396,99808.84,28.00,1.202,1.472,0.277
22761,690814415,99811.12,28.00,1.192,1.279,0.997
22763,690874397,99815.87,28.00,1.123,0.878,-0.024
22765,690934423,99808.07,28.00,1.184,1.537,-0.578
22767,690994397,99812.26,28.00,1.164,1.183,0.284
22769,691054397,99814.77,28.00,1.080,0.971,-0.291
22771,691114415,99812.55,28.00,1.075,1.159,-0.961
22773,691174397,99811.35,28.00,1.091,1.260,-0.229
22775,691234422,99814.84,28.00,1.088,0.965,0.279
22777,691294427,99813.42,28.00,1.071,1.085,-0.002
22779,691354397,99816.38,28.00,1.061,0.834,-0.172
22781,691414415,99813.66,28.00,1.046,1.064,-0.208
22783,691474409,99811.56,28.00,1.074,1.242,-0.269
22785,691534423,99814.31,28.00,1.099,1.009,0.480
22787,691594397,99814.60,28.01,1.074,0.985,0.325
22789,691654397,99811.17,28.00,1.094,1.275,-0.307
22791,691714415,99813.41,28.01,1.078,1.085,0.042
22793,691774397,99812.09,28.01,1.108,1.197,0.069
22795,691834423,99816.11,28.01,1.069,0.858,0.229
22797,691894452,99811.65,28.01,1.075,1.235,-0.393
22799,691954397,99809.83,28.01,1.119,1.389,-0.055
22801,692014415,99812.54,28.01,1.119,1.159,0.541
22803,692074397,99815.20,28.01,1.100,0.934,0.227
22805,692134422,99812.53,28.01,1.136,1.160,0.007
22807,692194397,99811.37,28.01,1.115,1.259,0.048
22809,692254408,99811.01,28.01,1.118,1.288,-0.266
22811,692314415,99814.59,28.01,1.087,0.986,-0.000
22813,692374397,99809.45,28.01,1.144,1.421,-0.089
22815,692434423,99813.06,28.01,1.137,1.115,0.478
22817,692494427,99813.66,28.01,1.091,1.065,-0.064
22819,692554397,99814.30,28.01,1.084,1.011,-0.492
22821,692614415,99810.74,28.01,1.134,1.311,0.015
22823,692674397,99814.31,28.02,1.103,1.009,0.367
22825,692734422,99808.48,28.01,1.166,1.503,-0.044
22827,692794397,99813.16,28.02,1.142,1.106,0.464
22829,692854397,99814.81,28.02,1.127,0.967,0.051
22831,692914416,99809.06,28.02,1.163,1.453,-0.196
22833,692974397,99813.42,28.02,1.164,1.084,0.311
22835,693034431,99811.94,28.02,1.148,1.210,0.113
22837,693094427,99812.20,28.02,1.136,1.188,-0.316
22839,693154396,99812.46,28.02,1.163,1.166,0.036
22841,693214415,99814.30,28.02,1.179,1.010,0.492
22843,693274397,99813.94,28.02,1.187,1.041,0.329
22845,693334422,99811.52,28.02,1.209,1.245,0.081
22847,693394410,99812.71,28.02,1.191,1.145,0.082
22849,693454396,99811.40,28.02,1.209,1.256,-0.078
22851,693514415,99812.84,28.02,1.189,1.134,0.071
22853,693574397,99812.41,28.02,1.155,1.170,-0.344
22855,693634422,99813.49,28.03,1.143,1.079,-0.428
22857,693694427,99813.98,28.03,1.103,1.037,-0.316
22859,693754397,99815.16,28.02,1.047,0.938,-0.690
22861,693814425,99812.33,28.03,1.043,1.177,-0.777
22863,693874397,99816.90,28.03,1.029,0.791,-0.097
22865,693934423,99814.38,28.03,1.057,1.004,0.117
22867,693994397,99812.89,28.03,1.031,1.129,-0.064
22869,694054397,99810.81,28.03,1.080,1.305,-0.167
22871,694114415,99811.20,28.03,1.076,1.272,0.396
22873,694174397,99810.84,28.03,1.095,1.302,0.121
22875,694234422,99813.57,28.03,1.093,1.072,0.322
22877,694294427,99811.30,28.03,1.129,1.264,0.235
22879,694354397,99811.66,28.03,1.153,1.234,0.436
22881,694414415,99810.68,28.03,1.146,1.316,0.225
22883,694474397,99810.48,28.03,1.184,1.334,0.106
22885,694534423,99812.59,28.03,1.173,1.156,0.449
22887,694594409,99814.09,28.03,1.129,1.029,-0.147
22889,694654397,99811.45,28.03,1.167,1.252,-0.335
22891,694714415,99809.66,28.03,1.169,1.402,0.149
22893,694774397,99814.55,28.03,1.100,0.989,-0.173
22895,694834423,99812.55,28.03,1.137,1.158,-0.388
22897,694894452,99811.26,28.03,1.158,1.267,0.281
22899,694954396,99813.09,28.03,1.143,1.113,0.216
22901,695014415,99808.63,28.03,1.211,1.490,0.111
22903,695074397,99814.04,28.03,1.177,1.032,0.582
22905,695134422,99815.21,28.04,1.137,0.934,-0.190
22907,695194397,99809.99,28.04,1.157,1.375,-0.577
22909,695254397,99815.18,28.03,1.115,0.936,-0.068
22911,695314415,99812.95,28.04,1.092,1.124,-0.418
22913,695374407,99812.80,28.03,1.082,1.137,-0.484
22915,695434423,99813.14,28.03,1.115,1.109,0.070
22917,695494426,99816.79,28.03,1.081,0.800,0.367
22919,695554397,99814.03,28.03,1.040,1.033,-0.535
22921,695614415,99811.22,28.03,1.109,1.271,-0.377
22923,695674397,99813.76,28.03,1.125,1.056,0.802
22925,695734422,99815.43,28.04,1.098,0.915,0.308
22927,695794397,99813.82,28.04,1.107,1.051,-0.223
22929,695854397,99812.00,28.04,1.121,1.205,-0.022
22931,695914416,99811.79,28.04,1.157,1.223,0.265
22933,695974397,99811.21,28.04,1.160,1.272,0.384
22935,696034422,99810.46,28.03,1.204,1.335,0.261
22937,696094427,99814.66,28.04,1.188,0.980,0.575
22939,696154408,99812.22,28.04,1.176,1.186,-0.108
22941,696214415,99811.45,28.04,1.169,1.252,-0.355
22943,696274397,99814.66,28.04,1.123,0.980,-0.229
22945,696334423,99811.42,28.03,1.122,1.253,-0.519
22947,696394410,99809.84,28.04,1.189,1.388,0.073
22949,696454397,99813.95,28.03,1.182,1.040,0.827
22951,696514415,99812.66,28.03,1.157,1.149,-0.005
22953,696574397,99816.08,28.03,1.121,0.860,-0.382
22955,696634422,99815.15,28.03,1.105,0.939,-0.383
22957,696694427,99813.45,28.03,1.108,1.082,-0.328
22959,696754397,99812.41,28.03,1.145,1.170,0.086
22961,696814415,99812.86,28.04,1.168,1.132,0.513
22963,696874397,99810.71,28.04,1.205,1.314,0.419
22965,696934431,99812.88,28.04,1.181,1.131,0.287
22967,696994397,99813.01,28.04,1.180,1.120,-0.111
22969,697054397,99811.99,28.04,1.161,1.206,-0.192
22971,697114415,99812.29,28.04,1.169,1.181,-0.206
22973,697174397,99812.70,28.04,1.180,1.146,0.168
22975,697234422,99811.02,28.04,1.199,1.288,0.173
22977,697294427,99811.12,28.04,1.204,1.278,0.172
22979,697354397,99815.13,28.04,1.156,0.940,0.022
22981,697414415,99808.95,28.04,1.181,1.462,-0.494
22983,697474397,99813.00,28.04,1.170,1.121,0.044
22985,697534422,99812.70,28.04,1.191,1.146,0.224
22987,697594397,99815.43,28.04,1.137,0.915,0.042
22989,697654397,99808.12,28.04,1.205,1.532,-0.423
22991,697714426,99816.32,28.04,1.191,0.839,0.655
22993,697774397,99811.45,28.04,1.192,1.251,0.101
22995,697834423,99811.23,28.04,1.196,1.270,-0.255
22997,697894466,99813.54,28.04,1.179,1.074,0.057
22999,697954397,99811.67,28.04,1.156,1.233,-0.291
23001,698014415,99806.81,28.04,1.200,1.644,-0.380
23003,698074397,99812.13,28.04,1.197,1.194,0.470
23005,698134422,99812.04,28.04,1.196,1.202,0.294
23007,698194397,99810.80,28.05,1.224,1.307,0.080
23009,698254397,99812.60,28.04,1.228,1.154,0.356
23011,698314415,99810.07,28.05,1.249,1.368,0.157
23013,698374397,99805.76,28.05,1.315,1.732,0.257
23015,698434423,99813.52,28.05,1.271,1.077,0.672
23017,698494435,99814.45,28.05,1.199,0.997,-0.371
23019,698554397,99812.05,28.05,1.186,1.200,-0.994
23021,698614415,99810.35,28.05,1.205,1.344,-0.328
23023,698674397,99809.50,28.05,1.239,1.416,0.265
23025,698734423,99814.35,28.05,1.208,1.006,0.428
23027,698794397,99813.27,28.05,1.169,1.097,-0.337
23029,698854397,99812.85,28.05,1.161,1.133,-0.584
23031,698914416,99811.38,28.05,1.201,1.257,-0.001
23033,698974397,99813.62,28.05,1.172,1.068,0.306
23035,699034422,99811.15,28.05,1.209,1.277,-0.075
23037,699094427,99811.24,28.05,1.216,1.269,0.286
23039,699154397,99812.79,28.05,1.198,1.138,0.101
23041,699214415,99816.36,28.05,1.136,0.836,-0.273
23043,699274407,99813.12,28.05,1.115,1.110,-0.807
23045,699334423,99812.84,28.05,1.131,1.134,-0.390
23047,699394410,99811.66,28.05,1.182,1.234,0.371
23049,699454396,99813.15,28.05,1.178,1.108,0.569
23051,699514415,99813.47,28.05,1.169,1.081,0.052
23053,699574397,99810.95,28.05,1.187,1.293,-0.116
23055,699634423,99813.79,28.05,1.173,1.054,0.126
23057,699694427,99809.68,28.05,1.237,1.401,0.169
23059,699754397,99810.72,28.05,1.256,1.313,0.644
23061,699814415,99813.52,28.05,1.217,1.076,0.251
23063,699874397,99812.34,28.05,1.190,1.176,-0.481
23065,699934422,99811.39,28.05,1.222,1.256,-0.267
23067,699994397,99813.88,28.05,1.208,1.045,0.327
23069,700054408,99809.22,28.05,1.275,1.440,0.155
23071,700114415,99812.07,28.05,1.259,1.199,0.533
23073,700174397,99806.54,28.06,1.311,1.666,0.051
23075,700234423,99815.23,28.06,1.203,0.932,0.096
23077,700294427,99807.98,28.06,1.248,1.544,-0.796
23079,700354397,99813.99,28.05,1.188,1.036,-0.032
23081,700414415,99817.79,28.06,1.162,0.715,-0.241
23083,700474397,99814.51,28.06,1.166,0.993,-0.297
23085,700534423,99814.67,28.06,1.153,0.979,-0.227
23087,700594397,99814.23,28.06,1.158,1.016,-0.130
23089,700654397,99813.52,28.06,1.132,1.077,-0.175
23091,700714415,99810.15,28.06,1.179,1.361,-0.226
23093,700774397,99809.00,28.06,1.202,1.459,0.384
23095,700834431,99812.08,28.06,1.196,1.198,0.375
23097,700894451,99812.72,28.06,1.190,1.144,0.126
23099,700954397,99811.19,28.06,1.153,1.274,-0.340
23101,701014415,99811.73,28.06,1.151,1.228,-0.482
23103,701074397,99812.48,28.06,1.176,1.165,0.151
23105,701134422,99812.16,28.06,1.184,1.191,0.348
23107,701194397,99811.50,28.06,1.182,1.247,0.052
23109,701254397,99811.98,28.06,1.194,1.207,0.038
23111,701314415,99811.99,28.06,1.173,1.206,0.036
23113,701374397,99814.70,28.06,1.173,0.977,-0.069
23115,701434422,99810.29,28.06,1.196,1.349,0.022
23117,701494427,99811.69,28.06,1.194,1.231,0.082
23119,701554397,99815.48,28.06,1.150,0.911,0.019
23121,701614425,99807.71,28.06,1.255,1.567,-0.084
23123,701674397,99813.05,28.06,1.230,1.115,0.845
23125,701734423,99808.37,28.06,1.236,1.512,-0.100
23127,701794397,99813.98,28.06,1.210,1.037,-0.067
23129,701854397,99815.82,28.06,1.162,0.882,-0.161
23131,701914415,99814.59,28.06,1.166,0.987,-0.507
23133,701974397,99813.56,28.06,1.145,1.073,-0.249
23135,702034422,99815.52,28.06,1.145,0.908,-0.176
23137,702094426,99813.24,28.06,1.160,1.100,0.046
23139,702154397,99809.48,28.06,1.229,1.418,0.250
23141,702214415,99816.18,28.07,1.210,0.852,0.822
23143,702274397,99811.61,28.06,1.225,1.238,0.070
23145,702334423,99812.52,28.07,1.235,1.162,0.009
23147,702394418,99814.14,28.06,1.207,1.024,0.096
23149,702454397,99812.90,28.07,1.179,1.129,-0.440
23151,702514415,99812.25,28.07,1.175,1.184,-0.464
23153,702574397,99811.40,28.07,1.213,1.255,0.065
23155,702634423,99812.27,28.07,1.176,1.182,0.197
23157,702694427,99809.20,28.07,1.198,1.442,-0.359
23159,702754397,99810.84,28.07,1.181,1.303,0.030
23161,702814415,99817.91,28.07,1.122,0.705,-0.042
23163,702874397,99811.48,28.07,1.166,1.249,-0.376
23165,702934420,99808.73,28.06,1.230,1.481,0.304
23167,702994397,99812.23,28.07,1.242,1.186,0.867
23169,703054397,99813.52,28.07,1.235,1.076,0.413
23171,703114415,99814.67,28.07,1.159,0.979,-0.380
23173,703174407,99810.38,28.07,1.164,1.342,-0.991
23175,703234422,99811.61,28.07,1.176,1.238,-0.114
23177,703294426,99817.90,28.07,1.126,0.706,0.255
23179,703354397,99807.00,28.07,1.196,1.627,-0.378
23181,703414415,99808.62,28.07,1.254,1.491,0.561
23183,703474397,99813.16,28.07,1.232,1.107,0.917
23185,703534422,99808.57,28.07,1.294,1.495,0.175
23187,703594397,99813.84,28.07,1.225,1.050,0.289
23189,703654397,99814.38,28.07,1.229,1.004,-0.367
23191,703714415,99813.09,28.07,1.226,1.113,-0.081
23193,703774397,99810.15,28.07,1.258,1.362,-0.059
23195,703834422,99811.45,28.07,1.276,1.251,0.368
23197,703894452,99815.13,28.07,1.229,0.940,0.220
23199,703954408,99813.25,28.07,1.240,1.100,-0.340
23201,704014415,99811.34,28.07,1.240,1.261,-0.125
23203,704074397,99812.75,28.08,1.215,1.141,-0.163
23205,704134423,99811.08,28.08,1.210,1.283,-0.319
23207,704194397,99807.57,28.08,1.203,1.579,-0.399
23209,704254397,99812.59,28.08,1.222,1.155,0.104
23211,704314415,99810.69,28.08,1.237,1.316,0.453
23213,704374397,99808.59,28.08,1.262,1.494,0.120
23215,704434422,99811.51,28.08,1.289,1.246,0.498
23217,704494427,99813.08,28.08,1.233,1.114,0.240
23219,704554397,99810.77,28.08,1.278,1.309,-0.367
23221,704614415,99809.82,28.08,1.289,1.389,0.330
23223,704674397,99811.59,28.08,1.275,1.239,0.132
23225,704734431,99811.07,28.08,1.276,1.284,-0.072
23227,704794397,99810.46,28.08,1.298,1.335,0.063
23229,704854397,99814.39,28.08,1.297,1.003,0.410
23231,704914416,99813.20,28.08,1.264,1.103,-0.039
23233,704974397,99809.71,28.08,1.290,1.399,-0.460
23235,705034422,99810.60,28.08,1.298,1.323,0.166
23237,705094426,99809.93,28.08,1.313,1.380,0.212
23239,705154397,99813.38,28.08,1.295,1.089,0.222
23241,705214415,99811.24,28.09,1.291,1.269,-0.141
23243,705274397,99816.52,28.08,1.222,0.823,-0.301
23245,705334422,99813.92,28.09,1.177,1.043,-0.883
23247,705394409,99809.05,28.09,1.234,1.454,-0.635
23249,705454397,99814.73,28.09,1.229,0.974,0.601
23251,705514426,99814.77,28.09,1.193,0.971,0.094
23253,705574397,99810.32,28.09,1.193,1.347,-0.639
23255,705634423,99810.15,28.09,1.215,1.361,-0.153
23257,705694427,99813.77,28.09,1.183,1.055,0.232
23259,705754396,99809.97,28.09,1.210,1.376,-0.179
23261,705814415,99812.03,28.09,1.209,1.202,0.172
23263,705874397,99814.47,28.09,1.166,0.996,0.001
23265,705934422,99813.00,28.09,1.179,1.121,-0.353
23267,705994397,99809.45,28.09,1.192,1.421,-0.092
23269,706054397,99813.48,28.09,1.187,1.080,0.158
23271,706114415,99811.04,28.09,1.206,1.286,0.153
23273,706174397,99811.62,28.09,1.173,1.236,-0.088
23275,706234423,99811.27,28.09,1.209,1.267,-0.119
23277,706294435,99812.73,28.09,1.247,1.143,0.648
23279,706354397,99812.11,28.09,1.236,1.195,0.432
23281,706414415,99815.12,28.09,1.201,0.941,-0.162
23283,706474397,99807.62,28.10,1.264,1.575,-0.271
23285,706534423,99813.82,28.09,1.233,1.051,0.408
23287,706594397,99812.62,28.10,1.235,1.152,0.007
23289,706654397,99810.23,28.10,1.239,1.354,-0.174
23291,706714415,99808.59,28.10,1.262,1.494,-0.037
23293,706774397,99812.18,28.10,1.266,1.190,0.384
23295,706834422,99812.95,28.10,1.241,1.125,0.154
23297,706894452,99812.65,28.10,1.227,1.150,-0.326
23299,706954397,99810.41,28.10,1.229,1.340,-0.302
23301,707014415,99812.17,28.10,1.238,1.190,0.032
23303,707074407,99813.66,28.10,1.185,1.064,-0.032
23305,707134423,99813.07,28.10,1.161,1.114,-0.677
23307,707194397,99809.78,28.10,1.201,1.393,-0.294
23309,707254397,99812.12,28.10,1.196,1.194,0.338
23311,707314415,99815.12,28.10,1.168,0.941,0.107
23313,707374397,99812.74,28.10,1.176,1.142,-0.233
23315,707434423,99810.20,28.10,1.207,1.357,-0.025
23317,707494427,99812.14,28.10,1.216,1.193,0.374
23319,707554397,99812.66,28.10,1.226,1.149,0.325
23321,707614415,99811.53,28.10,1.231,1.244,0.115
23323,707674397,99812.44,28.10,1.233,1.168,0.067
23325,707734422,99809.98,28.10,1.274,1.376,0.188
23327,707794397,99810.16,28.10,1.285,1.361,0.395
23329,707854408,99814.73,28.10,1.257,0.974,0.260
23331,707914417,99811.14,28.10,1.252,1.277,-0.275
23333,707974397,99810.40,28.10,1.220,1.340,-0.505
23335,708034423,99811.98,28.10,1.218,1.206,-0.328
23337,708094427,99807.46,28.10,1.271,1.588,0.097
23339,708154397,99812.20,28.10,1.235,1.188,0.385
23341,708214415,99809.27,28.10,1.232,1.436,-0.267
23343,708274397,99812.32,28.10,1.236,1.178,-0.044
23345,708334422,99813.20,28.10,1.238,1.104,0.265
23347,708394410,99811.12,28.10,1.211,1.279,-0.190
23349,708454397,99810.13,28.10,1.231,1.363,-0.344
23351,708514415,99811.73,28.10,1.210,1.228,0.104
23353,708574397,99813.12,28.10,1.191,1.110,-0.167
23355,708634432,99810.20,28.10,1.205,1.358,-0.227
23357,708694427,99813.09,28.10,1.221,1.113,0.222
23359,708754396,99813.82,28.10,1.208,1.051,0.305
23361,708814415,99810.19,28.10,1.253,1.358,-0.020
23363,708874397,99813.76,28.10,1.236,1.056,0.380
23365,708934422,99813.50,28.10,1.206,1.078,-0.139
23367,708994397,99807.12,28.10,1.264,1.618,-0.364
23369,709054397,99814.06,28.10,1.249,1.031,0.555
23371,709114415,99812.91,28.10,1.205,1.128,-0.054
23373,709174397,99811.97,28.10,1.202,1.207,-0.632
23375,709234422,99811.84,28.10,1.215,1.218,-0.061
23377,709294427,99808.09,28.10,1.268,1.535,0.249
23379,709354397,99808.48,28.10,1.307,1.503,0.650
23381,709414425,99809.09,28.10,1.321,1.451,0.614
23383,709474397,99813.84,28.10,1.280,1.049,0.243
23385,709534423,99810.54,28.10,1.308,1.329,-0.192
23387,709594397,99813.55,28.10,1.297,1.074,0.181
23389,709654397,99813.66,28.10,1.195,1.064,-0.516
23391,709714415,99811.05,28.10,1.217,1.285,-1.138
23393,709774397,99811.29,28.10,1.228,1.265,0.072
23395,709834422,99808.20,28.10,1.276,1.526,0.268
23397,709894452,99812.42,28.11,1.242,1.169,0.401
23399,709954397,99812.56,28.10,1.224,1.157,-0.198
23401,710014415,99810.98,28.10,1.240,1.292,-0.209
23403,710074397,99812.66,28.10,1.232,1.150,0.116
23405,710134423,99811.66,28.10,1.208,1.233,-0.180
23407,710194409,99810.88,28.10,1.220,1.299,-0.303
23409,710254397,99809.19,28.10,1.249,1.443,0.151
23411,710314415,99813.57,28.11,1.254,1.072,0.503
23413,710374397,99807.47,28.10,1.314,1.587,0.342
23415,710434423,99807.16,28.10,1.349,1.614,0.528
23417,710494427,99807.05,28.10,1.376,1.623,0.584
23419,710554397,99811.36,28.11,1.328,1.259,0.279
23421,710614415,99807.52,28.11,1.374,1.583,-0.207
23423,710674397,99813.11,28.11,1.327,1.111,0.277
23425,710734422,99812.62,28.10,1.299,1.152,-0.358
23427,710794397,99808.79,28.11,1.279,1.476,-0.709
23429,710854397,99810.45,28.11,1.304,1.336,-0.218
23431,710914415,99808.04,28.11,1.352,1.539,0.501
23433,710974409,99811.56,28.10,1.362,1.242,0.673
23435,711034423,99811.94,28.11,1.306,1.210,0.038
23437,711094426,99811.67,28.11,1.306,1.233,-0.602
23439,711154397,99808.98,28.10,1.310,1.460,-0.188
23441,711214415,99806.79,28.10,1.351,1.645,0.022
23443,711274397,99808.16,28.11,1.377,1.529,0.562
23445,711334423,99813.90,28.10,1.315,1.044,0.341
23447,711394410,99808.47,28.10,1.328,1.503,-0.563
23449,711454397,99813.06,28.10,1.288,1.115,-0.198
23451,711514415,99809.16,28.11,1.286,1.445,-0.401
23453,711574397,99814.92,28.11,1.249,0.958,-0.183
23455,711634422,99812.40,28.11,1.242,1.171,-0.284
23457,711694427,99810.45,28.11,1.231,1.336,-0.419
23459,711754408,99810.16,28.11,1.256,1.361,-0.097
23461,711814415,99810.04,28.11,1.232,1.371,0.112
23463,711874397,99812.49,28.10,1.199,1.163,-0.308
23465,711934423,99813.74,28.11,1.172,1.058,-0.354
23467,711994397,99808.98,28.11,1.233,1.460,-0.165
23469,712054397,99810.63,28.11,1.253,1.320,0.596
23471,712114415,99811.95,28.11,1.284,1.209,0.621
23473,712174397,99810.34,28.10,1.291,1.345,0.394
23475,712234422,99809.73,28.11,1.260,1.397,-0.193
23477,712294427,99810.16,28.11,1.280,1.360,-0.231
23479,712354397,99813.31,28.11,1.265,1.094,0.300
23481,712414415,99814.30,28.11,1.236,1.010,-0.096
23483,712474397,99809.06,28.11,1.293,1.453,-0.233
23485,712534431,99813.34,28.11,1.300,1.092,0.593
23487,712594397,99809.43,28.11,1.347,1.422,0.427
23489,712654397,99809.79,28.10,1.344,1.392,0.321
23491,712714415,99808.24,28.11,1.377,1.522,0.147
23493,712774397,99808.05,28.11,1.380,1.538,0.287
23495,712834422,99811.23,28.11,1.338,1.270,-0.020
23497,712894466,99813.66,28.11,1.337,1.065,-0.165
23499,712954397,99813.22,28.11,1.317,1.102,-0.066
23501,713014415,99814.12,28.11,1.274,1.025,-0.453
23503,713074397,99809.57,28.11,1.284,1.410,-0.631
23505,713134422,99813.27,28.11,1.240,1.098,-0.234
23507,713194397,99813.99,28.11,1.230,1.036,-0.296
23509,713254397,99811.36,28.11,1.239,1.259,-0.206
23511,713314426,99813.10,28.11,1.226,1.112,-0.042
23513,713374397,99810.63,28.11,1.275,1.320,0.110
23515,713434423,99811.66,28.11,1.276,1.234,0.457
23517,713494427,99812.93,28.11,1.253,1.127,0.055
23519,713554397,99811.34,28.11,1.257,1.260,-0.245
23521,713614415,99811.54,28.11,1.245,1.244,-0.127
23523,713674397,99809.82,28.11,1.247,1.389,-0.197
23525,713734422,99811.21,28.11,1.260,1.272,0.065
23527,713794397,99811.64,28.11,1.288,1.235,0.409
23529,713854396,99811.62,28.11,1.278,1.237,0.292
23531,713914415,99812.77,28.11,1.257,1.140,-0.146
23533,713974397,99813.50,28.11,1.232,1.078,-0.291
23535,714034423,99810.73,28.11,1.233,1.312,-0.399
23537,714094435,99806.73,28.11,1.259,1.650,-0.220
23539,714154396,99811.16,28.11,1.215,1.276,0.054
23541,714214415,99813.34,28.11,1.186,1.092,-0.277
23543,714274397,99809.00,28.11,1.233,1.458,-0.207
23545,714334423,99814.53,28.11,1.230,0.991,0.533
23547,714394410,99811.03,28.11,1.239,1.287,0.173
23549,714454397,99810.20,28.11,1.252,1.357,-0.052
23551,714514415,99808.03,28.11,1.281,1.541,0.162
23553,714574397,99809.76,28.11,1.259,1.394,0.176
23555,714634422,99811.07,28.11,1.252,1.283,-0.090
23557,714694427,99809.70,28.11,1.265,1.399,-0.029
23559,714754397,99809.65,28.11,1.309,1.403,0.320
23561,714814415,99808.67,28.11,1.363,1.486,0.756
23563,714874407,99811.83,28.11,1.303,1.219,0.411
23565,714934423,99810.55,28.11,1.282,1.327,-0.628
23567,714994397,99812.97,28.11,1.259,1.123,-0.374
23569,715054397,99809.77,28.11,1.286,1.394,-0.155
23571,715114415,99811.84,28.11,1.291,1.219,0.245
23573,715174397,99811.92,28.11,1.255,1.212,-0.017
23575,715234423,99811.38,28.11,1.235,1.257,-0.530
23577,715294427,99811.49,28.11,1.265,1.248,-0.104
23579,715354397,99811.20,28.11,1.250,1.273,0.214
23581,715414415,99811.94,28.11,1.247,1.210,-0.131
23583,715474397,99811.72,28.11,1.288,1.228,0.220
23585,715534422,99808.30,28.11,1.319,1.517,0.437
23587,715594397,99810.96,28.11,1.333,1.293,0.426
23589,715654409,99810.09,28.11,1.354,1.366,0.407
23591,715714415,99808.68,28.11,1.348,1.485,0.088
23593,715774397,99810.73,28.11,1.315,1.313,-0.210
23595,715834423,99812.36,28.11,1.300,1.174,-0.264
23597,715894452,99811.17,28.11,1.305,1.275,-0.145
23599,715954397,99809.95,28.11,1.322,1.378,0.013
23601,716014415,99813.53,28.11,1.327,1.075,0.342
23603,716074397,99810.77,28.11,1.349,1.308,0.250
23605,716134422,99811.82,28.11,1.350,1.220,0.169
23607,716194397,99813.55,28.11,1.297,1.074,-0.133
23609,716254396,99810.42,28.11,1.277,1.338,-0.780
23611,716314415,99807.15,28.11,1.331,1.615,-0.298
23613,716374397,99810.73,28.11,1.351,1.312,0.712
23615,716434431,99812.80,28.11,1.311,1.137,0.342
23617,716494427,99811.14,28.11,1.317,1.277,-0.361
23619,716554397,99813.26,28.11,1.264,1.099,-0.262
23621,716614415,99810.90,28.11,1.266,1.298,-0.580
23623,716674397,99811.48,28.11,1.285,1.249,-0.023
23625,716734422,99812.84,28.11,1.252,1.134,0.126
23627,716794397,99806.91,28.11,1.338,1.635,-0.079
23629,716854396,99807.94,28.11,1.369,1.548,0.833
23631,716914415,99811.34,28.11,1.314,1.261,0.344
23633,716974397,99811.44,28.11,1.323,1.252,-0.334
23635,717034422,99811.08,28.11,1.321,1.283,0.013
23637,717094427,99809.40,28.12,1.354,1.425,0.075
23639,717154397,99811.79,28.11,1.332,1.223,0.266
23641,717214425,99810.95,28.11,1.332,1.294,-0.123
23643,717274397,99811.39,28.12,1.307,1.257,-0.187
23645,717334423,99809.99,28.12,1.336,1.374,-0.157
23647,717394410,99811.84,28.12,1.292,1.218,0.059
23649,717454397,99812.60,28.11,1.279,1.154,-0.400
23651,717514415,99810.20,28.12,1.294,1.357,-0.185
23653,717574397,99808.98,28.12,1.317,1.459,0.098
23655,717634422,99813.50,28.12,1.246,1.078,0.028
23657,717694426,99811.27,28.12,1.266,1.266,-0.517
23659,717754397,99809.29,28.12,1.269,1.434,-0.063
23661,717814415,99806.84,28.12,1.311,1.642,0.064
23663,717874397,99810.55,28.12,1.315,1.327,0.560
23665,717934420,99810.03,28.12,1.306,1.371,0.206
23667,717994409,99809.60,28.12,1.314,1.407,-0.100
23669,718054397,99812.98,28.12,1.300,1.123,0.152
23671,718114415,99807.32,28.12,1.317,1.600,-0.173
23673,718174397,99811.34,28.12,1.294,1.261,-0.044
23675,718234423,99811.57,28.12,1.287,1.241,-0.055
23677,718294427,99805.01,28.12,1.339,1.796,-0.134
23679,718354397,99807.06,28.12,1.342,1.622,0.348
23681,718414415,99811.35,28.12,1.326,1.260,0.328
23683,718474397,99811.38,28.12,1.300,1.257,-0.091
23685,718534422,99814.06,28.12,1.246,1.031,-0.477
23687,718594397,99812.15,28.12,1.264,1.193,-0.478
23689,718654397,99810.87,28.12,1.275,1.301,0.040
23691,718714415,99811.56,28.12,1.240,1.242,-0.102
23693,718774407,99808.71,28.12,1.281,1.483,-0.252
23695,718834422,99811.03,28.12,1.270,1.287,0.329
23697,718894452,99814.27,28.12,1.243,1.013,0.059
23699,718954396,99806.45,28.12,1.307,1.674,-0.179
23701,719014415,99811.79,28.12,1.299,1.223,0.499
23703,719074397,99810.46,28.12,1.295,1.335,0.162
23705,719134423,99808.66,28.12,1.336,1.487,0.023
23707,719194397,99810.24,28.12,1.337,1.353,0.449
23709,719254397,99808.85,28.12,1.315,1.471,-0.064
23711,719314415,99812.89,28.12,1.270,1.129,-0.366
23713,719374397,99809.80,28.12,1.260,1.391,-0.530
23715,719434423,99808.37,28.12,1.325,1.512,-0.016
23717,719494427,99809.73,28.12,1.318,1.396,0.668
23719,719554408,99809.05,28.12,1.320,1.455,0.035
23721,719614415,99810.80,28.12,1.309,1.306,0.002
23723,719674397,99810.77,28.12,1.311,1.309,-0.014
23725,719734423,99806.87,28.12,1.383,1.638,0.219
23727,719794397,99811.55,28.12,1.341,1.243,0.595
23729,719854397,99811.34,28.12,1.293,1.261,-0.424
23731,719914416,99806.76,28.12,1.317,1.648,-0.691
23733,719974397,99811.98,28.12,1.298,1.207,0.141
23735,720034422,99813.59,28.12,1.272,1.071,0.023
23737,720094427,99809.23,28.12,1.274,1.439,-0.445
23739,720154397,99811.76,28.12,1.252,1.225,-0.230
23741,720214415,99810.19,28.12,1.264,1.358,-0.115
23743,720274397,99811.31,28.12,1.276,1.263,0.155
23745,720334431,99809.80,28.12,1.287,1.390,0.184
23747,720394410,99809.34,28.12,1.271,1.429,-0.063
23749,720454396,99809.95,28.12,1.265,1.378,-0.192
23751,720514415,99808.85,28.12,1.287,1.471,0.018
23753,720574397,99811.82,28.12,1.255,1.220,0.156
23755,720634422,99815.12,28.12,1.210,0.941,-0.260
23757,720694426,99809.76,28.12,1.232,1.394,-0.520
23759,720754397,99812.88,28.12,1.226,1.130,0.042
23761,720814415,99813.30,28.12,1.242,1.094,0.241
23763,720874397,99808.52,28.12,1.333,1.499,0.469
23765,720934422,99810.66,28.12,1.338,1.318,0.915
23767,720994397,99811.84,28.12,1.304,1.219,0.127
23769,721054397,99811.07,28.12,1.287,1.283,-0.444
23771,721114426,99810.69,28.12,1.288,1.316,-0.282
23773,721174397,99811.74,28.12,1.268,1.227,-0.097
23775,721234423,99811.16,28.12,1.301,1.276,-0.000
23777,721294427,99810.83,28.12,1.310,1.304,0.355
23779,721354397,99811.48,28.12,1.314,1.248,0.178
23781,721414415,99810.45,28.12,1.280,1.336,-0.166
23783,721474397,99812.41,28.12,1.272,1.170,-0.376
23785,721534422,99807.36,28.12,1.290,1.597,-0.186
23787,721594397,99813.65,28.12,1.260,1.066,0.082
23789,721654397,99809.91,28.12,1.292,1.382,0.011
23791,721714415,99810.92,28.12,1.310,1.296,0.286
23793,721774397,99809.15,28.12,1.357,1.446,0.469
23795,721834423,99810.41,28.12,1.403,1.339,0.778
23797,721894459,99813.20,28.12,1.356,1.103,0.496
23799,721954396,99810.91,28.12,1.342,1.297,-0.534
23801,722014415,99809.44,28.12,1.392,1.422,-0.111
23803,722074397,99811.29,28.12,1.397,1.265,0.590
23805,722134423,99810.06,28.12,1.394,1.368,0.121
23807,722194397,99809.80,28.11,1.377,1.391,-0.206
23809,722254397,99810.27,28.11,1.392,1.351,-0.092
23811,722314415,99808.78,28.12,1.407,1.477,0.180
23813,722374397,99812.18,28.11,1.375,1.190,0.095
23815,722434422,99807.13,28.11,1.405,1.616,-0.248
23817,722494427,99810.84,28.11,1.358,1.303,-0.044
23819,722554397,99809.75,28.11,1.363,1.395,-0.320
23821,722614415,99810.66,28.11,1.380,1.319,0.100
23823,722674409,99809.19,28.11,1.402,1.443,0.289
23825,722734423,99811.87,28.11,1.368,1.216,0.133
23827,722794397,99809.30,28.11,1.363,1.433,-0.376
23829,722854397,99809.58,28.11,1.373,1.409,-0.157
23831,722914416,99812.12,28.11,1.359,1.194,0.175
23833,722974397,99809.80,28.11,1.361,1.391,-0.125
23835,723034423,99809.02,28.11,1.380,1.457,-0.050
23837,723094427,99811.00,28.11,1.360,1.289,0.164
23839,723154397,99808.98,28.11,1.348,1.461,-0.273
23841,723214415,99808.35,28.11,1.345,1.513,-0.320
23843,723274397,99811.70,28.11,1.361,1.231,0.195
23845,723334422,99810.84,28.11,1.345,1.303,0.220
23847,723394410,99808.76,28.11,1.328,1.479,-0.418
23849,723454408,99815.03,28.11,1.247,0.949,-0.455
23851,723514415,99810.32,28.11,1.270,1.347,-0.689
23853,723574397,99809.94,28.11,1.275,1.379,-0.074
23855,723634423,99811.30,28.11,1.286,1.264,0.197
23857,723694427,99811.16,28.11,1.307,1.275,0.311
23859,723754396,99811.02,28.11,1.302,1.288,0.196
23861,723814415,99812.45,28.11,1.254,1.168,-0.252
23863,723874397,99809.92,28.11,1.267,1.380,-0.516
23865,723934422,99813.91,28.11,1.259,1.043,0.133
23867,723994397,99808.57,28.11,1.315,1.495,0.185
23869,724054397,99809.95,28.10,1.334,1.379,0.507
23871,724114415,99811.37,28.11,1.349,1.258,0.499
23873,724174397,99810.41,28.10,1.402,1.339,0.519
23875,724234431,99810.42,28.11,1.387,1.338,0.469
23877,724294427,99809.59,28.11,1.379,1.408,-0.199
23879,724354397,99808.01,28.10,1.381,1.542,-0.226
23881,724414415,99810.96,28.11,1.364,1.293,-0.014
23883,724474397,99803.94,28.10,1.442,1.886,0.059
23885,724534422,99812.50,28.11,1.364,1.162,0.468
23887,724594397,99810.52,28.10,1.336,1.330,-0.596
23889,724654397,99807.86,28.10,1.315,1.555,-0.767
23891,724714415,99812.19,28.10,1.287,1.189,-0.331
23893,724774397,99809.13,28.10,1.258,1.447,-0.427
23895,724834422,99810.89,28.11,1.297,1.298,-0.193
23897,724894452,99810.99,28.10,1.311,1.290,0.582
23899,724954397,99812.20,28.10,1.303,1.187,0.220
23901,725014425,99813.02,28.11,1.280,1.119,-0.100
23903,725074397,99809.62,28.10,1.302,1.406,-0.271
23905,725134423,99812.66,28.10,1.278,1.150,0.057
23907,725194397,99806.47,28.10,1.348,1.673,-0.010
23909,725254397,99812.96,28.10,1.316,1.124,0.580
23911,725314415,99810.60,28.10,1.316,1.323,-0.056
23913,725374397,99809.63,28.10,1.324,1.405,-0.171
23915,725434422,99809.05,28.10,1.334,1.454,0.067
23917,725494426,99806.62,28.10,1.356,1.660,0.091
23919,725554397,99811.35,28.11,1.372,1.259,0.469
23921,725614415,99807.50,28.11,1.387,1.585,0.341
23923,725674397,99812.59,28.11,1.340,1.154,-0.029
23925,725734423,99809.81,28.10,1.327,1.389,-0.460
23927,725794409,99812.67,28.10,1.312,1.148,-0.271
23929,725854397,99809.02,28.10,1.339,1.456,-0.066
23931,725914415,99814.05,28.11,1.296,1.031,0.104
23933,725974397,99812.42,28.11,1.247,1.169,-0.549
23935,726034422,99814.45,28.11,1.237,0.998,-0.623
23937,726094427,99813.08,28.11,1.212,1.114,-0.277
23939,726154396,99811.02,28.11,1.228,1.288,-0.379
23941,726214415,99813.27,28.11,1.272,1.097,0.426
23943,726274397,99811.20,28.11,1.253,1.273,0.403
23945,726334422,99813.23,28.11,1.217,1.100,-0.381
23947,726394410,99810.13,28.11,1.259,1.363,-0.232
23949,726454397,99810.76,28.11,1.268,1.310,0.348
23951,726514415,99810.01,28.11,1.254,1.373,0.050
23953,726574407,99813.50,28.11,1.277,1.078,0.137
23955,726634423,99813.80,28.11,1.227,1.052,0.158
23957,726694426,99809.83,28.11,1.260,1.388,-0.534
23959,726754397,99811.72,28.11,1.267,1.228,0.240
23961,726814415,99810.12,28.11,1.265,1.364,0.113
23963,726874397,99810.35,28.11,1.264,1.344,-0.094
23965,726934423,99807.83,28.11,1.341,1.557,0.321
23967,726994397,99810.59,28.11,1.356,1.324,0.951
23969,727054397,99810.57,28.11,1.355,1.326,0.382
23971,727114415,99812.29,28.11,1.336,1.180,-0.020
23973,727174397,99809.55,28.11,1.338,1.412,-0.250
23975,727234423,99812.24,28.11,1.282,1.185,-0.327
23977,727294427,99811.16,28.11,1.316,1.276,-0.334
23979,727354408,99810.30,28.11,1.312,1.349,0.194
23981,727414415,99812.66,28.11,1.335,1.149,0.208
23983,727474397,99810.44,28.11,1.326,1.337,0.206
23985,727534423,99806.52,28.11,1.401,1.668,0.031
23987,727594397,99812.19,28.11,1.369,1.189,0.728
23989,727654397,99807.29,28.11,1.390,1.603,-0.109
23991,727714415,99813.41,28.11,1.351,1.085,0.031
23993,727774397,99810.98,28.11,1.359,1.290,-0.169
23995,727834422,99808.75,28.11,1.362,1.479,-0.177
23997,727894466,99809.63,28.11,1.373,1.405,0.030
23999,727954397,99809.26,28.11,1.401,1.437,0.309
24001,728014415,99811.45,28.11,1.362,1.251,0.193
24003,728074397,99807.72,28.11,1.371,1.567,-0.422
24005,728134431,99808.70,28.11,1.398,1.483,0.067
24007,728194397,99806.56,28.11,1.391,1.664,0.200
24009,728254397,99811.06,28.11,1.358,1.284,-0.109
24011,728314415,99813.01,28.11,1.319,1.119,-0.254
24013,728374397,99806.82,28.11,1.378,1.643,-0.352
24015,728434422,99811.20,28.11,1.381,1.273,0.527
24017,728494426,99809.66,28.11,1.362,1.402,0.142
24019,728554397,99809.71,28.11,1.347,1.398,-0.376
24021,728614415,99813.81,28.11,1.274,1.052,-0.393
24023,728674397,99809.12,28.11,1.318,1.448,-0.599
24025,728734423,99809.16,28.11,1.301,1.445,0.064
24027,728794397,99811.38,28.11,1.316,1.258,0.071
24029,728854397,99811.16,28.11,1.314,1.275,0.239
24031,728914424,99809.80,28.11,1.336,1.391,0.039
24033,728974397,99811.18,28.11,1.317,1.274,0.130
24035,729034423,99807.79,28.11,1.355,1.561,-0.076
24037,729094427,99809.48,28.11,1.386,1.418,0.496
24039,729154397,99809.87,28.11,1.389,1.385,0.515
24041,729214415,99811.38,28.11,1.319,1.257,-0.243
24043,729274397,99813.64,28.11,1.296,1.066,-0.702
24045,729334422,99809.53,28.11,1.288,1.413,-0.472
24047,729394410,99809.15,28.11,1.309,1.446,-0.229
24049,729454397,99809.06,28.11,1.343,1.453,0.392
24051,729514415,99814.45,28.11,1.295,0.998,0.396
24053,729574397,99814.96,28.11,1.270,0.954,-0.328
24055,729634423,99810.53,28.11,1.271,1.329,-0.528
24057,729694435,99810.58,28.11,1.233,1.325,-0.467
24059,729754397,99809.34,28.10,1.256,1.430,-0.345
24061,729814415,99810.70,28.11,1.266,1.315,0.277
24063,729874397,99810.98,28.11,1.333,1.291,0.614
24065,729934423,99807.52,28.11,1.373,1.584,0.814
24067,729994397,99808.09,28.11,1.383,1.535,0.421
24069,730054397,99814.09,28.11,1.344,1.029,0.276
24071,730114415,99808.11,28.11,1.408,1.534,-0.048
24073,730174397,99810.96,28.11,1.375,1.292,0.305
24075,730234422,99805.62,28.11,1.436,1.744,-0.077
24077,730294427,99810.57,28.11,1.442,1.326,0.646
24079,730354397,99809.49,28.11,1.418,1.417,0.200
24081,730414415,99809.29,28.11,1.427,1.434,-0.274
24083,730474408,99812.70,28.11,1.366,1.145,-0.108
24085,730534423,99808.32,28.10,1.374,1.516,-0.672
24087,730594397,99811.41,28.11,1.383,1.255,0.005
24089,730654397,99807.13,28.11,1.428,1.616,0.311
24091,730714415,99810.24,28.11,1.398,1.353,0.268
24093,730774397,99808.68,28.11,1.398,1.485,-0.203
24095,730834423,99808.99,28.11,1.393,1.459,-0.122
24097,730894452,99810.95,28.11,1.342,1.293,-0.232
24099,730954397,99806.35,28.11,1.359,1.682,-0.614
24101,731014415,99809.60,28.11,1.345,1.408,-0.021
24103,731074397,99812.30,28.11,1.337,1.179,0.139
24105,731134422,99810.45,28.11,1.351,1.336,0.027
24107,731194397,99812.73,28.11,1.322,1.143,0.000
24109,731254408,99808.75,28.11,1.329,1.479,-0.358
24111,731314415,99812.53,28.11,1.344,1.160,0.124
24113,731374397,99812.02,28.11,1.342,1.203,0.330
24115,731434423,99810.34,28.11,1.354,1.345,-0.052
24117,731494427,99809.86,28.11,1.335,1.386,-0.095
24119,731554397,99810.24,28.11,1.350,1.353,-0.118
24121,731614415,99806.39,28.11,1.409,1.679,0.309
24123,731674397,99808.21,28.11,1.415,1.525,0.593
24125,731734422,99812.23,28.11,1.377,1.185,0.218
24127,731794397,99811.34,28.11,1.337,1.261,-0.479
24129,731854397,99809.75,28.11,1.351,1.395,-0.538
24131,731914416,99810.16,28.11,1.356,1.360,0.080
24133,731974397,99811.51,28.11,1.324,1.246,-0.015
24135,732034432,99809.67,28.11,1.328,1.401,-0.355
24137,732094426,99809.00,28.11,1.353,1.458,0.020
24139,732154397,99810.57,28.11,1.326,1.325,0.172
24141,732214415,99808.23,28.11,1.366,1.523,-0.076
24143,732274397,99807.63,28.11,1.434,1.574,0.651
24145,732334422,99811.92,28.11,1.435,1.212,0.994
24147,732394410,99812.30,28.11,1.373,1.179,-0.033
24149,732454397,99811.16,28.11,1.377,1.275,-0.705
24151,732514415,99807.95,28.11,1.393,1.547,-0.156
24153,732574397,99809.17,28.11,1.409,1.444,0.173
24155,732634422,99807.92,28.11,1.435,1.549,0.340
24157,732694427,99810.53,28.11,1.394,1.329,0.140
24159,732754397,99809.03,28.11,1.411,1.455,-0.273
24161,732814425,99807.92,28.11,1.415,1.550,0.032
24163,732874397,99811.66,28.11,1.379,1.233,-0.005
24165,732934420,99808.88,28.11,1.382,1.468,-0.327
24167,732994397,99808.57,28.11,1.410,1.495,-0.001
24169,733054397,99809.05,28.11,1.393,1.454,0.217
24171,733114415,99806.12,28.11,1.422,1.702,-0.120
24173,733174397,99808.56,28.11,1.455,1.495,0.468
24175,733234423,99809.48,28.11,1.397,1.418,0.242
24177,733294426,99809.27,28.11,1.380,1.436,-0.664
24179,733354397,99811.45,28.11,1.380,1.252,-0.147
24181,733414415,99809.16,28.11,1.385,1.445,0.001
24183,733474397,99809.02,28.11,1.388,1.456,-0.052
24185,733534423,99808.64,28.11,1.382,1.488,-0.025
24187,733594409,99808.58,28.11,1.418,1.494,0.119
24189,733654397,99809.06,28.11,1.439,1.453,0.542
24191,733714415,99807.37,28.11,1.450,1.597,0.274
24193,733774397,99808.05,28.11,1.445,1.538,0.057
24195,733834423,99807.60,28.11,1.470,1.576,0.110
24197,733894452,99811.41,28.11,1.459,1.255,0.385
24199,733954397,99810.46,28.11,1.441,1.335,-0.047
24201,734014415,99806.05,28.11,1.455,1.708,-0.413
24203,734074397,99812.06,28.11,1.423,1.200,0.037
24205,734134422,99808.11,28.11,1.423,1.533,-0.237
24207,734194397,99812.30,28.11,1.419,1.180,-0.045
24209,734254397,99810.77,28.11,1.427,1.308,0.149
24211,734314415,99810.10,28.11,1.413,1.365,-0.113
24213,734374407,99809.23,28.11,1.441,1.440,-0.068
24215,734434423,99810.28,28.11,1.445,1.350,0.329
24217,734494427,99808.84,28.11,1.428,1.472,-0.049
24219,734554396,99809.01,28.11,1.410,1.458,-0.355
24221,734614415,99806.61,28.11,1.429,1.660,-0.215
24223,734674397,99808.20,28.11,1.442,1.526,0.224
24225,734734423,99811.65,28.11,1.408,1.234,0.229
24227,734794397,99809.26,28.11,1.406,1.437,-0.322
24229,734854397,99811.13,28.11,1.385,1.278,-0.207
24231,734914416,99814.54,28.11,1.348,0.990,-0.171
24233,734974397,99810.68,28.11,1.340,1.316,-0.501
24235,735034422,99804.98,28.10,1.408,1.798,-0.234
24237,735094427,99811.30,28.11,1.380,1.264,0.615
24239,735154408,99809.68,28.11,1.391,1.401,0.076
24241,735214415,99807.23,28.11,1.419,1.608,0.037
24243,735274397,99811.15,28.11,1.374,1.277,0.140
24245,735334423,99808.71,28.10,1.395,1.483,-0.271
24247,735394410,99810.55,28.11,1.363,1.327,-0.039
24249,735454397,99809.20,28.11,1.379,1.442,-0.210
24251,735514415,99808.99,28.11,1.415,1.459,0.274
24253,735574397,99808.62,28.11,1.423,1.490,0.428
24255,735634422,99808.11,28.11,1.429,1.534,0.114
24257,735694427,99809.87,28.10,1.433,1.385,0.164
24259,735754396,99809.38,28.10,1.416,1.427,0.013
24261,735814415,99810.51,28.11,1.395,1.331,-0.272
24263,735874397,99806.84,28.10,1.427,1.640,-0.198
24265,735934431,99808.73,28.11,1.416,1.481,0.176
24267,735994397,99810.94,28.11,1.372,1.295,-0.120
24269,736054397,99810.80,28.10,1.369,1.307,-0.402
24271,736114415,99806.59,28.10,1.425,1.662,0.015
24273,736174397,99807.27,28.10,1.419,1.604,0.391
24275,736234422,99812.77,28.10,1.393,1.140,0.168
24277,736294426,99807.28,28.10,1.416,1.603,-0.158
24279,736354397,99806.83,28.10,1.441,1.642,0.051
24281,736414415,99811.91,28.11,1.367,1.212,0.121
24283,736474397,99815.26,28.10,1.338,0.930,-0.509
24285,736534422,99809.13,28.10,1.321,1.447,-0.650
24287,736594397,99809.05,28.11,1.364,1.454,-0.298
24289,736654397,99810.81,28.10,1.374,1.305,0.608
24291,736714426,99805.62,28.10,1.458,1.744,0.458
24293,736774397,99810.29,28.10,1.428,1.349,0.735
24295,736834422,99808.12,28.10,1.459,1.532,0.075
24297,736894452,99812.69,28.10,1.396,1.147,0.074
24299,736954397,99811.03,28.10,1.393,1.287,-0.531
24301,737014415,99812.46,28.11,1.374,1.166,-0.222
24303,737074397,99808.25,28.10,1.369,1.522,-0.389
24305,737134423,99808.74,28.10,1.411,1.480,-0.028
24307,737194397,99807.13,28.10,1.424,1.616,0.470
24309,737254397,99806.85,28.10,1.502,1.640,0.549
24311,737314415,99810.84,28.10,1.462,1.303,0.841
24313,737374397,99810.66,28.10,1.417,1.319,-0.425
24315,737434423,99812.77,28.10,1.375,1.140,-0.683
24317,737494435,99810.10,28.10,1.386,1.366,-0.470
24319,737554397,99808.66,28.10,1.430,1.487,0.113
24321,737614415,99810.97,28.10,1.395,1.292,0.334
24323,737674397,99804.56,28.10,1.489,1.833,-0.006
24325,737734423,99805.53,28.10,1.506,1.752,0.813
24327,737794397,99809.59,28.10,1.485,1.409,0.433
24329,737854397,99810.79,28.10,1.448,1.307,-0.151
24331,737914416,99810.44,28.10,1.418,1.337,-0.568
24333,737974397,99810.59,28.10,1.381,1.324,-0.596
24335,738034422,99805.06,28.10,1.452,1.791,-0.307
24337,738094427,99809.17,28.10,1.436,1.444,0.577
24339,738154396,99812.04,28.10,1.416,1.202,0.152
24341,738214415,99807.28,28.10,1.421,1.604,-0.310
24343,738274407,99808.27,28.10,1.416,1.520,-0.190
24345,738334423,99812.41,28.10,1.416,1.170,0.223
24347,738394410,99809.06,28.10,1.454,1.453,0.259
24349,738454397,99809.34,28.10,1.424,1.430,0.082
24351,738514415,99808.55,28.10,1.473,1.496,-0.038
24353,738574397,99808.17,28.10,1.501,1.528,0.602
24355,738634423,99808.64,28.10,1.500,1.489,0.359
24357,738694427,99812.91,28.10,1.464,1.128,0.066
24359,738754396,99811.95,28.10,1.435,1.209,-0.383
24361,738814415,99812.41,28.10,1.439,1.171,-0.364
24363,738874397,99807.08,28.10,1.460,1.621,-0.129
24365,738934422,99807.45,28.10,1.464,1.590,-0.004
24367,738994397,99812.88,28.10,1.432,1.130,0.195
24369,739054408,99806.45,28.10,1.490,1.674,-0.067
24371,739114415,99808.23,28.10,1.481,1.523,0.301
24373,739174397,99806.91,28.10,1.474,1.635,-0.053
24375,739234423,99807.51,28.10,1.508,1.584,0.077
24377,739294427,99806.34,28.10,1.548,1.684,0.564
24379,739354397,99807.51,28.10,1.547,1.584,0.470
24381,739414415,99806.75,28.10,1.570,1.649,0.187
24383,739474397,99807.52,28.10,1.557,1.583,0.177
24385,739534422,99811.01,28.10,1.522,1.289,-0.098
24387,739594397,99809.56,28.10,1.462,1.411,-0.635
24389,739654397,99808.71,28.10,1.428,1.483,-1.011
24391,739714415,99811.25,28.10,1.403,1.268,-0.497
24393,739774397,99811.69,28.10,1.358,1.231,-0.423
24395,739834431,99809.41,28.10,1.362,1.424,-0.598
24397,739894452,99809.91,28.10,1.423,1.381,0.264
24399,739954397,99810.24,28.10,1.416,1.353,0.681
24401,740014415,99807.43,28.10,1.459,1.591,0.100
24403,740074397,99809.26,28.10,1.438,1.436,0.292
24405,740134422,99807.27,28.10,1.447,1.605,-0.142
24407,740194397,99808.46,28.10,1.473,1.504,0.185
24409,740254397,99810.12,28.10,1.402,1.364,0.036
24411,740314415,99808.34,28.10,1.460,1.514,-0.427
24413,740374397,99810.12,28.10,1.446,1.364,0.485
24415,740434422,99809.56,28.10,1.420,1.411,-0.177
24417,740494427,99808.13,28.10,1.447,1.532,-0.246
24419,740554397,99808.20,28.10,1.428,1.526,0.088
24421,740614425,99810.85,28.10,1.416,1.302,-0.110
24423,740674397,99807.90,28.10,1.431,1.551,-0.085
24425,740734423,99812.94,28.10,1.416,1.126,0.175
24427,740794397,99811.12,28.10,1.386,1.280,-0.151
24429,740854397,99810.63,28.10,1.354,1.320,-0.655
24431,740914415,99809.50,28.10,1.375,1.416,-0.350
24433,740974397,99806.39,28.10,1.434,1.679,0.313
24435,741034422,99808.93,28.10,1.431,1.464,0.629
24437,741094426,99808.33,28.10,1.414,1.515,0.033
24439,741154397,99811.75,28.10,1.415,1.226,-0.029
24441,741214415,99809.25,28.10,1.428,1.437,0.117
24443,741274397,99809.31,28.10,1.396,1.432,-0.178
24445,741334423,99807.62,28.10,1.428,1.574,-0.235
24447,741394418,99805.53,28.10,1.476,1.751,0.400
24449,741454397,99811.53,28.10,1.458,1.244,0.663
24451,741514415,99812.57,28.10,1.395,1.157,-0.136
24453,741574397,99806.26,28.10,1.421,1.690,-0.844
24455,741634423,99808.63,28.10,1.439,1.490,0.117
24457,741694427,99812.97,28.10,1.407,1.123,0.394
24459,741754397,99806.20,28.10,1.473,1.695,-0.082
24461,741814415,99813.03,28.10,1.413,1.118,0.355
24463,741874397,99809.50,28.10,1.415,1.416,-0.408
24465,741934422,99805.70,28.10,1.484,1.738,-0.030
24467,741994397,99813.05,28.10,1.453,1.117,0.773
24469,742054397,99808.91,28.10,1.461,1.466,-0.053
24471,742114415,99807.86,28.10,1.505,1.555,0.030
24473,742174407,99810.23,28.10,1.463,1.355,0.324
24475,742234423,99809.03,28.10,1.438,1.456,-0.500
24477,742294426,99809.06,28.10,1.392,1.453,-0.652
24479,742354397,99809.19,28.10,1.401,1.442,-0.475
24481,742414415,99813.03,28.10,1.346,1.118,-0.061
24483,742474397,99810.70,28.10,1.335,1.315,-0.575
24485,742534423,99804.98,28.10,1.416,1.798,-0.138
24487,742594397,99813.01,28.10,1.369,1.120,0.728
24489,742654397,99806.09,28.10,1.443,1.704,0.060
24491,742714415,99809.60,28.10,1.425,1.408,0.478
24493,742774397,99807.84,28.10,1.407,1.557,-0.132
24495,742834422,99811.56,28.10,1.414,1.242,-0.066
24497,742894466,99810.21,28.10,1.422,1.356,0.228
24499,742954408,99809.68,28.10,1.366,1.401,-0.331
24501,743014415,99807.98,28.10,1.384,1.544,-0.619
24503,743074397,99807.55,28.10,1.387,1.581,0.041
24505,743134423,99810.48,28.10,1.389,1.334,0.188
24507,743194397,99811.29,28.10,1.377,1.265,0.156
24509,743254397,99806.57,28.10,1.407,1.664,-0.160
24511,743314415,99811.47,28.10,1.403,1.250,0.307
24513,743374397,99810.74,28.10,1.397,1.311,0.172
24515,743434422,99811.54,28.10,1.374,1.244,-0.196
24517,743494427,99811.50,28.10,1.372,1.247,-0.232
24519,743554397,99807.62,28.10,1.395,1.575,-0.119
24521,743614415,99808.86,28.10,1.384,1.470,0.045
24523,743674397,99809.14,28.10,1.361,1.446,-0.155
24525,743734432,99806.35,28.10,1.393,1.682,-0.210
24527,743794397,99808.77,28.10,1.383,1.478,0.252
24529,743854397,99807.01,28.10,1.403,1.627,0.074
24531,743914416,99807.66,28.10,1.452,1.572,0.435
24533,743974397,99810.46,28.10,1.412,1.335,0.508
24535,744034422,99809.45,28.10,1.396,1.421,-0.390
24537,744094426,99810.34,28.10,1.413,1.346,-0.125
24539,744154397,99807.92,28.10,1.420,1.549,0.133
24541,744214415,99811.55,28.10,1.399,1.243,0.046
24543,744274397,99809.65,28.10,1.402,1.404,-0.114
24545,744334422,99811.39,28.10,1.372,1.256,-0.174
24547,744394409,99811.99,28.10,1.361,1.205,-0.265
24549,744454397,99808.01,28.10,1.411,1.542,-0.042
24551,744514426,99807.95,28.10,1.393,1.547,0.221
24553,744574397,99806.30,28.10,1.427,1.687,-0.042
24555,744634423,99809.96,28.10,1.432,1.377,0.491
24557,744694427,99809.03,28.10,1.396,1.456,0.026
24559,744754397,99808.40,28.10,1.420,1.509,-0.336
24561,744814415,99810.20,28.10,1.407,1.357,0.208
24563,744874397,99808.91,28.10,1.452,1.466,0.172
24565,744934422,99806.27,28.10,1.519,1.690,0.668
24567,744994397,99808.09,28.10,1.484,1.536,0.543
24569,745054397,99810.66,28.10,1.443,1.318,-0.326
24571,745114415,99806.02,28.10,1.459,1.710,-0.508
24573,745174397,99812.86,28.10,1.384,1.132,-0.184
24575,745234423,99808.06,28.10,1.426,1.538,-0.465
24577,745294435,99810.42,28.10,1.424,1.338,0.247
24579,745354397,99809.80,28.10,1.454,1.391,0.293
24581,745414415,99809.14,28.10,1.448,1.446,0.223
24583,745474397,99806.05,28.10,1.486,1.707,-0.010
24585,745534423,99813.58,28.10,1.463,1.072,0.516
24587,745594397,99811.03,28.10,1.457,1.286,0.017
24589,745654397,99806.65,28.10,1.488,1.657,-0.278
24591,745714415,99809.51,28.10,1.465,1.415,0.123
24593,745774397,99809.45,28.10,1.425,1.420,-0.306
24595,745834422,99806.93,28.10,1.473,1.633,-0.329
24597,745894452,99809.68,28.10,1.467,1.401,0.464
24599,745954397,99809.84,28.10,1.435,1.388,-0.042
24601,746014415,99810.19,28.10,1.408,1.358,-0.487
24603,746074407,99806.82,28.10,1.442,1.643,-0.295
24605,746134423,99809.95,28.10,1.465,1.379,0.466
24607,746194397,99811.43,28.10,1.399,1.253,0.149
24609,746254397,99809.27,28.10,1.418,1.436,-0.626
24611,746314415,99810.18,28.10,1.442,1.359,0.211
24613,746374397,99806.91,28.10,1.491,1.635,0.448
24615,746434423,99812.78,28.09,1.433,1.139,0.364
24617,746494427,99808.16,28.10,1.444,1.530,-0.461
24619,746554396,99808.05,28.10,1.413,1.539,-0.371
24621,746614415,99813.14,28.10,1.407,1.109,-0.101
24623,746674397,99807.40,28.10,1.462,1.594,0.191
24625,746734422,99811.07,28.09,1.414,1.283,0.206
24627,746794397,99810.40,28.09,1.417,1.340,-0.291
24629,746854408,99805.15,28.09,1.456,1.784,-0.106
24631,746914416,99809.85,28.10,1.461,1.386,0.430
24633,746974397,99810.75,28.09,1.456,1.310,0.364
24635,747034423,99806.13,28.09,1.477,1.701,-0.127
24637,747094427,99808.62,28.09,1.476,1.490,0.106
24639,747154397,99807.76,28.09,1.438,1.564,-0.117
24641,747214415,99811.52,28.09,1.382,1.245,-0.591
24643,747274397,99806.23,28.09,1.441,1.692,-0.398
24645,747334422,99810.62,28.09,1.433,1.321,0.501
24647,747394410,99809.10,28.09,1.474,1.450,0.363
24649,747454397,99809.98,28.09,1.452,1.375,0.277
24651,747514415,99810.61,28.09,1.472,1.322,0.003
24653,747574397,99806.91,28.09,1.529,1.635,0.369
24655,747634431,99808.65,28.09,1.515,1.488,0.459
24657,747694427,99806.19,28.09,1.549,1.696,0.068
24659,747754397,99810.30,28.09,1.521,1.348,0.288
24661,747814415,99811.55,28.09,1.476,1.242,-0.255
24663,747874397,99808.95,28.09,1.476,1.463,-0.605
24665,747934419,99804.11,28.09,1.548,1.872,-0.025
24667,747994397,99808.83,28.09,1.557,1.473,0.843
24669,748054397,99811.27,28.09,1.555,1.267,0.550
24671,748114415,99807.61,28.09,1.524,1.576,-0.254
24673,748174397,99809.99,28.09,1.500,1.374,-0.554
24675,748234422,99810.35,28.09,1.435,1.344,-0.528
24677,748294427,99810.87,28.09,1.414,1.301,-0.828
24679,748354396,99805.30,28.09,1.458,1.771,-0.314
24681,748414425,99808.22,28.09,1.468,1.524,0.387
24683,748474397,99809.49,28.09,1.509,1.417,0.623
24685,748534422,99806.45,28.09,1.495,1.674,0.285
24687,748594397,99806.42,28.09,1.514,1.676,-0.171
24689,748654397,99811.66,28.09,1.458,1.233,0.149
24691,748714415,99807.25,28.09,1.502,1.607,-0.297
24693,748774397,99807.77,28.09,1.508,1.563,0.255
24695,748834422,99808.92,28.09,1.477,1.465,0.024
24697,748894452,99810.55,28.09,1.450,1.328,-0.344
24699,748954397,99803.55,28.09,1.492,1.919,-0.373
24701,749014415,99808.95,28.09,1.500,1.462,0.401
24703,749074397,99806.59,28.09,1.539,1.662,0.524
24705,749134423,99808.52,28.09,1.502,1.498,0.197
24707,749194409,99809.16,28.09,1.530,1.445,-0.074
24709,749254396,99810.31,28.09,1.490,1.347,0.131
24711,749314415,99805.54,28.09,1.521,1.751,-0.422
24713,749374397,99807.80,28.09,1.492,1.560,-0.004
24715,749434423,99807.56,28.09,1.465,1.580,-0.333
24717,749494427,99805.71,28.09,1.491,1.736,-0.285
24719,749554397,99808.93,28.09,1.494,1.465,0.349
24721,749614415,99809.27,28.09,1.489,1.435,0.218
24723,749674397,99809.52,28.09,1.476,1.414,-0.094
24725,749734422,99813.52,28.09,1.422,1.076,-0.241
24727,749794397,99810.77,28.09,1.395,1.308,-0.697
24729,749854397,99806.62,28.08,1.415,1.659,-0.604
24731,749914415,99808.36,28.08,1.450,1.513,0.268
24733,749974407,99807.01,28.08,1.497,1.627,0.699
24735,750034423,99810.28,28.08,1.444,1.350,0.343
24737,750094426,99803.96,28.08,1.475,1.884,-0.515
24739,750154397,99806.57,28.09,1.516,1.664,0.332
24741,750214415,99809.30,28.08,1.512,1.433,0.741
24743,750274397,99807.44,28.08,1.517,1.590,0.072
24745,750334423,99808.60,28.08,1.497,1.492,-0.101
24747,750394410,99811.27,28.08,1.457,1.267,-0.248
24749,750454397,99810.89,28.08,1.449,1.298,-0.390
24751,750514415,99809.41,28.08,1.482,1.424,-0.031
24753,750574396,99804.77,28.08,1.542,1.816,0.385
24755,750634422,99811.38,28.08,1.473,1.257,0.398
24757,750694427,99808.98,28.08,1.446,1.460,-0.631
24759,750754408,99809.52,28.08,1.437,1.414,-0.523
24761,750814415,99808.60,28.08,1.448,1.492,-0.084
24763,750874397,99808.84,28.08,1.447,1.472,0.071
24765,750934423,99809.12,28.08,1.468,1.448,0.151
24767,750994397,99809.77,28.08,1.441,1.394,0.118
24769,751054397,99806.54,28.08,1.475,1.666,-0.218
24771,751114415,99810.12,28.08,1.482,1.363,0.414
24773,751174397,99809.75,28.09,1.458,1.395,0.143
24775,751234422,99810.91,28.08,1.435,1.297,-0.351
24777,751294427,99812.09,28.08,1.397,1.198,-0.379
24779,751354397,99810.64,28.08,1.376,1.320,-0.584
24781,751414415,99807.18,28.09,1.438,1.612,-0.166
24783,751474397,99808.09,28.08,1.511,1.535,0.956
24785,751534431,99807.06,28.08,1.504,1.622,0.824
24787,751594397,99811.14,28.08,1.483,1.277,0.040
24789,751654397,99806.98,28.09,1.505,1.630,-0.121
24791,751714415,99807.23,28.09,1.490,1.608,-0.075
24793,751774397,99807.62,28.09,1.489,1.575,-0.111
24795,751834422,99810.45,28.08,1.481,1.336,0.095
24797,751894452,99806.57,28.09,1.489,1.664,-0.102
24799,751954397,99805.82,28.09,1.498,1.727,-0.111
24801,752014415,99811.37,28.09,1.471,1.258,0.206
24803,752074397,99806.48,28.09,1.496,1.671,-0.108
24805,752134422,99809.05,28.09,1.504,1.455,0.168
24807,752194397,99808.14,28.09,1.519,1.531,0.297
24809,752254397,99812.45,28.09,1.471,1.167,0.076
24811,752314426,99811.89,28.09,1.431,1.214,-0.548
24813,752374397,99809.12,28.09,1.439,1.449,-0.631
24815,752434423,99807.52,28.09,1.476,1.583,0.030
24817,752494427,99810.09,28.09,1.459,1.366,0.378
24819,752554397,99807.20,28.09,1.445,1.610,-0.254
24821,752614415,99807.21,28.08,1.441,1.609,-0.351
24823,752674397,99808.34,28.09,1.480,1.514,0.233
24825,752734422,99810.82,28.09,1.460,1.304,0.499
24827,752794397,99808.23,28.09,1.422,1.523,-0.401
24829,752854397,99805.95,28.08,1.453,1.717,-0.517
24831,752914415,99807.23,28.09,1.485,1.608,0.430
24833,752974397,99809.66,28.09,1.460,1.403,0.434
24835,753034423,99803.37,28.09,1.563,1.934,0.157
24837,753094435,99808.54,28.08,1.553,1.497,0.994
24839,753154397,99808.80,28.09,1.541,1.476,0.219
24841,753214415,99809.71,28.09,1.506,1.399,-0.287
24843,753274397,99806.56,28.09,1.555,1.664,-0.236
24845,753334423,99805.70,28.09,1.578,1.737,0.425
24847,753394410,99811.39,28.09,1.498,1.256,0.095
24849,753454397,99810.48,28.08,1.502,1.333,-0.577
24851,753514415,99808.79,28.09,1.503,1.476,-0.167
24853,753574397,99809.39,28.09,1.486,1.425,-0.146
24855,753634422,99810.14,28.09,1.470,1.362,-0.216
24857,753694427,99809.98,28.09,1.468,1.375,-0.172
24859,753754397,99809.80,28.08,1.464,1.391,-0.077
24861,753814415,99809.01,28.08,1.441,1.458,-0.238
24863,753874407,99807.74,28.08,1.454,1.565,-0.294
24865,753934423,99809.02,28.08,1.441,1.457,0.045
24867,753994397,99807.19,28.08,1.483,1.611,0.088
24869,754054396,99810.81,28.08,1.471,1.305,0.480
24871,754114415,99805.29,28.08,1.517,1.772,0.085
24873,754174397,99807.66,28.08,1.518,1.572,0.331
24875,754234423,99810.91,28.08,1.478,1.297,0.121
24877,754294427,99806.61,28.08,1.492,1.660,-0.420
24879,754354396,99810.51,28.08,1.443,1.331,-0.190
24881,754414415,99809.67,28.08,1.399,1.402,-0.615
24883,754474397,99806.25,28.08,1.454,1.691,-0.445
24885,754534422,99804.41,28.08,1.534,1.846,0.740
24887,754594396,99806.09,28.08,1.522,1.705,0.862
24889,754654408,99804.22,28.08,1.573,1.862,0.241
24891,754714415,99809.36,28.08,1.535,1.428,0.509
24893,754774397,99807.41,28.08,1.535,1.593,-0.195
24895,754834423,99806.21,28.08,1.563,1.694,-0.050
24897,754894452,99809.40,28.08,1.541,1.425,0.288
24899,754954397,99808.20,28.08,1.496,1.526,-0.365
24901,755014415,99804.94,28.08,1.512,1.802,-0.666
24903,755074397,99809.59,28.08,1.512,1.409,0.202
24905,755134422,99808.65,28.08,1.504,1.488,0.169
24907,755194397,99804.91,28.08,1.547,1.804,-0.091
24909,755254397,99809.70,28.08,1.530,1.399,0.421
24911,755314415,99807.29,28.08,1.512,1.603,-0.124
24913,755374397,99808.27,28.08,1.524,1.520,-0.217
24915,755434431,99810.69,28.08,1.473,1.316,0.004
24917,755494427,99807.21,28.08,1.478,1.609,-0.581
24919,755554396,99809.00,28.08,1.486,1.458,-0.046
24921,755614415,99808.99,28.08,1.469,1.459,0.092
24923,755674397,99806.63,28.08,1.468,1.659,-0.310
24925,755734422,99807.92,28.08,1.480,1.550,-0.019
24927,755794397,99809.91,28.08,1.485,1.382,0.339
24929,755854396,99810.38,28.08,1.462,1.342,0.060
24931,755914415,99809.87,28.08,1.447,1.385,-0.337
24933,755974397,99804.39,28.08,1.495,1.848,-0.233
24935,756034422,99812.23,28.08,1.445,1.185,0.350
24937,756094427,99808.57,28.08,1.488,1.495,-0.024
24939,756154396,99812.86,28.08,1.442,1.132,0.190
24941,756214425,99810.77,28.08,1.437,1.308,-0.375
24943,756274397,99808.20,28.08,1.446,1.526,-0.299
24945,756334423,99815.83,28.09,1.393,0.881,0.051
24947,756394410,99808.73,28.08,1.424,1.482,-0.373
24949,756454396,99812.15,28.08,1.412,1.192,0.022
24951,756514415,99807.52,28.08,1.436,1.584,-0.023
24953,756574397,99805.27,28.09,1.515,1.774,0.340
24955,756634423,99808.38,28.08,1.547,1.511,1.136
24957,756694426,99806.55,28.08,1.524,1.666,0.378
24959,756754397,99807.87,28.08,1.506,1.554,-0.356
24961,756814415,99808.42,28.08,1.525,1.508,-0.015
24963,756874397,99810.34,28.09,1.502,1.345,0.189
24965,756934423,99807.97,28.09,1.499,1.546,-0.275
24967,756994409,99807.77,28.08,1.477,1.563,-0.322
24969,757054397,99809.29,28.08,1.479,1.434,-0.165
24971,757114415,99809.26,28.08,1.497,1.437,0.187
24973,757174397,99811.61,28.09,1.461,1.238,0.108
24975,757234423,99812.95,28.08,1.409,1.125,-0.484
24977,757294427,99806.74,28.08,1.449,1.649,-0.634
24979,757354397,99810.09,28.08,1.427,1.366,0.110
24981,757414415,99809.91,28.08,1.427,1.381,-0.032
24983,757474397,99810.12,28.09,1.448,1.363,0.097
24985,757534422,99808.22,28.09,1.478,1.525,0.313
24987,757594397,99810.96,28.09,1.459,1.293,0.285
24989,757654397,99809.40,28.09,1.455,1.425,-0.139
24991,757714415,99808.63,28.09,1.470,1.490,-0.094
24993,757774407,99809.56,28.09,1.446,1.411,0.032
24995,757834423,99809.91,28.08,1.474,1.382,-0.021
24997,757894466,99806.72,28.09,1.484,1.651,0.191
24999,757954397,99805.49,28.09,1.519,1.755,0.107
25001,758014415,99808.70,28.09,1.479,1.483,0.269
25003,758074397,99810.32,28.09,1.434,1.347,-0.404
25005,758134423,99808.55,28.09,1.423,1.496,-0.610
25007,758194397,99806.02,28.09,1.435,1.710,-0.329
25009,758254397,99805.95,28.09,1.475,1.717,0.211
25011,758314415,99808.09,28.09,1.446,1.535,0.393
25013,758374397,99806.35,28.09,1.447,1.682,-0.249
25015,758434422,99804.46,28.09,1.555,1.842,0.417
25017,758494427,99806.95,28.09,1.578,1.632,1.363
25019,758554408,99812.25,28.09,1.521,1.184,0.445
25021,758614415,99806.90,28.09,1.531,1.636,-0.552
25023,758674397,99804.94,28.09,1.570,1.801,-0.104
25025,758734423,99810.16,28.09,1.531,1.360,0.387
25027,758794397,99806.93,28.09,1.535,1.634,-0.266
25029,758854397,99810.33,28.09,1.511,1.346,-0.128
25031,758914415,99812.12,28.09,1.454,1.194,-0.308
25033,758974397,99808.90,28.09,1.442,1.467,-0.798
25035,759034422,99806.77,28.09,1.490,1.646,-0.198
25037,759094427,99809.24,28.09,1.484,1.438,0.501
25039,759154397,99806.20,28.09,1.510,1.695,0.100
25041,759214415,99807.80,28.09,1.509,1.560,0.196
25043,759274397,99811.21,28.09,1.518,1.272,0.343
25045,759334431,99809.66,28.09,1.496,1.403,0.065
25047,759394410,99810.01,28.08,1.488,1.373,-0.351
25049,759454397,99804.66,28.08,1.492,1.825,-0.350
25051,759514415,99811.54,28.09,1.477,1.244,0.034
25053,759574397,99808.25,28.09,1.487,1.522,0.086
25055,759634423,99807.38,28.09,1.485,1.596,-0.144
25057,759694426,99807.27,28.09,1.532,1.605,0.216
25059,759754397,99809.09,28.09,1.541,1.450,0.665
25061,759814415,99809.98,28.09,1.502,1.376,0.065
25063,759874397,99809.77,28.09,1.479,1.394,-0.524
25065,759934422,99809.09,28.08,1.482,1.451,-0.332
25067,759994397,99804.50,28.09,1.473,1.839,-0.320
25069,760054397,99808.36,28.09,1.471,1.513,-0.146
25071,760114426,99805.05,28.09,1.501,1.793,0.167
25073,760174397,99809.68,28.09,1.493,1.401,0.356
25075,760234423,99809.09,28.09,1.489,1.451,0.134
25077,760294427,99807.31,28.09,1.546,1.601,0.152
25079,760354397,99809.58,28.09,1.518,1.409,0.491
25081,760414415,99806.60,28.09,1.541,1.661,-0.151
25083,760474397,99807.02,28.09,1.559,1.626,0.188
25085,760534422,99813.41,28.09,1.481,1.086,0.131
25087,760594397,99810.31,28.09,1.452,1.347,-0.839
25089,760654397,99811.61,28.09,1.395,1.238,-0.828
25091,760714415,99809.76,28.09,1.382,1.395,-0.764
25093,760774397,99807.09,28.09,1.408,1.620,-0.296
25095,760834423,99811.06,28.09,1.368,1.284,0.112
25097,760894460,99811.37,28.09,1.359,1.258,-0.234
25099,760954397,99810.51,28.09,1.354,1.331,-0.198
25101,761014415,99805.51,28.09,1.398,1.753,-0.127
25103,761074397,99806.41,28.09,1.464,1.678,0.649
25105,761134423,99809.51,28.09,1.466,1.415,1.009
25107,761194397,99807.98,28.09,1.514,1.545,0.450
25109,761254397,99810.65,28.09,1.500,1.319,0.508
25111,761314415,99808.90,28.09,1.483,1.467,-0.150
25113,761374397,99807.46,28.09,1.483,1.588,-0.380
25115,761434422,99810.35,28.09,1.459,1.344,-0.078
25117,761494427,99814.69,28.09,1.370,0.978,-0.389
25119,761554397,99808.54,28.09,1.431,1.497,-0.752
25121,761614415,99812.30,28.09,1.441,1.179,0.503
25123,761674407,99807.67,28.09,1.447,1.570,0.162
25125,761734423,99808.38,28.09,1.435,1.511,-0.202
25127,761794397,99810.80,28.09,1.435,1.306,0.043
25129,761854397,99812.27,28.09,1.368,1.182,-0.192
25131,761914415,99811.07,28.09,1.383,1.284,-0.638
25133,761974397,99812.42,28.09,1.362,1.169,-0.024
25135,762034423,99813.71,28.09,1.296,1.060,-0.458
25137,762094427,99808.46,28.09,1.342,1.504,-0.694
25139,762154397,99808.29,28.09,1.385,1.519,0.397
25141,762214415,99811.03,28.09,1.372,1.287,0.590
25143,762274397,99807.20,28.09,1.415,1.611,0.099
25145,762334422,99809.14,28.09,1.399,1.446,0.263
25147,762394410,99808.86,28.09,1.421,1.470,0.084
25149,762454408,99812.36,28.09,1.397,1.174,0.266
25151,762514415,99812.60,28.09,1.382,1.154,-0.131
25153,762574397,99807.31,28.09,1.405,1.601,-0.326
25155,762634423,99807.54,28.09,1.412,1.582,0.011
25157,762694427,99809.38,28.09,1.407,1.427,0.182
25159,762754397,99807.20,28.09,1.473,1.611,0.315
25161,762814415,99809.13,28.09,1.462,1.447,0.643
25163,762874397,99807.55,28.09,1.459,1.581,-0.052
25165,762934420,99810.82,28.09,1.482,1.305,0.181
25167,762994397,99811.41,28.09,1.448,1.255,0.261
25169,763054396,99808.96,28.09,1.468,1.462,-0.339
25171,763114415,99810.33,28.09,1.467,1.346,0.123
25173,763174397,99813.11,28.09,1.438,1.111,0.069
25175,763234431,99809.48,28.09,1.443,1.417,-0.342
25177,763294427,99809.30,28.09,1.463,1.433,-0.068
25179,763354397,99808.53,28.09,1.471,1.498,0.224
25181,763414415,99811.57,28.09,1.442,1.241,0.067
25183,763474397,99810.57,28.09,1.418,1.326,-0.346
25185,763534423,99808.34,28.09,1.415,1.515,-0.488
25187,763594397,99808.86,28.09,1.415,1.471,-0.145
25189,763654396,99805.93,28.09,1.442,1.718,0.023
25191,763714415,99810.12,28.09,1.424,1.364,0.257
25193,763774397,99809.23,28.09,1.410,1.438,-0.072
25195,763834422,99809.55,28.09,1.435,1.412,-0.054
25197,763894452,99812.41,28.09,1.422,1.170,0.350
25199,763954397,99807.97,28.09,1.425,1.546,-0.182
25201,764014426,99812.02,28.09,1.373,1.203,-0.307
25203,764074397,99812.36,28.09,1.343,1.174,-0.511
25205,764134422,99810.91,28.09,1.318,1.297,-0.593
25207,764194397,99809.84,28.09,1.339,1.387,-0.316
25209,764254397,99812.28,28.09,1.326,1.181,0.206
25211,764314415,99811.23,28.09,1.325,1.270,-0.052
25213,764374397,99814.61,28.10,1.288,0.984,-0.115
25215,764434422,99814.49,28.09,1.237,0.994,-0.540
25217,764494426,99808.88,28.09,1.261,1.469,-0.773
25219,764554397,99807.95,28.09,1.292,1.547,0.044
25221,764614415,99813.85,28.09,1.271,1.048,0.512
25223,764674397,99814.55,28.10,1.241,0.989,-0.023
25225,764734423,99806.89,28.09,1.308,1.636,-0.329
25227,764794409,99808.39,28.09,1.342,1.510,0.583
25229,764854396,99808.64,28.09,1.343,1.489,0.538
25231,764914415,99812.53,28.09,1.266,1.160,-0.179
25233,764974397,99808.30,28.09,1.292,1.517,-0.711
25235,765034423,99807.84,28.09,1.313,1.556,0.076
25237,765094427,99811.52,28.09,1.326,1.245,0.507
25239,765154397,99810.26,28.09,1.331,1.352,0.320
25241,765214415,99811.38,28.09,1.298,1.258,-0.128
25243,765274397,99806.48,28.09,1.376,1.671,-0.103
25245,765334422,99812.33,28.09,1.353,1.177,0.744
25247,765394410,99808.55,28.09,1.387,1.497,0.135
25249,765454397,99809.75,28.09,1.402,1.395,0.294
25251,765514415,99808.88,28.09,1.405,1.469,0.235
25253,765574407,99808.90,28.09,1.376,1.467,-0.160
25255,765634423,99806.60,28.09,1.390,1.661,-0.352
25257,765694426,99812.58,28.09,1.369,1.156,0.194
25259,765754397,99810.46,28.09,1.376,1.335,0.028
25261,765814415,99809.16,28.09,1.399,1.446,0.006
25263,765874397,99810.93,28.09,1.387,1.296,0.219
25265,765934423,99807.75,28.09,1.400,1.564,-0.107
25267,765994397,99809.53,28.09,1.402,1.413,0.062
25269,766054397,99810.36,28.09,1.384,1.344,0.074
25271,766114415,99811.88,28.09,1.384,1.215,-0.069
25273,766174397,99809.23,28.09,1.367,1.439,-0.181
25275,766234422,99811.12,28.09,1.358,1.279,-0.277
25277,766294427,99808.16,28.09,1.372,1.530,-0.093
25279,766354408,99809.51,28.09,1.388,1.415,0.150
25281,766414415,99812.31,28.09,1.331,1.178,0.081
25283,766474397,99810.72,28.09,1.353,1.313,-0.420
25285,766534423,99811.41,28.09,1.338,1.255,0.053
25287,766594397,99813.83,28.09,1.280,1.050,-0.315
25289,766654397,99812.82,28.09,1.250,1.136,-0.758
25291,766714415,99811.02,28.09,1.277,1.287,-0.387
25293,766774397,99807.01,28.09,1.334,1.626,0.284
25295,766834422,99808.08,28.09,1.365,1.536,0.685
25297,766894452,99811.62,28.09,1.353,1.237,0.585
25299,766954397,99810.66,28.09,1.327,1.318,-0.116
25301,767014415,99811.13,28.09,1.285,1.278,-0.580
25303,767074397,99808.88,28.09,1.319,1.468,-0.386
25305,767134431,99810.48,28.09,1.276,1.333,0.052
25307,767194397,99807.89,28.09,1.300,1.552,-0.355
25309,767254397,99814.52,28.09,1.280,0.992,0.318
25311,767314415,99811.06,28.09,1.322,1.284,0.218
25313,767374397,99812.22,28.09,1.292,1.186,0.146
25315,767434422,99809.92,28.09,1.302,1.381,-0.286
25317,767494426,99807.60,28.09,1.329,1.576,-0.014
25319,767554397,99811.76,28.09,1.336,1.226,0.446
25321,767614415,99808.61,28.09,1.359,1.491,0.292
25323,767674397,99809.23,28.09,1.362,1.438,0.149
25325,767734422,99810.70,28.09,1.342,1.315,0.054
25327,767794397,99807.63,28.08,1.382,1.574,-0.071
25329,767854397,99812.42,28.08,1.326,1.169,0.187
25331,767914424,99812.71,28.09,1.290,1.145,-0.520
25333,767974397,99812.10,28.09,1.293,1.197,-0.455
25335,768034423,99811.55,28.08,1.304,1.243,0.000
25337,768094427,99808.08,28.09,1.343,1.537,0.139
25339,768154397,99811.97,28.08,1.337,1.208,0.429
25341,768214415,99809.40,28.09,1.340,1.425,0.059
25343,768274397,99809.40,28.09,1.362,1.425,0.016
25345,768334422,99814.20,28.08,1.352,1.018,0.450
25347,768394410,99811.93,28.09,1.325,1.211,-0.109
25349,768454397,99812.73,28.09,1.291,1.143,-0.588
25351,768514415,99814.12,28.08,1.253,1.025,-0.512
25353,768574397,99811.55,28.09,1.283,1.243,-0.334
25355,768634423,99810.68,28.08,1.278,1.316,0.075
25357,768694435,99808.77,28.08,1.316,1.478,0.044
25359,768754397,99812.48,28.09,1.290,1.164,0.365
25361,768814415,99811.65,28.09,1.312,1.235,0.031
25363,768874397,99809.52,28.08,1.316,1.414,0.078
25365,768934424,99810.82,28.08,1.326,1.304,0.082
25367,768994397,99811.71,28.08,1.340,1.229,0.314
25369,769054397,99809.82,28.09,1.335,1.389,0.083
25371,769114415,99811.04,28.08,1.319,1.286,-0.167
25373,769174397,99809.43,28.08,1.327,1.422,-0.158
25375,769234422,99808.75,28.08,1.348,1.479,0.076
25377,769294427,99810.27,28.09,1.375,1.352,0.440
25379,769354397,99810.62,28.08,1.364,1.321,0.360
25381,769414415,99809.36,28.09,1.376,1.428,-0.073
25383,769474407,99809.65,28.08,1.383,1.403,0.109
25385,769534423,99808.44,28.09,1.376,1.506,0.002
25387,769594397,99811.87,28.08,1.361,1.216,-0.039
25389,769654397,99810.88,28.09,1.286,1.300,-0.480
25391,769714415,99807.49,28.09,1.346,1.586,-0.729
25393,769774397,99810.23,28.08,1.343,1.355,0.532
25395,769834423,99813.15,28.08,1.346,1.107,0.346
25397,769894452,99808.32,28.09,1.354,1.516,-0.020
25399,769954397,99807.17,28.08,1.374,1.613,-0.114
25401,770014415,99806.39,28.09,1.423,1.679,0.412
25403,770074397,99807.63,28.09,1.447,1.574,0.733
25405,770134422,99811.38,28.09,1.401,1.257,0.315
25407,770194397,99810.73,28.09,1.359,1.312,-0.567
25409,770254408,99811.47,28.09,1.347,1.250,-0.585
25411,770314415,99812.05,28.09,1.340,1.201,-0.146
25413,770374397,99812.08,28.09,1.369,1.198,0.110
25415,770434423,99811.92,28.09,1.366,1.211,0.291
25417,770494427,99808.41,28.09,1.369,1.508,-0.179
25419,770554397,99811.24,28.09,1.386,1.269,0.097
25421,770614415,99807.59,28.09,1.371,1.577,0.057
25423,770674396,99805.59,28.09,1.389,1.747,-0.350
25425,770734422,99810.31,28.09,1.397,1.347,0.376
25427,770794397,99809.63,28.09,1.398,1.405,0.330
25429,770854397,99810.30,28.09,1.407,1.348,0.071
25431,770914416,99809.29,28.09,1.386,1.434,-0.033
25433,770974397,99811.27,28.09,1.360,1.266,-0.322
25435,771034431,99806.47,28.09,1.413,1.672,-0.159
25437,771094427,99810.95,28.09,1.428,1.293,0.633
25439,771154397,99809.49,28.09,1.408,1.416,0.272
25441,771214415,99811.01,28.09,1.400,1.289,-0.251
25443,771274397,99807.88,28.09,1.403,1.553,-0.182
25445,771334422,99811.24,28.09,1.379,1.269,-0.107
25447,771394410,99810.02,28.09,1.415,1.373,0.061
25449,771454397,99807.77,28.09,1.434,1.563,0.301
25451,771514415,99812.90,28.09,1.409,1.129,0.256
25453,771574397,99809.79,28.09,1.374,1.392,-0.353
25455,771634422,99810.52,28.09,1.341,1.330,-0.731
25457,771694427,99810.55,28.09,1.332,1.327,-0.413
25459,771754396,99811.05,28.09,1.309,1.285,-0.236
25461,771814425,99810.19,28.09,1.331,1.358,-0.150
25463,771874397,99813.71,28.09,1.328,1.061,0.343
25465,771934423,99810.41,28.09,1.359,1.339,0.182
25467,771994397,99807.06,28.09,1.396,1.622,0.199
25469,772054397,99811.57,28.09,1.390,1.241,0.464
25471,772114415,99809.49,28.09,1.390,1.417,0.105
25473,772174397,99811.11,28.09,1.376,1.280,-0.116
25475,772234422,99810.43,28.09,1.384,1.337,-0.055
25477,772294426,99807.70,28.09,1.393,1.568,-0.053
25479,772354397,99810.76,28.09,1.362,1.310,-0.060
25481,772414415,99807.87,28.09,1.403,1.554,-0.088
25483,772474397,99810.56,28.09,1.370,1.326,0.221
25485,772534423,99807.72,28.09,1.367,1.567,-0.347
25487,772594409,99808.95,28.09,1.425,1.463,0.179
25489,772654397,99809.51,28.09,1.412,1.415,0.658
25491,772714415,99814.64,28.09,1.341,0.982,-0.188
25493,772774397,99812.53,28.10,1.344,1.160,-0.619
25495,772834423,99810.64,28.10,1.337,1.320,-0.301
25497,772894465,99806.97,28.09,1.387,1.630,-0.074
25499,772954397,99806.01,28.09,1.437,1.711,0.593
25501,773014415,99805.95,28.10,1.477,1.717,0.785
25503,773074397,99809.34,28.10,1.467,1.430,0.609
25505,773134422,99811.41,28.10,1.420,1.255,-0.051
25507,773194397,99807.15,28.10,1.427,1.615,-0.603
25509,773254397,99808.70,28.09,1.434,1.483,-0.079
25511,773314415,99808.30,28.10,1.445,1.517,0.214
25513,773374407,99810.15,28.10,1.425,1.362,0.085
25515,773434423,99813.10,28.10,1.382,1.111,-0.207
25517,773494426,99808.67,28.10,1.380,1.486,-0.581
25519,773554397,99807.81,28.10,1.400,1.559,-0.233
25521,773614415,99805.98,28.10,1.432,1.713,0.262
25523,773674397,99810.09,28.10,1.422,1.367,0.441
25525,773734423,99811.83,28.10,1.358,1.219,-0.136
25527,773794397,99808.00,28.10,1.348,1.543,-0.891
25529,773854397,99810.45,28.10,1.354,1.335,-0.221
25531,773914416,99809.02,28.10,1.373,1.456,0.222
25533,773974397,99813.94,28.10,1.282,1.041,-0.131
25535,774034422,99811.83,28.10,1.297,1.220,-0.744
25537,774094427,99809.02,28.10,1.336,1.457,0.033
25539,774154409,99809.59,28.10,1.345,1.408,0.379
25541,774214415,99813.43,28.10,1.309,1.084,0.170
25543,774274397,99812.38,28.10,1.273,1.173,-0.456
25545,774334423,99810.05,28.10,1.308,1.369,-0.409
25547,774394410,99808.24,28.10,1.390,1.523,0.614
25549,774454397,99811.45,28.10,1.392,1.252,1.029
25551,774514415,99808.59,28.10,1.410,1.492,0.231
25553,774574397,99810.88,28.10,1.376,1.299,-0.030
25555,774634422,99811.80,28.10,1.346,1.222,-0.364
25557,774694427,99810.90,28.10,1.297,1.298,-0.655
25559,774754397,99811.65,28.10,1.298,1.234,-0.569
25561,774814415,99810.87,28.10,1.294,1.300,-0.067
25563,774874397,99809.22,28.10,1.314,1.440,-0.055
25565,774934431,99813.03,28.10,1.275,1.118,0.100
25567,774994397,99810.70,28.10,1.273,1.314,-0.345
25569,775054397,99810.34,28.10,1.270,1.344,-0.226
25571,775114415,99810.17,28.10,1.302,1.360,0.128
25573,775174397,99808.95,28.10,1.363,1.462,0.639
25575,775234422,99811.12,28.10,1.344,1.280,0.643
25577,775294426,99807.77,28.10,1.357,1.563,-0.134
25579,775354397,99811.70,28.11,1.315,1.231,-0.083
25581,775414415,99807.53,28.11,1.368,1.583,-0.155
25583,775474397,99808.33,28.10,1.380,1.515,0.429
25585,775534422,99812.79,28.11,1.354,1.138,0.313
25587,775594397,99811.05,28.10,1.346,1.286,-0.182
25589,775654397,99809.28,28.11,1.361,1.434,-0.215
25591,775714426,99810.13,28.10,1.344,1.363,0.008
25593,775774397,99812.48,28.11,1.309,1.164,-0.201
25595,775834423,99808.88,28.11,1.332,1.468,-0.330
25597,775894452,99810.32,28.11,1.338,1.347,0.135
25599,775954397,99808.20,28.11,1.380,1.526,0.299
25601,776014415,99808.79,28.11,1.433,1.476,0.698
25603,776074397,99810.56,28.11,1.405,1.327,0.587
25605,776134422,99808.91,28.11,1.388,1.466,-0.342
25607,776194397,99809.77,28.11,1.406,1.394,-0.149
25609,776254397,99809.02,28.11,1.399,1.457,0.141
25611,776314415,99811.73,28.11,1.396,1.228,0.019
25613,776374397,99810.34,28.11,1.403,1.345,0.074
25615,776434423,99807.09,28.11,1.399,1.620,-0.193
25617,776494435,99810.91,28.11,1.383,1.297,-0.099
25619,776554397,99808.23,28.11,1.407,1.523,0.018
25621,776614415,99813.38,28.11,1.348,1.089,0.037
25623,776674397,99808.48,28.11,1.385,1.503,-0.402
25625,776734423,99810.22,28.11,1.356,1.356,0.013
25627,776794397,99809.93,28.11,1.305,1.380,-0.498
25629,776854397,99809.73,28.11,1.324,1.396,-0.510
25631,776914417,99813.64,28.11,1.276,1.066,0.069
25633,776974397,99808.07,28.11,1.316,1.537,-0.364
25635,777034423,99811.81,28.11,1.307,1.221,0.245
25637,777094427,99809.62,28.11,1.345,1.406,0.243
25639,777154397,99812.19,28.11,1.340,1.189,0.399
25641,777214415,99809.46,28.11,1.334,1.420,-0.058
25643,777274407,99813.15,28.12,1.285,1.108,-0.308
25645,777334423,99813.26,28.12,1.250,1.098,-0.542
25647,777394410,99808.70,28.11,1.291,1.484,-0.436
25649,777454397,99811.09,28.11,1.277,1.281,0.216
25651,777514415,99811.60,28.12,1.267,1.238,-0.021
25653,777574397,99810.70,28.12,1.299,1.315,0.040
25655,777634423,99812.20,28.12,1.312,1.188,0.452
25657,777694427,99809.13,28.12,1.363,1.447,0.390
25659,777754396,99808.77,28.12,1.338,1.478,0.252
25661,777814415,99810.61,28.12,1.362,1.322,0.003
25663,777874397,99809.64,28.12,1.373,1.404,0.348
25665,777934420,99808.29,28.12,1.413,1.518,0.249
25667,777994397,99807.86,28.12,1.411,1.555,0.349
25669,778054409,99807.38,28.12,1.447,1.595,0.179
25671,778114415,99812.77,28.12,1.425,1.140,0.527
25673,778174397,99809.19,28.12,1.421,1.442,-0.131
25675,778234423,99808.36,28.12,1.431,1.512,-0.243
25677,778294427,99810.36,28.12,1.420,1.344,0.103
25679,778354397,99809.38,28.12,1.392,1.426,-0.217
25681,778414415,99810.78,28.12,1.363,1.308,-0.465
25683,778474397,99808.55,28.12,1.409,1.496,-0.130
25685,778534422,99809.00,28.12,1.437,1.458,0.548
25687,778594397,99806.30,28.12,1.464,1.686,0.393
25689,778654397,99811.07,28.12,1.444,1.284,0.329
25691,778714415,99812.95,28.12,1.440,1.125,0.140
25693,778774397,99806.50,28.12,1.461,1.670,-0.194
25695,778834431,99811.38,28.12,1.436,1.257,-0.007
25697,778894452,99811.16,28.12,1.416,1.276,-0.118
25699,778954397,99810.95,28.12,1.443,1.294,-0.109
25701,779014415,99806.34,28.12,1.492,1.683,0.306
25703,779074397,99806.55,28.12,1.534,1.666,0.580
25705,779134422,99811.20,28.13,1.483,1.272,0.474
25707,779194397,99808.05,28.12,1.473,1.539,-0.497
25709,779254396,99807.16,28.12,1.461,1.614,-0.451
25711,779314415,99811.15,28.12,1.431,1.277,-0.154
25713,779374397,99814.27,28.13,1.387,1.013,-0.218
25715,779434422,99807.04,28.13,1.430,1.624,-0.480
25717,779494427,99811.61,28.13,1.414,1.238,0.189
25719,779554396,99811.67,28.13,1.382,1.232,-0.067
25721,779614425,99811.43,28.13,1.351,1.253,-0.559
25723,779674397,99805.72,28.13,1.372,1.736,-0.576
25725,779734423,99809.92,28.13,1.383,1.381,0.181
25727,779794397,99807.49,28.13,1.436,1.586,0.553
25729,779854397,99808.06,28.13,1.441,1.538,0.523
25731,779914415,99808.70,28.13,1.479,1.484,0.395
25733,779974397,99806.62,28.13,1.469,1.660,0.292
25735,780034422,99808.76,28.13,1.461,1.479,-0.112
25737,780094426,99810.72,28.13,1.431,1.313,-0.056
25739,780154397,99811.22,28.13,1.402,1.271,-0.382
25741,780214415,99812.38,28.13,1.379,1.173,-0.394
25743,780274397,99808.11,28.13,1.426,1.534,-0.176
25745,780334423,99805.59,28.13,1.486,1.746,0.488
25747,780394418,99810.47,28.13,1.446,1.334,0.601
25749,780454397,99809.56,28.13,1.459,1.411,-0.089
25751,780514415,99809.11,28.13,1.439,1.449,-0.088
25753,780574397,99809.64,28.13,1.470,1.404,-0.028
25755,780634423,99810.19,28.13,1.419,1.358,0.081
25757,780694427,99808.38,28.13,1.437,1.511,-0.493
25759,780754397,99808.78,28.13,1.440,1.477,0.087
25761,780814415,99808.10,28.13,1.433,1.534,0.002
25763,780874397,99810.88,28.13,1.419,1.300,-0.041
25765,780934422,99806.77,28.13,1.440,1.648,-0.117
25767,780994397,99808.63,28.14,1.431,1.489,0.046
25769,781054397,99807.55,28.13,1.445,1.581,0.052
25771,781114415,99814.66,28.14,1.368,0.980,0.012
25773,781174407,99809.80,28.14,1.371,1.390,-0.701
25775,781234423,99812.00,28.14,1.313,1.205,-0.527
25777,781294426,99806.42,28.14,1.352,1.676,-0.591
25779,781354397,99810.42,28.14,1.364,1.338,0.355
25781,781414415,99809.63,28.13,1.364,1.405,0.345
25783,781474397,99813.20,28.14,1.318,1.103,-0.107
25785,781534423,99811.20,28.13,1.364,1.272,-0.152
25787,781594397,99810.20,28.14,1.392,1.357,0.462
25789,781654397,99810.88,28.14,1.379,1.300,0.264
25791,781714415,99810.68,28.14,1.360,1.316,-0.201
25793,781774397,99813.23,28.14,1.327,1.101,-0.286
25795,781834422,99810.73,28.14,1.341,1.313,-0.300
25797,781894452,99808.80,28.14,1.402,1.476,0.240
25799,781954408,99809.90,28.14,1.404,1.382,0.654
25801,782014415,99810.79,28.14,1.375,1.307,0.017
25803,782074397,99811.72,28.14,1.355,1.228,-0.330
25805,782134423,99812.84,28.14,1.343,1.133,-0.209
25807,782194397,99811.77,28.14,1.344,1.225,-0.152
25809,782254397,99810.42,28.14,1.333,1.338,-0.199
25811,782314415,99815.73,28.14,1.300,0.890,-0.098
25813,782374397,99810.75,28.14,1.319,1.310,-0.251
25815,782434423,99811.53,28.14,1.296,1.245,-0.182
25817,782494427,99811.35,28.14,1.304,1.260,-0.146
25819,782554397,99810.23,28.14,1.306,1.355,0.007
25821,782614415,99810.53,28.14,1.317,1.329,0.049
25823,782674397,99808.60,28.14,1.344,1.492,0.194
25825,782734431,99806.88,28.14,1.376,1.638,0.298
25827,782794397,99811.62,28.14,1.327,1.236,0.252
25829,782854397,99813.02,28.14,1.332,1.118,-0.151
25831,782914416,99811.91,28.14,1.321,1.213,-0.045
25833,782974397,99812.70,28.14,1.318,1.145,-0.150
25835,783034422,99808.48,28.14,1.322,1.503,-0.203
25837,783094426,99813.71,28.14,1.300,1.060,-0.034
25839,783154397,99811.90,28.14,1.285,1.213,-0.142
25841,783214415,99811.06,28.14,1.288,1.284,-0.315
25843,783274397,99810.34,28.14,1.305,1.345,0.037
25845,783334422,99809.17,28.14,1.288,1.444,-0.013
25847,783394409,99807.81,28.14,1.344,1.559,0.024
25849,783454397,99810.50,28.14,1.338,1.332,0.635
25851,783514425,99808.27,28.14,1.333,1.520,-0.011
25853,783574397,99812.86,28.14,1.321,1.132,0.003
25855,783634422,99806.99,28.14,1.386,1.628,0.174
25857,783694427,99808.71,28.14,1.375,1.483,0.418
25859,783754397,99805.48,28.14,1.427,1.756,0.166
25861,783814415,99808.47,28.14,1.394,1.503,0.354
25863,783874397,99805.73,28.14,1.416,1.735,-0.169
25865,783934422,99813.04,28.14,1.339,1.117,-0.001
25867,783994397,99810.05,28.15,1.360,1.370,-0.467
25869,784054397,99813.48,28.14,1.302,1.080,-0.162
25871,784114415,99811.43,28.14,1.270,1.253,-0.739
25873,784174397,99809.80,28.14,1.317,1.390,-0.336
25875,784234423,99811.20,28.14,1.318,1.272,0.484
25877,784294435,99808.87,28.14,1.347,1.470,0.175
25879,784354397,99816.90,28.14,1.262,0.791,0.130
25881,784414415,99809.05,28.14,1.324,1.455,-0.536
25883,784474397,99806.99,28.14,1.366,1.628,0.318
25885,784534423,99812.01,28.14,1.356,1.204,0.628
25887,784594397,99813.66,28.14,1.313,1.065,0.038
25889,784654396,99811.62,28.15,1.310,1.237,-0.532
25891,784714415,99811.72,28.15,1.292,1.228,-0.285
25893,784774397,99814.46,28.15,1.275,0.997,-0.149
25895,784834422,99806.84,28.14,1.308,1.640,-0.267
25897,784894452,99808.66,28.14,1.339,1.487,0.219
25899,784954397,99810.36,28.15,1.316,1.344,0.429
25901,785014415,99810.53,28.14,1.322,1.329,-0.095
25903,785074409,99810.11,28.14,1.323,1.364,0.036
25905,785134423,99811.15,28.15,1.312,1.277,-0.015
25907,785194397,99811.19,28.15,1.321,1.273,-0.012
25909,785254397,99808.69,28.15,1.354,1.485,0.155
25911,785314415,99809.60,28.14,1.361,1.407,0.333
25913,785374398,99808.05,28.15,1.363,1.539,0.086
25915,785434423,99812.80,28.15,1.296,1.137,-0.186
25917,785494427,99812.02,28.15,1.269,1.203,-0.682
25919,785554397,99811.73,28.15,1.311,1.228,-0.184
25921,785614415,99807.44,28.15,1.343,1.590,0.375
25923,785674397,99808.32,28.15,1.341,1.516,0.205
25925,785734422,99809.96,28.15,1.335,1.377,0.109
25927,785794397,99812.21,28.15,1.291,1.187,-0.112
25929,785854408,99813.59,28.15,1.285,1.070,-0.335
25931,785914416,99810.16,28.15,1.328,1.361,0.026
25933,785974397,99810.50,28.15,1.318,1.332,0.240
25935,786034423,99811.78,28.15,1.293,1.223,-0.126
25937,786094427,99811.34,28.15,1.317,1.261,-0.103
25939,786154397,99811.27,28.15,1.309,1.266,0.166
25941,786214415,99813.09,28.15,1.269,1.113,-0.204
25943,786274397,99810.44,28.15,1.306,1.337,-0.278
25945,786334422,99809.41,28.15,1.327,1.423,0.297
25947,786394410,99811.91,28.15,1.335,1.212,0.392
25949,786454397,99805.43,28.15,1.400,1.760,0.277
25951,786514415,99812.66,28.15,1.413,1.150,0.845
25953,786574397,99812.96,28.15,1.370,1.123,0.362
25955,786634431,99812.68,28.15,1.351,1.147,-0.568
25957,786694427,99809.01,28.15,1.371,1.458,-0.342
25959,786754397,99812.10,28.15,1.368,1.196,0.153
25961,786814415,99809.23,28.15,1.381,1.439,0.072
25963,786874397,99812.20,28.15,1.324,1.188,-0.187
25965,786934423,99806.02,28.15,1.373,1.710,-0.500
25967,786994397,99808.96,28.15,1.354,1.462,0.196
25969,787054396,99808.04,28.15,1.386,1.540,0.132
25971,787114415,99811.53,28.15,1.380,1.244,0.439
25973,787174397,99809.41,28.15,1.391,1.424,0.106
25975,787234422,99809.73,28.15,1.406,1.397,0.100
25977,787294427,99803.75,28.15,1.477,1.902,0.288
25979,787354397,99809.18,28.15,1.452,1.443,0.630
25981,787414425,99810.38,28.15,1.422,1.342,-0.023
25983,787474397,99808.46,28.15,1.437,1.504,-0.310
25985,787534422,99814.08,28.15,1.330,1.029,-0.287
25987,787594397,99808.49,28.15,1.357,1.501,-1.006
25989,787654396,99810.71,28.15,1.362,1.314,0.029
25991,787714415,99807.38,28.15,1.382,1.595,0.138
25993,787774397,99808.46,28.15,1.401,1.504,0.222
25995,787834422,99809.76,28.15,1.384,1.394,0.255
25997,787894466,99810.12,28.15,1.360,1.363,-0.216
25999,787954397,99814.78,28.15,1.295,0.969,-0.390
26001,788014415,99810.94,28.15,1.314,1.295,-0.592
26003,788074397,99811.30,28.15,1.279,1.263,-0.252
26005,788134423,99808.88,28.15,1.312,1.468,-0.281
26007,788194409,99811.28,28.15,1.312,1.265,0.329
26009,788254397,99809.30,28.15,1.311,1.433,0.050
26011,788314415,99809.80,28.15,1.332,1.391,0.035
26013,788374397,99809.73,28.15,1.337,1.397,0.277
26015,788434423,99812.22,28.15,1.331,1.186,0.168
26017,788494427,99808.73,28.15,1.332,1.481,-0.106
26019,788554397,99811.43,28.15,1.317,1.253,-0.126
26021,788614415,99809.55,28.15,1.330,1.411,-0.042
26023,788674397,99811.39,28.15,1.307,1.257,-0.010
26025,788734422,99809.09,28.15,1.327,1.450,-0.150
26027,788794397,99808.31,28.15,1.395,1.517,0.431
26029,788854396,99810.50,28.15,1.403,1.332,0.894
26031,788914415,99810.06,28.15,1.419,1.369,0.349
26033,788974407,99807.18,28.15,1.437,1.612,0.118
26035,789034423,99814.31,28.15,1.364,1.009,0.016
26037,789094426,99810.09,28.15,1.354,1.366,-0.694
26039,789154397,99811.74,28.15,1.335,1.227,-0.435
26041,789214415,99810.28,28.15,1.327,1.350,-0.256
26043,789274397,99813.35,28.15,1.288,1.091,-0.249
26045,789334423,99810.41,28.15,1.292,1.339,-0.410
26047,789394410,99807.56,28.15,1.336,1.580,-0.052
26049,789454397,99808.42,28.15,1.372,1.507,0.593
26051,789514415,99807.93,28.15,1.420,1.549,0.747
26053,789574397,99807.81,28.15,1.420,1.558,0.538
26055,789634423,99808.24,28.16,1.431,1.522,0.131
26057,789694427,99812.08,28.15,1.386,1.198,0.088
26059,789754408,99809.49,28.15,1.380,1.417,-0.453
26061,789814415,99809.90,28.15,1.414,1.382,-0.030
26063,789874397,99805.02,28.15,1.431,1.794,0.227
26065,789934423,99811.70,28.16,1.412,1.230,0.203
26067,789994397,99807.47,28.15,1.450,1.588,0.164
26069,790054397,99808.30,28.15,1.463,1.517,0.295
26071,790114415,99810.62,28.15,1.444,1.322,0.243
26073,790174397,99808.27,28.15,1.443,1.520,-0.202
26075,790234422,99808.69,28.15,1.444,1.485,-0.133
26077,790294427,99808.72,28.15,1.461,1.482,0.128
26079,790354397,99810.05,28.15,1.434,1.370,0.105
26081,790414415,99809.68,28.15,1.403,1.401,-0.412
26083,790474397,99807.39,28.15,1.383,1.595,-0.629
26085,790534431,99809.12,28.15,1.369,1.448,-0.357
26087,790594397,99812.52,28.15,1.294,1.161,-0.339
26089,790654397,99812.09,28.15,1.329,1.197,-0.480
26091,790714415,99810.18,28.15,1.316,1.359,0.107
26093,790774396,99808.76,28.15,1.347,1.479,-0.105
26095,790834422,99809.93,28.15,1.404,1.380,0.652
26097,790894452,99807.38,28.16,1.447,1.595,0.835
26099,790954397,99810.59,28.15,1.421,1.323,0.414
26101,791014415,99810.45,28.15,1.380,1.336,-0.315
26103,791074397,99807.84,28.15,1.379,1.557,-0.638
26105,791134422,99813.93,28.15,1.340,1.042,-0.092
26107,791194397,99811.12,28.15,1.361,1.279,-0.137
26109,791254397,99808.53,28.15,1.389,1.498,0.071
26111,791314425,99810.16,28.15,1.373,1.361,0.184
26113,791374397,99811.92,28.15,1.345,1.211,-0.135
26115,791434423,99810.27,28.15,1.315,1.351,-0.491
26117,791494427,99814.15,28.15,1.271,1.024,-0.495
26119,791554397,99807.63,28.15,1.304,1.574,-0.465
26121,791614415,99809.09,28.15,1.308,1.451,0.071
26123,791674397,99810.27,28.15,1.354,1.351,0.483
26125,791734422,99808.31,28.15,1.369,1.516,0.558
26127,791794397,99810.33,28.15,1.383,1.346,0.304
26129,791854397,99809.61,28.15,1.380,1.407,0.220
26131,791914416,99808.38,28.15,1.404,1.511,0.014
26133,791974397,99809.37,28.15,1.422,1.428,0.357
26135,792034423,99811.73,28.15,1.397,1.228,0.256
26137,792094435,99811.06,28.15,1.392,1.284,-0.196
26139,792154397,99811.42,28.15,1.376,1.253,-0.188
26141,792214415,99810.84,28.15,1.359,1.303,-0.294
26143,792274397,99806.22,28.15,1.407,1.694,-0.201
26145,792334423,99809.69,28.15,1.403,1.401,0.418
26147,792394410,99806.73,28.15,1.403,1.650,0.033
26149,792454396,99807.60,28.15,1.421,1.577,-0.005
26151,792514415,99808.91,28.15,1.436,1.466,0.406
26153,792574397,99810.87,28.15,1.450,1.300,0.437
26155,792634422,99810.96,28.15,1.416,1.293,0.083
26157,792694427,99809.09,28.15,1.427,1.451,-0.389
26159,792754397,99809.73,28.15,1.397,1.397,-0.153
26161,792814415,99808.41,28.15,1.407,1.508,-0.297
26163,792874407,99811.05,28.15,1.372,1.285,-0.059
26165,792934420,99807.73,28.15,1.371,1.566,-0.421
26167,792994397,99811.04,28.15,1.383,1.286,0.020
26169,793054397,99808.19,28.15,1.376,1.527,0.118
26171,793114415,99810.19,28.15,1.361,1.358,-0.191
26173,793174397,99811.38,28.15,1.337,1.258,-0.146
26175,793234423,99807.62,28.15,1.365,1.575,-0.261
26177,793294427,99807.73,28.15,1.417,1.566,0.396
26179,793354397,99809.68,28.15,1.415,1.401,0.706
26181,793414415,99808.02,28.15,1.436,1.541,0.165
26183,793474397,99808.40,28.15,1.434,1.509,0.146
26185,793534422,99805.70,28.15,1.450,1.738,-0.032
26187,793594397,99807.73,28.15,1.467,1.566,0.241
26189,793654408,99811.76,28.15,1.430,1.225,0.316
26191,793714415,99807.13,28.15,1.426,1.616,-0.445
26193,793774397,99808.32,28.15,1.456,1.516,-0.085
26195,793834423,99807.91,28.15,1.484,1.551,0.527
26197,793894452,99808.91,28.15,1.476,1.466,0.321
26199,793954397,99809.22,28.15,1.488,1.440,0.083
26201,794014415,99807.88,28.15,1.510,1.554,0.199
26203,794074397,99808.46,28.15,1.513,1.504,0.240
26205,794134422,99805.63,28.15,1.546,1.743,0.127
26207,794194397,99813.99,28.15,1.466,1.036,0.193
26209,794254397,99809.91,28.15,1.477,1.381,-0.561
26211,794314415,99808.32,28.15,1.480,1.516,-0.248
26213,794374397,99810.56,28.15,1.391,1.327,-0.446
26215,794434431,99806.17,28.15,1.419,1.697,-0.928
26217,794494426,99807.42,28.15,1.430,1.592,0.118
26219,794554397,99807.72,28.15,1.412,1.566,0.124
26221,794614415,99810.76,28.15,1.425,1.310,0.072
26223,794674397,99811.95,28.15,1.416,1.209,0.298
26225,794734422,99813.63,28.15,1.370,1.067,-0.202
26227,794794396,99807.21,28.15,1.396,1.610,-0.615
26229,794854397,99810.03,28.15,1.387,1.371,-0.006
26231,794914415,99807.61,28.15,1.405,1.576,0.056
26233,794974397,99808.55,28.15,1.408,1.496,0.129
26235,795034422,99808.62,28.15,1.438,1.490,0.276
26237,795094427,99811.14,28.15,1.406,1.278,0.279
26239,795154397,99805.19,28.15,1.433,1.781,-0.348
26241,795214425,99810.20,28.15,1.434,1.357,0.223
26243,795274397,99807.32,28.15,1.444,1.600,0.218
26245,795334423,99810.02,28.15,1.413,1.372,-0.074
26247,795394410,99809.22,28.15,1.398,1.440,-0.321
26249,795454397,99812.30,28.15,1.355,1.180,-0.335
26251,795514415,99810.73,28.15,1.359,1.312,-0.387
26253,795574397,99812.32,28.15,1.351,1.178,-0.038
26255,795634422,99808.66,28.14,1.383,1.487,-0.005
26257,795694426,99809.09,28.15,1.383,1.451,0.168
26259,795754397,99810.59,28.15,1.378,1.324,0.102
26261,795814415,99806.01,28.15,1.413,1.711,-0.010
26263,795874397,99810.04,28.14,1.413,1.371,0.350
26265,795934423,99805.24,28.14,1.419,1.776,0.031
26267,795994409,99813.27,28.14,1.387,1.097,0.055
26269,796054397,99809.65,28.14,1.370,1.403,-0.208
26271,796114415,99807.20,28.14,1.410,1.611,-0.317
26273,796174397,99810.82,28.14,1.402,1.304,0.437
26275,796234423,99814.09,28.14,1.362,1.028,0.094
26277,796294427,99807.50,28.14,1.409,1.585,-0.358
26279,796354397,99811.32,28.14,1.421,1.262,0.397
26281,796414415,99806.67,28.14,1.496,1.655,0.572
26283,796474397,99809.73,28.14,1.485,1.397,0.690
26285,796534422,99808.86,28.14,1.510,1.470,0.224
26287,796594397,99808.43,28.14,1.499,1.506,0.142
26289,796654397,99808.29,28.14,1.525,1.519,0.025
26291,796714415,99807.12,28.14,1.527,1.617,0.212
26293,796774407,99809.38,28.14,1.541,1.426,0.184
26295,796834423,99810.34,28.14,1.511,1.345,0.153
26297,796894452,99811.35,28.14,1.454,1.259,-0.539
26299,796954397,99808.45,28.14,1.485,1.505,-0.580
26301,797014415,99808.19,28.14,1.483,1.527,0.100
26303,797074397,99808.23,28.14,1.482,1.524,-0.002
26305,797134423,99808.43,28.14,1.501,1.506,0.112
26307,797194397,99807.12,28.14,1.532,1.617,0.326
26309,797254397,99808.52,28.14,1.490,1.499,0.120
26311,797314415,99808.54,28.14,1.527,1.498,-0.134
26313,797374397,99804.89,28.14,1.528,1.806,0.173
26315,797434422,99806.86,28.14,1.526,1.640,-0.055
26317,797494427,99808.61,28.14,1.505,1.491,0.054
26319,797554408,99807.16,28.14,1.557,1.614,0.087
26321,797614415,99811.78,28.14,1.520,1.223,0.512
26323,797674397,99806.65,28.14,1.559,1.657,-0.155
26325,797734423,99809.08,28.14,1.530,1.452,0.078
26327,797794397,99810.60,28.14,1.493,1.323,-0.291
26329,797854397,99808.55,28.14,1.526,1.496,-0.270
26331,797914416,99808.16,28.14,1.514,1.529,0.128
26333,797974397,99810.55,28.14,1.484,1.328,-0.168
26335,798034422,99807.48,28.14,1.503,1.587,-0.264
26337,798094427,99809.50,28.14,1.505,1.416,0.133
26339,798154396,99809.25,28.14,1.503,1.437,0.121
26341,798214415,99810.94,28.14,1.472,1.294,-0.126
26343,798274397,99808.23,28.14,1.471,1.524,-0.401
26345,798334431,99805.77,28.14,1.489,1.731,-0.218
26347,798394410,99806.98,28.14,1.501,1.628,0.202
26349,798454397,99809.27,28.15,1.540,1.435,0.569
26351,798514415,99806.64,28.14,1.522,1.658,0.314
26353,798574397,99809.27,28.14,1.492,1.436,-0.329
26355,798634422,99808.38,28.14,1.497,1.511,-0.223
26357,798694426,99810.30,28.14,1.475,1.348,-0.050
26359,798754397,99810.26,28.14,1.439,1.352,-0.350
26361,798814415,99811.30,28.14,1.429,1.264,-0.431
26363,798874397,99810.14,28.14,1.457,1.362,0.007
26365,798934422,99810.09,28.14,1.452,1.366,0.209
26367,798994397,99807.47,28.14,1.495,1.588,0.081
26369,799054397,99806.28,28.14,1.493,1.688,0.260
26371,799114426,99808.27,28.14,1.489,1.520,0.041
26373,799174397,99807.57,28.14,1.503,1.579,0.100
26375,799234423,99810.63,28.14,1.469,1.320,0.078
26377,799294427,99807.50,28.15,1.468,1.585,-0.368
26379,799354396,99806.07,28.14,1.496,1.706,-0.133
26381,799414415,99808.66,28.14,1.489,1.487,0.329
26383,799474397,99810.49,28.14,1.518,1.332,0.359
26385,799534422,99809.93,28.14,1.535,1.380,0.478
26387,799594397,99807.02,28.14,1.534,1.626,0.029
26389,799654397,99805.81,28.14,1.579,1.728,0.055
26391,799714415,99811.34,28.14,1.517,1.261,0.366
26393,799774397,99809.24,28.14,1.507,1.438,-0.516
26395,799834423,99810.55,28.14,1.449,1.327,-0.552
26397,799894460,99810.40,28.14,1.442,1.340,-0.630
26399,799954397,99808.46,28.14,1.454,1.504,-0.179
26401,800014415,99807.08,28.14,1.505,1.621,0.249
26403,800074397,99806.91,28.14,1.539,1.635,0.690
26405,800134423,99806.07,28.14,1.573,1.706,0.568
26407,800194397,99806.47,28.14,1.607,1.672,0.581
26409,800254397,99810.73,28.14,1.563,1.313,0.406
26411,800314415,99808.89,28.14,1.518,1.468,-0.581
26413,800374397,99809.32,28.14,1.509,1.431,-0.673
26415,800434422,99806.91,28.14,1.526,1.635,-0.149
26417,800494427,99810.76,28.14,1.487,1.310,0.022
26419,800554397,99809.30,28.14,1.494,1.433,-0.243
26421,800614415,99808.48,28.14,1.498,1.502,-0.064
26423,800674407,99810.08,28.14,1.465,1.367,-0.095
26425,800734423,99809.88,28.14,1.442,1.384,-0.415
26427,800794397,99805.53,28.14,1.496,1.751,-0.216
26429,800854397,99807.81,28.14,1.551,1.559,0.784
26431,800914416,99803.98,28.14,1.611,1.883,0.926
26433,800974397,99804.13,28.14,1.635,1.870,0.659
26435,801034423,99805.02,28.14,1.675,1.794,0.623
26437,801094427,99809.61,28.14,1.632,1.407,0.511
26439,801154397,99812.91,28.14,1.546,1.128,-0.522
26441,801214415,99807.11,28.14,1.545,1.618,-1.138
26443,801274397,99807.04,28.14,1.550,1.624,-0.382
26445,801334423,99806.11,28.14,1.562,1.703,0.078
26447,801394410,99809.38,28.14,1.532,1.426,0.088
26449,801454408,99805.42,28.14,1.579,1.761,-0.090
26451,801514415,99807.16,28.14,1.556,1.613,0.237
26453,801574397,99809.46,28.14,1.537,1.420,-0.097
26455,801634423,99808.55,28.14,1.520,1.496,-0.262
26457,801694426,99804.62,28.14,1.570,1.829,-0.174
26459,801754397,99811.70,28.14,1.520,1.231,0.414
26461,801814415,99809.02,28.14,1.521,1.457,-0.262
26463,801874397,99808.26,28.14,1.542,1.521,-0.106
26465,801934422,99811.27,28.14,1.496,1.267,0.083
26467,801994397,99805.10,28.14,1.563,1.788,-0.262
26469,802054397,99809.40,28.14,1.548,1.425,0.507
26471,802114415,99808.36,28.14,1.534,1.512,-0.004
26473,802174397,99812.31,28.14,1.501,1.178,-0.208
26475,802234431,99805.52,28.14,1.590,1.753,-0.013
26477,802294427,99808.29,28.14,1.613,1.519,0.869
26479,802354397,99807.02,28.14,1.625,1.625,0.499
26481,802414415,99805.86,28.14,1.658,1.724,0.219
26483,802474397,99811.88,28.14,1.600,1.216,0.295
26485,802534422,99809.98,28.14,1.573,1.376,-0.543
26487,802594397,99807.57,28.14,1.599,1.579,-0.434
26489,802654397,99809.67,28.14,1.583,1.402,0.152
26491,802714415,99807.12,28.14,1.560,1.617,-0.307
26493,802774397,99805.77,28.14,1.585,1.732,-0.332
26495,802834423,99808.48,28.14,1.585,1.503,0.328
26497,802894466,99809.12,28.14,1.555,1.448,0.031
26499,802954397,99809.38,28.14,1.591,1.426,-0.070
26501,803014425,99811.89,28.14,1.543,1.214,0.233
26503,803074397,99805.81,28.14,1.556,1.728,-0.614
26505,803134423,99810.25,28.14,1.515,1.353,-0.238
26507,803194397,99806.66,28.14,1.562,1.656,-0.113
26509,803254397,99805.90,28.14,1.621,1.721,0.591
26511,803314415,99805.92,28.14,1.630,1.719,0.711
26513,803374397,99803.43,28.14,1.652,1.929,0.153
26515,803434423,99806.38,28.14,1.635,1.680,0.175
26517,803494426,99809.45,28.14,1.607,1.420,-0.005
26519,803554397,99806.53,28.14,1.575,1.667,-0.505
26521,803614415,99806.15,28.14,1.611,1.700,-0.347
26523,803674397,99810.44,28.14,1.587,1.337,0.431
26525,803734423,99804.32,28.14,1.594,1.854,-0.285
26527,803794409,99808.16,28.14,1.632,1.530,0.149
26529,803854397,99808.53,28.14,1.594,1.498,0.432
26531,803914415,99809.62,28.14,1.545,1.406,-0.585
26533,803974397,99810.24,28.14,1.499,1.353,-0.753
26535,804034423,99807.16,28.14,1.549,1.614,-0.401
26537,804094427,99809.02,28.14,1.504,1.457,0.175
26539,804154397,99808.84,28.14,1.506,1.472,-0.347
26541,804214415,99810.73,28.14,1.475,1.313,-0.117
26543,804274397,99805.99,28.14,1.502,1.713,-0.332
26545,804334422,99806.02,28.14,1.526,1.710,0.161
26547,804394410,99806.33,28.14,1.580,1.684,0.624
26549,804454397,99806.43,28.14,1.599,1.676,0.750
26551,804514415,99804.61,28.14,1.616,1.830,0.281
26553,804574407,99804.92,28.14,1.636,1.803,0.244
26555,804634422,99806.93,28.14,1.611,1.633,0.211
26557,804694426,99807.38,28.14,1.598,1.596,-0.205
26559,804754397,99808.35,28.14,1.583,1.513,-0.177
26561,804814415,99808.05,28.14,1.569,1.539,-0.223
26563,804874397,99806.59,28.14,1.567,1.662,-0.278
26565,804934423,99805.20,28.14,1.614,1.780,0.089
26567,804994397,99809.77,28.14,1.561,1.393,0.379
26569,805054397,99803.73,28.14,1.602,1.904,-0.371
26571,805114415,99810.24,28.14,1.584,1.353,0.318
26573,805174397,99805.02,28.14,1.613,1.795,0.078
26575,805234422,99807.94,28.14,1.606,1.548,0.132
26577,805294427,99807.47,28.14,1.606,1.588,0.084
26579,805354408,99805.16,28.14,1.627,1.783,-0.033
26581,805414415,99805.55,28.14,1.625,1.750,0.117
26583,805474397,99805.02,28.14,1.631,1.795,0.032
26585,805534423,99806.90,28.14,1.609,1.636,0.011
26587,805594397,99807.24,28.14,1.585,1.607,-0.260
26589,805654396,99806.61,28.14,1.576,1.661,-0.358
26591,805714415,99802.10,28.14,1.626,2.042,-0.114
26593,805774397,99805.43,28.14,1.631,1.760,0.512
26595,805834422,99805.84,28.14,1.654,1.725,0.444
26597,805894452,99808.35,28.13,1.650,1.513,0.391
26599,805954397,99806.56,28.14,1.638,1.664,-0.054
26601,806014415,99808.12,28.14,1.635,1.532,-0.162
26603,806074397,99806.19,28.13,1.654,1.696,0.042
26605,806134431,99809.73,28.14,1.601,1.397,-0.018
26607,806194397,99806.35,28.14,1.634,1.682,-0.358
26609,806254397,99804.57,28.13,1.692,1.833,0.372
26611,806314415,99805.45,28.13,1.638,1.758,0.308
26613,806374397,99810.05,28.13,1.617,1.369,-0.360
26615,806434422,99811.85,28.14,1.526,1.217,-0.477
26617,806494426,99807.17,28.13,1.525,1.613,-1.190
26619,806554397,99805.88,28.13,1.570,1.722,-0.165
26621,806614415,99810.53,28.13,1.512,1.329,0.340
26623,806674397,99808.34,28.13,1.525,1.514,-0.392
26625,806734422,99806.82,28.13,1.531,1.643,-0.076
26627,806794397,99805.88,28.13,1.562,1.723,0.132
26629,806854397,99808.50,28.13,1.583,1.500,0.559
26631,806914424,99810.29,28.13,1.532,1.349,0.205
26633,806974397,99806.53,28.13,1.530,1.667,-0.658
26635,807034423,99806.84,28.13,1.542,1.641,-0.193
26637,807094427,99806.64,28.13,1.588,1.658,0.410
26639,807154397,99809.52,28.13,1.584,1.415,0.637
26641,807214415,99807.54,28.13,1.538,1.582,-0.212
26643,807274397,99806.88,28.13,1.579,1.638,-0.416
26645,807334423,99808.32,28.13,1.560,1.516,0.327
26647,807394410,99805.48,28.13,1.604,1.756,0.016
26649,807454397,99812.26,28.13,1.498,1.183,0.065
26651,807514415,99809.96,28.13,1.443,1.377,-1.204
26653,807574397,99807.95,28.13,1.496,1.547,-0.640
26655,807634423,99808.57,28.13,1.496,1.495,0.453
26657,807694435,99811.09,28.13,1.484,1.281,0.154
26659,807754397,99808.48,28.13,1.521,1.502,0.079
26661,807814415,99806.14,28.13,1.586,1.700,0.503
26663,807874397,99805.93,28.13,1.584,1.718,0.604
26665,807934420,99809.78,28.13,1.542,1.392,-0.004
26667,807994397,99806.82,28.13,1.561,1.643,-0.304
26669,808054397,99807.60,28.13,1.579,1.577,0.160
26671,808114415,99806.72,28.13,1.610,1.651,0.393
26673,808174397,99806.48,28.13,1.581,1.672,0.129
26675,808234422,99806.34,28.13,1.598,1.684,-0.209
26677,808294427,99808.80,28.13,1.588,1.475,0.230
26679,808354397,99806.62,28.13,1.595,1.659,-0.041
26681,808414415,99808.62,28.13,1.582,1.491,-0.025
26683,808474407,99807.27,28.13,1.570,1.605,-0.168
26685,808534423,99805.05,28.13,1.592,1.792,-0.205
26687,808594397,99808.87,28.13,1.538,1.470,0.000
26689,808654397,99809.19,28.13,1.539,1.443,-0.351
26691,808714415,99811.09,28.12,1.513,1.281,-0.083
26693,808774397,99810.02,28.13,1.525,1.373,-0.170
26695,808834423,99808.54,28.13,1.519,1.497,-0.061
26697,808894452,99806.41,28.13,1.555,1.677,-0.032
26699,808954397,99808.95,28.13,1.547,1.462,0.363
26701,809014415,99809.28,28.13,1.520,1.435,-0.059
26703,809074397,99806.59,28.13,1.566,1.663,-0.166
26705,809134423,99809.27,28.13,1.546,1.435,0.365
26707,809194397,99807.05,28.13,1.571,1.624,0.000
26709,809254408,99802.72,28.12,1.620,1.990,0.195
26711,809314415,99804.32,28.13,1.659,1.854,0.647
26713,809374397,99807.95,28.12,1.650,1.548,0.706
26715,809434423,99804.95,28.13,1.639,1.801,-0.091
26717,809494427,99806.71,28.13,1.613,1.652,-0.350
26719,809554397,99802.16,28.13,1.671,2.037,-0.106
26721,809614415,99809.22,28.12,1.624,1.440,0.475
26723,809674397,99808.46,28.13,1.590,1.504,-0.322
26725,809734422,99807.70,28.13,1.596,1.568,-0.469
26727,809794397,99808.96,28.13,1.582,1.462,-0.020
26729,809854397,99801.46,28.13,1.638,2.095,-0.158
26731,809914416,99806.97,28.13,1.628,1.630,0.445
26733,809974397,99803.81,28.13,1.670,1.897,0.314
26735,810034431,99808.15,28.13,1.658,1.530,0.442
26737,810094427,99812.05,28.13,1.621,1.200,0.138
26739,810154396,99805.96,28.13,1.637,1.715,-0.448
26741,810214415,99806.34,28.13,1.634,1.684,-0.179
26743,810274397,99810.49,28.13,1.570,1.332,-0.149
26745,810334422,99804.95,28.13,1.587,1.800,-0.681
26747,810394410,99810.52,28.13,1.570,1.330,0.024
26749,810454396,99808.50,28.13,1.537,1.501,-0.182
26751,810514415,99809.90,28.13,1.478,1.382,-0.761
26753,810574397,99808.08,28.13,1.462,1.536,-0.795
26755,810634423,99807.33,28.13,1.529,1.600,0.012
26757,810694427,99806.30,28.13,1.541,1.686,0.701
26759,810754397,99810.14,28.13,1.573,1.362,0.544
26761,810814425,99809.03,28.13,1.545,1.456,0.344
26763,810874396,99805.58,28.13,1.602,1.747,-0.191
26765,810934423,99807.29,28.13,1.581,1.603,0.388
26767,810994397,99805.29,28.13,1.567,1.772,-0.268
26769,811054397,99805.95,28.13,1.600,1.717,-0.059
26771,811114415,99805.01,28.13,1.632,1.796,0.522
26773,811174397,99805.91,28.13,1.663,1.720,0.566
26775,811234422,99807.21,28.13,1.679,1.609,0.589
26777,811294426,99807.53,28.13,1.648,1.583,0.115
26779,811354397,99808.20,28.13,1.602,1.526,-0.538
26781,811414415,99810.21,28.13,1.547,1.356,-0.720
26783,811474397,99807.59,28.13,1.554,1.578,-0.645
26785,811534423,99806.23,28.13,1.600,1.693,0.072
26787,811594409,99806.64,28.13,1.598,1.658,0.455
26789,811654397,99807.19,28.13,1.584,1.612,-0.008
26791,811714415,99805.16,28.13,1.612,1.783,-0.070
26793,811774397,99807.56,28.13,1.602,1.580,0.258
26795,811834423,99805.38,28.13,1.619,1.765,0.023
26797,811894452,99808.95,28.13,1.585,1.463,0.052
26799,811954397,99805.84,28.13,1.600,1.725,-0.238
26801,812014415,99809.56,28.13,1.568,1.411,-0.019
26803,812074397,99807.88,28.13,1.550,1.553,-0.337
26805,812134422,99808.04,28.13,1.544,1.540,-0.350
26807,812194397,99800.88,28.13,1.655,2.144,0.191
26809,812254397,99804.53,28.13,1.654,1.836,1.029
26811,812314415,99807.21,28.13,1.647,1.610,0.398
26813,812374407,99809.12,28.14,1.610,1.448,-0.050
26815,812434423,99808.90,28.13,1.606,1.467,-0.346
26817,812494426,99808.84,28.13,1.591,1.472,-0.185
26819,812554397,99804.09,28.13,1.584,1.873,-0.469
26821,812614415,99810.54,28.13,1.572,1.329,-0.080
26823,812674397,99806.14,28.14,1.596,1.700,0.111
26825,812734423,99806.39,28.14,1.579,1.679,-0.068
26827,812794397,99810.80,28.14,1.557,1.307,-0.044
26829,812854397,99805.32,28.14,1.586,1.770,-0.144
26831,812914416,99806.51,28.14,1.633,1.669,0.343
26833,812974397,99805.09,28.14,1.654,1.789,0.665
26835,813034422,99805.26,28.14,1.635,1.775,0.104
26837,813094427,99806.12,28.14,1.655,1.701,-0.020
26839,813154408,99810.22,28.14,1.609,1.355,0.199
26841,813214415,99808.09,28.14,1.568,1.535,-0.621
26843,813274397,99806.22,28.14,1.606,1.694,-0.492
26845,813334423,99807.74,28.14,1.603,1.564,0.343
26847,813394410,99805.09,28.14,1.621,1.789,0.050
26849,813454397,99807.46,28.14,1.593,1.589,0.015
26851,813514415,99806.52,28.14,1.603,1.667,-0.156
26853,813574397,99807.40,28.14,1.621,1.594,0.178
26855,813634422,99806.73,28.14,1.584,1.650,0.001
26857,813694427,99806.51,28.14,1.581,1.669,-0.453
26859,813754397,99806.80,28.14,1.588,1.645,-0.026
26861,813814415,99806.90,28.14,1.593,1.636,0.122
26863,813874397,99806.27,28.14,1.592,1.690,0.035
26865,813934431,99805.41,28.14,1.638,1.762,0.179
26867,813994397,99809.41,28.15,1.634,1.424,0.651
26869,814054397,99807.26,28.15,1.643,1.605,0.161
26871,814114415,99807.61,28.15,1.609,1.576,-0.203
26873,814174397,99802.98,28.15,1.677,1.967,-0.201
26875,814234422,99806.40,28.15,1.672,1.678,0.619
26877,814294427,99804.62,28.15,1.686,1.829,0.188
26879,814354397,99811.21,28.15,1.635,1.272,0.108
26881,814414415,99806.30,28.15,1.654,1.687,-0.344
26883,814474397,99807.22,28.15,1.626,1.609,-0.214
26885,814534423,99807.90,28.15,1.605,1.551,-0.326
26887,814594397,99807.04,28.15,1.589,1.624,-0.369
26889,814654397,99805.69,28.15,1.643,1.738,-0.004
26891,814714425,99805.03,28.15,1.677,1.794,0.672
26893,814774397,99805.35,28.15,1.675,1.767,0.400
26895,814834422,99807.10,28.15,1.683,1.619,0.175
26897,814894452,99806.58,28.15,1.702,1.663,0.261
26899,814954397,99805.70,28.15,1.684,1.738,0.029
26901,815014415,99807.58,28.15,1.672,1.579,-0.192
26903,815074397,99808.18,28.16,1.651,1.528,-0.134
26905,815134422,99810.38,28.16,1.631,1.342,-0.211
26907,815194397,99805.61,28.16,1.627,1.745,-0.406
26909,815254397,99808.45,28.16,1.620,1.505,-0.203
26911,815314415,99807.61,28.16,1.628,1.576,0.070
26913,815374397,99803.95,28.16,1.672,1.885,0.095
26915,815434423,99808.40,28.16,1.643,1.509,0.368
26917,815494435,99806.87,28.16,1.638,1.639,-0.151
26919,815554397,99809.42,28.16,1.580,1.423,-0.366
26921,815614415,99806.30,28.16,1.614,1.687,-0.484
26923,815674397,99801.26,28.16,1.698,2.113,0.367
26925,815734423,99805.97,28.16,1.686,1.714,0.879
26927,815794397,99809.20,28.16,1.620,1.441,0.001
26929,815854397,99808.21,28.16,1.643,1.525,-0.490
26931,815914416,99808.65,28.16,1.609,1.488,-0.045
26933,815974397,99810.54,28.16,1.575,1.328,-0.428
26935,816034422,99806.44,28.16,1.577,1.675,-0.521
26937,816094427,99805.30,28.16,1.634,1.771,0.038
26939,816154397,99802.90,28.16,1.695,1.974,0.800
26941,816214415,99805.63,28.16,1.706,1.743,0.814
26943,816274409,99803.55,28.16,1.762,1.920,0.551
26945,816334423,99808.23,28.16,1.725,1.523,0.559
26947,816394410,99806.56,28.16,1.710,1.664,-0.279
26949,816454397,99804.89,28.16,1.721,1.806,-0.321
26951,816514415,99808.47,28.16,1.696,1.503,0.064
26953,816574397,99806.65,28.16,1.681,1.657,-0.257
26955,816634423,99804.33,28.16,1.705,1.853,-0.279
26957,816694427,99806.48,28.17,1.697,1.671,0.192
26959,816754397,99806.64,28.16,1.695,1.657,0.046
26961,816814415,99805.85,28.17,1.705,1.724,-0.005
26963,816874397,99803.22,28.17,1.707,1.947,-0.062
26965,816934422,99806.91,28.16,1.666,1.635,-0.150
26967,816994397,99806.52,28.17,1.688,1.668,-0.137
26969,817054408,99805.70,28.17,1.666,1.737,0.009
26971,817114415,99805.44,28.17,1.658,1.760,-0.327
26973,817174397,99806.27,28.17,1.655,1.689,-0.103
26975,817234423,99806.26,28.17,1.679,1.690,0.144
26977,817294427,99807.94,28.17,1.667,1.548,0.279
26979,817354397,99808.99,28.17,1.646,1.459,-0.088
26981,817414415,99807.27,28.17,1.656,1.605,-0.220
26983,817474397,99805.59,28.17,1.649,1.746,-0.134
26985,817534422,99803.77,28.17,1.698,1.900,0.038
26987,817594397,99803.74,28.17,1.714,1.903,0.526
26989,817654397,99804.04,28.17,1.722,1.878,0.284
26991,817714415,99808.70,28.17,1.628,1.484,-0.173
26993,817774397,99808.30,28.18,1.653,1.517,-0.654
26995,817834431,99807.76,28.17,1.650,1.564,0.106
26997,817894465,99807.18,28.18,1.629,1.613,-0.192
26999,817954397,99807.35,28.18,1.628,1.598,-0.260
27001,818014415,99810.00,28.17,1.578,1.374,-0.177
27003,818074397,99805.15,28.18,1.624,1.784,-0.403
27005,818134422,99805.53,28.18,1.662,1.751,0.442
27007,818194397,99804.16,28.18,1.702,1.867,0.652
27009,818254397,99807.09,28.18,1.673,1.620,0.391
27011,818314415,99808.04,28.18,1.676,1.540,-0.056
27013,818374397,99801.46,28.18,1.710,2.096,-0.097
27015,818434422,99807.78,28.18,1.726,1.562,0.456
27017,818494427,99804.92,28.18,1.715,1.803,0.332
27019,818554397,99800.86,28.18,1.779,2.146,-0.099
27021,818614425,99802.70,28.18,1.792,1.991,0.651
27023,818674397,99810.27,28.18,1.682,1.351,0.077
27025,818734423,99810.43,28.18,1.628,1.338,-1.101
27027,818794397,99807.45,28.18,1.640,1.590,-0.795
27029,818854397,99807.00,28.18,1.641,1.627,-0.099
27031,818914416,99806.80,28.18,1.667,1.644,0.143
27033,818974397,99807.11,28.18,1.654,1.618,0.217
27035,819034422,99805.75,28.19,1.633,1.733,-0.297
27037,819094426,99804.56,28.18,1.698,1.833,-0.008
27039,819154397,99805.84,28.19,1.671,1.726,0.541
27041,819214415,99810.35,28.19,1.647,1.344,-0.063
27043,819274397,99805.53,28.19,1.662,1.751,-0.220
27045,819334423,99803.97,28.19,1.727,1.884,0.180
27047,819394418,99806.17,28.19,1.725,1.697,0.757
27049,819454397,99810.62,28.19,1.655,1.322,-0.008
27051,819514415,99806.45,28.19,1.674,1.674,-0.655
27053,819574397,99807.16,28.19,1.671,1.614,-0.065
27055,819634423,99804.80,28.19,1.709,1.813,0.122
27057,819694427,99805.31,28.19,1.712,1.770,0.334
27059,819754397,99805.59,28.19,1.747,1.746,0.321
27061,819814415,99808.21,28.19,1.693,1.525,0.230
27063,819874397,99808.91,28.19,1.673,1.466,-0.491
27065,819934422,99807.73,28.19,1.679,1.566,-0.267
27067,819994397,99805.70,28.19,1.669,1.737,-0.188
27069,820054397,99807.25,28.19,1.653,1.606,-0.223
27071,820114415,99806.56,28.19,1.671,1.664,-0.037
27073,820174407,99803.19,28.19,1.731,1.950,0.314
27075,820234423,99806.16,28.20,1.711,1.699,0.541
27077,820294426,99804.49,28.20,1.728,1.839,0.017
27079,820354397,99806.81,28.20,1.745,1.643,0.298
27081,820414415,99806.27,28.20,1.758,1.689,0.373
27083,820474397,99804.54,28.20,1.748,1.836,-0.017
27085,820534423,99806.48,28.20,1.741,1.672,-0.123
27087,820594397,99806.23,28.20,1.710,1.693,-0.181
27089,820654397,99806.95,28.20,1.673,1.631,-0.540
27091,820714415,99807.38,28.20,1.668,1.595,-0.413
27093,820774397,99807.81,28.20,1.671,1.559,-0.026
27095,820834422,99806.95,28.20,1.678,1.631,0.045
27097,820894452,99804.61,28.20,1.734,1.830,0.236
27099,820954408,99804.40,28.20,1.738,1.847,0.518
27101,821014415,99808.37,28.21,1.683,1.512,-0.016
27103,821074397,99807.84,28.20,1.691,1.557,-0.379
27105,821134423,99803.31,28.20,1.724,1.939,-0.048
27107,821194397,99805.69,28.21,1.740,1.738,0.355
27109,821254397,99803.82,28.20,1.744,1.896,0.267
27111,821314415,99809.09,28.21,1.735,1.450,0.188
27113,821374397,99804.11,28.21,1.787,1.872,0.218
27115,821434422,99806.77,28.21,1.755,1.647,0.255
27117,821494427,99806.72,28.21,1.734,1.651,-0.280
27119,821554397,99808.66,28.21,1.709,1.487,-0.305
27121,821614415,99802.82,28.21,1.767,1.981,-0.170
27123,821674397,99807.32,28.21,1.753,1.600,0.457
27125,821734431,99807.12,28.21,1.721,1.617,-0.047
27127,821794397,99806.59,28.21,1.717,1.662,-0.434
27129,821854397,99806.91,28.21,1.700,1.635,-0.186
27131,821914416,99807.20,28.21,1.689,1.611,-0.225
27133,821974397,99807.22,28.21,1.670,1.609,-0.231
27135,822034422,99807.81,28.21,1.665,1.559,-0.220
27137,822094426,99801.02,28.21,1.746,2.133,0.062
27139,822154397,99802.18,28.22,1.782,2.035,0.799
27141,822214415,99805.75,28.22,1.798,1.733,0.836
27143,822274397,99803.11,28.22,1.806,1.956,0.309
27145,822334422,99806.61,28.22,1.806,1.660,0.146
27147,822394409,99805.91,28.22,1.821,1.719,0.246
27149,822454397,99806.76,28.22,1.790,1.648,-0.006
27151,822514426,99804.96,28.22,1.799,1.800,-0.324
27153,822574397,99805.57,28.22,1.767,1.748,-0.187
27155,822634422,99805.42,28.22,1.758,1.761,-0.370
27157,822694427,99806.35,28.22,1.712,1.682,-0.361
27159,822754397,99805.60,28.22,1.721,1.745,-0.448
27161,822814415,99806.27,28.22,1.730,1.689,0.100
27163,822874397,99803.73,28.22,1.779,1.904,0.287
27165,822934420,99808.29,28.23,1.747,1.518,0.474
27167,822994397,99802.39,28.22,1.774,2.017,-0.212
27169,823054396,99804.97,28.22,1.780,1.799,0.120
27171,823114415,99806.45,28.23,1.738,1.674,0.071
27173,823174397,99804.98,28.23,1.767,1.799,-0.286
27175,823234423,99801.20,28.23,1.828,2.118,0.348
27177,823294435,99806.77,28.23,1.784,1.647,0.541
27179,823354397,99803.30,28.23,1.806,1.940,-0.179
27181,823414415,99807.36,28.23,1.782,1.597,0.090
27183,823474397,99802.15,28.23,1.856,2.037,0.126
27185,823534423,99804.12,28.23,1.857,1.871,0.621
27187,823594397,99806.85,28.23,1.862,1.640,0.368
27189,823654397,99805.30,28.23,1.836,1.771,-0.030
27191,823714415,99801.92,28.23,1.843,2.057,-0.503
27193,823774397,99808.67,28.23,1.783,1.486,-0.123
27195,823834422,99805.27,28.23,1.780,1.774,-0.490
27197,823894452,99803.67,28.23,1.779,1.909,-0.370
27199,823954397,99804.36,28.23,1.765,1.851,-0.141
27201,824014415,99808.08,28.23,1.722,1.536,-0.174
27203,824074407,99806.64,28.23,1.692,1.658,-0.544
27205,824134423,99807.34,28.23,1.664,1.599,-0.584
27207,824194397,99803.65,28.23,1.687,1.911,-0.364
27209,824254397,99801.63,28.23,1.723,2.081,0.131
27211,824314415,99804.14,28.23,1.717,1.869,0.417
27213,824374397,99804.47,28.23,1.732,1.842,0.207
27215,824434423,99802.80,28.23,1.769,1.982,0.301
27217,824494427,99804.61,28.23,1.748,1.830,0.310
27219,824554397,99808.35,28.23,1.717,1.513,-0.075
27221,824614415,99808.55,28.23,1.708,1.496,-0.213
27223,824674397,99807.67,28.23,1.745,1.571,0.050
27225,824734422,99809.62,28.24,1.676,1.406,0.055
27227,824794397,99807.83,28.23,1.635,1.558,-0.952
27229,824854408,99807.44,28.24,1.623,1.591,-0.709
27231,824914416,99802.20,28.24,1.669,2.033,-0.206
27233,824974397,99804.82,28.24,1.680,1.812,0.419
27235,825034423,99804.09,28.23,1.700,1.873,0.387
27237,825094427,99805.65,28.24,1.676,1.741,0.130
27239,825154397,99804.88,28.23,1.712,1.806,0.008
27241,825214415,99805.70,28.24,1.728,1.738,0.472
27243,825274397,99802.16,28.24,1.779,2.036,0.370
27245,825334422,99803.63,28.24,1.792,1.912,0.545
27247,825394410,99803.62,28.24,1.795,1.912,0.292
27249,825454397,99806.91,28.24,1.758,1.635,0.003
27251,825514415,99806.81,28.24,1.711,1.643,-0.506
27253,825574397,99802.27,28.24,1.747,2.027,-0.601
27255,825634431,99806.45,28.24,1.729,1.674,0.230
27257,825694427,99805.47,28.24,1.727,1.757,-0.004
27259,825754397,99806.91,28.24,1.721,1.634,-0.053
27261,825814415,99804.86,28.24,1.735,1.808,-0.019
27263,825874397,99808.12,28.24,1.707,1.533,0.047
27265,825934422,99804.90,28.24,1.747,1.805,-0.052
27267,825994397,99807.15,28.24,1.731,1.615,0.270
27269,826054397,99801.89,28.24,1.769,2.059,-0.078
27271,826114415,99808.02,28.24,1.703,1.541,0.062
27273,826174397,99807.38,28.24,1.674,1.596,-0.566
27275,826234422,99805.99,28.24,1.690,1.713,-0.409
27277,826294427,99809.41,28.24,1.629,1.423,-0.095
27279,826354397,99805.55,28.24,1.650,1.750,-0.554
27281,826414425,99805.32,28.24,1.708,1.769,0.287
27283,826474397,99806.50,28.24,1.673,1.670,0.503
27285,826534423,99806.60,28.24,1.698,1.661,-0.111
27287,826594397,99803.40,28.24,1.763,1.932,0.452
27289,826654397,99804.34,28.24,1.769,1.853,0.660
27291,826714415,99806.33,28.24,1.754,1.684,0.211
27293,826774397,99805.80,28.24,1.750,1.729,-0.106
27295,826834422,99803.40,28.24,1.791,1.932,0.021
27297,826894451,99808.32,28.24,1.771,1.516,0.465
27299,826954397,99803.74,28.24,1.798,1.903,0.003
27301,827014415,99803.37,28.24,1.793,1.934,-0.020
27303,827074397,99801.30,28.24,1.837,2.109,0.096
27305,827134423,99806.38,28.24,1.787,1.680,0.352
27307,827194409,99801.27,28.23,1.832,2.111,-0.249
27309,827254397,99805.50,28.24,1.808,1.754,0.261
27311,827314415,99803.70,28.24,1.789,1.906,-0.195
27313,827374397,99804.63,28.24,1.800,1.827,-0.221
27315,827434423,99804.98,28.24,1.809,1.797,0.215
27317,827494427,99807.65,28.24,1.747,1.573,-0.088
27319,827554397,99805.62,28.24,1.754,1.744,-0.596
27321,827614415,99803.36,28.24,1.755,1.935,-0.206
27323,827674397,99806.12,28.24,1.772,1.702,0.140
27325,827734422,99808.16,28.24,1.758,1.529,0.361
27327,827794397,99805.34,28.24,1.766,1.767,-0.125
27329,827854397,99804.63,28.24,1.742,1.827,-0.256
27331,827914416,99804.46,28.24,1.782,1.842,-0.075
27333,827974407,99806.23,28.24,1.773,1.692,0.457
27335,828034423,99805.52,28.24,1.794,1.752,0.117
27337,828094426,99802.28,28.24,1.829,2.026,0.214
27339,828154397,99806.20,28.24,1.801,1.695,0.287
27341,828214415,99804.16,28.24,1.807,1.867,-0.139
27343,828274397,99802.66,28.24,1.809,1.995,-0.145
27345,828334423,99807.16,28.24,1.805,1.614,0.163
27347,828394410,99805.28,28.24,1.820,1.773,0.190
27349,828454397,99806.08,28.23,1.811,1.706,0.051
27351,828514415,99805.38,28.23,1.814,1.764,-0.066
27353,828574397,99802.64,28.23,1.811,1.996,-0.180
27355,828634422,99804.69,28.23,1.801,1.823,-0.121
27357,828694427,99807.00,28.23,1.761,1.627,-0.106
27359,828754408,99803.53,28.23,1.771,1.920,-0.456
27361,828814415,99806.02,28.23,1.752,1.710,-0.097
27363,828874397,99808.86,28.23,1.680,1.471,-0.336
27365,828934423,99806.34,28.23,1.698,1.683,-0.692
27367,828994397,99804.55,28.23,1.691,1.835,-0.155
27369,829054397,99804.29,28.23,1.712,1.857,-0.045
27371,829114415,99804.40,28.23,1.722,1.847,0.281
27373,829174397,99800.77,28.23,1.775,2.154,0.259
27375,829234422,99804.10,28.23,1.803,1.872,0.743
27377,829294427,99805.23,28.23,1.802,1.777,0.592
27379,829354397,99805.45,28.23,1.787,1.759,-0.001
27381,829414415,99807.28,28.23,1.779,1.604,-0.098
27383,829474397,99807.30,28.23,1.786,1.602,0.034
27385,829534432,99805.66,28.23,1.787,1.740,-0.011
27387,829594397,99802.95,28.23,1.820,1.970,-0.020
27389,829654397,99806.88,28.23,1.766,1.637,0.114
27391,829714415,99805.16,28.23,1.762,1.782,-0.472
27393,829774397,99805.90,28.23,1.748,1.720,-0.229
27395,829834422,99807.10,28.23,1.699,1.619,-0.342
27397,829894452,99803.56,28.23,1.735,1.918,-0.467
27399,829954397,99800.85,28.23,1.788,2.147,0.320
27401,830014415,99802.41,28.23,1.828,2.016,0.794
27403,830074397,99807.20,28.23,1.775,1.610,0.525
27405,830134422,99805.09,28.23,1.771,1.789,-0.421
27407,830194397,99805.89,28.23,1.751,1.721,-0.290
27409,830254397,99804.91,28.23,1.758,1.803,-0.197
27411,830314426,99805.71,28.23,1.744,1.736,-0.036
27413,830374397,99806.16,28.23,1.727,1.698,-0.174
27415,830434423,99805.49,28.23,1.747,1.755,-0.096
27417,830494427,99808.12,28.23,1.701,1.533,0.031
27419,830554397,99805.29,28.23,1.671,1.772,-0.672
27421,830614415,99803.99,28.23,1.744,1.881,-0.168
27423,830674397,99805.66,28.23,1.748,1.741,0.813
27425,830734422,99805.79,28.23,1.792,1.730,0.473
27427,830794397,99805.20,28.23,1.803,1.780,0.536
27429,830854397,99805.27,28.23,1.797,1.773,0.103
27431,830914415,99807.17,28.23,1.739,1.613,-0.291
27433,830974397,99804.99,28.23,1.759,1.797,-0.540
27435,831034423,99805.52,28.23,1.755,1.753,0.049
27437,831094435,99803.95,28.23,1.829,1.885,0.349
27439,831154397,99809.35,28.23,1.756,1.429,0.593
27441,831214415,99802.80,28.23,1.785,1.982,-0.625
27443,831274397,99803.92,28.23,1.790,1.887,-0.018
27445,831334423,99806.33,28.23,1.754,1.684,0.062
27447,831394410,99804.80,28.23,1.744,1.813,-0.402
27449,831454397,99805.30,28.23,1.736,1.771,-0.246
27451,831514415,99800.60,28.23,1.794,2.168,0.022
27453,831574397,99806.21,28.23,1.821,1.694,0.835
27455,831634422,99801.88,28.23,1.824,2.060,0.440
27457,831694427,99807.41,28.23,1.778,1.592,-0.142
27459,831754397,99803.72,28.23,1.822,1.905,-0.148
27461,831814415,99806.02,28.23,1.790,1.710,0.179
27463,831874407,99805.27,28.23,1.721,1.774,-0.628
27465,831934423,99803.55,28.23,1.787,1.919,-0.548
27467,831994397,99802.59,28.23,1.793,2.000,0.553
27469,832054397,99806.55,28.23,1.741,1.666,-0.013
27471,832114415,99804.03,28.23,1.754,1.878,-0.416
27473,832174397,99801.50,28.23,1.794,2.092,0.052
27475,832234423,99807.03,28.23,1.784,1.625,0.559
27477,832294427,99808.75,28.23,1.744,1.480,0.092
27479,832354397,99806.76,28.23,1.763,1.648,-0.357
27481,832414415,99805.44,28.23,1.738,1.760,-0.161
27483,832474397,99810.89,28.23,1.670,1.299,-0.432
27485,832534422,99804.21,28.23,1.730,1.863,-0.492
27487,832594397,99805.32,28.23,1.740,1.769,0.356
27489,832654409,99802.66,28.23,1.800,1.994,0.443
27491,832714415,99805.70,28.23,1.809,1.738,0.741
27493,832774397,99804.26,28.23,1.787,1.859,0.115
27495,832834423,99805.92,28.23,1.734,1.719,-0.528
27497,832894467,99807.90,28.23,1.714,1.551,-0.524
27499,832954397,99801.84,28.23,1.761,2.064,-0.225
27501,833014415,99807.32,28.23,1.708,1.600,0.155
27503,833074397,99806.88,28.23,1.678,1.638,-0.441
27505,833134422,99805.75,28.23,1.680,1.733,-0.459
27507,833194397,99805.30,28.23,1.675,1.771,-0.120
27509,833254397,99802.47,28.23,1.710,2.010,-0.032
27511,833314415,99802.41,28.23,1.755,2.015,0.491
27513,833374397,99805.38,28.23,1.755,1.765,0.692
27515,833434431,99805.01,28.24,1.741,1.796,0.102
27517,833494427,99805.08,28.23,1.766,1.790,-0.021
27519,833554397,99804.86,28.23,1.770,1.808,0.282
27521,833614415,99804.95,28.24,1.784,1.800,0.141
27523,833674397,99804.56,28.23,1.792,1.833,0.195
27525,833734422,99805.00,28.24,1.766,1.797,-0.049
27527,833794397,99805.12,28.23,1.789,1.786,-0.120
27529,833854396,99805.73,28.24,1.781,1.735,0.222
27531,833914415,99805.64,28.23,1.739,1.742,-0.287
27533,833974397,99806.56,28.24,1.755,1.664,-0.334
27535,834034422,99801.66,28.24,1.812,2.079,0.255
27537,834094427,99803.04,28.24,1.821,1.962,0.510
27539,834154397,99806.73,28.24,1.819,1.650,0.415
27541,834214425,99804.71,28.24,1.830,1.821,0.141
27543,834274397,99807.77,28.24,1.811,1.563,0.064
27545,834334423,99805.55,28.24,1.798,1.750,-0.223
27547,834394410,99805.45,28.24,1.766,1.759,-0.469
27549,834454397,99803.31,28.24,1.791,1.939,-0.344
27551,834514415,99805.77,28.24,1.809,1.731,0.357
27553,834574397,99801.21,28.24,1.823,2.117,0.193
27555,834634422,99807.38,28.24,1.784,1.595,0.035
27557,834694426,99804.02,28.24,1.838,1.879,0.055
27559,834754397,99804.06,28.24,1.808,1.876,0.203
27561,834814415,99805.57,28.24,1.767,1.748,-0.436
27563,834874397,99810.07,28.24,1.710,1.368,-0.493
27565,834934423,99804.70,28.24,1.713,1.822,-0.704
27567,834994409,99806.23,28.24,1.675,1.692,-0.455
27569,835054397,99803.77,28.24,1.717,1.900,-0.223
27571,835114415,99805.76,28.24,1.715,1.733,0.389
27573,835174397,99807.10,28.24,1.694,1.619,0.084
27575,835234423,99806.79,28.24,1.702,1.645,-0.131
27577,835294427,99805.23,28.24,1.727,1.777,0.110
27579,835354397,99807.91,28.24,1.740,1.551,0.418
27581,835414415,99808.02,28.24,1.719,1.541,0.198
27583,835474397,99806.31,28.24,1.725,1.686,-0.274
27585,835534422,99805.58,28.24,1.747,1.748,0.043
27587,835594397,99805.63,28.24,1.765,1.743,0.319
27589,835654397,99805.47,28.24,1.771,1.757,0.255
27591,835714415,99806.22,28.24,1.732,1.693,-0.118
27593,835774407,99803.47,28.24,1.743,1.926,-0.469
27595,835834423,99802.11,28.24,1.780,2.041,0.079
27597,835894452,99809.16,28.24,1.719,1.445,0.371
27599,835954396,99801.68,28.24,1.749,2.077,-0.477
27601,836014415,99808.41,28.24,1.700,1.509,-0.060
27603,836074397,99809.45,28.24,1.640,1.421,-0.454
27605,836134423,99805.86,28.24,1.687,1.724,-0.573
27607,836194397,99804.98,28.24,1.717,1.798,0.396
27609,836254397,99806.82,28.24,1.706,1.643,0.364
27611,836314415,99807.26,28.24,1.696,1.606,-0.025
27613,836374397,99807.30,28.24,1.684,1.603,-0.165
27615,836434422,99805.31,28.24,1.691,1.770,-0.202
27617,836494427,99807.88,28.24,1.692,1.553,0.096
27619,836554408,99804.91,28.24,1.745,1.804,0.312
27621,836614415,99802.84,28.24,1.756,1.979,0.385
27623,836674397,99805.51,28.24,1.738,1.753,0.103
27625,836734423,99804.77,28.24,1.747,1.816,-0.031
27627,836794397,99806.17,28.24,1.724,1.697,-0.018
27629,836854397,99806.49,28.24,1.749,1.671,-0.010
27631,836914416,99803.84,28.24,1.767,1.895,0.229
27633,836974397,99805.88,28.24,1.748,1.722,0.084
27635,837034422,99802.22,28.24,1.773,2.031,-0.127
27637,837094427,99808.92,28.24,1.708,1.465,0.035
27639,837154397,99806.69,28.24,1.720,1.654,-0.387
27641,837214415,99804.77,28.24,1.727,1.816,-0.113
27643,837274397,99808.72,28.24,1.713,1.482,0.118
27645,837334431,99808.36,28.24,1.708,1.513,0.009
27647,837394410,99803.23,28.24,1.744,1.947,-0.149
27649,837454397,99810.70,28.24,1.659,1.315,0.025
27651,837514415,99804.75,28.24,1.637,1.818,-0.945
27653,837574397,99806.29,28.24,1.645,1.688,-0.524
27655,837634423,99808.82,28.24,1.636,1.473,0.227
27657,837694426,99808.72,28.24,1.598,1.482,-0.182
27659,837754396,99803.06,28.24,1.649,1.960,-0.442
27661,837814415,99804.60,28.24,1.697,1.830,0.582
27663,837874397,99802.63,28.24,1.729,1.997,0.752
27665,837934420,99809.03,28.24,1.702,1.456,0.482
27667,837994397,99805.27,28.24,1.723,1.774,0.004
27669,838054397,99809.83,28.24,1.676,1.388,-0.033
27671,838114426,99807.42,28.24,1.683,1.592,-0.349
27673,838174397,99805.29,28.24,1.677,1.772,-0.248
27675,838234423,99804.97,28.24,1.693,1.799,-0.091
27677,838294427,99804.92,28.24,1.672,1.803,0.030
27679,838354397,99803.53,28.24,1.716,1.921,-0.038
27681,838414415,99806.20,28.24,1.723,1.696,0.574
27683,838474397,99804.33,28.24,1.727,1.853,0.186
27685,838534423,99803.98,28.24,1.724,1.882,-0.084
27687,838594397,99805.65,28.24,1.703,1.742,-0.073
27689,838654397,99804.25,28.24,1.736,1.860,-0.028
27691,838714415,99806.64,28.24,1.720,1.658,0.298
27693,838774397,99807.77,28.24,1.732,1.562,0.111
27695,838834423,99803.78,28.24,1.751,1.900,0.079
27697,838894459,99806.16,28.24,1.767,1.699,0.231
27699,838954397,99805.49,28.24,1.734,1.755,0.089
27701,839014415,99803.36,28.24,1.772,1.935,-0.271
27703,839074397,99807.66,28.24,1.701,1.571,0.091
27705,839134423,99806.77,28.24,1.689,1.647,-0.632
27707,839194397,99803.14,28.24,1.734,1.954,-0.189
27709,839254397,99805.41,28.24,1.751,1.762,0.512
27711,839314415,99803.91,28.24,1.744,1.888,0.232
27713,839374397,99803.24,28.24,1.784,1.945,0.060
27715,839434422,99805.30,28.24,1.780,1.771,0.488
27717,839494427,99806.42,28.24,1.760,1.676,0.052
27719,839554397,99807.73,28.24,1.710,1.566,-0.390
27721,839614415,99806.38,28.24,1.713,1.680,-0.567
27723,839674407,99805.73,28.24,1.736,1.735,0.012
27725,839734423,99805.83,28.24,1.740,1.726,0.255
27727,839794397,99807.70,28.24,1.733,1.568,0.131
27729,839854397,99808.52,28.24,1.679,1.499,-0.248
27731,839914416,99808.88,28.24,1.626,1.468,-0.853
27733,839974397,99802.70,28.24,1.680,1.991,-0.632
27735,840034423,99804.91,28.24,1.708,1.804,0.494
27737,840094427,99804.89,28.24,1.716,1.806,0.528
27739,840154397,99806.78,28.24,1.687,1.646,0.056
27741,840214415,99804.70,28.24,1.676,1.822,-0.391
27743,840274397,99804.60,28.24,1.693,1.830,-0.175
27745,840334422,99805.54,28.24,1.710,1.751,0.325
27747,840394410,99802.02,28.24,1.727,2.048,0.171
27749,840454408,99803.36,28.24,1.762,1.935,0.285
27751,840514415,99807.05,28.24,1.766,1.623,0.697
27753,840574397,99804.41,28.24,1.763,1.847,0.124
27755,840634423,99804.59,28.24,1.821,1.831,0.174
27757,840694427,99800.80,28.24,1.844,2.151,0.584
27759,840754397,99806.07,28.24,1.773,1.706,-0.019
27761,840814415,99804.67,28.24,1.786,1.824,-0.479
27763,840874397,99807.43,28.24,1.760,1.591,-0.009
27765,840934422,99804.48,28.24,1.745,1.841,-0.369
27767,840994397,99806.32,28.24,1.737,1.685,-0.304
27769,841054397,99802.52,28.24,1.781,2.006,0.042
27771,841114415,99805.92,28.24,1.766,1.718,0.369
27773,841174397,99807.20,28.24,1.753,1.610,0.058
27775,841234431,99804.97,28.24,1.730,1.799,-0.340
27777,841294426,99804.59,28.24,1.727,1.831,-0.428
27779,841354397,99805.62,28.24,1.760,1.744,0.174
27781,841414415,99802.07,28.24,1.841,2.044,0.706
27783,841474397,99807.47,28.24,1.803,1.588,0.808
27785,841534422,99803.67,28.24,1.795,1.909,-0.297
27787,841594397,99803.33,28.24,1.815,1.938,-0.238
27789,841654397,99804.53,28.24,1.805,1.836,0.191
27791,841714415,99805.98,28.24,1.776,1.714,-0.115
27793,841774397,99807.35,28.24,1.778,1.598,-0.166
27795,841834422,99809.80,28.24,1.701,1.391,-0.256
27797,841894452,99803.28,28.24,1.753,1.942,-0.758
27799,841954397,99804.58,28.24,1.739,1.832,0.129
27801,842014425,99805.24,28.24,1.748,1.776,0.056
27803,842074397,99805.16,28.25,1.737,1.783,0.057
27805,842134423,99806.66,28.24,1.718,1.656,-0.147
27807,842194397,99807.55,28.24,1.735,1.581,0.005
27809,842254397,99808.25,28.24,1.708,1.522,0.095
27811,842314415,99806.37,28.25,1.696,1.681,-0.414
27813,842374397,99802.75,28.24,1.758,1.987,-0.095
27815,842434422,99807.94,28.24,1.706,1.548,0.451
27817,842494426,99805.23,28.24,1.736,1.777,-0.203
27819,842554397,99805.94,28.25,1.712,1.717,0.034
27821,842614415,99807.50,28.25,1.675,1.585,-0.329
27823,842674397,99804.21,28.24,1.691,1.863,-0.427
27825,842734423,99804.41,28.24,1.691,1.846,-0.028
27827,842794409,99805.09,28.25,1.706,1.789,0.147
27829,842854397,99805.59,28.25,1.740,1.747,0.423
27831,842914415,99808.93,28.25,1.695,1.464,0.337
27833,842974397,99805.88,28.25,1.682,1.722,-0.523
27835,843034422,99805.46,28.25,1.684,1.757,-0.361
27837,843094427,99810.66,28.25,1.613,1.318,-0.148
27839,843154397,99809.84,28.25,1.585,1.388,-0.711
27841,843214415,99804.76,28.25,1.616,1.817,-0.520
27843,843274397,99802.92,28.25,1.643,1.972,0.100
27845,843334422,99807.38,28.25,1.626,1.595,0.370
27847,843394410,99807.68,28.25,1.613,1.570,0.016
27849,843454397,99808.14,28.25,1.581,1.531,-0.308
27851,843514415,99808.11,28.25,1.595,1.534,-0.264
27853,843574407,99810.45,28.25,1.534,1.336,-0.115
27855,843634423,99805.22,28.25,1.578,1.778,-0.553
27857,843694426,99805.46,28.25,1.633,1.757,0.486
27859,843754397,99809.09,28.25,1.607,1.451,0.706
27861,843814415,99806.00,28.25,1.604,1.712,-0.220
27863,843874397,99804.48,28.25,1.651,1.841,-0.028
27865,843934423,99808.98,28.25,1.658,1.460,0.713
27867,843994397,99805.33,28.25,1.663,1.769,0.198
27869,844054397,99805.19,28.25,1.670,1.781,-0.096
27871,844114415,99803.81,28.25,1.699,1.897,0.168
27873,844174397,99807.12,28.25,1.688,1.617,0.363
27875,844234422,99805.29,28.25,1.690,1.772,0.001
27877,844294427,99807.19,28.25,1.698,1.611,0.064
27879,844354408,99809.95,28.25,1.641,1.378,0.003
27881,844414415,99809.88,28.25,1.597,1.384,-0.730
27883,844474397,99808.26,28.25,1.597,1.521,-0.641
27885,844534423,99807.82,28.25,1.626,1.558,0.012
27887,844594397,99806.52,28.25,1.636,1.668,0.287
27889,844654397,99806.63,28.25,1.629,1.658,0.035
27891,844714415,99807.74,28.25,1.646,1.565,0.103
27893,844774397,99805.29,28.25,1.693,1.772,0.385
27895,844834422,99807.67,28.25,1.692,1.571,0.525
27897,844894452,99808.57,28.25,1.613,1.495,-0.247
27899,844954397,99809.77,28.25,1.559,1.393,-1.084
27901,845014415,99806.18,28.25,1.630,1.697,-0.392
27903,845074397,99806.52,28.25,1.622,1.669,0.505
27905,845134431,99811.00,28.26,1.567,1.289,-0.076
27907,845194397,99807.88,28.26,1.582,1.553,-0.454
27909,845254397,99804.90,28.25,1.648,1.805,0.170
27911,845314415,99807.57,28.25,1.619,1.579,0.561
27913,845374397,99807.08,28.25,1.618,1.621,-0.147
27915,845434422,99805.88,28.26,1.612,1.722,-0.164
27917,845494426,99806.12,28.26,1.610,1.701,-0.127
27919,845554397,99806.40,28.26,1.597,1.678,-0.077
27921,845614415,99807.59,28.26,1.585,1.578,-0.136
27923,845674397,99804.69,28.26,1.586,1.823,-0.234
27925,845734423,99808.44,28.26,1.564,1.506,-0.085
27927,845794397,99807.12,28.26,1.577,1.618,-0.032
27929,845854397,99806.60,28.26,1.581,1.661,0.044
27931,845914424,99810.37,28.26,1.542,1.343,0.006
27933,845974397,99809.70,28.26,1.560,1.400,-0.156
27935,846034423,99806.02,28.26,1.626,1.710,0.306
27937,846094427,99807.27,28.26,1.656,1.604,0.794
27939,846154397,99806.55,28.26,1.642,1.665,0.352
27941,846214415,99805.80,28.26,1.653,1.729,-0.137
27943,846274397,99808.67,28.26,1.640,1.486,0.145
27945,846334422,99807.42,28.25,1.607,1.592,-0.241
27947,846394410,99809.49,28.26,1.550,1.417,-0.670
27949,846454397,99806.70,28.25,1.555,1.653,-0.675
27951,846514415,99805.09,28.26,1.621,1.789,0.146
27953,846574397,99807.06,28.26,1.596,1.622,0.612
27955,846634423,99803.46,28.26,1.629,1.927,-0.106
27957,846694435,99805.02,28.26,1.658,1.794,0.401
27959,846754397,99805.88,28.26,1.667,1.722,0.539
27961,846814415,99806.46,28.26,1.661,1.673,0.164
27963,846874397,99804.28,28.26,1.700,1.857,0.084
27965,846934423,99805.15,28.26,1.732,1.784,0.543
27967,846994397,99805.52,28.26,1.717,1.753,0.375
27969,847054397,99805.95,28.25,1.718,1.716,-0.083
27971,847114415,99807.73,28.26,1.678,1.565,-0.126
27973,847174397,99805.94,28.25,1.721,1.717,-0.187
27975,847234422,99805.34,28.26,1.738,1.768,0.407
27977,847294427,99802.71,28.26,1.735,1.990,0.042
27979,847354397,99804.62,28.26,1.760,1.829,0.097
27981,847414415,99806.90,28.26,1.744,1.636,0.402
27983,847474409,99808.55,28.25,1.693,1.496,-0.238
27985,847534423,99807.06,28.26,1.629,1.622,-0.953
27987,847594397,99808.29,28.25,1.624,1.518,-0.805
27989,847654397,99802.96,28.25,1.663,1.969,-0.113
27991,847714415,99809.51,28.25,1.628,1.415,0.290
27993,847774397,99807.83,28.25,1.608,1.557,-0.199
27995,847834423,99807.64,28.25,1.618,1.573,-0.300
27997,847894466,99807.52,28.25,1.640,1.583,0.208
27999,847954396,99808.81,28.25,1.572,1.474,-0.084
28001,848014415,99807.60,28.25,1.567,1.576,-0.754
28003,848074397,99804.39,28.26,1.606,1.848,-0.136
28005,848134422,99810.03,28.26,1.587,1.371,0.447
28007,848194397,99804.86,28.26,1.608,1.808,-0.023
28009,848254408,99808.09,28.25,1.636,1.536,0.272
28011,848314415,99807.40,28.26,1.625,1.594,0.406
28013,848374397,99805.52,28.25,1.631,1.753,-0.199
28015,848434423,99807.64,28.25,1.618,1.573,-0.012
28017,848494427,99803.73,28.26,1.650,1.904,-0.038
28019,848554397,99808.90,28.25,1.621,1.467,0.235
28021,848614415,99809.70,28.25,1.587,1.399,-0.173
28023,848674397,99805.88,28.25,1.602,1.722,-0.472
28025,848734422,99807.16,28.25,1.593,1.614,-0.057
28027,848794397,99805.31,28.25,1.606,1.770,-0.044
28029,848854396,99807.38,28.25,1.614,1.595,0.192
28031,848914416,99805.72,28.25,1.589,1.736,-0.020
28033,848974397,99803.39,28.26,1.630,1.933,-0.240
28035,849034431,99807.09,28.25,1.637,1.620,0.539
28037,849094427,99808.47,28.26,1.591,1.503,0.119
28039,849154397,99806.31,28.26,1.600,1.686,-0.491
28041,849214415,99807.87,28.26,1.609,1.554,0.075
28043,849274397,99809.77,28.26,1.593,1.393,0.201
28045,849334422,99807.21,28.26,1.563,1.609,-0.374
28047,849394410,99807.75,28.25,1.564,1.564,-0.451
28049,849454397,99807.92,28.26,1.575,1.549,0.075
28051,849514415,99810.16,28.26,1.567,1.361,0.201
28053,849574397,99809.70,28.26,1.537,1.399,-0.156
28055,849634422,99804.45,28.26,1.585,1.843,-0.360
28057,849694427,99805.20,28.26,1.608,1.780,0.400
28059,849754397,99811.36,28.25,1.575,1.259,0.476
28061,849814425,99808.69,28.26,1.560,1.485,-0.248
28063,849874397,99810.39,28.25,1.516,1.341,-0.504
28065,849934423,99804.20,28.25,1.577,1.864,-0.381
28067,849994397,99805.05,28.25,1.610,1.792,0.531
28069,850054396,99804.42,28.26,1.623,1.845,0.522
28071,850114415,99807.08,28.25,1.611,1.621,0.213
28073,850174397,99805.61,28.25,1.660,1.745,0.228
28075,850234422,99808.49,28.25,1.616,1.502,0.348
28077,850294426,99804.74,28.25,1.604,1.818,-0.550
28079,850354397,99806.80,28.25,1.645,1.644,-0.031
28081,850414415,99811.38,28.25,1.624,1.258,0.671
28083,850474397,99807.19,28.25,1.592,1.612,-0.352
28085,850534423,99806.72,28.25,1.596,1.651,-0.603
28087,850594409,99804.97,28.25,1.606,1.799,-0.053
28089,850654397,99804.32,28.25,1.659,1.854,0.301
28091,850714415,99807.35,28.25,1.638,1.598,0.604
28093,850774397,99807.26,28.25,1.642,1.605,0.000
28095,850834423,99803.97,28.25,1.623,1.884,-0.272
28097,850894452,99806.99,28.25,1.588,1.628,-0.423
28099,850954397,99808.06,28.25,1.596,1.538,-0.147
28101,851014415,99810.47,28.25,1.572,1.335,0.102
28103,851074396,99805.39,28.25,1.589,1.764,-0.294
28105,851134424,99806.30,28.25,1.575,1.686,-0.144
28107,851194397,99807.16,28.24,1.577,1.614,-0.028
28109,851254397,99808.26,28.24,1.586,1.521,0.164
28111,851314415,99803.48,28.24,1.633,1.925,0.178
28113,851374407,99808.14,28.24,1.632,1.531,0.513
28115,851434423,99808.52,28.24,1.620,1.500,0.236
28117,851494426,99806.95,28.24,1.609,1.632,-0.262
28119,851554397,99803.49,28.24,1.630,1.924,-0.277
28121,851614415,99808.69,28.24,1.632,1.485,0.327
28123,851674397,99805.82,28.24,1.655,1.727,0.305
28125,851734423,99804.15,28.24,1.663,1.868,0.061
28127,851794397,99802.93,28.24,1.727,1.971,0.329
28129,851854397,99806.98,28.24,1.703,1.629,0.730
28131,851914416,99809.21,28.24,1.670,1.441,-0.057
28133,851974397,99804.79,28.24,1.708,1.814,-0.290
28135,852034422,99802.48,28.23,1.753,2.009,0.287
28137,852094427,99809.66,28.23,1.722,1.403,0.617
28139,852154408,99809.91,28.23,1.661,1.381,-0.254
28141,852214415,99807.27,28.23,1.660,1.605,-0.832
28143,852274397,99810.96,28.23,1.615,1.293,-0.280
28145,852334423,99804.31,28.23,1.645,1.855,-0.482
28147,852394410,99804.23,28.23,1.685,1.862,0.157
28149,852454397,99807.30,28.23,1.666,1.602,0.519
28151,852514415,99807.27,28.23,1.617,1.605,-0.301
28153,852574397,99805.55,28.23,1.625,1.750,-0.609
28155,852634422,99805.11,28.22,1.638,1.787,0.003
28157,852694427,99805.77,28.22,1.644,1.731,0.203
28159,852754396,99803.36,28.22,1.662,1.935,0.088
28161,852814415,99805.04,28.22,1.688,1.793,0.320
28163,852874397,99804.49,28.22,1.721,1.839,0.560
28165,852934428,99806.63,28.22,1.692,1.658,0.309
28167,852994397,99806.95,28.22,1.683,1.631,-0.213
28169,853054397,99807.50,28.22,1.678,1.585,-0.113
28171,853114415,99803.50,28.21,1.692,1.923,-0.163
28173,853174397,99809.91,28.21,1.631,1.382,-0.079
28175,853234422,99807.41,28.21,1.653,1.593,-0.326
28177,853294426,99808.13,28.21,1.648,1.532,0.055
28179,853354397,99808.45,28.21,1.624,1.505,-0.108
28181,853414415,99809.31,28.21,1.570,1.432,-0.520
28183,853474397,99806.65,28.21,1.615,1.657,-0.457
28185,853534422,99805.98,28.21,1.655,1.714,0.492
28187,853594397,99807.34,28.20,1.625,1.599,0.352
28189,853654397,99806.17,28.20,1.667,1.698,-0.034
28191,853714426,99804.27,28.20,1.720,1.858,0.576
28193,853774397,99806.41,28.20,1.707,1.677,0.567
28195,853834423,99804.64,28.20,1.756,1.827,0.221
28197,853894452,99804.49,28.20,1.758,1.839,0.439
28199,853954397,99804.27,28.20,1.784,1.858,0.201
28201,854014415,99805.52,28.20,1.769,1.753,0.258
28203,854074397,99804.41,28.20,1.744,1.847,-0.277
28205,854134423,99805.19,28.20,1.758,1.781,-0.233
28207,854194397,99805.29,28.20,1.734,1.772,0.042
28209,854254397,99807.00,28.20,1.700,1.627,-0.348
28211,854314415,99805.41,28.20,1.698,1.762,-0.408
28213,854374397,99802.62,28.20,1.700,1.997,-0.281
28215,854434423,99807.87,28.20,1.731,1.554,0.330
28217,854494434,99809.46,28.19,1.680,1.419,0.410
28219,854554397,99807.16,28.20,1.676,1.614,-0.599
28221,854614415,99805.93,28.20,1.662,1.718,-0.362
28223,854674397,99805.23,28.20,1.681,1.777,-0.148
28225,854734423,99804.07,28.19,1.686,1.875,0.116
28227,854794397,99807.48,28.19,1.669,1.587,0.097
28229,854854397,99804.25,28.19,1.706,1.860,0.046
28231,854914416,99806.02,28.19,1.682,1.710,0.174
28233,854974397,99805.08,28.19,1.690,1.790,-0.137
28235,855034422,99804.12,28.19,1.758,1.871,0.369
28237,855094427,99804.98,28.19,1.755,1.798,0.736
28239,855154397,99806.22,28.19,1.733,1.694,0.014
28241,855214415,99805.29,28.19,1.740,1.772,-0.193
28243,855274409,99806.70,28.19,1.721,1.652,-0.025
28245,855334423,99805.36,28.19,1.720,1.766,-0.204
28247,855394410,99807.27,28.19,1.700,1.605,-0.122
28249,855454397,99808.03,28.19,1.660,1.540,-0.313
28251,855514415,99806.06,28.19,1.652,1.707,-0.572
28253,855574397,99804.91,28.19,1.642,1.805,-0.347
28255,855634423,99809.32,28.19,1.626,1.431,-0.043
28257,855694427,99804.24,28.19,1.665,1.860,-0.001
28259,855754397,99807.71,28.19,1.670,1.567,0.361
28261,855814415,99803.84,28.19,1.712,1.894,0.323
28263,855874397,99803.42,28.19,1.745,1.930,0.429
28265,855934422,99805.66,28.19,1.759,1.741,0.587
28267,855994397,99811.08,28.19,1.690,1.283,0.202
28269,856054409,99805.40,28.19,1.704,1.763,-0.676
28271,856114415,99805.93,28.19,1.713,1.718,-0.140
28273,856174397,99806.21,28.19,1.695,1.694,0.047
28275,856234423,99802.32,28.19,1.746,2.023,-0.086
28277,856294427,99805.65,28.19,1.740,1.741,0.485
28279,856354397,99807.23,28.19,1.720,1.608,0.130
28281,856414415,99806.38,28.19,1.670,1.679,-0.478
28283,856474397,99806.88,28.19,1.688,1.638,-0.486
28285,856534423,99807.70,28.19,1.646,1.569,-0.030
28287,856594397,99807.15,28.19,1.660,1.615,-0.346
28289,856654396,99807.40,28.19,1.652,1.594,0.045
28291,856714415,99807.13,28.19,1.626,1.617,-0.233
28293,856774397,99810.00,28.19,1.579,1.374,-0.430
28295,856834431,99806.68,28.19,1.605,1.655,-0.417
28297,856894452,99803.47,28.19,1.680,1.926,0.326
28299,856954397,99807.65,28.19,1.694,1.573,0.994
28301,857014415,99806.72,28.19,1.689,1.651,0.374
28303,857074397,99807.05,28.19,1.673,1.623,-0.166
28305,857134422,99807.81,28.19,1.648,1.559,-0.267
28307,857194397,99807.79,28.19,1.637,1.561,-0.321
28309,857254397,99803.58,28.19,1.677,1.917,-0.141
28311,857314415,99806.96,28.19,1.669,1.631,0.345
28313,857374397,99807.61,28.19,1.640,1.576,-0.008
28315,857434422,99806.38,28.19,1.669,1.680,-0.195
28317,857494427,99806.48,28.19,1.669,1.672,0.236
28319,857554397,99807.88,28.19,1.655,1.554,0.034
28321,857614425,99805.38,28.19,1.639,1.764,-0.311
28323,857674397,99807.95,28.19,1.649,1.547,-0.132
28325,857734423,99808.27,28.19,1.666,1.520,0.347
28327,857794397,99803.99,28.19,1.738,1.882,0.413
28329,857854397,99809.88,28.19,1.696,1.385,0.651
28331,857914415,99804.22,28.19,1.732,1.863,-0.166
28333,857974397,99808.37,28.19,1.691,1.512,0.037
28335,858034422,99806.99,28.19,1.707,1.628,-0.175
28337,858094426,99804.73,28.19,1.690,1.820,-0.163
28339,858154397,99808.98,28.19,1.648,1.460,-0.306
28341,858214415,99805.38,28.19,1.692,1.765,-0.190
28343,858274397,99806.31,28.19,1.715,1.686,0.430
28345,858334423,99808.49,28.19,1.696,1.502,0.358
28347,858394418,99806.29,28.19,1.688,1.687,-0.235
28349,858454397,99804.51,28.19,1.664,1.838,-0.464
28351,858514415,99807.78,28.19,1.683,1.561,-0.078
28353,858574397,99804.74,28.19,1.718,1.818,0.400
28355,858634423,99807.85,28.19,1.727,1.555,0.463
28357,858694427,99807.96,28.19,1.682,1.546,0.045
28359,858754397,99803.77,28.19,1.695,1.900,-0.634
28361,858814415,99807.30,28.19,1.699,1.602,0.088
28363,858874397,99804.99,28.19,1.723,1.797,0.261
28365,858934422,99807.10,28.19,1.700,1.619,0.126
28367,858994397,99803.62,28.19,1.705,1.913,-0.275
28369,859054397,99806.41,28.19,1.707,1.677,0.008
28371,859114415,99802.98,28.19,1.733,1.967,0.150
28373,859174407,99807.07,28.19,1.707,1.622,0.170
28375,859234423,99803.27,28.19,1.704,1.943,-0.269
28377,859294427,99808.10,28.19,1.695,1.535,-0.062
28379,859354397,99806.21,28.19,1.691,1.694,0.032
28381,859414415,99809.93,28.19,1.630,1.380,-0.308
28383,859474397,99803.86,28.19,1.679,1.893,-0.513
28385,859534423,99809.82,28.19,1.605,1.389,0.038
28387,859594397,99804.90,28.19,1.645,1.805,-0.479
28389,859654397,99813.09,28.19,1.574,1.113,0.130
28391,859714415,99803.68,28.19,1.627,1.908,-0.500
28393,859774397,99806.43,28.19,1.615,1.676,0.086
28395,859834422,99811.04,28.19,1.546,1.286,-0.082
28397,859894452,99802.09,28.19,1.629,2.043,-0.526
28399,859954408,99807.52,28.19,1.626,1.584,0.635
28401,860014415,99804.95,28.19,1.657,1.800,0.392
28403,860074397,99805.16,28.19,1.698,1.783,0.450
28405,860134423,99805.75,28.19,1.726,1.733,0.687
28407,860194397,99806.05,28.19,1.704,1.707,0.278
28409,860254397,99806.37,28.19,1.696,1.681,-0.227
28411,860314415,99803.29,28.19,1.690,1.941,-0.294
28413,860374397,99803.75,28.18,1.732,1.902,0.031
28415,860434422,99805.23,28.19,1.760,1.777,0.724
28417,860494427,99804.29,28.19,1.782,1.857,0.503
28419,860554397,99809.80,28.19,1.756,1.391,0.367
28421,860614415,99805.43,28.19,1.744,1.760,-0.266
28423,860674397,99802.50,28.19,1.785,2.007,-0.310
28425,860734432,99804.87,28.19,1.760,1.808,0.262
28427,860794397,99808.75,28.19,1.699,1.480,-0.262
28429,860854397,99808.64,28.19,1.669,1.488,-0.671
28431,860914416,99802.20,28.19,1.721,2.033,-0.436
28433,860974397,99804.70,28.18,1.713,1.822,0.289
28435,861034422,99807.24,28.18,1.699,1.607,0.153
28437,861094426,99806.30,28.19,1.712,1.686,-0.004
28439,861154397,99806.30,28.18,1.737,1.686,0.221
28441,861214415,99806.58,28.19,1.717,1.663,0.192
28443,861274397,99808.51,28.19,1.702,1.500,-0.162
28445,861334422,99807.29,28.19,1.712,1.603,-0.095
28447,861394409,99804.33,28.19,1.716,1.854,-0.110
28449,861454397,99804.16,28.18,1.749,1.867,0.086
28451,861514426,99805.15,28.19,1.724,1.784,0.264
28453,861574397,99808.61,28.19,1.699,1.491,-0.152
28455,861634422,99806.15,28.19,1.708,1.700,-0.192
28457,861694427,99805.75,28.19,1.699,1.733,-0.138
28459,861754396,99808.95,28.19,1.659,1.463,-0.166
28461,861814415,99808.11,28.19,1.660,1.534,-0.317
28463,861874397,99808.16,28.19,1.637,1.529,-0.208
28465,861934422,99807.88,28.19,1.640,1.553,-0.251
28467,861994397,99807.85,28.19,1.642,1.555,0.003
28469,862054397,99808.98,28.19,1.625,1.460,-0.014
28471,862114415,99807.45,28.19,1.657,1.589,-0.027
28473,862174397,99806.50,28.19,1.630,1.670,0.045
28475,862234423,99808.09,28.19,1.643,1.536,-0.150
28477,862294435,99807.09,28.19,1.627,1.620,0.058
28479,862354397,99804.40,28.19,1.686,1.847,-0.020
28481,862414415,99805.02,28.19,1.679,1.795,0.484
28483,862474397,99804.47,28.19,1.714,1.842,0.197
28485,862534423,99799.59,28.19,1.796,2.254,0.568
28487,862594397,99807.75,28.19,1.758,1.564,0.894
28489,862654397,99808.75,28.19,1.718,1.479,-0.083
28491,862714415,99805.12,28.19,1.730,1.786,-0.556
28493,862774397,99803.24,28.19,1.749,1.945,-0.092
28495,862834423,99802.73,28.19,1.805,1.989,0.427
28497,862894467,99805.58,28.19,1.797,1.748,0.721
28499,862954397,99809.22,28.19,1.755,1.440,0.070
28501,863014415,99804.95,28.19,1.747,1.801,-0.551
28503,863074407,99804.14,28.18,1.761,1.869,-0.324
28505,863134423,99805.09,28.19,1.741,1.789,0.038
28507,863194397,99806.79,28.18,1.714,1.645,-0.227
28509,863254397,99806.75,28.18,1.731,1.648,-0.135
28511,863314415,99808.46,28.18,1.724,1.504,0.215
28513,863374397,99804.12,28.19,1.754,1.870,-0.021
28515,863434423,99805.09,28.19,1.739,1.789,0.055
28517,863494427,99804.23,28.19,1.740,1.862,-0.122
28519,863554397,99807.50,28.19,1.722,1.585,0.020
28521,863614415,99804.10,28.19,1.749,1.872,-0.047
28523,863674397,99805.13,28.19,1.750,1.785,0.157
28525,863734422,99805.23,28.19,1.737,1.776,0.024
28527,863794397,99808.58,28.19,1.683,1.494,-0.278
28529,863854408,99808.11,28.19,1.671,1.534,-0.532
28531,863914416,99805.40,28.19,1.666,1.763,-0.387
28533,863974397,99805.30,28.19,1.689,1.771,-0.083
28535,864034423,99807.38,28.18,1.679,1.596,0.300
28537,864094427,99808.34,28.18,1.668,1.514,0.014
28539,864154397,99808.06,28.19,1.669,1.538,-0.087
28541,864214415,99805.09,28.19,1.738,1.789,0.227
28543,864274397,99808.03,28.18,1.701,1.541,0.545
28545,864334422,99802.84,28.18,1.779,1.980,-0.008
28547,864394410,99806.03,28.18,1.758,1.709,0.599
28549,864454397,99804.93,28.18,1.769,1.802,0.025
28551,864514415,99808.81,28.18,1.757,1.475,0.178
28553,864574397,99807.55,28.18,1.712,1.581,-0.247
28555,864634431,99808.44,28.18,1.687,1.506,-0.676
28557,864694427,99801.99,28.18,1.746,2.051,-0.271
28559,864754397,99804.55,28.18,1.744,1.835,0.409
28561,864814415,99807.52,28.18,1.726,1.584,0.229
28563,864874397,99805.08,28.18,1.731,1.790,-0.143
28565,864934422,99808.52,28.18,1.691,1.499,-0.141
28567,864994397,99805.09,28.18,1.695,1.790,-0.416
28569,865054397,99802.41,28.18,1.774,2.015,0.133
28571,865114415,99805.96,28.18,1.760,1.715,0.846
28573,865174397,99803.72,28.18,1.749,1.904,-0.067
28575,865234422,99805.05,28.18,1.753,1.792,-0.164
28577,865294427,99807.88,28.18,1.740,1.553,0.174
28579,865354397,99808.02,28.18,1.713,1.541,-0.132
28581,865414425,99803.16,28.18,1.762,1.952,-0.272
28583,865474397,99808.37,28.18,1.729,1.512,0.336
28585,865534423,99802.20,28.18,1.744,2.033,-0.283
28587,865594397,99804.49,28.18,1.784,1.839,0.157
28589,865654397,99808.78,28.18,1.760,1.477,0.671
28591,865714415,99803.16,28.18,1.791,1.952,-0.116
28593,865774397,99804.20,28.18,1.799,1.864,0.122
28595,865834422,99806.68,28.18,1.770,1.655,0.139
28597,865894452,99806.55,28.18,1.753,1.665,-0.289
28599,865954397,99801.92,28.18,1.781,2.056,-0.306
28601,866014415,99806.07,28.18,1.744,1.706,0.056
28603,866074397,99803.52,28.18,1.791,1.921,-0.022
28605,866134423,99805.95,28.18,1.755,1.716,0.262
28607,866194409,99804.49,28.18,1.754,1.839,-0.297
28609,866254397,99805.03,28.18,1.737,1.794,-0.198
28611,866314415,99805.66,28.18,1.734,1.741,-0.147
28613,866374397,99802.30,28.18,1.804,2.025,0.217
28615,866434423,99803.55,28.18,1.780,1.919,0.519
28617,866494427,99809.64,28.18,1.753,1.404,0.041
28619,866554397,99803.67,28.18,1.712,1.909,-0.559
28621,866614415,99805.45,28.18,1.733,1.759,-0.591
28623,866674397,99809.48,28.18,1.666,1.418,0.109
28625,866734422,99802.68,28.18,1.707,1.993,-0.622
28627,866794397,99804.40,28.18,1.711,1.847,0.130
28629,866854397,99804.32,28.18,1.718,1.854,0.219
28631,866914415,99805.98,28.18,1.687,1.713,-0.011
28633,866974409,99806.13,28.18,1.685,1.701,-0.256
28635,867034423,99802.69,28.18,1.761,1.992,0.209
28637,867094426,99803.12,28.18,1.795,1.955,0.881
28639,867154397,99806.89,28.18,1.801,1.637,0.718
28641,867214415,99805.48,28.18,1.754,1.755,-0.055
28643,867274397,99805.04,28.18,1.774,1.793,-0.494
28645,867334423,99804.96,28.18,1.795,1.800,0.270
28647,867394410,99801.79,28.18,1.832,2.068,0.298
28649,867454397,99806.88,28.18,1.813,1.638,0.421
28651,867514415,99805.55,28.18,1.763,1.750,-0.260
28653,867574397,99806.58,28.18,1.736,1.663,-0.744
28655,867634423,99803.54,28.18,1.791,1.920,-0.135
28657,867694427,99805.22,28.18,1.810,1.778,0.616
28659,867754408,99805.63,28.18,1.808,1.743,0.366
28661,867814415,99805.98,28.18,1.787,1.714,-0.083
28663,867874397,99803.53,28.18,1.814,1.921,-0.190
28665,867934419,99807.52,28.18,1.775,1.584,0.129
28667,867994397,99808.41,28.18,1.736,1.508,-0.367
28669,868054397,99806.76,28.18,1.748,1.648,-0.444
28671,868114415,99807.37,28.18,1.728,1.596,-0.089
28673,868174397,99803.57,28.18,1.722,1.918,-0.409
28675,868234422,99805.03,28.17,1.710,1.794,-0.278
28677,868294427,99804.34,28.17,1.752,1.852,0.144
28679,868354397,99807.30,28.17,1.757,1.602,0.606
28681,868414415,99805.48,28.17,1.738,1.755,0.045
28683,868474397,99803.86,28.17,1.753,1.893,-0.293
28685,868534431,99807.02,28.17,1.710,1.626,-0.022
28687,868594397,99808.45,28.17,1.661,1.505,-0.502
28689,868654397,99806.02,28.16,1.658,1.711,-0.658
28691,868714415,99805.39,28.16,1.692,1.763,-0.055
28693,868774397,99805.44,28.16,1.667,1.759,0.197
28695,868834422,99805.77,28.16,1.689,1.732,-0.090
28697,868894452,99804.95,28.16,1.728,1.801,0.417
28699,868954397,99803.52,28.16,1.782,1.922,0.648
28701,869014415,99805.75,28.16,1.750,1.733,0.489
28703,869074397,99806.83,28.16,1.723,1.642,-0.278
28705,869134422,99804.88,28.15,1.739,1.807,-0.277
28707,869194397,99808.20,28.15,1.742,1.527,0.235
28709,869254397,99805.03,28.15,1.730,1.793,-0.013
28711,869314426,99803.53,28.15,1.721,1.921,-0.427
28713,869374397,99803.91,28.15,1.739,1.889,-0.074
28715,869434423,99808.70,28.15,1.688,1.484,0.168
28717,869494427,99809.43,28.15,1.636,1.422,-0.547
28719,869554397,99803.64,28.15,1.659,1.911,-0.762
28721,869614415,99802.77,28.14,1.737,1.986,0.293
28723,869674397,99805.27,28.15,1.765,1.773,1.136
28725,869734422,99803.88,28.14,1.811,1.891,0.726
28727,869794397,99809.20,28.14,1.729,1.441,0.268
28729,869854397,99803.40,28.14,1.768,1.932,-0.657
28731,869914415,99805.88,28.14,1.785,1.723,0.266
28733,869974397,99808.34,28.14,1.759,1.515,0.339
28735,870034423,99804.68,28.14,1.756,1.824,-0.354
28737,870094435,99806.57,28.14,1.716,1.664,-0.383
28739,870154397,99805.13,28.14,1.747,1.785,-0.243
28741,870214415,99805.09,28.14,1.745,1.789,0.211
28743,870274397,99808.81,28.14,1.672,1.474,-0.222
28745,870334423,99802.72,28.14,1.733,1.989,-0.573
28747,870394410,99806.79,28.14,1.698,1.646,0.283
28749,870454397,99804.69,28.14,1.727,1.823,-0.051
28751,870514415,99805.29,28.14,1.736,1.772,0.253
28753,870574397,99806.39,28.13,1.712,1.679,0.082
28755,870634422,99804.31,28.13,1.716,1.855,-0.282
28757,870694427,99805.88,28.13,1.755,1.722,0.223
28759,870754397,99805.60,28.13,1.754,1.746,0.497
28761,870814415,99805.89,28.13,1.755,1.721,0.031
28763,870874407,99807.69,28.13,1.715,1.569,-0.118
28765,870934423,99806.65,28.13,1.731,1.657,-0.305
28767,870994397,99806.55,28.13,1.705,1.666,-0.074
28769,871054397,99804.24,28.13,1.745,1.860,-0.169
28771,871114415,99804.13,28.13,1.771,1.870,0.439
28773,871174396,99804.45,28.13,1.789,1.844,0.441
28775,871234423,99805.23,28.13,1.770,1.777,0.178
28777,871294427,99806.49,28.13,1.735,1.671,-0.282
28779,871354397,99802.92,28.13,1.785,1.972,-0.236
28781,871414415,99805.61,28.13,1.781,1.745,0.440
28783,871474397,99809.00,28.13,1.696,1.459,-0.164
28785,871534422,99803.51,28.13,1.726,1.922,-0.876
28787,871594397,99804.98,28.13,1.735,1.798,0.079
28789,871654408,99802.42,28.13,1.757,2.014,0.198
28791,871714415,99805.29,28.12,1.742,1.772,0.177
28793,871774397,99804.87,28.12,1.759,1.807,0.085
28795,871834423,99804.27,28.12,1.772,1.858,0.199
28797,871894452,99804.41,28.12,1.778,1.847,0.175
28799,871954397,99806.78,28.12,1.756,1.646,0.082
28801,872014415,99804.71,28.12,1.744,1.821,-0.284
28803,872074397,99805.94,28.12,1.749,1.717,-0.170
28805,872134422,99803.95,28.12,1.783,1.885,0.201
28807,872194397,99802.77,28.12,1.786,1.985,0.227
28809,872254397,99807.14,28.12,1.768,1.616,0.134
28811,872314415,99805.25,28.12,1.769,1.776,-0.061
28813,872374397,99808.15,28.11,1.724,1.531,-0.217
28815,872434431,99807.13,28.11,1.738,1.616,-0.310
28817,872494427,99806.10,28.11,1.716,1.704,-0.132
28819,872554397,99807.44,28.11,1.695,1.590,-0.332
28821,872614415,99804.17,28.11,1.757,1.867,-0.000
28823,872674397,99803.52,28.11,1.766,1.921,0.505
28825,872734422,99808.16,28.11,1.718,1.530,0.103
28827,872794397,99806.47,28.11,1.737,1.672,-0.254
28829,872854397,99804.73,28.11,1.739,1.819,-0.017
28831,872914415,99805.38,28.11,1.727,1.764,-0.091
28833,872974397,99804.20,28.11,1.742,1.865,-0.072
28835,873034422,99806.02,28.11,1.721,1.710,0.070
28837,873094427,99805.41,28.10,1.717,1.762,-0.171
28839,873154397,99804.39,28.10,1.750,1.848,0.031
28841,873214426,99805.84,28.10,1.766,1.725,0.477
28843,873274397,99806.20,28.10,1.718,1.696,0.032
28845,873334423,99810.34,28.10,1.663,1.346,-0.587
28847,873394410,99804.26,28.10,1.704,1.859,-0.524
28849,873454397,99806.36,28.10,1.676,1.682,0.013
28851,873514415,99808.97,28.10,1.659,1.461,-0.115
28853,873574397,99806.42,28.10,1.678,1.676,-0.099
28855,873634423,99805.93,28.10,1.679,1.718,0.042
28857,873694426,99806.68,28.10,1.675,1.654,0.017
28859,873754397,99805.80,28.10,1.707,1.728,0.137
28861,873814415,99802.98,28.10,1.770,1.967,0.516
28863,873874397,99804.79,28.09,1.809,1.815,0.901
28865,873934423,99809.15,28.09,1.757,1.446,0.530
28867,873994409,99810.12,28.09,1.692,1.363,-0.630
28869,874054397,99807.76,28.09,1.652,1.563,-1.084
28871,874114415,99806.09,28.09,1.663,1.704,-0.656
28873,874174397,99803.16,28.09,1.682,1.952,-0.058
28875,874234423,99805.27,28.09,1.713,1.774,0.361
28877,874294427,99803.53,28.09,1.725,1.921,0.451
28879,874354397,99807.47,28.09,1.719,1.588,0.246
28881,874414415,99804.66,28.09,1.749,1.825,0.188
28883,874474397,99805.36,28.09,1.760,1.766,0.274
28885,874534422,99804.02,28.09,1.768,1.879,0.165
28887,874594397,99808.58,28.09,1.748,1.494,0.155
28889,874654397,99805.16,28.09,1.752,1.783,-0.129
28891,874714415,99805.70,28.09,1.756,1.737,-0.111
28893,874774407,99806.85,28.09,1.729,1.640,-0.017
28895,874834423,99807.16,28.09,1.702,1.614,-0.375
28897,874894452,99806.59,28.08,1.688,1.662,-0.416
28899,874954397,99806.67,28.08,1.706,1.655,-0.110
28901,875014415,99808.18,28.08,1.696,1.528,0.204
28903,875074397,99803.07,28.08,1.739,1.960,-0.029
28905,875134423,99807.16,28.08,1.699,1.614,0.182
28907,875194396,99807.88,28.08,1.676,1.554,-0.278
28909,875254397,99807.45,28.08,1.657,1.589,-0.389
28911,875314415,99807.75,28.08,1.677,1.564,-0.128
28913,875374397,99807.27,28.08,1.652,1.605,0.048
28915,875434422,99805.20,28.08,1.679,1.780,-0.231
28917,875494427,99802.66,28.08,1.776,1.995,0.589
28919,875554408,99803.30,28.08,1.802,1.940,1.150
28921,875614415,99804.52,28.08,1.792,1.838,0.426
28923,875674397,99805.61,28.08,1.769,1.745,-0.092
28925,875734423,99808.80,28.08,1.738,1.476,-0.222
28927,875794397,99806.70,28.08,1.709,1.653,-0.479
28929,875854396,99806.67,28.08,1.734,1.655,-0.319
28931,875914416,99806.20,28.08,1.727,1.695,0.185
28933,875974397,99809.20,28.07,1.696,1.441,-0.091
28935,876034422,99804.67,28.07,1.746,1.824,-0.144
28937,876094427,99807.15,28.07,1.760,1.615,0.488
28939,876154397,99804.12,28.07,1.769,1.871,0.232
28941,876214415,99807.02,28.07,1.725,1.625,-0.153
28943,876274397,99805.70,28.07,1.707,1.738,-0.496
28945,876334431,99804.91,28.07,1.705,1.804,-0.360
28947,876394410,99808.28,28.07,1.707,1.519,0.108
28949,876454397,99808.00,28.07,1.662,1.543,-0.083
28951,876514415,99807.70,28.07,1.621,1.568,-0.772
28953,876574397,99804.00,28.07,1.652,1.881,-0.534
28955,876634422,99805.84,28.07,1.678,1.726,0.356
28957,876694426,99806.38,28.07,1.683,1.680,0.475
28959,876754397,99805.61,28.07,1.740,1.745,0.405
28961,876814415,99807.90,28.07,1.741,1.551,0.731
28963,876874397,99805.18,28.07,1.710,1.781,-0.133
28965,876934422,99809.38,28.07,1.675,1.427,-0.467
28967,876994397,99806.37,28.07,1.663,1.681,-0.429
28969,877054397,99804.77,28.07,1.673,1.816,-0.360
28971,877114426,99807.84,28.07,1.685,1.557,0.251
28973,877174397,99805.12,28.07,1.686,1.786,0.168
28975,877234423,99806.38,28.07,1.682,1.679,-0.076
28977,877294427,99806.40,28.07,1.679,1.678,0.004
28979,877354396,99805.16,28.07,1.711,1.783,0.080
28981,877414415,99806.45,28.07,1.711,1.673,0.355
28983,877474397,99806.42,28.07,1.743,1.676,0.282
28985,877534422,99802.90,28.07,1.764,1.974,0.286
28987,877594397,99808.00,28.07,1.731,1.543,0.159
28989,877654397,99805.15,28.07,1.728,1.784,-0.242
28991,877714415,99804.77,28.07,1.737,1.816,-0.190
28993,877774397,99804.68,28.07,1.745,1.823,0.119
28995,877834423,99802.02,28.07,1.785,2.049,0.188
28997,877894475,99804.34,28.07,1.751,1.852,0.241
28999,877954397,99806.43,28.07,1.712,1.675,-0.327
29001,878014415,99803.61,28.07,1.706,1.914,-0.546
29003,878074397,99808.78,28.06,1.680,1.477,-0.131
29005,878134423,99805.66,28.07,1.712,1.741,0.001
29007,878194397,99805.52,28.07,1.692,1.753,0.034
29009,878254397,99801.53,28.06,1.724,2.089,-0.216
29011,878314415,99807.14,28.06,1.750,1.615,0.571
29013,878374397,99804.15,28.06,1.736,1.868,0.374
29015,878434422,99805.81,28.06,1.714,1.728,-0.326
29017,878494427,99806.11,28.06,1.694,1.703,-0.264
29019,878554397,99808.04,28.06,1.670,1.540,-0.265
29021,878614415,99803.66,28.06,1.703,1.910,-0.226
29023,878674407,99806.41,28.06,1.699,1.677,0.223
29025,878734423,99804.12,28.06,1.710,1.871,0.080
29027,878794397,99808.62,28.06,1.680,1.490,0.066
29029,878854397,99809.63,28.06,1.617,1.405,-0.390
29031,878914415,99802.95,28.05,1.698,1.970,-0.557
29033,878974397,99801.86,28.05,1.731,2.062,0.601
29035,879034423,99809.84,28.05,1.705,1.387,0.659
29037,879094427,99806.63,28.05,1.691,1.658,-0.079
29039,879154397,99804.91,28.05,1.699,1.804,-0.395
29041,879214415,99807.43,28.05,1.706,1.591,0.165
29043,879274397,99805.77,28.05,1.696,1.731,0.073
29045,879334422,99807.77,28.05,1.684,1.562,-0.159
29047,879394410,99804.42,28.05,1.709,1.845,-0.077
29049,879454408,99806.55,28.05,1.703,1.665,0.165
29051,879514415,99805.48,28.05,1.728,1.756,0.164
29053,879574397,99801.75,28.05,1.751,2.071,0.151
29055,879634423,99804.53,28.04,1.773,1.836,0.359
29057,879694427,99803.75,28.04,1.783,1.902,0.433
29059,879754397,99804.41,28.04,1.778,1.847,0.093
29061,879814415,99801.36,28.04,1.819,2.104,0.069
29063,879874397,99803.79,28.04,1.818,1.899,0.410
29065,879934422,99805.35,28.04,1.768,1.767,-0.043
29067,879994397,99804.36,28.04,1.759,1.850,-0.575
29069,880054397,99807.20,28.04,1.756,1.610,-0.077
29071,880114415,99805.52,28.04,1.779,1.753,0.153
29073,880174397,99807.31,28.04,1.767,1.601,0.192
29075,880234431,99808.43,28.04,1.706,1.507,-0.311
29077,880294427,99804.02,28.04,1.711,1.879,-0.838
29079,880354397,99803.05,28.04,1.766,1.961,0.028
29081,880414415,99805.84,28.04,1.743,1.725,0.582
29083,880474397,99806.66,28.04,1.725,1.657,-0.110
29085,880534422,99805.60,28.04,1.706,1.746,-0.348
29087,880594397,99807.55,28.04,1.710,1.580,-0.157
29089,880654397,99805.44,28.03,1.725,1.759,0.100
29091,880714415,99807.16,28.04,1.713,1.614,0.081
29093,880774397,99804.37,28.04,1.702,1.850,-0.235
29095,880834422,99805.76,28.03,1.718,1.732,-0.116
29097,880894452,99804.20,28.04,1.748,1.864,0.330
29099,880954397,99803.51,28.03,1.784,1.923,0.433
29101,881014425,99807.19,28.04,1.727,1.612,0.262
29103,881074397,99808.48,28.03,1.686,1.502,-0.570
29105,881134423,99808.75,28.03,1.654,1.479,-0.619
29107,881194397,99801.83,28.03,1.684,2.064,-0.573
29109,881254397,99808.27,28.03,1.677,1.520,0.223
29111,881314415,99808.88,28.03,1.615,1.469,-0.033
29113,881374397,99809.08,28.03,1.604,1.452,-0.712
29115,881434422,99804.70,28.03,1.658,1.823,-0.091
29117,881494426,99802.38,28.03,1.714,2.018,0.561
29119,881554397,99808.75,28.03,1.648,1.479,0.506
29121,881614415,99803.06,28.03,1.708,1.960,-0.284
29123,881674397,99802.33,28.03,1.737,2.023,0.418
29125,881734423,99806.65,28.02,1.677,1.657,0.221
29127,881794409,99803.17,28.03,1.695,1.951,-0.481
29129,881854397,99807.72,28.02,1.682,1.567,0.113
29131,881914415,99803.55,28.02,1.704,1.919,0.028
29133,881974397,99807.38,28.02,1.671,1.596,0.021
29135,882034423,99803.74,28.02,1.737,1.903,0.058
29137,882094427,99808.20,28.02,1.726,1.526,0.675
29139,882154397,99803.22,28.02,1.767,1.947,0.156
29141,882214415,99803.06,28.02,1.789,1.960,0.297
29143,882274397,99804.87,28.02,1.799,1.808,0.430
29145,882334422,99807.45,28.02,1.772,1.589,0.214
29147,882394410,99807.20,28.02,1.732,1.610,-0.398
29149,882454396,99809.73,28.02,1.678,1.397,-0.667
29151,882514415,99807.21,28.02,1.695,1.610,-0.538
29153,882574407,99804.41,28.02,1.728,1.846,0.036
29155,882634423,99805.68,28.02,1.719,1.739,0.245
29157,882694426,99808.80,28.02,1.716,1.475,0.155
29159,882754397,99807.78,28.02,1.701,1.561,-0.012
29161,882814415,99809.12,28.01,1.654,1.448,-0.433
29163,882874397,99810.40,28.01,1.628,1.340,-0.547
29165,882934419,99806.49,28.01,1.652,1.671,-0.332
29167,882994397,99806.78,28.01,1.637,1.646,-0.045
29169,883054397,99811.12,28.01,1.569,1.279,-0.288
29171,883114415,99810.62,28.01,1.511,1.322,-0.904
29173,883174397,99805.26,28.01,1.578,1.774,-0.634
29175,883234423,99809.38,28.01,1.591,1.426,0.686
29177,883294427,99805.48,28.01,1.590,1.756,0.217
29179,883354408,99811.90,28.01,1.546,1.214,-0.118
29181,883414415,99803.86,28.01,1.616,1.893,-0.162
29183,883474397,99807.79,28.00,1.642,1.561,0.665
29185,883534423,99805.35,28.00,1.654,1.767,0.503
29187,883594397,99806.66,28.00,1.698,1.656,0.358
29189,883654397,99807.08,28.00,1.704,1.621,0.632
29191,883714415,99810.06,28.00,1.640,1.369,-0.081
29193,883774397,99811.83,28.00,1.578,1.219,-0.808
29195,883834422,99806.75,28.00,1.595,1.648,-0.836
29197,883894452,99808.72,28.00,1.550,1.482,-0.307
29199,883954397,99806.55,28.00,1.570,1.665,-0.375
29201,884014415,99807.14,28.00,1.563,1.616,0.049
29203,884074397,99808.83,28.00,1.567,1.473,0.095
29205,884134431,99805.78,28.00,1.618,1.731,0.268
29207,884194397,99809.52,28.00,1.624,1.415,0.636
29209,884254397,99805.92,28.00,1.565,1.718,-0.221
29211,884314415,99811.25,28.00,1.535,1.268,-0.724
29213,884374397,99807.09,28.00,1.590,1.619,-0.010
29215,884434422,99808.61,28.00,1.557,1.491,0.241
29217,884494427,99804.05,28.00,1.612,1.876,-0.153
29219,884554397,99808.48,28.00,1.606,1.502,0.532
29221,884614415,99806.81,28.00,1.605,1.643,0.129
29223,884674397,99809.29,28.00,1.548,1.434,-0.304
29225,884734422,99804.71,28.00,1.598,1.821,-0.450
29227,884794397,99806.16,28.00,1.659,1.698,0.683
29229,884854397,99807.66,28.00,1.621,1.571,0.660
29231,884914424,99807.18,28.00,1.662,1.612,-0.060
29233,884974397,99808.62,27.99,1.634,1.491,0.303
29235,885034423,99807.22,28.00,1.651,1.609,-0.162
29237,885094427,99808.02,27.99,1.633,1.541,0.017
29239,885154397,99807.38,27.99,1.581,1.596,-0.481
29241,885214415,99805.05,27.99,1.609,1.792,-0.587
29243,885274397,99808.90,27.99,1.594,1.467,0.249
29245,885334422,99809.85,27.99,1.551,1.386,-0.128
29247,885394410,99806.43,27.99,1.591,1.675,-0.397
29249,885454397,99806.43,27.99,1.607,1.676,0.311
29251,885514415,99811.07,27.99,1.552,1.284,0.150
29253,885574397,99810.64,27.99,1.534,1.320,-0.474
29255,885634423,99806.69,27.99,1.557,1.654,-0.359
29257,885694435,99807.15,27.99,1.549,1.615,0.001
29259,885754397,99807.52,27.99,1.582,1.584,0.174
29261,885814415,99804.79,27.98,1.629,1.814,0.504
29263,885874397,99802.69,27.98,1.659,1.992,0.470
29265,885934423,99805.42,27.98,1.643,1.761,0.320
29267,885994397,99808.16,27.98,1.613,1.530,-0.023
29269,886054397,99806.64,27.98,1.617,1.658,-0.255
29271,886114415,99808.99,27.98,1.550,1.459,-0.333
29273,886174397,99808.27,27.98,1.565,1.520,-0.562
29275,886234422,99802.98,27.98,1.652,1.968,0.278
29277,886294427,99806.20,27.98,1.623,1.696,0.692
29279,886354397,99805.30,27.98,1.664,1.771,0.138
29281,886414415,99809.88,27.98,1.674,1.385,0.682
29283,886474408,99807.61,27.98,1.641,1.576,0.082
29285,886534423,99804.95,27.98,1.666,1.801,-0.472
29287,886594397,99808.84,27.98,1.666,1.472,0.303
29289,886654397,99804.73,27.97,1.665,1.819,0.009
29291,886714415,99806.32,27.97,1.654,1.685,-0.209
29293,886774397,99807.38,27.98,1.596,1.595,-0.323
29295,886834423,99808.66,27.97,1.586,1.487,-0.587
29297,886894452,99807.22,27.97,1.566,1.609,-0.293
29299,886954397,99808.62,27.97,1.559,1.491,-0.269
29301,887014415,99806.48,27.97,1.581,1.672,-0.014
29303,887074397,99808.98,27.97,1.591,1.459,0.312
29305,887134422,99805.98,27.97,1.647,1.713,0.432
29307,887194397,99811.62,27.97,1.585,1.237,0.407
29309,887254409,99807.16,27.97,1.562,1.613,-0.699
29311,887314415,99807.55,27.97,1.579,1.581,-0.434
29313,887374397,99806.16,27.97,1.614,1.698,0.320
29315,887434423,99804.98,27.97,1.667,1.799,0.579
29317,887494427,99807.90,27.97,1.633,1.552,0.516
29319,887554397,99807.25,27.97,1.625,1.606,-0.244
29321,887614415,99807.27,27.97,1.653,1.605,0.006
29323,887674397,99807.97,27.97,1.640,1.545,0.260
29325,887734422,99806.84,27.97,1.661,1.640,-0.017
29327,887794397,99806.32,27.97,1.655,1.685,0.095
29329,887854397,99807.59,27.97,1.653,1.577,-0.014
29331,887914416,99808.68,27.96,1.623,1.485,-0.077
29333,887974397,99808.85,27.97,1.608,1.471,-0.357
29335,888034431,99806.71,27.97,1.618,1.652,-0.247
29337,888094427,99807.15,27.97,1.618,1.615,0.002
29339,888154397,99804.81,27.97,1.609,1.812,-0.142
29341,888214415,99808.13,27.97,1.582,1.532,-0.198
29343,888274397,99803.02,27.97,1.614,1.964,-0.217
29345,888334422,99808.16,27.96,1.598,1.529,0.224
29347,888394410,99805.79,27.97,1.604,1.730,0.042
29349,888454397,99806.26,27.97,1.610,1.690,-0.011
29351,888514415,99805.34,27.96,1.616,1.767,0.080
29353,888574397,99806.27,27.96,1.630,1.689,0.158
29355,888634422,99807.97,27.96,1.583,1.546,0.025
29357,888694427,99808.38,27.96,1.578,1.511,-0.429
29359,888754397,99811.09,27.96,1.543,1.282,-0.137
29361,888814425,99806.69,27.96,1.545,1.654,-0.466
29363,888874397,99811.72,27.96,1.531,1.228,-0.067
29365,888934422,99806.75,27.96,1.558,1.649,0.012
29367,888994397,99807.72,27.96,1.565,1.567,0.115
29369,889054397,99807.81,27.96,1.606,1.559,0.397
29371,889114415,99806.32,27.96,1.623,1.685,0.479
29373,889174397,99806.87,27.96,1.625,1.638,0.193
29375,889234422,99808.21,27.96,1.600,1.525,-0.007
29377,889294426,99805.96,27.96,1.587,1.715,-0.397
29379,889354397,99807.57,27.96,1.613,1.579,-0.054
29381,889414415,99807.17,27.96,1.574,1.613,0.115
29383,889474397,99805.54,27.96,1.626,1.751,-0.204
29385,889534423,99805.30,27.96,1.664,1.771,0.653
29387,889594409,99807.65,27.96,1.680,1.573,0.682
29389,889654397,99807.63,27.96,1.673,1.574,0.294
29391,889714415,99809.45,27.96,1.627,1.420,-0.235
29393,889774397,99803.41,27.96,1.655,1.931,-0.573
29395,889834423,99810.45,27.96,1.635,1.336,0.203
29397,889894452,99807.71,27.96,1.606,1.567,-0.132
29399,889954397,99803.95,27.96,1.638,1.886,-0.507
29401,890014415,99809.45,27.96,1.591,1.421,0.140
29403,890074397,99806.81,27.96,1.579,1.644,-0.398
29405,890134422,99809.05,27.96,1.577,1.454,-0.215
29407,890194397,99807.62,27.96,1.567,1.575,-0.057
29409,890254397,99805.65,27.96,1.571,1.742,-0.272
29411,890314415,99804.95,27.96,1.626,1.801,0.212
29413,890374407,99808.79,27.96,1.584,1.476,0.536
29415,890434423,99804.71,27.96,1.618,1.821,-0.216
29417,890494426,99806.91,27.96,1.612,1.635,0.200
29419,890554397,99808.02,27.96,1.615,1.541,0.167
29421,890614415,99807.89,27.96,1.611,1.552,0.054
29423,890674397,99808.12,27.96,1.609,1.533,-0.057
29425,890734423,99807.55,27.96,1.591,1.581,-0.150
29427,890794397,99808.63,27.96,1.602,1.489,-0.104
29429,890854397,99805.72,27.96,1.633,1.735,0.190
29431,890914416,99807.22,27.96,1.623,1.609,0.215
29433,890974397,99808.46,27.96,1.640,1.504,0.167
29435,891034422,99807.41,27.96,1.610,1.593,0.020
29437,891094427,99806.34,27.96,1.641,1.683,-0.250
29439,891154408,99807.12,27.96,1.641,1.617,0.291
29441,891214415,99809.78,27.96,1.575,1.393,-0.165
29443,891274396,99807.47,27.96,1.604,1.588,-0.543
29445,891334423,99808.96,27.96,1.608,1.461,0.228
29447,891394410,99809.35,27.96,1.597,1.429,0.115
29449,891454397,99807.55,27.96,1.607,1.581,-0.131
29451,891514415,99809.52,27.96,1.548,1.415,-0.234
29453,891574397,99804.48,27.96,1.598,1.841,-0.515
29455,891634422,99807.83,27.95,1.625,1.557,0.558
29457,891694427,99807.82,27.96,1.623,1.558,0.517
29459,891754397,99808.02,27.96,1.636,1.541,0.086
29461,891814415,99808.08,27.95,1.617,1.536,0.051
29463,891874397,99805.58,27.95,1.671,1.748,-0.011
29465,891934431,99809.15,27.95,1.667,1.446,0.607
29467,891994397,99804.08,27.95,1.673,1.874,-0.034
29469,892054396,99809.97,27.96,1.657,1.376,0.016
29471,892114415,99808.77,27.95,1.646,1.478,0.017
29473,892174397,99802.91,27.96,1.713,1.974,-0.128
29475,892234422,99804.58,27.96,1.753,1.832,0.736
29477,892294427,99806.17,27.96,1.744,1.698,0.637
29479,892354397,99806.24,27.96,1.727,1.691,-0.071
29481,892414415,99806.57,27.96,1.706,1.664,-0.294
29483,892474397,99806.13,27.96,1.699,1.701,-0.299
29485,892534422,99806.99,27.96,1.671,1.628,-0.243
29487,892594397,99806.55,27.96,1.685,1.666,-0.213
29489,892654397,99808.51,27.96,1.691,1.500,0.246
29491,892714426,99806.31,27.96,1.693,1.685,0.080
29493,892774397,99806.13,27.96,1.655,1.700,-0.319
29495,892834423,99806.02,27.96,1.669,1.710,-0.350
29497,892894466,99808.66,27.96,1.636,1.487,0.057
29499,892954396,99806.39,27.97,1.638,1.679,-0.323
29501,893014415,99807.62,27.96,1.630,1.575,-0.116
29503,893074397,99807.02,27.96,1.577,1.625,-0.360
29505,893134422,99807.72,27.96,1.565,1.566,-0.655
29507,893194397,99808.01,27.97,1.549,1.542,-0.234
29509,893254397,99804.98,27.96,1.580,1.799,-0.156
29511,893314415,99803.30,27.97,1.596,1.940,0.165
29513,893374397,99805.50,27.97,1.645,1.754,0.526
29515,893434423,99803.97,27.96,1.667,1.884,0.726
29517,893494435,99806.45,27.96,1.668,1.673,0.347
29519,893554397,99810.26,27.97,1.614,1.352,0.056
29521,893614415,99806.47,27.97,1.634,1.672,-0.470
29523,893674397,99804.52,27.96,1.662,1.837,0.020
29525,893734423,99807.32,27.96,1.670,1.600,0.420
29527,893794397,99800.57,27.96,1.751,2.171,0.375
29529,893854397,99807.23,27.96,1.707,1.608,0.643
29531,893914416,99808.41,27.96,1.687,1.509,-0.098
29533,893974397,99806.29,27.96,1.703,1.688,-0.229
29535,894034422,99803.75,27.96,1.735,1.902,0.094
29537,894094427,99804.73,27.96,1.740,1.819,0.321
29539,894154397,99805.90,27.96,1.756,1.720,0.303
29541,894214415,99805.03,27.96,1.747,1.794,0.144
29543,894274407,99807.74,27.96,1.715,1.565,-0.173
29545,894334423,99804.27,27.96,1.731,1.858,-0.318
29547,894394410,99806.24,27.96,1.704,1.692,-0.093
29549,894454397,99804.09,27.96,1.718,1.874,-0.208
29551,894514415,99806.69,27.96,1.701,1.654,0.052
29553,894574397,99803.45,27.96,1.729,1.928,-0.046
29555,894634423,99804.28,27.96,1.778,1.857,0.450
29557,894694427,99806.27,27.96,1.769,1.689,0.672
29559,894754397,99804.59,27.97,1.778,1.832,0.019
29561,894814415,99805.02,27.96,1.742,1.794,-0.180
29563,894874397,99806.37,27.96,1.732,1.681,-0.348
29565,894934423,99808.97,27.97,1.684,1.461,-0.223
29567,894994397,99804.42,27.96,1.713,1.845,-0.484
29569,895054408,99804.88,27.97,1.725,1.807,0.124
29571,895114415,99806.71,27.96,1.706,1.652,0.178
29573,895174397,99806.66,27.97,1.718,1.656,-0.032
29575,895234423,99801.96,27.97,1.764,2.053,0.135
29577,895294427,99804.84,27.96,1.804,1.810,0.658
29579,895354397,99804.57,27.97,1.812,1.833,0.672
29581,895414415,99805.98,27.97,1.779,1.714,-0.009
29583,895474397,99805.24,27.97,1.788,1.776,-0.269
29585,895534422,99802.88,27.97,1.826,1.976,0.126
29587,895594397,99804.43,27.97,1.804,1.845,0.261
29589,895654397,99808.25,27.97,1.710,1.522,-0.463
29591,895714415,99806.95,27.97,1.714,1.631,-0.909
29593,895774397,99805.41,27.97,1.724,1.761,-0.152
29595,895834431,99805.43,27.97,1.729,1.760,0.065
29597,895894452,99804.73,27.97,1.738,1.819,0.086
29599,895954397,99804.19,27.97,1.747,1.865,0.089
29601,896014415,99806.69,27.97,1.717,1.654,0.032
29603,896074397,99804.87,27.97,1.715,1.808,-0.296
29605,896134422,99802.62,27.97,1.702,1.998,-0.346
29607,896194397,99808.05,27.97,1.682,1.539,-0.093
29609,896254397,99805.50,27.97,1.710,1.754,0.085
29611,896314415,99805.74,27.97,1.721,1.733,0.235
29613,896374397,99810.40,27.97,1.662,1.340,0.069
29615,896434422,99804.07,27.97,1.707,1.875,-0.462
29617,896494427,99805.86,27.97,1.735,1.724,0.351
29619,896554397,99809.27,27.97,1.749,1.435,0.711
29621,896614425,99804.59,27.97,1.761,1.832,0.191
29623,896674397,99807.79,27.97,1.732,1.560,-0.107
29625,896734423,99806.72,27.97,1.714,1.651,-0.303
29627,896794397,99808.15,27.97,1.700,1.530,-0.292
29629,896854397,99803.08,27.97,1.751,1.959,-0.064
29631,896914415,99806.63,27.97,1.726,1.659,0.325
29633,896974397,99805.99,27.97,1.715,1.713,-0.137
29635,897034422,99805.62,27.97,1.693,1.744,-0.323
29637,897094426,99805.48,27.97,1.677,1.756,-0.374
29639,897154397,99801.82,27.97,1.736,2.065,-0.063
29641,897214415,99804.37,27.97,1.787,1.850,0.876
29643,897274397,99809.40,27.98,1.727,1.425,0.682
29645,897334423,99803.72,27.97,1.760,1.904,-0.455
29647,897394418,99807.42,27.98,1.736,1.592,0.056
29649,897454397,99803.66,27.98,1.787,1.910,0.058
29651,897514415,99806.28,27.98,1.781,1.688,0.447
29653,897574397,99807.82,27.98,1.731,1.558,-0.076
29655,897634423,99803.03,27.98,1.759,1.963,-0.571
29657,897694426,99807.55,27.98,1.725,1.580,0.046
29659,897754396,99805.02,27.98,1.719,1.794,-0.276
29661,897814415,99804.88,27.98,1.730,1.807,-0.185
29663,897874397,99804.25,27.98,1.770,1.860,0.310
29665,897934420,99805.88,27.98,1.782,1.722,0.582
29667,897994397,99806.54,27.98,1.807,1.666,0.440
29669,898054397,99804.62,27.98,1.808,1.829,0.219
29671,898114415,99804.65,27.98,1.792,1.826,-0.157
29673,898174407,99806.45,27.98,1.782,1.674,-0.128
29675,898234423,99805.96,27.98,1.738,1.716,-0.313
29677,898294426,99805.08,27.98,1.760,1.790,-0.444
29679,898354397,99807.04,27.98,1.747,1.624,0.178
29681,898414415,99805.97,27.98,1.757,1.715,-0.018
29683,898474397,99806.05,27.98,1.747,1.708,-0.019
29685,898534423,99803.73,27.98,1.766,1.903,-0.109
29687,898594397,99807.86,27.98,1.752,1.555,0.219
29689,898654397,99805.18,27.98,1.769,1.781,0.046
29691,898714415,99805.36,27.98,1.757,1.766,-0.032
29693,898774397,99806.26,27.98,1.734,1.690,-0.195
29695,898834422,99807.70,27.98,1.762,1.568,0.022
29697,898894452,99803.55,27.98,1.741,1.918,0.021
29699,898954408,99806.96,27.98,1.731,1.631,-0.303
29701,899014415,99802.37,27.98,1.777,2.019,0.072
29703,899074397,99801.74,27.98,1.837,2.072,0.577
29705,899134423,99808.41,27.98,1.776,1.508,0.679
29707,899194397,99803.79,27.98,1.757,1.898,-0.618
29709,899254397,99801.76,27.98,1.801,2.070,-0.379
29711,899314415,99807.53,27.99,1.738,1.582,0.304
29713,899374397,99812.27,27.99,1.619,1.182,-0.783
29715,899434422,99806.95,27.99,1.651,1.631,-1.225
29717,899494427,99807.21,27.99,1.633,1.610,-0.140
29719,899554397,99805.08,27.99,1.688,1.790,0.051
29721,899614415,99805.22,27.99,1.709,1.778,0.597
29723,899674397,99801.90,27.99,1.778,2.058,0.526
29725,899734431,99806.88,27.99,1.741,1.638,0.662
29727,899794397,99804.80,27.99,1.756,1.813,-0.094
29729,899854397,99804.23,27.99,1.797,1.862,0.223
29731,899914415,99807.53,27.99,1.744,1.583,0.296
29733,899974397,99805.20,27.99,1.756,1.780,-0.420
29735,900034422,99806.86,27.99,1.758,1.640,0.051
29737,900094426,99807.97,27.99,1.731,1.545,0.027
29739,900154397,99804.63,27.99,1.738,1.827,-0.370
29741,900214415,99807.82,27.99,1.716,1.558,-0.091
29743,900274397,99804.83,27.99,1.775,1.811,0.122
29745,900334423,99806.78,27.99,1.756,1.646,0.465
29747,900394409,99805.13,27.99,1.761,1.785,-0.108
29749,900454397,99805.00,27.99,1.739,1.797,-0.185
29751,900514426,99806.20,27.99,1.708,1.695,-0.365
29753,900574397,99804.58,27.99,1.768,1.832,-0.035
29755,900634423,99805.89,27.99,1.773,1.721,0.647
29757,900694427,99806.63,27.99,1.770,1.658,0.202
29759,900754397,99808.06,27.99,1.763,1.538,0.048
29761,900814415,99808.96,27.99,1.712,1.462,-0.247
29763,900874397,99805.55,27.99,1.740,1.751,-0.541
29765,900934422,99805.34,27.99,1.759,1.767,0.177
29767,900994397,99805.77,27.99,1.754,1.731,0.222
29769,901054397,99805.52,27.99,1.738,1.752,-0.122
29771,901114415,99804.82,27.99,1.743,1.812,-0.210
29773,901174397,99804.54,27.99,1.744,1.835,-0.012
29775,901234423,99803.69,27.99,1.721,1.908,-0.177
29777,901294435,99805.48,27.99,1.705,1.756,-0.294
29779,901354397,99806.47,27.99,1.704,1.672,-0.054
29781,901414415,99807.26,27.99,1.735,1.605,0.247
29783,901474397,99806.61,27.99,1.717,1.661,0.244
29785,901534423,99806.08,27.99,1.744,1.705,-0.079
29787,901594397,99809.03,27.99,1.690,1.456,0.096
29789,901654397,99805.41,27.99,1.684,1.762,-0.633
29791,901714415,99805.49,27.99,1.710,1.755,-0.163
29793,901774397,99803.20,27.99,1.723,1.949,0.236
29795,901834422,99805.79,27.99,1.711,1.730,0.123
29797,901894452,99808.77,27.99,1.675,1.477,-0.031
29799,901954397,99803.97,27.99,1.756,1.884,-0.041
29801,902014415,99806.32,27.99,1.753,1.685,0.711
29803,902074407,99806.30,27.99,1.726,1.686,0.018
29805,902134423,99805.25,27.99,1.730,1.775,-0.342
29807,902194397,99805.05,27.99,1.709,1.792,-0.171
29809,902254397,99804.09,27.99,1.744,1.873,-0.084
29811,902314415,99804.42,27.99,1.804,1.845,0.681
29813,902374398,99804.30,27.99,1.793,1.856,0.642
29815,902434423,99805.73,27.99,1.813,1.735,0.130
29817,902494427,99801.65,27.99,1.827,2.080,0.155
29819,902554397,99804.60,27.99,1.831,1.830,0.141
29821,902614415,99806.57,27.99,1.792,1.664,0.096
29823,902674397,99807.77,27.99,1.750,1.562,-0.505
29825,902734423,99806.55,27.99,1.753,1.666,-0.492
29827,902794397,99807.14,27.99,1.738,1.615,-0.132
29829,902854408,99805.48,27.99,1.739,1.756,-0.211
29831,902914416,99805.75,27.99,1.740,1.733,-0.072
29833,902974397,99804.19,27.99,1.756,1.865,0.033
29835,903034423,99805.37,27.99,1.743,1.765,0.082
29837,903094427,99807.53,27.99,1.748,1.583,0.080
29839,903154396,99807.20,27.99,1.721,1.610,-0.019
29841,903214415,99806.56,27.99,1.747,1.664,-0.189
29843,903274397,99804.91,27.99,1.768,1.804,0.257
29845,903334422,99802.30,27.99,1.823,2.025,0.352
29847,903394410,99805.71,28.00,1.797,1.736,0.521
29849,903454397,99805.59,28.00,1.776,1.747,-0.179
29851,903514415,99807.17,27.99,1.780,1.613,-0.158
29853,903574397,99808.56,28.00,1.712,1.495,-0.213
29855,903634431,99805.86,27.99,1.734,1.724,-0.692
29857,903694427,99803.61,28.00,1.754,1.914,0.027
29859,903754397,99806.55,28.00,1.747,1.665,0.242
29861,903814415,99806.58,28.00,1.765,1.663,0.204
29863,903874397,99807.81,28.00,1.778,1.559,0.342
29865,903934422,99805.17,28.00,1.780,1.782,0.101
29867,903994397,99803.74,28.00,1.799,1.902,-0.077
29869,904054397,99803.93,28.00,1.821,1.887,0.269
29871,904114415,99806.14,28.00,1.789,1.700,0.208
29873,904174397,99807.06,28.00,1.768,1.622,-0.287
29875,904234422,99803.29,28.00,1.786,1.941,-0.315
29877,904294427,99806.35,28.00,1.760,1.682,-0.015
29879,904354396,99804.89,28.00,1.748,1.805,-0.250
29881,904414425,99804.28,28.00,1.765,1.857,-0.167
29883,904474397,99802.94,28.00,1.815,1.971,0.361
29885,904534423,99805.73,28.00,1.797,1.735,0.536
29887,904594397,99806.89,28.00,1.784,1.636,-0.009
29889,904654397,99804.42,28.00,1.794,1.845,-0.169
29891,904714415,99805.45,28.00,1.824,1.758,0.197
29893,904774397,99806.42,28.00,1.825,1.677,0.459
29895,904834422,99804.88,28.00,1.760,1.806,-0.370
29897,904894452,99804.98,28.00,1.762,1.798,-0.789
29899,904954397,99801.30,28.00,1.831,2.109,0.164
29901,905014415,99804.52,28.00,1.804,1.837,0.581
29903,905074397,99804.80,28.00,1.803,1.813,-0.043
29905,905134423,99807.96,28.00,1.766,1.546,-0.067
29907,905194409,99806.89,28.00,1.759,1.637,-0.337
29909,905254397,99801.62,28.00,1.843,2.082,0.031
29911,905314415,99808.66,28.00,1.779,1.487,0.641
29913,905374397,99803.49,28.00,1.774,1.924,-0.542
29915,905434423,99804.60,28.00,1.758,1.830,-0.434
29917,905494427,99806.05,28.00,1.721,1.708,-0.265
29919,905554397,99806.37,28.00,1.724,1.681,-0.311
29921,905614415,99803.38,28.00,1.777,1.934,0.158
29923,905674397,99801.62,28.00,1.825,2.082,0.613
29925,905734424,99805.56,28.00,1.782,1.749,0.450
29927,905794397,99805.05,28.00,1.778,1.792,-0.261
29929,905854396,99802.20,28.00,1.833,2.033,0.048
29931,905914415,99805.43,28.00,1.807,1.760,0.473
29933,905974407,99803.35,28.00,1.815,1.936,-0.114
29935,906034423,99806.36,28.00,1.795,1.681,-0.010
29937,906094426,99807.27,28.00,1.736,1.605,-0.348
29939,906154397,99807.03,28.01,1.739,1.625,-0.619
29941,906214415,99802.81,28.01,1.781,1.981,-0.025
29943,906274397,99806.51,28.00,1.754,1.669,0.284
29945,906334423,99805.14,28.01,1.747,1.785,-0.171
29947,906394410,99807.69,28.01,1.749,1.570,-0.033
29949,906454397,99805.80,28.01,1.749,1.728,0.054
29951,906514415,99804.69,28.01,1.794,1.823,0.104
29953,906574397,99807.16,28.01,1.746,1.613,0.285
29955,906634422,99806.53,28.01,1.741,1.667,-0.411
29957,906694427,99807.69,28.01,1.750,1.569,-0.021
29959,906754408,99808.71,28.01,1.687,1.483,-0.161
29961,906814415,99804.58,28.01,1.721,1.832,-0.655
29963,906874397,99802.61,28.01,1.773,1.999,0.287
29965,906934423,99800.05,28.01,1.829,2.214,0.695
29967,906994397,99806.27,28.01,1.791,1.689,0.644
29969,907054397,99805.12,28.01,1.792,1.786,-0.082
29971,907114415,99804.43,28.01,1.790,1.845,-0.134
29973,907174397,99804.66,28.01,1.796,1.826,-0.012
29975,907234422,99807.70,28.01,1.740,1.569,-0.091
29977,907294427,99805.05,28.01,1.742,1.792,-0.585
29979,907354397,99806.70,28.01,1.770,1.653,0.072
29981,907414415,99805.99,28.01,1.791,1.713,0.489
29983,907474397,99803.32,28.01,1.814,1.938,0.221
29985,907534431,99802.16,28.01,1.842,2.036,0.234
29987,907594397,99806.11,28.01,1.850,1.703,0.526
29989,907654397,99806.08,28.01,1.833,1.705,0.224
29991,907714415,99806.12,28.01,1.816,1.701,-0.271
29993,907774397,99804.20,28.01,1.807,1.864,-0.357
29995,907834422,99804.31,28.01,1.812,1.854,-0.187
29997,907894466,99804.45,28.01,1.827,1.843,0.143
29999,907954397,99801.70,28.01,1.852,2.075,0.174
30001,908014415,99802.76,28.01,1.843,1.986,0.149
30003,908074397,99803.87,28.01,1.871,1.892,0.209
30005,908134422,99809.12,28.01,1.792,1.448,0.183
30007,908194397,99800.70,28.01,1.836,2.161,-0.761
30009,908254397,99806.69,28.01,1.833,1.654,0.254
30011,908314426,99808.24,28.01,1.794,1.522,0.188
30013,908374397,99803.28,28.02,1.825,1.942,-0.430
30015,908434422,99803.70,28.01,1.831,1.906,0.091
30017,908494427,99806.59,28.01,1.810,1.662,0.157
30019,908554396,99805.82,28.01,1.812,1.727,-0.105
30021,908614415,99804.76,28.01,1.824,1.817,-0.035
30023,908674397,99804.62,28.01,1.810,1.829,-0.007
30025,908734423,99804.59,28.02,1.839,1.832,0.023
30027,908794397,99802.77,28.02,1.870,1.985,0.389
30029,908854397,99802.98,28.01,1.870,1.968,0.286
30031,908914415,99804.54,28.01,1.836,1.835,-0.078
30033,908974397,99806.88,28.01,1.778,1.637,-0.504
30035,909034423,99805.48,28.02,1.771,1.756,-0.665
30037,909094435,99802.87,28.01,1.809,1.977,-0.125
30039,909154397,99805.79,28.01,1.808,1.730,0.423
30041,909214415,99803.66,28.01,1.856,1.909,0.350
30043,909274397,99804.48,28.01,1.853,1.840,0.438
30045,909334423,99805.12,28.01,1.824,1.787,-0.075
30047,909394410,99805.35,28.01,1.823,1.767,-0.282
30049,909454396,99802.94,28.01,1.830,1.970,-0.112
30051,909514415,99801.45,28.01,1.866,2.097,0.072
30053,909574397,99808.51,28.02,1.814,1.500,0.397
30055,909634422,99802.27,28.01,1.813,2.027,-0.492
30057,909694427,99803.03,28.02,1.818,1.963,-0.333
30059,909754397,99800.93,28.01,1.845,2.140,0.134
30061,909814415,99804.93,28.01,1.829,1.803,0.310
30063,909874407,99805.16,28.01,1.817,1.782,0.010
30065,909934423,99802.23,28.02,1.848,2.030,-0.107
30067,909994397,99805.91,28.02,1.787,1.719,0.015
30069,910054397,99806.06,28.02,1.793,1.706,-0.401
30071,910114415,99805.04,28.02,1.784,1.793,-0.098
30073,910174397,99806.62,28.02,1.835,1.660,0.236
30075,910234423,99803.01,28.01,1.890,1.965,0.769
30077,910294427,99801.20,28.02,1.911,2.118,0.487
30079,910354397,99804.34,28.02,1.895,1.853,0.266
30081,910414415,99803.59,28.02,1.896,1.916,-0.020
30083,910474397,99806.01,28.02,1.860,1.711,-0.126
30085,910534422,99805.17,28.02,1.851,1.782,-0.362
30087,910594397,99801.88,28.02,1.884,2.060,-0.169
30089,910654409,99805.24,28.02,1.839,1.776,0.098
30091,910714415,99806.58,28.02,1.750,1.663,-0.733
30093,910774397,99803.70,28.02,1.794,1.907,-0.852
30095,910834423,99807.22,28.02,1.767,1.609,0.262
30097,910894452,99802.96,28.02,1.783,1.969,-0.195
30099,910954397,99806.48,28.02,1.774,1.672,0.063
30101,911014415,99803.30,28.02,1.788,1.939,0.013
30103,911074397,99804.43,28.02,1.804,1.845,0.131
30105,911134422,99808.52,28.02,1.756,1.499,0.195
30107,911194397,99802.84,28.02,1.824,1.979,-0.203
30109,911254397,99806.41,28.02,1.813,1.678,0.519
30111,911314415,99804.91,28.02,1.825,1.803,0.131
30113,911374396,99807.64,28.02,1.801,1.574,0.052
30115,911434431,99807.00,28.02,1.818,1.628,-0.046
30117,911494427,99802.73,28.02,1.829,1.989,-0.044
30119,911554397,99807.55,28.02,1.798,1.581,-0.010
30121,911614415,99803.50,28.02,1.818,1.923,-0.163
30123,911674397,99800.67,28.02,1.839,2.162,-0.058
30125,911734422,99805.81,28.02,1.802,1.728,0.154
30127,911794397,99806.04,28.02,1.806,1.709,-0.077
30129,911854397,99803.56,28.02,1.839,1.918,0.077
30131,911914415,99803.67,28.02,1.877,1.908,0.469
30133,911974397,99805.05,28.02,1.848,1.792,0.367
30135,912034422,99807.95,28.02,1.795,1.547,-0.367
30137,912094427,99803.93,28.03,1.833,1.887,-0.451
30139,912154397,99804.52,28.03,1.807,1.838,0.028
30141,912214425,99805.48,28.03,1.815,1.756,-0.120
30143,912274397,99807.76,28.03,1.782,1.564,0.041
30145,912334422,99804.03,28.03,1.822,1.879,-0.198
30147,912394410,99804.69,28.03,1.849,1.823,0.395
30149,912454397,99800.54,28.03,1.892,2.174,0.404
30151,912514415,99802.96,28.03,1.907,1.969,0.504
30153,912574397,99804.38,28.03,1.893,1.849,0.337
30155,912634422,99802.86,28.03,1.907,1.977,-0.069
30157,912694426,99803.39,28.03,1.908,1.933,0.096
30159,912754397,99803.23,28.03,1.943,1.946,0.255
30161,912814415,99804.46,28.03,1.947,1.842,0.473
30163,912874397,99803.33,28.03,1.931,1.938,-0.013
30165,912934419,99805.07,28.03,1.911,1.790,-0.265
30167,912994409,99803.45,28.03,1.882,1.928,-0.396
30169,913054397,99806.46,28.03,1.860,1.673,-0.391
30171,913114415,99801.70,28.03,1.877,2.076,-0.273
30173,913174397,99802.06,28.03,1.937,2.045,0.287
30175,913234423,99803.27,28.03,1.915,1.942,0.638
30177,913294427,99804.52,28.03,1.906,1.838,-0.107
30179,913354397,99807.05,28.03,1.841,1.623,-0.301
30181,913414415,99802.78,28.03,1.866,1.984,-0.667
30183,913474397,99803.04,28.03,1.876,1.962,0.049
30185,913534422,99806.23,28.03,1.857,1.693,0.200
30187,913594397,99804.75,28.03,1.820,1.818,-0.320
30189,913654397,99803.25,28.03,1.853,1.944,-0.391
30191,913714415,99806.63,28.03,1.840,1.659,0.345
30193,913774409,99803.92,28.03,1.804,1.887,-0.276
30195,913834422,99802.55,28.03,1.821,2.003,-0.527
30197,913894452,99803.47,28.03,1.833,1.926,0.194
30199,913954397,99802.25,28.03,1.865,2.029,0.320
30201,914014415,99803.77,28.03,1.903,1.900,0.602
30203,914074397,99806.06,28.03,1.850,1.706,0.343
30205,914134423,99801.63,28.03,1.922,2.081,-0.237
30207,914194397,99800.52,28.03,1.970,2.175,0.723
30209,914254397,99802.45,28.03,1.960,2.013,0.587
30211,914314415,99803.40,28.03,1.958,1.932,0.087
30213,914374397,99805.58,28.03,1.894,1.748,-0.237
30215,914434422,99805.37,28.03,1.887,1.765,-0.649
30217,914494427,99804.66,28.03,1.847,1.825,-0.419
30219,914554408,99803.53,28.03,1.861,1.921,-0.470
30221,914614415,99803.62,28.03,1.905,1.913,0.307
30223,914674397,99803.20,28.03,1.923,1.949,0.594
30225,914734423,99806.99,28.03,1.890,1.628,0.235
30227,914794397,99805.45,28.03,1.898,1.758,-0.183
30229,914854397,99802.56,28.03,1.873,2.002,-0.327
30231,914914416,99806.48,28.03,1.828,1.671,-0.475
30233,914974397,99804.84,28.03,1.825,1.810,-0.421
30235,915034422,99804.92,28.03,1.844,1.803,-0.059
30237,915094427,99807.52,28.03,1.796,1.584,0.069
30239,915154397,99800.29,28.03,1.826,2.195,-0.578
30241,915214415,99802.38,28.03,1.826,2.018,0.015
30243,915274397,99805.98,28.03,1.835,1.713,0.389
30245,915334431,99809.48,28.03,1.784,1.418,0.177
30247,915394410,99805.95,28.03,1.782,1.716,-0.571
30249,915454397,99800.74,28.03,1.826,2.156,-0.286
30251,915514415,99807.91,28.03,1.825,1.551,0.585
30253,915574397,99804.59,28.03,1.800,1.831,0.098
30255,915634422,99805.48,28.03,1.799,1.756,-0.416
30257,915694426,99802.29,28.03,1.829,2.026,0.016
30259,915754397,99802.94,28.03,1.859,1.971,0.368
30261,915814415,99801.82,28.03,1.850,2.065,0.285
30263,915874397,99808.58,28.03,1.807,1.494,-0.018
30265,915934422,99804.22,28.03,1.845,1.862,-0.134
30267,915994397,99807.12,28.03,1.784,1.617,-0.058
30269,916054397,99803.07,28.03,1.804,1.959,-0.574
30271,916114426,99805.62,28.04,1.818,1.743,0.156
30273,916174397,99805.67,28.04,1.797,1.740,0.184
30275,916234423,99805.16,28.04,1.821,1.783,-0.104
30277,916294427,99803.07,28.04,1.883,1.960,0.468
30279,916354396,99804.34,28.04,1.862,1.852,0.543
30281,916414415,99803.63,28.04,1.870,1.912,-0.092
30283,916474397,99803.40,28.04,1.893,1.932,0.155
30285,916534422,99799.93,28.04,1.896,2.225,0.087
30287,916594397,99806.81,28.04,1.881,1.643,0.153
30289,916654397,99803.87,28.04,1.883,1.892,0.061
30291,916714415,99804.00,28.04,1.856,1.881,-0.302
30293,916774397,99804.12,28.04,1.847,1.871,-0.333
30295,916834423,99805.05,28.04,1.861,1.792,0.006
30297,916894459,99805.37,28.04,1.871,1.766,0.269
30299,916954397,99804.12,28.04,1.868,1.871,0.054
30301,917014415,99802.88,28.04,1.883,1.976,-0.073
30303,917074397,99804.59,28.04,1.891,1.832,0.234
30305,917134423,99801.36,28.04,1.927,2.104,0.234
30307,917194397,99802.84,28.04,1.914,1.979,0.239
30309,917254397,99808.13,28.04,1.854,1.532,-0.091
30311,917314415,99805.76,28.04,1.787,1.732,-0.909
30313,917374397,99806.33,28.04,1.798,1.684,-0.837
30315,917434422,99799.36,28.04,1.873,2.273,0.149
30317,917494427,99804.45,28.04,1.871,1.843,0.731
30319,917554397,99804.59,28.04,1.877,1.831,0.368
30321,917614415,99802.46,28.04,1.894,2.011,0.056
30323,917674407,99803.76,28.03,1.890,1.902,0.130
30325,917734423,99804.12,28.04,1.884,1.871,0.023
30327,917794397,99802.59,28.03,1.893,2.000,-0.084
30329,917854397,99800.92,28.04,1.922,2.141,0.091
30331,917914416,99804.56,28.03,1.936,1.833,0.519
30333,917974397,99802.53,28.03,1.922,2.005,0.189
30335,918034423,99805.84,28.03,1.890,1.725,-0.250
30337,918094427,99803.95,28.03,1.910,1.885,-0.175
30339,918154397,99806.48,28.03,1.870,1.671,-0.017
30341,918214415,99801.63,28.03,1.887,2.081,-0.448
30343,918274397,99802.28,28.03,1.904,2.026,0.016
30345,918334422,99803.52,28.03,1.880,1.921,0.170
30347,918394410,99805.14,28.03,1.869,1.785,-0.153
30349,918454408,99804.49,28.03,1.868,1.839,-0.103
30351,918514415,99802.65,28.03,1.902,1.995,0.039
30353,918574397,99805.88,28.03,1.876,1.723,0.301
30355,918634423,99805.91,28.03,1.865,1.720,-0.139
30357,918694427,99804.14,28.03,1.902,1.869,-0.026
30359,918754397,99802.47,28.03,1.903,2.011,0.213
30361,918814415,99806.52,28.03,1.856,1.668,-0.095
30363,918874397,99806.88,28.03,1.822,1.637,-0.479
30365,918934422,99805.15,28.03,1.821,1.784,-0.509
30367,918994397,99800.69,28.02,1.869,2.161,-0.095
30369,919054397,99803.88,28.03,1.894,1.892,0.611
30371,919114415,99806.38,28.03,1.851,1.680,0.378
30373,919174397,99802.28,28.02,1.896,2.026,-0.277
30375,919234431,99800.39,28.02,1.931,2.186,0.339
30377,919294427,99803.81,28.02,1.956,1.897,0.667
30379,919354396,99804.39,28.03,1.940,1.848,0.437
30381,919414415,99802.33,28.02,1.972,2.023,-0.043
30383,919474397,99804.41,28.02,1.922,1.846,0.043
30385,919534422,99802.41,28.02,1.928,2.015,-0.485
30387,919594397,99802.51,28.02,1.977,2.007,0.202
30389,919654396,99805.78,28.02,1.944,1.730,0.539
30391,919714415,99803.95,28.03,1.930,1.886,-0.321
30393,919774397,99802.38,28.03,1.914,2.018,-0.466
30395,919834422,99803.09,28.03,1.902,1.958,-0.307
30397,919894452,99800.89,28.02,1.949,2.144,0.044
30399,919954397,99801.22,28.02,1.959,2.116,0.464
30401,920014425,99802.04,28.03,1.980,2.047,0.344
30403,920074397,99803.24,28.02,1.978,1.945,0.336
30405,920134422,99803.10,28.03,1.991,1.957,0.136
30407,920194397,99802.83,28.03,1.995,1.980,0.142
30409,920254397,99803.32,28.03,1.979,1.938,-0.018
30411,920314415,99802.79,28.03,1.949,1.983,-0.354
30413,920374397,99807.46,28.03,1.889,1.589,-0.479
30415,920434422,99801.97,28.03,1.883,2.052,-0.772
30417,920494426,99808.16,28.03,1.851,1.529,-0.271
30419,920554397,99803.15,28.03,1.866,1.953,-0.210
30421,920614415,99805.56,28.03,1.863,1.749,-0.029
30423,920674397,99803.65,28.03,1.831,1.911,-0.176
30425,920734423,99801.67,28.03,1.860,2.078,-0.391
30427,920794409,99803.26,28.03,1.855,1.944,0.238
30429,920854397,99802.81,28.03,1.857,1.981,0.045
30431,920914415,99806.66,28.03,1.837,1.656,0.079
30433,920974397,99805.51,28.03,1.834,1.754,-0.097
30435,921034423,99802.49,28.03,1.851,2.009,-0.177
30437,921094427,99803.39,28.03,1.879,1.933,0.236
30439,921154397,99808.38,28.03,1.837,1.510,0.401
30441,921214415,99805.33,28.03,1.837,1.769,-0.329
30443,921274397,99803.77,28.03,1.799,1.900,-0.515
30445,921334422,99800.34,28.03,1.850,2.191,-0.394
30447,921394410,99804.68,28.03,1.828,1.824,0.448
30449,921454397,99800.19,28.03,1.899,2.203,0.218
30451,921514415,99804.49,28.03,1.876,1.839,0.617
30453,921574407,99804.41,28.03,1.867,1.846,-0.006
30455,921634423,99805.24,28.03,1.887,1.776,0.026
30457,921694426,99802.98,28.04,1.921,1.967,0.337
30459,921754397,99803.78,28.03,1.904,1.899,0.222
30461,921814415,99809.71,28.04,1.883,1.398,0.081
30463,921874397,99802.99,28.03,1.900,1.966,-0.189
30465,921934423,99805.59,28.04,1.889,1.747,-0.110
30467,921994397,99801.30,28.03,1.924,2.109,0.009
30469,922054397,99803.48,28.04,1.900,1.925,0.120
30471,922114415,99805.38,28.04,1.866,1.764,-0.215
30473,922174397,99801.23,28.04,1.930,2.115,-0.148
30475,922234422,99804.77,28.04,1.909,1.816,0.523
30477,922294427,99804.55,28.04,1.890,1.834,-0.099
30479,922354408,99801.38,28.04,1.921,2.102,-0.238
30481,922414415,99804.16,28.04,1.897,1.867,0.167
30483,922474397,99800.41,28.04,1.954,2.185,0.052
30485,922534423,99803.05,28.04,1.935,1.961,0.431
30487,922594397,99803.23,28.04,1.918,1.946,-0.108
30489,922654397,99804.12,28.04,1.912,1.871,-0.186
30491,922714415,99805.05,28.04,1.886,1.792,-0.132
30493,922774397,99803.73,28.04,1.957,1.904,0.104
30495,922834422,99801.95,28.04,1.983,2.055,0.734
30497,922894466,99802.72,28.04,1.949,1.989,0.113
30499,922954396,99804.20,28.04,1.938,1.864,-0.287
30501,923014415,99805.12,28.04,1.901,1.787,-0.247
30503,923074397,99804.16,28.04,1.861,1.868,-0.655
30505,923134431,99803.06,28.04,1.879,1.960,-0.492
30507,923194397,99803.41,28.05,1.860,1.930,0.008
30509,923254397,99806.50,28.05,1.855,1.669,-0.034
30511,923314415,99804.51,28.05,1.858,1.838,0.005
30513,923374397,99801.84,28.05,1.926,2.064,0.171
30515,923434422,99805.49,28.05,1.914,1.755,0.736
30517,923494426,99802.64,28.05,1.892,1.996,-0.143
30519,923554397,99801.95,28.05,1.908,2.055,-0.354
30521,923614415,99807.03,28.05,1.911,1.625,0.409
30523,923674397,99805.73,28.05,1.902,1.735,0.196
30525,923734422,99806.49,28.04,1.906,1.670,-0.104
30527,923794397,99805.45,28.04,1.864,1.759,-0.225
30529,923854397,99802.62,28.04,1.875,1.997,-0.602
30531,923914424,99800.63,28.04,1.885,2.165,-0.121
30533,923974397,99803.76,28.04,1.883,1.901,0.175
30535,924034423,99803.86,28.04,1.906,1.893,0.297
30537,924094427,99801.23,28.04,1.919,2.115,0.194
30539,924154397,99806.57,28.04,1.893,1.664,0.158
30541,924214415,99804.72,28.04,1.855,1.820,-0.313
30543,924274397,99801.20,28.04,1.907,2.118,-0.433
30545,924334422,99801.96,28.03,1.934,2.053,0.548
30547,924394410,99802.22,28.03,1.920,2.031,0.327
30549,924454397,99802.99,28.03,1.902,1.966,-0.175
30551,924514415,99804.41,28.03,1.877,1.847,-0.243
30553,924574397,99803.73,28.03,1.873,1.904,-0.282
30555,924634423,99803.18,28.03,1.868,1.951,-0.165
30557,924694435,99802.34,28.03,1.908,2.021,0.096
30559,924754397,99802.80,28.03,1.921,1.982,0.495
30561,924814415,99803.65,28.03,1.938,1.910,0.358
30563,924874397,99804.98,28.03,1.913,1.798,0.173
30565,924934423,99799.93,28.03,1.963,2.225,-0.167
30567,924994397,99804.82,28.03,1.947,1.812,0.425
30569,925054396,99803.12,28.03,1.926,1.955,-0.071
30571,925114415,99801.62,28.02,1.944,2.082,-0.318
30573,925174397,99802.66,28.02,1.941,1.994,0.136
30575,925234422,99806.76,28.03,1.903,1.648,0.032
30577,925294427,99805.01,28.02,1.895,1.796,-0.345
30579,925354397,99804.36,28.03,1.887,1.851,-0.303
30581,925414415,99801.55,28.03,1.903,2.088,-0.188
30583,925474407,99803.02,28.03,1.927,1.964,0.243
30585,925534423,99808.73,28.02,1.878,1.481,0.383
30587,925594397,99805.98,28.02,1.853,1.714,-0.507
30589,925654397,99800.18,28.03,1.894,2.204,-0.543
30591,925714415,99804.78,28.02,1.907,1.815,0.440
30593,925774397,99806.48,28.02,1.880,1.672,0.363
30595,925834423,99807.07,28.02,1.855,1.621,-0.309
30597,925894452,99802.66,28.02,1.872,1.994,-0.406
30599,925954397,99803.09,28.03,1.916,1.959,0.202
30601,926014415,99800.65,28.03,1.967,2.164,0.695
30603,926074397,99805.55,28.02,1.931,1.750,0.532
30605,926134422,99804.36,28.03,1.902,1.851,-0.319
30607,926194397,99803.51,28.03,1.889,1.923,-0.539
30609,926254408,99804.02,28.02,1.900,1.880,-0.128
30611,926314415,99805.12,28.03,1.861,1.786,-0.031
30613,926374397,99798.74,28.03,1.957,2.325,-0.143
30615,926434423,99801.80,28.03,2.000,2.066,1.094
30617,926494427,99804.83,28.03,1.965,1.811,0.693
30619,926554397,99797.40,28.02,2.046,2.439,-0.098
30621,926614415,99803.62,28.02,2.056,1.914,0.851
30623,926674397,99808.22,28.02,1.948,1.524,0.138
30625,926734422,99805.71,28.03,1.917,1.737,-1.251
30627,926794397,99801.65,28.03,1.926,2.080,-0.749
30629,926854397,99800.98,28.02,1.943,2.136,-0.089
30631,926914416,99800.77,28.02,1.946,2.155,0.167
30633,926974397,99802.31,28.02,1.952,2.024,0.152
30635,927034431,99801.59,28.02,1.948,2.085,0.093
30637,927094427,99805.12,28.02,1.937,1.786,0.049
30639,927154396,99804.27,28.02,1.945,1.859,0.067
30641,927214415,99806.29,28.02,1.911,1.688,-0.055
30643,927274397,99801.54,28.02,1.939,2.089,-0.350
30645,927334422,99801.41,28.02,1.961,2.100,0.141
30647,927394410,99799.55,28.02,2.046,2.257,0.654
30649,927454397,99805.49,28.02,2.004,1.755,0.937
30651,927514415,99805.36,28.02,1.960,1.766,-0.324
30653,927574397,99804.45,28.02,1.929,1.843,-0.763
30655,927634422,99802.51,28.02,1.942,2.007,-0.456
30657,927694427,99803.14,28.02,1.939,1.953,0.024
30659,927754397,99802.17,28.02,1.907,2.035,-0.231
30661,927814425,99804.19,28.02,1.918,1.865,-0.240
30663,927874397,99806.18,28.02,1.923,1.697,0.335
30665,927934420,99800.37,28.02,1.942,2.188,-0.029
30667,927994397,99801.61,28.02,1.973,2.083,0.154
30669,928054397,99806.08,28.02,1.895,1.705,0.211
30671,928114415,99804.89,28.02,1.884,1.806,-0.722
30673,928174397,99806.31,28.02,1.875,1.685,-0.237
30675,928234423,99803.76,28.02,1.900,1.902,-0.021
30677,928294426,99804.59,28.02,1.896,1.831,0.149
30679,928354397,99806.44,28.02,1.860,1.675,-0.087
30681,928414415,99800.97,28.02,1.878,2.137,-0.491
30683,928474397,99800.88,28.02,1.938,2.145,0.211
30685,928534423,99802.78,28.02,1.944,1.984,0.807
30687,928594409,99801.76,28.02,1.942,2.071,0.169
30689,928654397,99803.00,28.02,1.934,1.965,-0.043
30691,928714415,99802.94,28.02,1.937,1.971,-0.012
30693,928774397,99802.84,28.02,1.943,1.980,0.048
30695,928834423,99803.26,28.02,1.962,1.943,0.193
30697,928894452,99805.47,28.02,1.910,1.757,0.057
30699,928954397,99803.52,28.02,1.935,1.922,-0.397
30701,929014415,99805.62,28.02,1.899,1.744,0.020
30703,929074397,99801.55,28.02,1.925,2.088,-0.326
30705,929134422,99803.69,28.02,1.932,1.907,0.191
30707,929194397,99805.57,28.01,1.899,1.748,0.125
30709,929254397,99799.64,28.02,1.928,2.249,-0.403
30711,929314415,99805.02,28.02,1.880,1.795,-0.024
30713,929374408,99804.97,28.02,1.879,1.799,-0.219
30715,929434423,99800.82,28.02,1.937,2.150,0.048
30717,929494426,99804.77,28.02,1.927,1.816,0.572
30719,929554397,99805.45,28.02,1.918,1.758,0.141
30721,929614415,99803.72,28.02,1.890,1.905,-0.328
30723,929674397,99803.50,28.02,1.900,1.923,-0.364
30725,929734423,99802.56,28.02,1.886,2.002,-0.058
30727,929794397,99803.37,28.01,1.913,1.934,0.006
30729,929854397,99806.95,28.02,1.887,1.631,0.372
30731,929914416,99799.84,28.02,1.937,2.233,-0.156
30733,929974397,99802.10,28.01,1.965,2.041,0.428
30735,930034422,99803.95,28.02,1.982,1.885,0.674
30737,930094427,99801.22,28.01,2.003,2.116,0.299
30739,930154408,99804.11,28.02,1.976,1.872,0.099
30741,930214415,99805.65,28.02,1.930,1.742,-0.313
30743,930274397,99802.86,28.01,1.914,1.977,-0.691
30745,930334423,99804.12,28.01,1.883,1.871,-0.487
30747,930394410,99806.20,28.01,1.862,1.695,-0.302
30749,930454397,99803.19,28.01,1.903,1.949,-0.071
30751,930514415,99802.61,28.01,1.927,1.998,0.380
30753,930574397,99803.36,28.01,1.933,1.935,0.348
30755,930634422,99801.58,28.01,1.916,2.086,-0.067
30757,930694427,99806.28,28.01,1.876,1.688,-0.256
30759,930754397,99803.89,28.01,1.901,1.890,-0.199
30761,930814415,99801.65,28.01,1.923,2.080,0.118
30763,930874397,99804.45,28.01,1.906,1.843,0.208
30765,930934431,99806.52,28.01,1.893,1.668,0.023
30767,930994397,99803.72,28.01,1.894,1.905,-0.197
30769,931054396,99804.38,28.01,1.830,1.849,-0.494
30771,931114415,99806.88,28.01,1.792,1.638,-0.757
30773,931174397,99799.85,28.01,1.876,2.231,-0.244
30775,931234422,99803.27,28.01,1.903,1.942,0.854
30777,931294426,99805.32,28.01,1.880,1.769,0.545
30779,931354397,99803.35,28.00,1.894,1.936,-0.141
30781,931414415,99805.80,28.00,1.888,1.728,0.120
30783,931474396,99804.76,28.00,1.896,1.817,0.072
30785,931534422,99804.53,28.01,1.884,1.836,-0.053
30787,931594397,99802.30,28.00,1.909,2.024,-0.113
30789,931654397,99801.30,28.00,1.945,2.109,0.298
30791,931714426,99803.39,28.01,1.948,1.933,0.497
30793,931774397,99805.01,28.01,1.928,1.795,0.155
30795,931834422,99806.48,28.01,1.876,1.671,-0.356
30797,931894452,99804.62,28.01,1.875,1.829,-0.623
30799,931954397,99800.67,28.01,1.930,2.162,-0.051
30801,932014415,99801.64,28.01,1.973,2.081,0.698
30803,932074397,99803.44,28.01,1.968,1.929,0.649
30805,932134422,99804.16,28.01,1.960,1.868,0.081
30807,932194397,99808.33,28.01,1.927,1.515,-0.028
30809,932254397,99801.56,28.01,1.942,2.087,-0.429
30811,932314415,99800.77,28.01,1.977,2.154,-0.067
30813,932374397,99804.30,28.02,1.922,1.855,0.234
30815,932434423,99804.70,28.02,1.868,1.823,-0.672
30817,932494435,99803.26,28.01,1.873,1.944,-0.686
30819,932554397,99806.01,28.02,1.852,1.711,-0.053
30821,932614415,99801.59,28.01,1.875,2.084,-0.177
30823,932674397,99803.66,28.01,1.933,1.910,0.443
30825,932734423,99803.30,28.01,1.920,1.940,0.681
30827,932794397,99802.33,28.01,1.928,2.022,-0.109
30829,932854397,99801.91,28.01,1.933,2.058,0.021
30831,932914416,99798.70,28.01,1.991,2.329,0.210
30833,932974397,99803.10,28.01,1.984,1.957,0.670
30835,933034422,99803.44,28.01,1.939,1.928,-0.028
30837,933094427,99804.00,28.01,1.913,1.881,-0.610
30839,933154397,99800.20,28.00,1.925,2.202,-0.432
30841,933214415,99802.80,28.00,1.937,1.982,0.120
30843,933274407,99801.20,28.00,1.976,2.118,0.427
30845,933334423,99804.12,28.00,1.936,1.871,0.276
30847,933394410,99804.66,28.00,1.921,1.825,-0.312
30849,933454397,99800.44,28.00,1.964,2.182,-0.157
30851,933514415,99804.61,28.00,1.927,1.830,0.242
30853,933574397,99802.43,28.00,1.949,2.014,-0.123
30855,933634423,99800.75,28.00,1.960,2.156,0.070
30857,933694427,99805.31,28.00,1.922,1.770,0.075
30859,933754397,99802.47,27.99,1.948,2.011,-0.170
30861,933814415,99796.87,27.99,2.040,2.484,0.336
30863,933874397,99807.04,27.99,1.978,1.624,0.921
30865,933934422,99801.72,27.99,1.989,2.074,-0.267
30867,933994397,99803.66,27.99,2.006,1.909,-0.020
30869,934054408,99808.38,27.99,1.924,1.512,0.076
30871,934114415,99801.92,27.98,1.956,2.056,-0.794
30873,934174397,99801.34,27.98,2.004,2.105,0.172
30875,934234423,99803.19,27.98,1.968,1.950,0.416
30877,934294427,99803.29,27.98,1.973,1.941,-0.212
30879,934354397,99802.09,27.98,1.992,2.042,0.077
30881,934414415,99801.55,27.98,1.986,2.088,0.081
30883,934474397,99802.66,27.98,1.997,1.995,0.049
30885,934534422,99803.99,27.98,1.984,1.882,0.178
30887,934594397,99801.90,27.98,2.014,2.059,0.000
30889,934654397,99803.66,27.97,2.000,1.909,0.215
30891,934714415,99801.66,27.97,1.987,2.079,-0.216
30893,934774397,99799.08,27.97,1.998,2.297,-0.333
30895,934834431,99803.75,27.97,1.973,1.902,0.072
30897,934894452,99805.62,27.97,1.962,1.744,0.019
30899,934954397,99802.95,27.97,1.961,1.969,-0.193
30901,935014415,99803.24,27.97,1.942,1.945,-0.255
30903,935074397,99798.85,27.96,1.994,2.316,-0.132
30905,935134422,99804.70,27.96,1.964,1.822,0.454
30907,935194397,99803.38,27.96,1.981,1.934,0.069
30909,935254397,99802.70,27.96,1.953,1.990,-0.115
30911,935314415,99803.60,27.96,1.992,1.915,-0.052
30913,935374397,99803.30,27.96,1.993,1.940,0.436
30915,935434422,99801.97,27.95,2.030,2.052,0.181
30917,935494427,99801.30,27.95,2.015,2.109,0.220
30919,935554397,99806.45,27.95,1.926,1.674,-0.406
30921,935614425,99803.21,27.95,1.898,1.948,-1.061
30923,935674397,99802.60,27.95,1.923,1.999,-0.463
30925,935734423,99804.19,27.95,1.947,1.865,0.442
30927,935794397,99801.15,27.95,1.983,2.122,0.420
30929,935854397,99802.23,27.95,1.997,2.031,0.398
30931,935914415,99807.27,27.95,1.926,1.604,0.103
30933,935974397,99800.08,27.95,1.968,2.213,-0.636
30935,936034422,99801.93,27.95,2.005,2.056,0.321
30937,936094426,99803.43,27.94,1.986,1.929,0.515
30939,936154397,99804.80,27.94,1.966,1.814,-0.135
30941,936214415,99801.22,27.94,1.975,2.116,-0.308
30943,936274397,99801.34,27.94,1.971,2.106,-0.128
30945,936334423,99799.38,27.94,2.030,2.271,0.218
30947,936394418,99802.33,27.94,1.996,2.022,0.506
30949,936454396,99801.21,27.93,2.002,2.116,-0.180
30951,936514415,99803.91,27.94,2.039,1.888,0.330
30953,936574397,99801.23,27.93,2.014,2.115,0.267
30955,936634423,99804.39,27.93,1.963,1.848,-0.506
30957,936694427,99805.78,27.93,1.925,1.731,-0.569
30959,936754397,99800.88,27.92,1.956,2.145,-0.485
30961,936814415,99799.96,27.93,1.970,2.222,0.074
30963,936874397,99802.06,27.92,1.958,2.045,0.182
30965,936934422,99804.46,27.92,1.937,1.842,-0.001
30967,936994397,99800.33,27.92,1.983,2.192,-0.077
30969,937054397,99803.38,27.92,1.994,1.934,0.492
30971,937114415,99805.03,27.92,1.968,1.794,0.270
30973,937174407,99802.85,27.92,1.977,1.978,-0.244
30975,937234423,99806.43,27.91,1.956,1.676,0.027
30977,937294426,99806.47,27.91,1.957,1.672,-0.026
30979,937354397,99801.55,27.91,2.002,2.088,-0.013
30981,937414415,99801.33,27.91,2.011,2.107,0.274
30983,937474397,99801.24,27.91,2.030,2.114,0.246
30985,937534423,99803.76,27.91,2.021,1.901,0.298
30987,937594397,99802.50,27.91,2.000,2.008,-0.139
30989,937654397,99805.44,27.90,1.962,1.759,-0.375
30991,937714415,99803.01,27.90,1.957,1.965,-0.442
30993,937774397,99802.77,27.90,1.979,1.985,-0.108
30995,937834422,99799.10,27.90,2.035,2.295,0.357
30997,937894466,99802.47,27.90,2.013,2.011,0.500
30999,937954408,99801.98,27.90,2.057,2.052,0.223
31001,938014415,99806.09,27.90,2.036,1.705,0.529
31003,938074397,99801.41,27.89,2.051,2.100,-0.127
31005,938134423,99799.84,27.89,2.091,2.233,0.041
31007,938194397,99803.98,27.89,2.044,1.883,0.322
31009,938254397,99803.11,27.89,2.063,1.956,-0.193
31011,938314415,99802.91,27.89,2.062,1.973,0.103
31013,938374397,99805.96,27.89,2.001,1.715,-0.190
31015,938434422,99801.64,27.89,2.055,2.081,-0.427
31017,938494427,99801.75,27.89,2.031,2.071,0.169
31019,938554397,99801.74,27.89,2.045,2.072,-0.123
31021,938614415,99803.35,27.88,2.007,1.935,-0.008
31023,938674397,99802.23,27.88,2.015,2.031,-0.339
31025,938734431,99797.98,27.88,2.029,2.390,-0.157
31027,938794397,99803.85,27.88,1.992,1.893,0.034
31029,938854397,99804.02,27.88,2.007,1.879,0.017
31031,938914416,99803.77,27.88,1.983,1.900,-0.010
31033,938974397,99804.48,27.88,1.997,1.841,-0.146
31035,939034422,99802.89,27.88,1.994,1.975,0.062
31037,939094426,99802.81,27.88,2.001,1.982,-0.068
31039,939154397,99802.76,27.88,1.977,1.986,-0.079
31041,939214415,99802.34,27.88,1.990,2.022,-0.204
31043,939274397,99802.81,27.87,1.984,1.981,0.090
31045,939334422,99806.44,27.88,1.935,1.675,-0.118
31047,939394409,99802.92,27.88,1.930,1.972,-0.573
31049,939454397,99800.23,27.88,1.993,2.199,-0.071
31051,939514426,99807.49,27.88,1.942,1.586,0.642
31053,939574397,99802.04,27.88,1.988,2.047,-0.139
31055,939634423,99801.15,27.88,2.023,2.122,0.321
31057,939694427,99803.92,27.88,1.977,1.887,0.272
31059,939754397,99803.76,27.88,1.967,1.902,-0.395
31061,939814415,99804.15,27.88,1.967,1.868,-0.143
31063,939874397,99806.62,27.88,1.953,1.660,0.058
31065,939934422,99803.26,27.88,1.935,1.943,-0.314
31067,939994397,99801.63,27.88,1.946,2.081,-0.411
31069,940054397,99804.19,27.88,1.913,1.865,-0.035
31071,940114415,99802.45,27.88,1.936,2.012,-0.175
31073,940174397,99799.36,27.88,1.988,2.273,0.264
31075,940234423,99802.95,27.88,1.986,1.969,0.605
31077,940294435,99803.12,27.88,1.998,1.955,0.306
31079,940354397,99802.25,27.88,2.005,2.029,0.142
31081,940414415,99804.51,27.88,2.013,1.838,0.212
31083,940474397,99801.24,27.88,2.046,2.114,0.234
31085,940534423,99804.41,27.87,2.008,1.846,0.143
31087,940594397,99803.85,27.87,1.983,1.893,-0.393
31089,940654397,99801.31,27.87,2.010,2.108,-0.322
31091,940714415,99800.64,27.87,2.030,2.165,0.222
31093,940774397,99804.14,27.87,2.047,1.869,0.497
31095,940834422,99803.96,27.87,2.021,1.885,0.231
31097,940894452,99802.66,27.87,2.050,1.995,-0.180
31099,940954397,99802.86,27.87,2.057,1.978,0.273
31101,941014415,99803.39,27.87,2.010,1.933,-0.128
31103,941074409,99804.91,27.86,2.013,1.805,-0.384
31105,941134423,99802.80,27.86,2.035,1.983,0.085
31107,941194397,99805.77,27.86,2.003,1.731,0.107
31109,941254397,99801.87,27.86,2.004,2.061,-0.383
31111,941314415,99803.31,27.86,1.996,1.939,-0.199
31113,941374398,99802.39,27.86,2.019,2.017,0.082
31115,941434423,99800.93,27.85,1.991,2.140,-0.047
31117,941494427,99801.30,27.85,2.023,2.109,-0.155
31119,941554397,99801.88,27.85,2.056,2.060,0.567
31121,941614415,99801.77,27.85,2.037,2.069,0.306
31123,941674397,99806.92,27.85,1.986,1.634,-0.205
31125,941734422,99804.56,27.85,1.977,1.833,-0.487
31127,941794397,99804.15,27.85,1.956,1.868,-0.424
31129,941854408,99803.41,27.84,1.960,1.931,-0.281
31131,941914416,99800.88,27.84,2.000,2.145,0.084
31133,941974397,99801.25,27.84,2.020,2.113,0.448
31135,942034423,99802.05,27.84,2.001,2.046,0.211
31137,942094427,99805.96,27.84,1.951,1.715,-0.228
31139,942154397,99799.55,27.84,1.997,2.257,-0.430
31141,942214415,99806.06,27.84,1.970,1.707,0.305
31143,942274397,99804.52,27.84,1.935,1.837,-0.199
31145,942334422,99801.35,27.84,1.948,2.105,-0.587
31147,942394410,99801.22,27.84,1.982,2.116,0.138
31149,942454397,99801.40,27.84,1.991,2.101,0.444
31151,942514415,99800.95,27.84,2.010,2.139,0.231
31153,942574397,99803.48,27.83,1.991,1.925,0.218
31155,942634431,99801.91,27.83,2.014,2.058,-0.011
31157,942694427,99804.69,27.83,1.954,1.823,-0.050
31159,942754397,99803.27,27.83,1.980,1.942,-0.413
31161,942814415,99804.30,27.83,1.976,1.855,0.177
31163,942874397,99801.10,27.83,2.042,2.126,0.254
31165,942934419,99801.08,27.83,2.069,2.128,0.710
31167,942994397,99803.85,27.83,2.049,1.894,0.399
31169,943054397,99806.12,27.82,1.970,1.702,-0.389
31171,943114415,99805.19,27.82,1.944,1.781,-0.972
31173,943174397,99800.59,27.82,1.958,2.170,-0.578
31175,943234422,99803.41,27.82,1.963,1.930,0.068
31177,943294427,99796.62,27.82,2.034,2.505,0.270
31179,943354397,99803.62,27.82,2.022,1.912,0.724
31181,943414425,99799.73,27.82,2.065,2.241,0.359
31183,943474397,99800.64,27.82,2.095,2.165,0.485
31185,943534423,99803.43,27.82,2.071,1.929,0.431
31187,943594397,99803.73,27.82,2.016,1.904,-0.391
31189,943654397,99800.88,27.82,2.027,2.145,-0.703
31191,943714415,99799.27,27.82,2.049,2.280,-0.050
31193,943774397,99804.36,27.82,2.040,1.851,0.389
31195,943834422,99804.19,27.82,2.013,1.865,0.030
31197,943894452,99804.72,27.82,2.009,1.820,-0.310
31199,943954397,99805.55,27.82,1.973,1.750,-0.207
31201,944014415,99803.87,27.82,1.974,1.893,-0.448
31203,944074397,99804.12,27.82,1.953,1.870,-0.231
31205,944134423,99802.59,27.82,1.940,2.000,-0.374
31207,944194409,99804.77,27.82,1.944,1.815,-0.104
31209,944254397,99799.42,27.82,1.991,2.268,0.138
31211,944314415,99800.45,27.82,2.017,2.181,0.444
31213,944374397,99803.02,27.82,2.030,1.963,0.604
31215,944434423,99802.52,27.82,2.020,2.006,0.221
31217,944494427,99804.44,27.82,1.953,1.844,-0.410
31219,944554396,99804.78,27.82,1.925,1.815,-0.789
31221,944614415,99805.12,27.82,1.908,1.787,-0.445
31223,944674397,99801.15,27.82,1.910,2.122,-0.402
31225,944734422,99799.03,27.82,1.974,2.301,0.049
31227,944794397,99805.49,27.83,1.984,1.755,1.002
31229,944854397,99802.95,27.82,1.944,1.970,0.155
31231,944914415,99804.01,27.83,1.933,1.880,-0.576
31233,944974407,99804.92,27.83,1.952,1.803,0.062
31235,945034423,99803.78,27.82,1.941,1.899,0.123
31237,945094426,99806.97,27.82,1.881,1.630,-0.344
31239,945154397,99800.66,27.82,1.919,2.164,-0.622
31241,945214415,99802.09,27.82,1.949,2.043,0.266
31243,945274397,99801.08,27.82,1.998,2.128,0.687
31245,945334423,99801.57,27.82,2.009,2.086,0.610
31247,945394410,99799.79,27.82,2.001,2.237,0.058
31249,945454397,99798.59,27.82,2.053,2.339,0.067
31251,945514415,99803.99,27.81,2.011,1.882,0.538
31253,945574397,99802.10,27.81,1.999,2.042,-0.295
31255,945634422,99801.90,27.81,1.981,2.058,-0.391
31257,945694427,99803.21,27.81,1.974,1.948,-0.194
31259,945754408,99798.77,27.81,2.028,2.323,0.053
31261,945814415,99800.66,27.81,2.037,2.164,0.504
31263,945874397,99806.13,27.81,1.993,1.701,0.297
31265,945934423,99800.76,27.81,2.032,2.155,-0.243
31267,945994397,99805.89,27.81,1.989,1.721,0.114
31269,946054397,99801.83,27.81,2.047,2.064,-0.033
31271,946114415,99801.31,27.81,2.062,2.108,0.442
31273,946174397,99804.11,27.81,2.031,1.872,0.160
31275,946234422,99803.02,27.81,2.001,1.964,-0.407
31277,946294427,99800.20,27.81,2.028,2.202,-0.416
31279,946354397,99803.98,27.81,1.986,1.882,0.071
31281,946414415,99802.90,27.81,1.995,1.974,-0.239
31283,946474397,99797.86,27.81,2.033,2.400,-0.048
31285,946534431,99801.70,27.81,2.024,2.076,0.314
31287,946594397,99802.43,27.81,2.045,2.014,0.309
31289,946654396,99802.45,27.81,2.020,2.012,0.122
31291,946714415,99798.91,27.81,2.083,2.311,-0.076
31293,946774397,99799.41,27.81,2.089,2.269,0.538
31295,946834422,99802.98,27.82,2.055,1.967,0.150
31297,946894452,99801.21,27.81,2.048,2.117,-0.315
31299,946954397,99800.77,27.82,2.092,2.154,0.021
31301,947014415,99802.89,27.82,2.090,1.975,0.559
31303,947074397,99805.95,27.82,2.056,1.716,0.106
31305,947134422,99805.79,27.82,2.007,1.730,-0.507
31307,947194397,99799.34,27.82,2.069,2.275,-0.576
31309,947254397,99803.93,27.82,2.038,1.887,0.355
31311,947314426,99800.46,27.82,2.073,2.180,-0.014
31313,947374397,99803.47,27.82,2.041,1.926,0.144
31315,947434423,99800.38,27.82,2.049,2.186,-0.277
31317,947494427,99801.01,27.82,2.053,2.134,-0.049
31319,947554397,99799.49,27.82,2.064,2.262,0.075
31321,947614415,99803.36,27.82,2.031,1.935,0.060
31323,947674397,99801.55,27.82,2.030,2.088,-0.254
31325,947734422,99801.43,27.82,2.053,2.098,-0.017
31327,947794397,99802.23,27.83,1.995,2.031,-0.049
31329,947854397,99802.17,27.83,2.003,2.035,-0.535
31331,947914415,99802.34,27.83,2.001,2.021,0.023
31333,947974397,99803.73,27.83,1.958,1.904,-0.176
31335,948034423,99803.95,27.83,1.956,1.885,-0.400
31337,948094435,99803.21,27.83,1.953,1.948,-0.113
31339,948154396,99801.07,27.83,1.975,2.129,-0.066
31341,948214415,99803.94,27.83,1.947,1.886,0.120
31343,948274397,99800.34,27.83,1.983,2.191,-0.115
31345,948334423,99804.13,27.83,1.989,1.870,0.410
31347,948394410,99798.41,27.83,2.010,2.354,0.122
31349,948454397,99799.87,27.83,2.028,2.230,0.111
31351,948514415,99802.68,27.83,2.032,1.992,0.476
31353,948574397,99803.36,27.83,1.979,1.935,-0.055
31355,948634424,99800.37,27.83,2.049,2.188,-0.298
31357,948694427,99799.98,27.83,2.090,2.220,0.776
31359,948754397,99801.70,27.83,2.087,2.075,0.578
31361,948814415,99800.09,27.84,2.143,2.211,0.346
31363,948874407,99803.10,27.83,2.117,1.957,0.540
31365,948934423,99802.27,27.83,2.103,2.027,-0.201
31367,948994397,99802.33,27.83,2.061,2.022,-0.469
31369,949054397,99805.70,27.83,2.004,1.737,-0.626
31371,949114415,99802.16,27.83,2.026,2.037,-0.545
31373,949174397,99801.41,27.83,2.037,2.100,0.017
31375,949234423,99802.27,27.83,2.053,2.027,0.240
31377,949294427,99801.77,27.83,2.045,2.070,0.160
31379,949354397,99800.41,27.83,2.067,2.184,-0.040
31381,949414415,99803.20,27.83,2.045,1.948,0.181
31383,949474397,99802.59,27.83,2.063,2.000,0.007
31385,949534422,99803.51,27.83,2.026,1.923,-0.026
31387,949594397,99806.33,27.83,2.024,1.685,-0.205
31389,949654408,99803.39,27.83,2.014,1.932,-0.122
31391,949714415,99801.60,27.83,2.004,2.084,-0.426
31393,949774397,99802.81,27.83,1.993,1.981,-0.218
31395,949834423,99805.03,27.83,1.994,1.794,0.056
31397,949894452,99803.24,27.83,1.970,1.945,-0.123
31399,949954397,99799.58,27.83,2.034,2.254,-0.183
31401,950014415,99799.47,27.83,2.057,2.264,0.618
31403,950074397,99800.80,27.83,2.087,2.152,0.567
31405,950134422,99799.67,27.83,2.136,2.247,0.653
31407,950194397,99802.30,27.83,2.105,2.025,0.475
31409,950254397,99802.59,27.83,2.093,2.000,-0.205
31411,950314415,99800.71,27.83,2.077,2.159,-0.344
31413,950374397,99803.80,27.83,2.027,1.897,-0.414
31415,950434431,99807.90,27.83,1.979,1.552,-0.469
31417,950494427,99802.30,27.83,1.992,2.025,-0.596
31419,950554397,99799.71,27.83,2.045,2.243,-0.034
31421,950614415,99802.23,27.82,2.032,2.030,0.524
31423,950674397,99799.67,27.82,2.066,2.247,0.108
31425,950734422,99802.20,27.82,2.063,2.033,0.342
31427,950794397,99797.52,27.82,2.091,2.428,0.058
31429,950854397,99798.71,27.82,2.111,2.328,0.233
31431,950914415,99806.41,27.82,2.018,1.677,0.182
31433,950974397,99802.40,27.82,2.044,2.016,-0.653
31435,951034422,99803.21,27.82,2.029,1.948,-0.072
31437,951094427,99801.29,27.82,2.054,2.110,-0.057
31439,951154397,99802.49,27.82,2.036,2.009,0.112
31441,951214425,99800.79,27.82,2.021,2.152,-0.284
31443,951274397,99801.25,27.82,2.026,2.114,-0.217
31445,951334422,99807.26,27.82,1.965,1.606,0.020
31447,951394410,99802.23,27.82,1.996,2.030,-0.434
31449,951454397,99804.07,27.82,1.962,1.875,-0.084
31451,951514415,99798.87,27.82,2.025,2.315,-0.151
31453,951574396,99801.61,27.82,2.028,2.083,0.545
31455,951634422,99801.36,27.82,2.025,2.104,0.217
31457,951694426,99805.45,27.82,1.997,1.758,0.011
31459,951754397,99803.34,27.81,1.985,1.937,-0.279
31461,951814415,99803.33,27.81,2.033,1.938,-0.002
31463,951874397,99804.48,27.82,2.018,1.840,0.494
31465,951934423,99802.36,27.81,2.011,2.020,-0.203
31467,951994409,99802.98,27.81,2.021,1.968,-0.114
31469,952054397,99801.46,27.81,2.050,2.096,0.222
31471,952114415,99803.20,27.81,2.042,1.949,0.302
31473,952174397,99798.34,27.81,2.065,2.360,-0.091
31475,952234423,99801.69,27.81,2.065,2.076,0.162
31477,952294427,99804.25,27.81,2.016,1.860,0.049
31479,952354397,99802.86,27.81,2.027,1.977,-0.414
31481,952414415,99803.06,27.81,2.017,1.960,-0.049
31483,952474397,99805.29,27.81,2.010,1.772,-0.008
31485,952534422,99801.38,27.81,2.035,2.102,-0.033
31487,952594397,99806.14,27.81,1.978,1.700,-0.015
31489,952654397,99801.82,27.81,1.997,2.065,-0.473
31491,952714415,99803.03,27.81,1.996,1.963,-0.020
31493,952774407,99801.41,27.81,2.019,2.099,0.117
31495,952834423,99803.62,27.81,1.998,1.913,0.159
31497,952894466,99804.29,27.81,2.006,1.856,-0.002
31499,952954397,99798.57,27.81,2.054,2.340,0.080
31501,953014415,99803.12,27.81,2.036,1.955,0.373
31503,953074397,99802.76,27.82,2.007,1.986,-0.099
31505,953134423,99803.04,27.81,2.028,1.962,-0.225
31507,953194397,99803.54,27.82,2.037,1.920,0.300
31509,953254397,99802.00,27.82,2.024,2.050,-0.017
31511,953314415,99802.44,27.82,2.043,2.013,-0.082
31513,953374397,99798.67,27.82,2.088,2.331,0.281
31515,953434422,99798.16,27.81,2.122,2.375,0.489
31517,953494427,99802.69,27.82,2.084,1.992,0.412
31519,953554408,99800.88,27.82,2.065,2.144,-0.343
31521,953614415,99802.28,27.82,2.037,2.026,-0.428
31523,953674397,99801.52,27.82,2.021,2.091,-0.391
31525,953734423,99800.78,27.82,2.035,2.153,-0.205
31527,953794397,99799.69,27.82,2.068,2.246,0.231
31529,953854397,99803.40,27.82,2.014,1.932,0.204
31531,953914415,99801.87,27.82,2.006,2.062,-0.489
31533,953974397,99799.68,27.82,2.014,2.246,-0.298
31535,954034422,99799.39,27.83,2.039,2.271,0.089
31537,954094427,99800.75,27.83,2.071,2.156,0.527
31539,954154397,99799.56,27.83,2.089,2.256,0.491
31541,954214415,99801.70,27.83,2.087,2.075,0.272
31543,954274397,99803.52,27.83,2.039,1.922,-0.071
31545,954334431,99804.80,27.83,2.010,1.813,-0.530
31547,954394410,99804.70,27.83,1.992,1.822,-0.412
31549,954454397,99805.02,27.83,1.977,1.795,-0.307
31551,954514415,99801.61,27.83,1.956,2.083,-0.472
31553,954574397,99798.52,27.83,1.987,2.344,-0.409
31555,954634422,99802.23,27.83,1.963,2.030,0.213
31557,954694426,99800.86,27.83,1.987,2.147,0.029
31559,954754397,99795.77,27.83,2.070,2.577,0.371
31561,954814415,99801.25,27.83,2.062,2.113,0.922
31563,954874397,99797.64,27.83,2.104,2.419,0.352
31565,954934422,99800.27,27.84,2.120,2.196,0.493
31567,954994397,99802.69,27.84,2.116,1.992,0.463
31569,955054397,99798.39,27.84,2.149,2.355,0.065
31571,955114426,99799.55,27.84,2.188,2.257,0.423
31573,955174397,99804.02,27.84,2.141,1.879,0.494
31575,955234423,99800.67,27.84,2.111,2.162,-0.595
31577,955294427,99803.62,27.84,2.067,1.913,-0.659
31579,955354396,99801.88,27.84,2.057,2.061,-0.514
31581,955414415,99802.92,27.84,2.071,1.972,-0.110
31583,955474397,99805.56,27.84,2.022,1.749,0.054
31585,955534422,99798.98,27.84,2.076,2.305,-0.424
31587,955594396,99802.31,27.84,2.091,2.024,0.457
31589,955654397,99804.62,27.84,2.128,1.829,0.742
31591,955714415,99801.12,27.84,2.142,2.125,0.440
31593,955774397,99799.02,27.84,2.166,2.302,0.037
31595,955834423,99801.52,27.84,2.158,2.091,0.258
31597,955894459,99805.18,27.84,2.069,1.781,-0.255
31599,955954397,99800.85,27.84,2.071,2.147,-1.019
31601,956014415,99801.05,27.84,2.079,2.130,-0.239
31603,956074397,99795.67,27.84,2.132,2.585,0.124
31605,956134423,99799.39,27.84,2.132,2.270,0.498
31607,956194397,99805.88,27.84,2.064,1.722,0.200
31609,956254397,99800.47,27.84,2.095,2.179,-0.512
31611,956314415,99799.14,27.84,2.121,2.292,0.066
31613,956374397,99803.66,27.84,2.081,1.910,0.258
31615,956434422,99805.41,27.84,2.043,1.762,-0.301
31617,956494427,99801.77,27.84,2.063,2.069,-0.451
31619,956554397,99797.28,27.84,2.135,2.449,0.170
31621,956614415,99808.06,27.84,2.073,1.538,0.795
31623,956674409,99801.44,27.84,2.056,2.097,-0.487
31625,956734423,99803.34,27.84,2.059,1.936,-0.491
31627,956794397,99802.12,27.84,2.050,2.040,-0.000
31629,956854397,99803.00,27.84,2.040,1.966,-0.167
31631,956914416,99796.84,27.84,2.099,2.486,-0.054
31633,956974397,99800.36,27.84,2.153,2.189,0.813
31635,957034423,99800.47,27.85,2.194,2.179,1.087
31637,957094427,99804.15,27.85,2.112,1.868,0.237
31639,957154397,99804.66,27.85,2.051,1.826,-1.000
31641,957214415,99803.48,27.85,2.065,1.925,-0.710
31643,957274397,99799.73,27.85,2.087,2.242,-0.044
31645,957334422,99805.05,27.85,2.024,1.793,-0.035
31647,957394410,99801.35,27.85,2.014,2.105,-0.643
31649,957454408,99802.20,27.85,2.011,2.034,-0.345
31651,957514415,99800.42,27.85,2.033,2.183,0.032
31653,957574397,99798.88,27.86,2.102,2.313,0.467
31655,957634423,99803.69,27.86,2.041,1.908,0.607
31657,957694427,99801.81,27.86,2.037,2.066,-0.471
31659,957754396,99804.15,27.86,1.980,1.868,-0.411
31