=~=~=~=~=~=~=~=~=~=~=~= PuTTY log 2026.08.10 18:05:49 =~=~=~=~=~=~=~=~=~=~=~=
seq,timestamp_us,pressure_pa,temperature_c,altitude_m,raw_altitude_m,climb_rate_mps
1,9144339,99703.66,27.56,-0.002,-0.009,0.000
3,9204388,99704.37,27.64,-0.019,-0.069,0.000
5,9264388,99707.73,27.71,-0.081,-0.353,0.000
331,19164396,99710.49,27.95,-0.673,-0.587,0.227
333,19224416,99713.44,27.95,-0.690,-0.836,0.612
335,19284408,99713.11,27.95,-0.736,-0.808,-0.263
337,19344449,99715.66,27.95,-0.782,-1.025,-0.676
339,19404397,99715.04,27.95,-0.845,-0.972,-0.823
341,19464396,99708.15,27.95,-0.774,-0.389,-0.731
343,19524416,99712.48,27.95,-0.793,-0.755,0.469
345,19584397,99715.41,27.95,-0.811,-1.003,0.151
347,19644433,99710.73,27.95,-0.787,-0.607,-0.168
349,19704397,99713.37,27.95,-0.770,-0.830,0.237
351,19764397,99712.11,27.95,-0.741,-0.723,0.454
353,19824416,99716.72,27.95,-0.811,-1.114,0.103
355,19884397,99713.66,27.95,-0.824,-0.855,-0.733
357,19944449,99714.77,27.95,-0.836,-0.949,-0.389
359,20004397,99710.49,27.95,-0.785,-0.587,-0.016
361,20064408,99713.96,27.95,-0.777,-0.880,0.554
363,20124416,99712.06,27.96,-0.772,-0.720,0.253
365,20184396,99713.57,27.96,-0.772,-0.847,0.044
367,20244422,99711.98,27.95,-0.762,-0.713,0.058
369,20304397,99715.07,27.96,-0.765,-0.974,0.172
371,20364397,99714.70,27.96,-0.777,-0.943,0.053
373,20424416,99714.98,27.96,-0.814,-0.966,-0.359
375,20484397,99712.32,27.96,-0.762,-0.741,-0.239
377,20544450,99714.09,27.96,-0.763,-0.892,0.481
379,20604397,99714.20,27.96,-0.799,-0.901,-0.070
381,20664397,99711.19,27.96,-0.756,-0.646,-0.307
383,20724416,99713.48,27.96,-0.751,-0.840,0.427
385,20784397,99711.22,27.96,-0.760,-0.649,0.053
387,20844431,99712.41,27.96,-0.775,-0.749,-0.240
389,20904397,99712.55,27.95,-0.791,-0.761,-0.194
391,20964396,99708.52,27.95,-0.747,-0.420,-0.138
393,21024416,99715.78,27.95,-0.780,-1.034,0.449
395,21084397,99714.34,27.95,-0.800,-0.912,-0.125
397,21144475,99711.36,27.95,-0.749,-0.660,-0.197
399,21204397,99709.48,27.95,-0.717,-0.501,0.470
401,21264396,99714.10,27.95,-0.762,-0.892,0.283
403,21324416,99715.14,27.95,-0.793,-0.980,-0.342
405,21384397,99713.27,27.95,-0.799,-0.822,-0.462
407,21444422,99712.34,27.95,-0.814,-0.744,-0.334
409,21504397,99712.92,27.95,-0.802,-0.793,-0.125
411,21564396,99712.30,27.95,-0.793,-0.740,0.169
413,21624427,99711.22,27.95,-0.757,-0.648,0.232
415,21684397,99713.20,27.95,-0.763,-0.815,0.419
417,21744450,99711.52,27.95,-0.760,-0.674,0.009
419,21804397,99710.81,27.95,-0.746,-0.614,-0.023
421,21864396,99711.05,27.95,-0.752,-0.634,0.096
423,21924416,99710.00,27.95,-0.750,-0.545,-0.079
425,21984397,99715.11,27.95,-0.793,-0.977,-0.015
427,22044422,99711.97,27.95,-0.777,-0.712,-0.274
429,22104397,99715.34,27.95,-0.789,-0.997,0.074
431,22164396,99711.73,27.95,-0.790,-0.691,-0.136
433,22224416,99712.19,27.95,-0.788,-0.730,-0.178
435,22284397,99714.25,27.95,-0.789,-0.905,0.143
437,22344450,99710.81,27.94,-0.741,-0.614,0.194
439,22404408,99713.30,27.94,-0.718,-0.825,0.612
441,22464396,99716.25,27.94,-0.777,-1.074,0.252
443,22524416,99713.03,27.94,-0.774,-0.802,-0.618
445,22584397,99709.82,27.94,-0.706,-0.530,0.027
447,22644433,99712.52,27.93,-0.725,-0.758,0.615
449,22704397,99712.13,27.94,-0.746,-0.726,-0.141
451,22764397,99712.39,27.93,-0.755,-0.747,-0.313
453,22824416,99712.92,27.93,-0.760,-0.792,-0.115
455,22884397,99707.97,27.93,-0.681,-0.373,0.166
457,22944450,99712.36,27.93,-0.680,-0.745,0.848
459,23004397,99712.17,27.93,-0.671,-0.729,0.367
461,23064396,99712.16,27.93,-0.690,-0.728,-0.019
463,23124416,99712.59,27.93,-0.706,-0.764,-0.271
465,23184405,99712.40,27.93,-0.704,-0.748,-0.178
467,23244422,99711.77,27.93,-0.701,-0.695,-0.021
469,23304397,99715.54,27.93,-0.754,-1.014,-0.105
471,23364396,99711.34,27.93,-0.774,-0.659,-0.724
473,23424416,99709.94,27.93,-0.761,-0.540,-0.493
475,23484397,99714.64,27.93,-0.771,-0.938,0.239
477,23544449,99713.05,27.93,-0.774,-0.803,0.048
479,23604397,99712.07,27.93,-0.752,-0.720,-0.051
481,23664396,99714.85,27.93,-0.802,-0.956,0.046
483,23724416,99711.46,27.93,-0.774,-0.669,-0.402
485,23784397,99712.90,27.93,-0.724,-0.791,0.447
487,23844423,99715.58,27.93,-0.791,-1.017,0.409
489,23904397,99714.52,27.93,-0.826,-0.928,-0.797
491,23964405,99714.52,27.93,-0.859,-0.928,-0.708
493,24024416,99717.09,27.93,-0.878,-1.145,-0.380
495,24084397,99712.80,27.93,-0.871,-0.782,-0.293
497,24144489,99712.20,27.92,-0.878,-0.732,-0.247
499,24204397,99709.73,27.93,-0.854,-0.523,-0.097
501,24264396,99716.36,27.93,-0.878,-1.083,0.338
503,24324416,99712.09,27.93,-0.851,-0.722,0.045
505,24384397,99714.80,27.93,-0.856,-0.952,0.160
507,24444423,99711.88,27.93,-0.845,-0.704,0.030
509,24504397,99713.66,27.92,-0.814,-0.855,0.233
511,24564396,99714.24,27.93,-0.826,-0.904,0.408
513,24624416,99713.17,27.92,-0.796,-0.814,0.051
515,24684397,99716.10,27.93,-0.844,-1.062,0.143
517,24744458,99712.39,27.92,-0.823,-0.747,-0.415
519,24804397,99715.00,27.93,-0.836,-0.968,0.043
521,24864396,99715.23,27.93,-0.847,-0.987,-0.038
523,24924416,99710.31,27.93,-0.798,-0.572,-0.092
525,24984397,99713.70,27.93,-0.806,-0.858,0.402
527,25044422,99713.98,27.93,-0.818,-0.882,0.083
529,25104397,99712.34,27.93,-0.793,-0.743,-0.071
531,25164396,99717.61,27.93,-0.866,-1.189,0.032
533,25224416,99712.35,27.93,-0.848,-0.744,-0.674
535,25284397,99712.94,27.93,-0.826,-0.794,0.005
537,25344450,99714.52,27.93,-0.838,-0.928,0.306
539,25404397,99711.45,27.93,-0.816,-0.667,-0.057
541,25464396,99713.61,27.93,-0.822,-0.850,0.147
543,25524427,99711.83,27.93,-0.788,-0.700,0.171
545,25584397,99712.41,27.93,-0.791,-0.750,0.285
547,25644433,99710.57,27.93,-0.779,-0.593,0.004
549,25704397,99715.93,27.93,-0.838,-1.047,-0.024
551,25764396,99712.27,27.93,-0.807,-0.737,-0.366
553,25824416,99713.42,27.93,-0.786,-0.835,0.265
555,25884397,99714.81,27.93,-0.822,-0.952,0.191
557,25944450,99710.55,27.93,-0.751,-0.592,-0.116
559,26004397,99713.20,27.93,-0.761,-0.816,0.607
561,26064396,99710.09,27.93,-0.754,-0.553,-0.021
563,26124416,99714.64,27.93,-0.775,-0.938,0.022
565,26184397,99714.17,27.93,-0.794,-0.898,-0.116
567,26244422,99715.17,27.92,-0.798,-0.983,-0.225
569,26304408,99713.95,27.92,-0.801,-0.879,-0.093
571,26364397,99712.66,27.92,-0.779,-0.771,-0.041
573,26424416,99712.95,27.92,-0.747,-0.794,0.375
575,26484397,99712.90,27.92,-0.727,-0.790,0.505
577,26544450,99711.40,27.92,-0.736,-0.663,0.114
579,26604397,99712.85,27.92,-0.734,-0.787,-0.065
581,26664396,99711.12,27.92,-0.712,-0.640,0.126
583,26724416,99713.38,27.91,-0.731,-0.831,0.155
585,26784397,99712.45,27.91,-0.748,-0.753,-0.215
587,26844422,99717.41,27.92,-0.840,-1.172,-0.522
589,26904397,99710.58,27.91,-0.786,-0.594,-0.822
591,26964396,99708.96,27.91,-0.785,-0.457,0.054
593,27024416,99713.10,27.91,-0.783,-0.808,0.218
595,27084408,99711.85,27.91,-0.806,-0.702,0.040
597,27144476,99710.77,27.91,-0.775,-0.610,-0.196
599,27204397,99711.77,27.91,-0.724,-0.695,0.610
601,27264396,99714.88,27.91,-0.765,-0.958,0.581
603,27324416,99713.71,27.91,-0.772,-0.859,-0.343
605,27384397,99711.98,27.91,-0.761,-0.713,-0.205
607,27444422,99711.88,27.91,-0.794,-0.705,-0.172
609,27504397,99714.53,27.91,-0.820,-0.929,-0.370
611,27564397,99711.73,27.91,-0.775,-0.691,-0.069
613,27624416,99709.17,27.91,-0.747,-0.475,0.339
615,27684397,99713.47,27.90,-0.775,-0.839,0.288
617,27744449,99707.07,27.90,-0.700,-0.297,0.055
619,27804397,99710.26,27.91,-0.702,-0.567,0.611
621,27864408,99714.84,27.90,-0.752,-0.954,0.176
623,27924416,99715.83,27.90,-0.807,-1.039,-0.570
625,27984397,99713.69,27.90,-0.847,-0.858,-0.956
627,28044422,99711.86,27.90,-0.824,-0.703,-0.578
629,28104397,99712.66,27.90,-0.781,-0.771,0.405
631,28164396,99712.70,27.90,-0.784,-0.774,0.531
633,28224416,99713.71,27.89,-0.816,-0.859,-0.128
635,28284397,99714.23,27.89,-0.816,-0.904,-0.274
637,28344450,99712.28,27.89,-0.806,-0.739,-0.047
639,28404397,99709.09,27.89,-0.757,-0.469,0.115
641,28464396,99711.43,27.89,-0.755,-0.666,0.518
643,28524416,99712.87,27.89,-0.783,-0.788,0.114
645,28584397,99715.48,27.89,-0.823,-1.009,-0.321
647,28644440,99711.52,27.89,-0.805,-0.674,-0.443
649,28704397,99713.57,27.88,-0.832,-0.847,-0.102
651,28764396,99712.04,27.88,-0.810,-0.717,-0.124
653,28824416,99709.47,27.88,-0.772,-0.500,0.220
655,28884397,99712.39,27.88,-0.735,-0.748,0.679
657,28944450,99709.95,27.89,-0.713,-0.541,0.597
659,29004397,99713.34,27.88,-0.765,-0.828,0.029
661,29064396,99713.55,27.88,-0.798,-0.846,-0.546
663,29124416,99712.41,27.89,-0.801,-0.749,-0.481
665,29184397,99712.94,27.89,-0.792,-0.794,-0.050
667,29244422,99711.24,27.89,-0.763,-0.650,0.198
669,29304397,99709.47,27.89,-0.720,-0.500,0.399
671,29364396,99711.16,27.89,-0.738,-0.644,0.391
673,29424427,99711.76,27.89,-0.753,-0.694,-0.117
675,29484397,99709.17,27.89,-0.723,-0.475,-0.115
677,29544450,99711.21,27.89,-0.722,-0.648,0.300
679,29604397,99716.62,27.89,-0.762,-1.105,0.202
681,29664397,99712.66,27.90,-0.735,-0.771,-0.206
683,29724416,99712.96,27.90,-0.763,-0.796,-0.098
685,29784397,99709.34,27.90,-0.710,-0.490,-0.156
687,29844422,99713.88,27.90,-0.742,-0.874,0.420
689,29904397,99716.48,27.90,-0.796,-1.094,-0.229
691,29964396,99708.94,27.90,-0.756,-0.455,-0.666
693,30024416,99713.78,27.90,-0.774,-0.865,0.140
695,30084397,99712.51,27.90,-0.748,-0.758,0.182
697,30144474,99709.27,27.90,-0.732,-0.484,0.124
699,30204408,99711.80,27.91,-0.717,-0.697,0.260
701,30264396,99712.10,27.91,-0.733,-0.723,0.241
703,30324416,99713.52,27.91,-0.741,-0.843,-0.122
705,30384397,99720.83,27.91,-0.825,-1.461,-0.132
707,30444422,99715.16,27.91,-0.865,-0.982,-1.080
709,30504397,99714.23,27.91,-0.833,-0.903,-0.691
711,30564396,99710.77,27.91,-0.840,-0.610,0.038
713,30624416,99710.46,27.91,-0.809,-0.584,-0.067
715,30684397,99709.92,27.91,-0.738,-0.538,0.699
717,30744450,99712.66,27.91,-0.752,-0.771,0.851
719,30804397,99710.90,27.90,-0.739,-0.621,0.048
721,30864396,99716.12,27.91,-0.795,-1.063,-0.007
723,30924416,99711.62,27.90,-0.788,-0.682,-0.529
725,30984408,99712.14,27.90,-0.737,-0.726,0.100
727,31044422,99717.81,27.90,-0.788,-1.207,0.607
729,31104397,99710.92,27.90,-0.743,-0.623,-0.306
731,31164396,99709.15,27.90,-0.696,-0.473,0.255
733,31224416,99707.87,27.90,-0.671,-0.365,0.546
735,31284397,99712.56,27.89,-0.675,-0.762,0.486
737,31344449,99715.09,27.89,-0.694,-0.976,0.259
739,31404397,99714.86,27.89,-0.768,-0.956,-0.524
741,31464396,99711.16,27.89,-0.769,-0.643,-1.057
743,31524416,99712.35,27.89,-0.719,-0.744,0.067
745,31584397,99715.74,27.89,-0.775,-1.031,0.472
747,31644433,99711.88,27.89,-0.748,-0.704,-0.432
749,31704397,99714.04,27.89,-0.763,-0.887,0.061
751,31764405,99712.98,27.88,-0.748,-0.798,0.008
753,31824416,99712.39,27.88,-0.746,-0.748,0.072
755,31884397,99712.86,27.88,-0.771,-0.787,-0.111
757,31944449,99711.79,27.88,-0.754,-0.697,-0.215
759,32004397,99714.20,27.88,-0.774,-0.900,0.116
761,32064396,99714.32,27.88,-0.780,-0.910,-0.101
763,32124416,99710.59,27.88,-0.743,-0.595,-0.058
765,32184397,99712.52,27.88,-0.743,-0.758,0.307
767,32244423,99711.52,27.88,-0.744,-0.674,0.080
769,32304397,99714.95,27.87,-0.778,-0.964,-0.078
771,32364397,99712.73,27.87,-0.757,-0.777,-0.189
773,32424416,99711.02,27.87,-0.723,-0.632,0.186
775,32484397,99712.30,27.88,-0.704,-0.740,0.484
777,32544458,99710.40,27.87,-0.691,-0.579,0.279
779,32604397,99711.16,27.87,-0.701,-0.643,0.049
781,32664397,99711.15,27.87,-0.681,-0.642,0.069
783,32724416,99713.04,27.87,-0.705,-0.802,0.170
785,32784397,99714.48,27.88,-0.740,-0.925,-0.275
787,32844422,99714.52,27.87,-0.766,-0.927,-0.487
789,32904397,99712.23,27.88,-0.773,-0.734,-0.481
791,32964396,99709.93,27.88,-0.719,-0.539,-0.031
793,33024416,99711.62,27.88,-0.722,-0.682,0.533
795,33084397,99712.94,27.88,-0.748,-0.794,0.028
797,33144476,99710.38,27.88,-0.720,-0.578,-0.186
799,33204397,99711.80,27.88,-0.729,-0.698,0.170
801,33264396,99711.45,27.88,-0.751,-0.668,-0.143
803,33324427,99709.76,27.88,-0.707,-0.525,-0.105
805,33384397,99715.39,27.88,-0.770,-1.001,0.303
807,33444422,99711.04,27.88,-0.739,-0.633,-0.403
809,33504397,99709.48,27.88,-0.733,-0.502,0.004
811,33564396,99708.56,27.88,-0.686,-0.423,0.236
813,33624416,99713.79,27.89,-0.740,-0.866,0.435
815,33684397,99714.25,27.89,-0.789,-0.905,-0.527
817,33744450,99714.03,27.89,-0.840,-0.886,-0.880
819,33804397,99712.37,27.89,-0.833,-0.745,-0.677
821,33864396,99712.06,27.89,-0.817,-0.719,0.015
823,33924416,99710.69,27.89,-0.777,-0.603,0.326
825,33984397,99711.34,27.89,-0.770,-0.659,0.464
827,34044422,99713.46,27.89,-0.773,-0.838,0.249
829,34104408,99711.57,27.89,-0.753,-0.678,0.106
831,34164396,99711.29,27.89,-0.754,-0.654,0.095
833,34224416,99713.47,27.89,-0.775,-0.839,-0.013
835,34284397,99711.46,27.90,-0.750,-0.669,-0.082
837,34344449,99716.18,27.90,-0.789,-1.068,0.176
839,34404397,99711.54,27.90,-0.809,-0.676,-0.516
841,34464396,99713.23,27.90,-0.788,-0.819,-0.297
843,34524416,99712.76,27.90,-0.775,-0.779,0.351
845,34584397,99712.48,27.90,-0.761,-0.756,0.202
847,34644433,99713.70,27.90,-0.783,-0.859,0.098
849,34704397,99714.98,27.90,-0.802,-0.966,-0.208
851,34764396,99713.57,27.90,-0.824,-0.847,-0.378
853,34824416,99712.51,27.90,-0.774,-0.757,-0.101
855,34884408,99710.16,27.90,-0.767,-0.559,0.396
857,34944450,99708.45,27.90,-0.730,-0.414,0.127
859,35004397,99713.52,27.90,-0.742,-0.843,0.523
861,35064396,99713.70,27.90,-0.747,-0.858,0.156
863,35124416,99711.27,27.90,-0.744,-0.652,-0.164
865,35184397,99712.21,27.90,-0.737,-0.732,-0.011
867,35244422,99709.66,27.90,-0.688,-0.517,0.280
869,35304397,99713.67,27.90,-0.718,-0.856,0.451
871,35364397,99714.62,27.90,-0.755,-0.936,-0.236
873,35424416,99710.23,27.90,-0.763,-0.565,-0.674
875,35484397,99712.47,27.90,-0.724,-0.754,-0.010
877,35544449,99716.54,27.90,-0.807,-1.098,0.281
879,35604397,99715.66,27.90,-0.843,-1.024,-0.922
881,35664408,99713.97,27.90,-0.851,-0.881,-0.670
883,35724416,99710.23,27.89,-0.811,-0.565,-0.176
885,35784397,99711.95,27.89,-0.799,-0.710,0.400
887,35844422,99713.20,27.89,-0.808,-0.816,0.275
889,35904397,99710.59,27.89,-0.796,-0.595,-0.095
891,35964396,99713.30,27.89,-0.794,-0.825,0.143
893,36024416,99716.51,27.89,-0.786,-1.096,0.396
895,36084397,99710.60,27.89,-0.768,-0.596,0.057
897,36144474,99710.12,27.89,-0.721,-0.555,0.140
899,36204397,99710.44,27.89,-0.707,-0.582,0.604
901,36264397,99711.99,27.89,-0.714,-0.714,0.265
903,36324416,99710.22,27.89,-0.693,-0.564,0.055
905,36384397,99710.59,27.90,-0.689,-0.595,0.168
907,36444431,99712.64,27.89,-0.729,-0.769,-0.041
909,36504397,99712.52,27.89,-0.731,-0.758,-0.343
911,36564396,99711.59,27.89,-0.729,-0.679,-0.109
913,36624416,99716.59,27.89,-0.772,-1.103,-0.011
915,36684397,99712.02,27.89,-0.758,-0.716,-0.374
917,36744450,99715.77,27.89,-0.781,-1.033,-0.072
919,36804397,99711.46,27.89,-0.772,-0.669,-0.215
921,36864396,99713.95,27.89,-0.800,-0.880,-0.182
923,36924416,99710.39,27.89,-0.751,-0.578,-0.078
925,36984397,99711.17,27.89,-0.723,-0.645,0.528
927,37044422,99714.77,27.89,-0.777,-0.949,0.287
929,37104397,99712.82,27.89,-0.778,-0.784,-0.482
931,37164396,99711.92,27.89,-0.774,-0.708,-0.200
933,37224427,99712.60,27.88,-0.730,-0.765,0.289
935,37284397,99712.57,27.88,-0.737,-0.763,0.481
937,37344450,99709.19,27.88,-0.719,-0.477,-0.107
939,37404397,99713.36,27.88,-0.720,-0.830,0.228
941,37464396,99710.87,27.88,-0.722,-0.619,0.088
943,37524416,99707.70,27.88,-0.673,-0.350,-0.037
945,37584397,99713.51,27.87,-0.681,-0.842,0.634
947,37644433,99712.05,27.87,-0.696,-0.719,0.108
949,37704397,99714.35,27.87,-0.722,-0.913,-0.284
951,37764396,99709.23,27.87,-0.688,-0.480,-0.260
953,37824416,99711.60,27.87,-0.715,-0.681,0.040
955,37884397,99709.62,27.87,-0.676,-0.513,-0.009
957,37944450,99712.66,27.86,-0.697,-0.771,0.344
959,38004408,99709.81,27.86,-0.688,-0.529,-0.133
961,38064396,99711.02,27.86,-0.716,-0.631,-0.180
963,38124416,99714.64,27.86,-0.733,-0.938,-0.138
965,38184397,99714.14,27.86,-0.770,-0.895,-0.265
967,38244422,99712.29,27.86,-0.768,-0.739,-0.544
969,38304397,99710.78,27.85,-0.760,-0.611,-0.146
971,38364396,99710.70,27.86,-0.752,-0.605,0.051
973,38424416,99713.88,27.85,-0.726,-0.873,0.417
975,38484397,99712.59,27.85,-0.700,-0.765,0.547
977,38544450,99712.74,27.85,-0.714,-0.777,0.175
979,38604397,99712.91,27.85,-0.737,-0.792,-0.242
981,38664397,99715.57,27.85,-0.772,-1.017,-0.326
983,38724416,99713.11,27.85,-0.834,-0.809,-0.763
985,38784408,99711.46,27.85,-0.816,-0.669,-0.833
987,38844422,99715.65,27.85,-0.834,-1.023,0.168
989,38904397,99711.49,27.85,-0.828,-0.672,-0.145
991,38964396,99709.67,27.85,-0.778,-0.518,0.018
993,39024416,99713.95,27.85,-0.787,-0.880,0.633
995,39084397,99707.29,27.85,-0.726,-0.316,0.179
997,39144488,99714.70,27.85,-0.759,-0.943,0.512
999,39204397,99714.77,27.85,-0.758,-0.948,0.103
1001,39264396,99711.49,27.85,-0.728,-0.671,-0.014
1003,39324416,99714.62,27.85,-0.777,-0.936,0.038
1005,39384397,99715.34,27.85,-0.770,-0.997,-0.262
1007,39444423,99711.32,27.85,-0.759,-0.657,-0.082
1009,39504397,99714.13,27.85,-0.798,-0.895,-0.163
1011,39564405,99716.72,27.85,-0.876,-1.114,-0.591
1013,39624416,99717.59,27.85,-0.896,-1.187,-0.837
1015,39684397,99712.38,27.85,-0.864,-0.747,-0.343
1017,39744449,99713.63,27.85,-0.895,-0.853,-0.062
1019,39804397,99712.64,27.85,-0.864,-0.769,-0.113
1021,39864396,99713.86,27.85,-0.852,-0.872,0.384
1023,39924416,99716.91,27.85,-0.840,-1.129,0.468
1025,39984397,99713.23,27.84,-0.815,-0.819,0.263
1027,40044423,99711.23,27.84,-0.788,-0.650,0.141
1029,40104397,99707.55,27.84,-0.729,-0.338,0.359
1031,40164397,99715.69,27.84,-0.762,-1.027,0.729
1033,40224416,99709.83,27.84,-0.738,-0.531,-0.040
1035,40284397,99712.11,27.84,-0.746,-0.724,-0.006
1037,40344458,99711.76,27.84,-0.733,-0.694,0.108
1039,40404397,99711.84,27.84,-0.737,-0.701,0.100
1041,40464396,99712.80,27.84,-0.762,-0.782,-0.116
1043,40524416,99711.86,27.84,-0.763,-0.703,-0.288
1045,40584397,99712.91,27.84,-0.787,-0.791,-0.172
1047,40644433,99714.17,27.85,-0.776,-0.899,-0.078
1049,40704397,99713.31,27.84,-0.778,-0.826,0.102
1051,40764396,99710.86,27.84,-0.787,-0.618,-0.234
1053,40824416,99714.33,27.85,-0.829,-0.911,-0.291
1055,40884397,99717.75,27.85,-0.898,-1.201,-0.510
1057,40944450,99712.37,27.84,-0.860,-0.746,-0.696
1059,41004397,99713.51,27.84,-0.842,-0.842,0.228
1061,41064396,99713.88,27.84,-0.824,-0.873,0.429
1063,41124427,99714.30,27.84,-0.850,-0.909,0.108
1065,41184397,99712.95,27.84,-0.845,-0.795,-0.293
1067,41244422,99715.26,27.84,-0.906,-0.990,-0.276
1069,41304397,99709.30,27.84,-0.854,-0.486,-0.556
1071,41364396,99712.26,27.84,-0.836,-0.736,0.451
1073,41424416,99712.20,27.84,-0.824,-0.732,0.477
1075,41484397,99716.30,27.84,-0.849,-1.078,0.223
1077,41544450,99714.69,27.84,-0.880,-0.942,-0.310
1079,41604397,99711.85,27.84,-0.867,-0.702,-0.530
1081,41664397,99713.10,27.84,-0.838,-0.808,0.197
1083,41724416,99713.84,27.84,-0.868,-0.871,0.267
1085,41784397,99714.87,27.85,-0.852,-0.957,-0.118
1087,41844422,99712.96,27.85,-0.840,-0.796,0.171
1089,41904408,99713.91,27.84,-0.802,-0.876,0.322
1091,41964397,99713.72,27.84,-0.843,-0.860,0.229
1093,42024416,99711.07,27.85,-0.796,-0.636,-0.292
1095,42084397,99711.33,27.85,-0.761,-0.658,0.556
1097,42144475,99718.17,27.85,-0.822,-1.237,0.460
1099,42204397,99716.77,27.85,-0.841,-1.118,-0.461
1101,42264396,99712.96,27.85,-0.816,-0.796,-0.409
1103,42324416,99712.08,27.85,-0.830,-0.721,-0.074
1105,42384397,99710.80,27.85,-0.795,-0.614,-0.039
1107,42444422,99715.52,27.85,-0.832,-1.013,0.338
1109,42504397,99713.49,27.85,-0.819,-0.840,-0.148
1111,42564396,99714.56,27.85,-0.831,-0.931,-0.019
1113,42624416,99715.17,27.85,-0.833,-0.982,-0.045
1115,42684408,99713.23,27.85,-0.830,-0.819,-0.086
1117,42744450,99713.81,27.85,-0.817,-0.868,0.034
1119,42804397,99713.03,27.85,-0.788,-0.802,0.305
1121,42864396,99712.14,27.85,-0.766,-0.726,0.375
1123,42924416,99713.62,27.85,-0.785,-0.851,0.193
1125,42984397,99714.18,27.85,-0.821,-0.899,-0.291
1127,43044422,99713.09,27.85,-0.797,-0.806,-0.306
1129,43104397,99711.71,27.85,-0.783,-0.690,0.182
1131,43164396,99712.31,27.85,-0.764,-0.741,0.248
1133,43224416,99715.04,27.84,-0.782,-0.971,0.298
1135,43284397,99715.36,27.85,-0.803,-0.999,-0.138
1137,43344449,99713.62,27.85,-0.798,-0.852,-0.298
1139,43404397,99710.49,27.84,-0.789,-0.587,-0.171
1141,43464408,99711.77,27.85,-0.767,-0.696,0.132
1143,43524416,99714.73,27.85,-0.799,-0.945,0.295
1145,43584397,99710.27,27.84,-0.757,-0.568,-0.164
1147,43644432,99712.58,27.85,-0.762,-0.763,0.285
1149,43704397,99711.49,27.85,-0.745,-0.671,0.150
1151,43764397,99715.39,27.85,-0.796,-1.001,0.039
1153,43824416,99710.13,27.85,-0.764,-0.557,-0.430
1155,43884397,99713.68,27.85,-0.776,-0.856,0.140
1157,43944450,99713.58,27.85,-0.763,-0.848,0.157
1159,44004397,99709.68,27.85,-0.753,-0.518,-0.027
1161,44064396,99711.61,27.85,-0.745,-0.682,0.068
1163,44124416,99718.74,27.85,-0.842,-1.285,0.020
1165,44184397,99713.36,27.85,-0.857,-0.830,-1.060
1167,44244431,99711.40,27.85,-0.827,-0.664,-0.484
1169,44304397,99710.03,27.85,-0.772,-0.548,0.461
1171,44364396,99709.84,27.85,-0.758,-0.532,0.634
1173,44424416,99715.27,27.85,-0.792,-0.991,0.296
1175,44484397,99713.09,27.85,-0.786,-0.806,-0.161
1177,44544450,99714.31,27.85,-0.800,-0.910,-0.101
1179,44604397,99712.49,27.85,-0.820,-0.756,-0.294
1181,44664397,99715.02,27.86,-0.835,-0.970,-0.283
1183,44724417,99710.52,27.85,-0.810,-0.589,-0.148
1185,44784397,99713.69,27.86,-0.848,-0.857,-0.035
1187,44844422,99714.43,27.86,-0.842,-0.920,-0.143
1189,44904397,99713.30,27.86,-0.843,-0.825,0.002
1191,44964396,99715.12,27.86,-0.861,-0.979,-0.080
1193,45024427,99712.97,27.86,-0.838,-0.796,-0.084
1195,45084397,99714.75,27.86,-0.856,-0.947,0.115
1197,45144475,99711.72,27.86,-0.847,-0.691,-0.194
1199,45204397,99713.74,27.86,-0.848,-0.862,0.018
1201,45264396,99711.77,27.86,-0.839,-0.695,0.059
1203,45324416,99711.28,27.86,-0.764,-0.654,0.410
1205,45384397,99715.27,27.86,-0.797,-0.991,0.830
1207,45444422,99712.63,27.86,-0.788,-0.768,-0.161
1209,45504397,99713.46,27.86,-0.850,-0.838,-0.396
1211,45564396,99712.09,27.86,-0.832,-0.722,-0.596
1213,45624416,99715.91,27.86,-0.869,-1.046,0.046
1215,45684397,99712.61,27.86,-0.849,-0.766,-0.251
1217,45744450,99712.50,27.86,-0.857,-0.757,-0.045
1219,45804408,99713.19,27.86,-0.847,-0.815,0.027
1221,45864396,99714.24,27.86,-0.869,-0.904,0.070
1223,45924416,99713.91,27.86,-0.875,-0.875,-0.236
1225,45984397,99714.78,27.86,-0.866,-0.950,-0.009
1227,46044422,99709.42,27.86,-0.837,-0.496,0.027
1229,46104397,99715.75,27.87,-0.850,-1.032,0.301
1231,46164396,99710.69,27.87,-0.808,-0.603,0.201
1233,46224416,99711.76,27.87,-0.804,-0.694,0.257
1235,46284397,99715.67,27.87,-0.825,-1.025,0.233
1237,46344450,99713.48,27.87,-0.852,-0.840,-0.290
1239,46404397,99711.33,27.87,-0.820,-0.658,-0.366
1241,46464396,99710.62,27.87,-0.801,-0.598,0.281
1243,46524416,99712.21,27.87,-0.785,-0.732,0.385
1245,46584408,99710.25,27.87,-0.727,-0.567,0.517
1247,46644433,99712.88,27.87,-0.732,-0.789,0.662
1249,46704397,99713.91,27.87,-0.769,-0.876,-0.018
1251,46764396,99713.66,27.87,-0.754,-0.855,-0.286
1253,46824416,99711.23,27.87,-0.734,-0.649,0.104
1255,46884397,99715.52,27.87,-0.793,-1.013,-0.007
1257,46944450,99713.80,27.87,-0.802,-0.867,-0.547
1259,47004397,99713.59,27.87,-0.796,-0.850,-0.225
1261,47064396,99712.81,27.87,-0.795,-0.784,0.016
1263,47124416,99714.92,27.87,-0.817,-0.961,-0.039
1265,47184397,99711.13,27.87,-0.801,-0.641,-0.238
1267,47244423,99714.37,27.87,-0.817,-0.915,0.026
1269,47304397,99713.31,27.87,-0.831,-0.825,-0.135
1271,47364405,99709.91,27.87,-0.780,-0.537,-0.108
1273,47424416,99712.84,27.87,-0.775,-0.786,0.558
1275,47484397,99713.02,27.88,-0.769,-0.801,0.303
1277,47544449,99713.29,27.88,-0.798,-0.824,-0.075
1279,47604397,99712.20,27.88,-0.769,-0.731,-0.189
1281,47664397,99708.45,27.88,-0.759,-0.414,0.095
1283,47724416,99712.82,27.88,-0.755,-0.784,0.195
1285,47784397,99711.73,27.88,-0.738,-0.692,0.332
1287,47844423,99714.41,27.88,-0.761,-0.919,0.146
1289,47904397,99717.09,27.89,-0.827,-1.145,-0.339
1291,47964397,99709.73,27.89,-0.830,-0.522,-1.022
1293,48024416,99713.50,27.89,-0.836,-0.842,-0.330
1295,48084397,99709.67,27.89,-0.751,-0.518,0.429
1297,48144484,99711.76,27.89,-0.732,-0.694,0.946
1299,48204397,99709.29,27.89,-0.712,-0.485,0.393
1301,48264396,99715.32,27.89,-0.737,-0.995,0.286
1303,48324416,99712.93,27.89,-0.749,-0.793,-0.124
1305,48384397,99712.16,27.89,-0.746,-0.728,-0.311
1307,48444422,99714.30,27.89,-0.786,-0.909,-0.144
1309,48504397,99713.59,27.89,-0.784,-0.849,-0.354
1311,48564396,99713.45,27.89,-0.794,-0.837,-0.119
1313,48624416,99712.99,27.89,-0.773,-0.798,-0.015
1315,48684397,99714.32,27.89,-0.748,-0.911,0.416
1317,48744450,99714.70,27.89,-0.760,-0.943,0.319
1319,48804397,99714.39,27.90,-0.826,-0.917,-0.489
1321,48864396,99714.12,27.90,-0.818,-0.894,-0.722
1323,48924427,99713.84,27.90,-0.847,-0.870,-0.182
1325,48984397,99714.06,27.90,-0.841,-0.889,-0.285
1327,49044422,99715.67,27.90,-0.856,-1.025,0.047
1329,49104397,99710.53,27.90,-0.805,-0.590,-0.048
1331,49164396,99714.30,27.90,-0.860,-0.909,0.153
1333,49224416,99714.36,27.90,-0.849,-0.914,-0.285
1335,49284397,99715.04,27.90,-0.869,-0.971,-0.010
1337,49344449,99710.52,27.90,-0.840,-0.589,-0.249
1339,49404397,99711.20,27.90,-0.816,-0.646,0.237
1341,49464396,99710.86,27.90,-0.772,-0.618,0.569
1343,49524416,99712.96,27.90,-0.730,-0.796,0.845
1345,49584397,99712.59,27.90,-0.755,-0.765,0.459
1347,49644433,99711.27,27.90,-0.743,-0.652,-0.252
1349,49704409,99713.99,27.90,-0.750,-0.883,0.145
1351,49764397,99713.45,27.90,-0.767,-0.837,-0.052
1353,49824416,99714.00,27.90,-0.807,-0.884,-0.425
1355,49884397,99712.17,27.90,-0.814,-0.729,-0.572
1357,49944450,99714.93,27.90,-0.813,-0.963,-0.063
1359,50004397,99713.00,27.90,-0.796,-0.799,0.151
1361,50064396,99706.75,27.90,-0.738,-0.271,0.083
1363,50124416,99715.09,27.90,-0.774,-0.976,0.560
1365,50184397,99715.77,27.90,-0.815,-1.033,-0.088
1367,50244422,99714.06,27.90,-0.825,-0.889,-0.606
1369,50304397,99713.18,27.91,-0.818,-0.815,-0.255
1371,50364396,99714.04,27.91,-0.826,-0.887,0.019
1373,50424416,99714.85,27.91,-0.826,-0.956,0.004
1375,50484408,99712.68,27.91,-0.818,-0.772,-0.031
1377,50544449,99711.38,27.91,-0.813,-0.662,-0.066
1379,50604397,99711.31,27.91,-0.790,-0.656,0.121
1381,50664396,99713.06,27.91,-0.789,-0.804,0.361
1383,50724416,99712.90,27.91,-0.822,-0.790,-0.071
1385,50784397,99711.41,27.91,-0.791,-0.664,-0.272
1387,50844422,99710.02,27.91,-0.752,-0.546,0.383
1389,50904397,99711.68,27.91,-0.741,-0.688,0.543
1391,50964397,99711.99,27.91,-0.691,-0.714,0.554
1393,51024416,99713.36,27.91,-0.750,-0.830,0.313
1395,51084397,99712.31,27.91,-0.763,-0.741,-0.657
1397,51144475,99711.72,27.91,-0.759,-0.691,-0.269
1399,51204397,99712.29,27.91,-0.741,-0.739,0.130
1401,51264408,99710.52,27.91,-0.747,-0.590,0.100
1403,51324416,99715.20,27.91,-0.798,-0.985,-0.192
1405,51384397,99712.52,27.91,-0.782,-0.759,-0.365
1407,51444422,99711.05,27.91,-0.772,-0.634,-0.034
1409,51504397,99713.74,27.91,-0.784,-0.862,0.120
1411,51564397,99713.05,27.91,-0.787,-0.803,-0.032
1413,51624416,99713.01,27.91,-0.801,-0.799,-0.165
1415,51684397,99711.48,27.91,-0.772,-0.670,-0.073
1417,51744450,99716.16,27.91,-0.793,-1.067,0.351
1419,51804397,99712.91,27.91,-0.780,-0.791,-0.051
1421,51864396,99713.59,27.91,-0.801,-0.849,-0.137
1423,51924416,99712.05,27.91,-0.776,-0.719,-0.121
1425,51984397,99712.58,27.91,-0.783,-0.763,0.162
1427,52044431,99709.24,27.91,-0.759,-0.481,-0.061
1429,52104397,99710.27,27.91,-0.723,-0.568,0.347
1431,52164398,99711.21,27.91,-0.725,-0.648,0.515
1433,52224416,99714.83,27.91,-0.761,-0.953,0.047
1435,52284397,99714.26,27.92,-0.775,-0.906,-0.323
1437,52344450,99712.20,27.92,-0.783,-0.732,-0.376
1439,52404397,99711.09,27.92,-0.746,-0.638,-0.057
1441,52464396,99712.03,27.92,-0.731,-0.717,0.479
1443,52524416,99712.21,27.92,-0.758,-0.732,0.106
1445,52584397,99714.27,27.92,-0.771,-0.907,-0.240
1447,52644433,99714.70,27.92,-0.802,-0.942,-0.220
1449,52704397,99710.33,27.92,-0.763,-0.573,-0.340
1451,52764396,99716.84,27.92,-0.780,-1.124,0.423
1453,52824427,99716.65,27.92,-0.793,-1.108,0.114
1455,52884397,99712.99,27.92,-0.787,-0.798,-0.336
1457,52944450,99713.55,27.92,-0.756,-0.846,0.064
1459,53004397,99712.79,27.92,-0.768,-0.781,0.267
1461,53064396,99709.23,27.92,-0.741,-0.480,-0.176
1463,53124416,99711.24,27.92,-0.716,-0.650,0.348
1465,53184397,99710.38,27.92,-0.697,-0.577,0.482
1467,53244422,99713.93,27.92,-0.760,-0.877,0.014
1469,53304397,99715.06,27.92,-0.768,-0.974,-0.479
1471,53364396,99717.56,27.92,-0.841,-1.185,-0.381
1473,53424416,99713.33,27.92,-0.839,-0.827,-0.892
1475,53484397,99711.12,27.92,-0.772,-0.640,-0.014
1477,53544450,99713.78,27.91,-0.792,-0.865,0.652
1479,53604408,99709.34,27.91,-0.752,-0.490,-0.006
1481,53664396,99711.59,27.91,-0.766,-0.680,0.219
1483,53724416,99709.70,27.91,-0.771,-0.519,-0.125
1485,53784397,99713.95,27.92,-0.852,-0.879,-0.420
1487,53844422,99712.74,27.91,-0.845,-0.777,-0.693
1489,53904397,99711.27,27.92,-0.754,-0.652,0.382
1491,53964396,99711.12,27.91,-0.753,-0.641,0.935
1493,54024416,99711.66,27.92,-0.724,-0.686,0.299
1495,54084397,99716.14,27.91,-0.775,-1.065,0.291
1497,54144488,99711.20,27.92,-0.755,-0.646,-0.444
1499,54204397,99712.38,27.91,-0.752,-0.747,-0.014
1501,54264397,99712.23,27.91,-0.768,-0.735,0.016
1503,54324416,99710.95,27.91,-0.770,-0.626,-0.267
1505,54384408,99714.59,27.91,-0.783,-0.933,0.010
1507,54444422,99711.58,27.91,-0.778,-0.679,-0.078
1509,54504397,99711.17,27.91,-0.774,-0.645,-0.124
1511,54564396,99714.93,27.90,-0.785,-0.962,0.167
1513,54624416,99712.81,27.90,-0.751,-0.783,0.172
1515,54684397,99712.05,27.90,-0.761,-0.719,0.149
1517,54744450,99717.52,27.91,-0.813,-1.181,-0.124
1519,54804397,99712.13,27.90,-0.780,-0.726,-0.387
1521,54864396,99713.12,27.90,-0.797,-0.809,-0.030
1523,54924416,99710.55,27.90,-0.767,-0.592,-0.063
1525,54984397,99714.39,27.90,-0.788,-0.916,0.264
1527,55044423,99707.88,27.91,-0.716,-0.366,0.077
1529,55104397,99711.05,27.90,-0.705,-0.634,0.656
1531,55164405,99713.02,27.91,-0.753,-0.800,0.193
1533,55224416,99711.87,27.91,-0.726,-0.704,-0.323
1535,55284397,99715.06,27.91,-0.787,-0.974,0.004
1537,55344449,99710.61,27.91,-0.762,-0.597,-0.571
1539,55404397,99713.19,27.91,-0.767,-0.815,0.085
1541,55464396,99717.68,27.91,-0.820,-1.195,0.036
1543,55524416,99714.46,27.91,-0.850,-0.923,-0.697
1545,55584397,99715.42,27.92,-0.858,-1.004,-0.552
1547,55644432,99716.75,27.92,-0.880,-1.116,-0.122
1549,55704397,99717.24,27.92,-0.912,-1.158,-0.345
1551,55764397,99708.59,27.92,-0.800,-0.426,-0.162
1553,55824416,99714.36,27.92,-0.831,-0.914,0.873
1555,55884397,99712.09,27.93,-0.797,-0.722,0.169
1557,55944458,99712.62,27.93,-0.806,-0.767,0.197
1559,56004397,99709.70,27.93,-0.776,-0.520,-0.024
1561,56064396,99715.03,27.93,-0.842,-0.971,0.067
1563,56124416,99711.87,27.93,-0.796,-0.703,-0.307
1565,56184397,99713.52,27.93,-0.821,-0.843,0.211
1567,56244422,99711.93,27.93,-0.789,-0.708,-0.033
1569,56304397,99714.12,27.93,-0.809,-0.893,0.243
1571,56364396,99708.67,27.93,-0.745,-0.433,0.011
1573,56424416,99715.83,27.93,-0.791,-1.038,0.505
1575,56484397,99712.66,27.94,-0.809,-0.770,-0.339
1577,56544450,99713.73,27.94,-0.824,-0.860,-0.443
1579,56604397,99711.55,27.94,-0.796,-0.676,-0.081
1581,56664396,99710.97,27.94,-0.749,-0.627,0.415
1583,56724427,99712.25,27.94,-0.764,-0.735,0.498
1585,56784397,99709.02,27.94,-0.738,-0.463,-0.066
1587,56844422,99713.41,27.94,-0.755,-0.833,0.230
1589,56904397,99714.03,27.94,-0.773,-0.887,0.006
1591,56964396,99714.30,27.94,-0.786,-0.909,-0.241
1593,57024416,99713.97,27.95,-0.813,-0.881,-0.328
1595,57084397,99710.65,27.95,-0.763,-0.600,-0.217
1597,57144475,99710.77,27.95,-0.742,-0.610,0.474
1599,57204397,99712.95,27.95,-0.740,-0.795,0.421
1601,57264396,99711.84,27.95,-0.768,-0.701,-0.058
1603,57324416,99710.70,27.95,-0.777,-0.604,-0.478
1605,57384397,99713.98,27.95,-0.794,-0.882,-0.115
1607,57444423,99713.88,27.95,-0.840,-0.874,-0.303
1609,57504408,99715.83,27.96,-0.839,-1.038,-0.416
1611,57564397,99708.92,27.96,-0.787,-0.454,0.010
1613,57624416,99714.05,27.96,-0.815,-0.889,0.315
1615,57684397,99713.01,27.96,-0.843,-0.800,-0.206
1617,57744450,99713.32,27.96,-0.859,-0.826,-0.473
1619,57804397,99713.36,27.96,-0.837,-0.830,-0.052
1621,57864396,99713.19,27.96,-0.820,-0.815,0.315
1623,57924416,99713.87,27.96,-0.825,-0.872,0.204
1625,57984397,99714.45,27.97,-0.853,-0.922,-0.131
1627,58044422,99710.76,27.97,-0.803,-0.609,-0.184
1629,58104397,99712.39,27.97,-0.828,-0.748,0.262
1631,58164396,99716.28,27.97,-0.870,-1.077,-0.173
1633,58224416,99717.04,27.97,-0.922,-1.141,-0.547
1635,58284408,99716.51,27.97,-0.918,-1.096,-0.579
1637,58344450,99710.88,27.97,-0.869,-0.620,-0.053
1639,58404397,99711.91,27.97,-0.861,-0.706,0.348
1641,58464396,99711.05,27.97,-0.838,-0.634,0.288
1643,58524416,99712.40,27.97,-0.814,-0.748,0.428
1645,58584397,99711.11,27.97,-0.784,-0.639,0.463
1647,58644433,99712.45,27.97,-0.755,-0.752,0.526
1649,58704397,99707.80,27.97,-0.717,-0.359,0.401
1651,58764397,99718.08,27.97,-0.780,-1.228,0.388
1653,58824416,99713.82,27.97,-0.802,-0.868,-0.465
1655,58884397,99713.41,27.97,-0.837,-0.834,-0.765
1657,58944449,99715.08,27.97,-0.858,-0.975,-0.467
1659,59004397,99712.27,27.97,-0.861,-0.737,-0.351
1661,59064408,99715.26,27.97,-0.850,-0.990,0.027
1663,59124416,99713.63,27.98,-0.885,-0.853,-0.017
1665,59184397,99712.18,27.97,-0.853,-0.730,-0.359
1667,59244422,99709.80,27.98,-0.802,-0.529,0.414
1669,59304397,99713.05,27.98,-0.819,-0.803,0.549
1671,59364397,99712.23,27.98,-0.817,-0.734,0.008
1673,59424416,99714.30,27.98,-0.797,-0.909,0.187
1675,59484397,99709.77,27.98,-0.779,-0.525,0.192
1677,59544450,99712.17,27.98,-0.762,-0.729,0.199
1679,59604397,99712.33,27.98,-0.779,-0.742,0.244
1681,59664397,99712.16,27.98,-0.788,-0.729,-0.223
1683,59724416,99712.52,27.98,-0.805,-0.759,-0.210
1685,59784397,99711.33,27.98,-0.770,-0.658,-0.034
1687,59844431,99711.80,27.98,-0.784,-0.698,0.254
1689,59904397,99712.88,27.99,-0.804,-0.788,-0.149
1691,59964396,99709.11,27.99,-0.789,-0.470,-0.292
1693,60024416,99712.88,27.99,-0.777,-0.788,0.212
1695,60084397,99709.99,27.99,-0.743,-0.544,0.397
1697,60144475,99713.45,27.99,-0.740,-0.837,0.433
1699,60204397,99717.10,27.99,-0.832,-1.146,-0.087
1701,60264396,99710.55,27.99,-0.833,-0.592,-1.171
1703,60324417,99713.71,27.99,-0.827,-0.859,-0.257
1705,60384397,99711.72,27.99,-0.832,-0.691,0.096
1707,60444422,99714.95,28.00,-0.848,-0.964,-0.076
1709,60504397,99713.30,27.99,-0.857,-0.824,-0.153
1711,60564396,99711.61,28.00,-0.841,-0.681,-0.200
1713,60624427,99713.63,28.00,-0.852,-0.852,0.122
1715,60684397,99713.66,28.00,-0.841,-0.855,0.073
1717,60744450,99714.54,28.00,-0.888,-0.930,-0.117
1719,60804397,99713.22,28.00,-0.864,-0.817,-0.391
1721,60864396,99712.58,28.00,-0.876,-0.763,0.037
1723,60924416,99715.86,28.00,-0.893,-1.041,-0.068
1725,60984397,99714.95,28.00,-0.894,-0.963,-0.082
1727,61044422,99711.77,28.00,-0.864,-0.695,-0.070
1729,61104397,99713.05,28.00,-0.842,-0.803,0.356
1731,61164396,99712.61,28.00,-0.813,-0.766,0.490
1733,61224416,99716.37,28.00,-0.854,-1.084,0.285
1735,61284397,99712.36,28.00,-0.837,-0.745,-0.341
1737,61344450,99711.81,28.00,-0.842,-0.699,-0.130
1739,61404408,99711.25,28.01,-0.831,-0.651,-0.032
1741,61464396,99712.44,28.01,-0.791,-0.751,0.386
1743,61524416,99710.31,28.00,-0.768,-0.571,0.539
1745,61584397,99715.13,28.01,-0.772,-0.980,0.419
1747,61644433,99712.06,28.00,-0.760,-0.720,0.140
1749,61704397,99712.72,28.01,-0.752,-0.775,0.045
1751,61764396,99710.27,28.01,-0.723,-0.568,0.173
1753,61824416,99714.16,28.01,-0.773,-0.898,0.116
1755,61884397,99709.52,28.01,-0.736,-0.504,-0.349
1757,61944450,99711.32,28.01,-0.744,-0.657,0.159
1759,62004397,99712.09,28.01,-0.757,-0.722,0.014
1761,62064396,99710.99,28.01,-0.743,-0.629,-0.084
1763,62124416,99712.42,28.01,-0.744,-0.750,0.150
1765,62184405,99710.86,28.01,-0.745,-0.618,-0.015
1767,62244423,99715.15,28.01,-0.775,-0.981,-0.039
1769,62304397,99709.09,28.01,-0.715,-0.468,-0.070
1771,62364396,99715.76,28.01,-0.762,-1.033,0.393
1773,62424416,99712.50,28.01,-0.764,-0.757,-0.290
1775,62484397,99712.77,28.01,-0.754,-0.779,-0.177
1777,62544449,99713.25,28.01,-0.777,-0.820,0.020
1779,62604397,99712.60,28.01,-0.770,-0.765,-0.212
1781,62664396,99713.60,28.01,-0.779,-0.850,0.017
1783,62724416,99713.28,28.01,-0.745,-0.823,0.145
1785,62784397,99710.55,28.01,-0.723,-0.592,0.330
1787,62844423,99711.09,28.01,-0.723,-0.637,0.164
1789,62904397,99712.19,28.01,-0.751,-0.730,-0.060
1791,62964405,99713.70,28.01,-0.757,-0.859,-0.202
1793,63024416,99715.45,28.01,-0.795,-1.006,-0.144
1795,63084397,99713.48,28.02,-0.766,-0.840,-0.266
1797,63144475,99715.37,28.02,-0.753,-0.999,0.351
1799,63204397,99714.29,28.02,-0.764,-0.908,0.158
1801,63264396,99709.16,28.02,-0.737,-0.474,-0.283
1803,63324416,99713.31,28.02,-0.756,-0.826,0.125
1805,63384397,99710.23,28.02,-0.724,-0.565,0.056
1807,63444423,99711.95,28.02,-0.702,-0.711,0.393
1809,63504397,99707.65,28.02,-0.679,-0.346,0.276
1811,63564397,99714.91,28.02,-0.710,-0.960,0.248
1813,63624416,99712.21,28.02,-0.750,-0.733,-0.307
1815,63684397,99714.58,28.02,-0.779,-0.933,-0.659
1817,63744458,99714.08,28.02,-0.800,-0.890,-0.387
1819,63804397,99715.72,28.02,-0.826,-1.029,-0.360
1821,63864396,99709.61,28.02,-0.798,-0.512,-0.383
1823,63924416,99713.13,28.03,-0.801,-0.810,0.134
1825,63984397,99713.64,28.02,-0.809,-0.853,0.169
1827,64044422,99712.27,28.02,-0.835,-0.737,-0.291
1829,64104397,99711.67,28.03,-0.787,-0.687,-0.124
1831,64164396,99716.44,28.02,-0.852,-1.090,0.349
1833,64224416,99711.62,28.02,-0.792,-0.682,-0.322
1835,64284397,99712.84,28.03,-0.817,-0.786,0.255
1837,64344450,99714.68,28.02,-0.825,-0.941,-0.104
1839,64404397,99712.64,28.02,-0.804,-0.768,0.001
1841,64464396,99715.26,28.02,-0.855,-0.990,-0.039
1843,64524427,99711.20,28.02,-0.797,-0.647,-0.287
1845,64584397,99713.48,28.02,-0.788,-0.840,0.546
1847,64644433,99714.48,28.02,-0.817,-0.924,0.164
1849,64704397,99714.13,28.02,-0.820,-0.895,-0.290
1851,64764396,99713.58,28.02,-0.814,-0.848,-0.072
1853,64824416,99710.99,28.02,-0.796,-0.629,0.003
1855,64884397,99713.20,28.02,-0.804,-0.816,0.136
1857,64944450,99714.02,28.02,-0.828,-0.886,-0.051
1859,65004397,99712.23,28.02,-0.810,-0.733,-0.212
1861,65064397,99713.77,28.02,-0.831,-0.864,0.036
1863,65124416,99711.15,28.02,-0.808,-0.642,-0.140
1865,65184397,99713.11,28.02,-0.771,-0.808,0.414
1867,65244422,99714.34,28.03,-0.797,-0.912,0.448
1869,65304408,99713.51,28.02,-0.764,-0.842,-0.029
1871,65364397,99709.41,28.02,-0.737,-0.495,0.225
1873,65424416,99711.48,28.03,-0.757,-0.671,0.108
1875,65484397,99715.62,28.02,-0.804,-1.021,-0.128
1877,65544450,99714.12,28.02,-0.803,-0.894,-0.396
1879,65604397,99710.70,28.02,-0.760,-0.604,-0.046
1881,65664397,99711.88,28.02,-0.718,-0.704,0.597
1883,65724416,99710.90,28.02,-0.744,-0.621,0.366
1885,65784397,99713.66,28.02,-0.766,-0.855,-0.275
1887,65844422,99711.59,28.01,-0.735,-0.679,-0.057
1889,65904397,99713.77,28.01,-0.754,-0.864,0.219
1891,65964396,99712.95,28.01,-0.724,-0.795,0.076
1893,66024416,99712.27,28.01,-0.726,-0.737,0.219
1895,66084408,99713.95,28.01,-0.743,-0.879,-0.040
1897,66144476,99714.29,28.01,-0.742,-0.908,-0.074
1899,66204397,99713.58,28.01,-0.739,-0.848,-0.012
1901,66264396,99712.61,28.01,-0.755,-0.766,-0.155
1903,66324416,99713.20,28.01,-0.754,-0.815,-0.184
1905,66384397,99711.74,28.01,-0.739,-0.693,0.039
1907,66444423,99712.16,28.01,-0.697,-0.728,0.359
1909,66504397,99714.09,28.01,-0.742,-0.891,0.337
1911,66564397,99713.84,28.01,-0.759,-0.870,-0.461
1913,66624416,99715.02,28.02,-0.810,-0.970,-0.477
1915,66684397,99712.15,28.02,-0.785,-0.727,-0.526
1917,66744450,99712.91,28.02,-0.821,-0.791,-0.100
1919,66804397,99711.32,28.02,-0.783,-0.657,-0.196
1921,66864408,99712.98,28.02,-0.801,-0.798,0.278
1923,66924416,99711.33,28.02,-0.803,-0.658,-0.167
1925,66984397,99715.65,28.02,-0.837,-1.023,-0.097
1927,67044423,99709.11,28.03,-0.782,-0.470,-0.181
1929,67104397,99715.20,28.03,-0.779,-0.985,0.569
1931,67164396,99713.04,28.03,-0.771,-0.803,0.349
1933,67224416,99712.63,28.03,-0.754,-0.768,0.045
1935,67284397,99710.37,28.03,-0.742,-0.576,0.127
1937,67344450,99712.72,28.03,-0.765,-0.775,0.025
1939,67404397,99715.79,28.03,-0.816,-1.035,-0.255
1941,67464396,99712.45,28.03,-0.809,-0.753,-0.558
1943,67524416,99709.87,28.03,-0.774,-0.534,-0.084
1945,67584397,99709.99,28.03,-0.748,-0.545,0.408
1947,67644441,99710.92,28.03,-0.742,-0.623,0.414
1949,67704397,99712.12,28.03,-0.783,-0.724,-0.025
1951,67764397,99711.55,28.04,-0.731,-0.676,-0.109
1953,67824416,99712.68,28.04,-0.739,-0.772,0.511
1955,67884397,99715.38,28.04,-0.763,-1.001,0.032
1957,67944450,99712.48,28.04,-0.791,-0.755,-0.452
1959,68004397,99714.19,28.04,-0.819,-0.899,-0.561
1961,68064396,99709.73,28.04,-0.783,-0.523,-0.275
1963,68124416,99713.12,28.04,-0.775,-0.809,0.361
1965,68184397,99713.27,28.04,-0.797,-0.822,0.182
1967,68244423,99713.59,28.04,-0.822,-0.849,-0.351
1969,68304397,99713.30,28.04,-0.807,-0.825,-0.208
1971,68364397,99713.02,28.05,-0.819,-0.801,0.038
1973,68424426,99714.66,28.05,-0.817,-0.939,-0.030
1975,68484397,99711.85,28.05,-0.796,-0.702,0.064
1977,68544450,99710.71,28.05,-0.771,-0.605,0.172
1979,68604397,99714.79,28.05,-0.760,-0.950,0.524
1981,68664397,99707.89,28.05,-0.699,-0.367,0.352
1983,68724416,99713.23,28.05,-0.722,-0.819,0.467
1985,68784397,99713.90,28.05,-0.746,-0.875,-0.009
1987,68844423,99712.48,28.05,-0.766,-0.755,-0.456
1989,68904397,99715.68,28.05,-0.757,-1.026,-0.096
1991,68964396,99713.11,28.06,-0.746,-0.808,0.182
1993,69024417,99713.83,28.06,-0.775,-0.869,-0.140
1995,69084397,99712.26,28.06,-0.761,-0.736,-0.275
1997,69144489,99714.54,28.06,-0.764,-0.929,0.148
1999,69204408,99713.48,28.06,-0.763,-0.840,0.059
2001,69264396,99711.91,28.06,-0.767,-0.707,-0.163
2003,69324416,99711.02,28.06,-0.747,-0.632,-0.059
2005,69384397,99711.73,28.06,-0.723,-0.692,0.351
2007,69444424,99714.80,28.06,-0.749,-0.951,0.335
2009,69504397,99710.10,28.07,-0.755,-0.554,-0.387
2011,69564397,99710.44,28.07,-0.702,-0.582,-0.012
2013,69624416,99710.15,28.06,-0.673,-0.558,0.752
2015,69684397,99712.02,28.07,-0.730,-0.716,0.128
2017,69744450,99714.62,28.07,-0.790,-0.937,-0.709
2019,69804397,99712.37,28.07,-0.809,-0.746,-0.820
2021,69864396,99711.44,28.07,-0.775,-0.667,-0.246
2023,69924416,99709.34,28.07,-0.741,-0.489,0.389
2025,69984408,99708.06,28.07,-0.717,-0.381,0.373
2027,70044423,99713.59,28.07,-0.759,-0.849,0.283
2029,70104397,99713.99,28.07,-0.787,-0.883,-0.285
2031,70164396,99711.45,28.07,-0.785,-0.668,-0.458
2033,70224416,99716.20,28.07,-0.818,-1.070,-0.081
2035,70284397,99713.25,28.07,-0.798,-0.820,-0.146
2037,70344449,99710.71,28.07,-0.787,-0.606,-0.040
2039,70404397,99713.58,28.07,-0.789,-0.848,0.147
2041,70464396,99710.27,28.07,-0.748,-0.568,0.199
2043,70524416,99712.46,28.07,-0.751,-0.754,0.377
2045,70584397,99713.27,28.07,-0.769,-0.822,0.069
2047,70644433,99715.77,28.07,-0.804,-1.034,-0.227
2049,70704397,99715.79,28.07,-0.830,-1.035,-0.426
2051,70764405,99713.99,28.08,-0.869,-0.883,-0.647
2053,70824416,99713.64,28.08,-0.873,-0.853,-0.599
2055,70884397,99713.06,28.08,-0.830,-0.804,0.120
2057,70944450,99714.45,28.08,-0.828,-0.921,0.520
2059,71004397,99712.66,28.08,-0.792,-0.770,0.258
2061,71064396,99715.41,28.08,-0.822,-1.004,0.279
2063,71124416,99712.27,28.08,-0.821,-0.738,-0.306
2065,71184397,99711.84,28.08,-0.788,-0.701,-0.020
2067,71244423,99711.69,28.09,-0.769,-0.688,0.440
2069,71304397,99712.95,28.09,-0.760,-0.794,0.360
2071,71364397,99709.52,28.08,-0.720,-0.504,0.238
2073,71424416,99713.57,28.09,-0.798,-0.847,0.025
2075,71484397,99712.86,28.09,-0.785,-0.787,-0.568
2077,71544458,99712.22,28.09,-0.795,-0.733,-0.064
2079,71604397,99712.44,28.09,-0.816,-0.751,-0.244
2081,71664397,99713.34,28.09,-0.833,-0.828,-0.277
2083,71724416,99714.72,28.09,-0.858,-0.944,-0.232
2085,71784397,99713.70,28.09,-0.859,-0.859,-0.285
2087,71844423,99709.93,28.09,-0.787,-0.540,0.132
2089,71904397,99714.02,28.09,-0.808,-0.886,0.688
2091,71964396,99711.82,28.09,-0.783,-0.699,0.088
2093,72024416,99711.96,28.09,-0.773,-0.711,0.205
2095,72084397,99715.66,28.09,-0.861,-1.025,-0.174
2097,72144475,99710.05,28.09,-0.804,-0.550,-0.729
2099,72204397,99712.41,28.09,-0.788,-0.750,0.451
2101,72264396,99712.89,28.09,-0.795,-0.790,0.349
2103,72324427,99710.82,28.10,-0.775,-0.615,-0.027
2105,72384397,99711.54,28.09,-0.791,-0.675,0.049
2107,72444422,99710.71,28.10,-0.749,-0.605,0.085
2109,72504397,99714.45,28.10,-0.778,-0.922,0.436
2111,72564396,99713.75,28.10,-0.847,-0.862,-0.516
2113,72624416,99714.70,28.10,-0.850,-0.943,-0.804
2115,72684397,99713.56,28.10,-0.855,-0.847,-0.145
2117,72744450,99714.10,28.10,-0.884,-0.893,-0.252
2119,72804397,99715.16,28.10,-0.872,-0.981,-0.172
2121,72864396,99708.18,28.10,-0.806,-0.391,0.172
2123,72924416,99714.40,28.10,-0.834,-0.917,0.531
2125,72984397,99713.30,28.10,-0.808,-0.824,0.186
2127,73044422,99711.34,28.10,-0.783,-0.658,0.244
2129,73104408,99716.43,28.10,-0.834,-1.089,0.168
2131,73164396,99713.34,28.10,-0.864,-0.828,-0.603
2133,73224416,99716.87,28.10,-0.924,-1.126,-0.714
2135,73284397,99712.95,28.10,-0.893,-0.794,-0.537
2137,73344450,99714.53,28.10,-0.904,-0.929,0.094
2139,73404397,99712.75,28.10,-0.908,-0.778,-0.127
2141,73464396,99716.36,28.10,-0.930,-1.083,-0.080
2143,73524416,99712.62,28.10,-0.876,-0.767,0.066
2145,73584397,99712.42,28.10,-0.872,-0.750,0.381
2147,73644433,99713.97,28.10,-0.878,-0.881,0.137
2149,73704397,99712.08,28.10,-0.859,-0.721,0.036
2151,73764396,99713.70,28.10,-0.865,-0.858,0.149
2153,73824416,99714.20,28.10,-0.844,-0.900,0.188
2155,73884408,99710.31,28.10,-0.816,-0.572,0.208
2157,73944450,99714.84,28.10,-0.827,-0.955,0.304
2159,74004397,99716.05,28.10,-0.860,-1.057,0.020
2161,74064396,99713.96,28.10,-0.863,-0.880,-0.443
2163,74124416,99711.48,28.10,-0.859,-0.671,-0.281
2165,74184396,99713.84,28.09,-0.859,-0.870,0.034
2167,74244423,99710.79,28.10,-0.843,-0.612,0.056
2169,74304397,99715.45,28.10,-0.868,-1.006,0.113
2171,74364397,99712.77,28.10,-0.842,-0.780,0.005
2173,74424416,99713.03,28.10,-0.819,-0.802,0.267
2175,74484397,99712.74,28.10,-0.811,-0.778,0.320
2177,74544450,99717.25,28.10,-0.866,-1.158,0.018
2179,74604397,99713.00,28.10,-0.865,-0.799,-0.576
2181,74664407,99712.66,28.10,-0.866,-0.770,-0.292
2183,74724416,99712.77,28.10,-0.850,-0.780,0.067
2185,74784397,99714.61,28.10,-0.826,-0.935,0.414
2187,74844423,99714.25,28.10,-0.850,-0.905,0.218
2189,74904397,99713.95,28.10,-0.839,-0.879,-0.210
2191,74964397,99714.48,28.10,-0.866,-0.924,-0.042
2193,75024416,99714.09,28.10,-0.886,-0.891,-0.395
2195,75084397,99718.21,28.11,-0.939,-1.240,-0.363
2197,75144476,99710.73,28.11,-0.878,-0.607,-0.428
2199,75204397,99713.23,28.11,-0.869,-0.819,0.407
2201,75264396,99708.47,28.11,-0.806,-0.416,0.405
2203,75324416,99712.41,28.11,-0.814,-0.749,0.611
2205,75384397,99713.71,28.11,-0.845,-0.859,0.080
2207,75444432,99711.88,28.11,-0.811,-0.705,-0.177
2209,75504397,99713.48,28.11,-0.852,-0.840,0.097
2211,75564397,99716.59,28.11,-0.858,-1.103,-0.205
2213,75624416,99713.91,28.11,-0.860,-0.876,-0.100
2215,75684397,99714.95,28.12,-0.880,-0.964,-0.228
2217,75744450,99713.46,28.12,-0.879,-0.838,-0.246
2219,75804397,99712.67,28.12,-0.852,-0.772,0.027
2221,75864396,99711.55,28.12,-0.810,-0.677,0.444
2223,75924417,99713.59,28.12,-0.797,-0.849,0.609
2225,75984397,99712.48,28.12,-0.801,-0.755,0.214
2227,76044423,99713.89,28.13,-0.818,-0.874,-0.108
2229,76104397,99716.89,28.12,-0.856,-1.128,-0.176
2231,76164396,99716.07,28.13,-0.877,-1.059,-0.450
2233,76224427,99714.66,28.13,-0.883,-0.939,-0.426
2235,76284397,99715.96,28.13,-0.868,-1.050,0.001
2237,76344450,99714.86,28.13,-0.875,-0.956,0.125
2239,76404397,99709.46,28.13,-0.826,-0.500,-0.125
2241,76464397,99715.97,28.13,-0.844,-1.050,0.493
2243,76524416,99716.61,28.13,-0.867,-1.105,0.095
2245,76584397,99714.17,28.13,-0.848,-0.898,-0.260
2247,76644433,99716.29,28.14,-0.890,-1.077,-0.074
2249,76704397,99710.46,28.14,-0.836,-0.584,-0.327
2251,76764396,99711.88,28.14,-0.807,-0.704,0.492
2253,76824417,99715.92,28.14,-0.848,-1.046,0.426
2255,76884397,99712.49,28.14,-0.833,-0.756,-0.304
2257,76944450,99713.62,28.14,-0.860,-0.851,-0.159
2259,77004408,99716.91,28.14,-0.879,-1.130,-0.158
2261,77064396,99712.92,28.14,-0.842,-0.793,-0.059
2263,77124416,99714.50,28.14,-0.864,-0.926,0.138
2265,77184396,99715.73,28.14,-0.857,-1.030,-0.016
2267,77244424,99714.30,28.14,-0.858,-0.909,0.040
2269,77304397,99716.27,28.14,-0.885,-1.076,-0.130
2271,77364397,99713.90,28.14,-0.869,-0.875,-0.231
2273,77424416,99715.05,28.15,-0.875,-0.972,0.040
2275,77484397,99713.49,28.15,-0.833,-0.841,0.173
2277,77544450,99715.76,28.15,-0.848,-1.032,0.411
2279,77604397,99715.11,28.15,-0.868,-0.978,-0.146
2281,77664397,99716.34,28.15,-0.919,-1.082,-0.501
2283,77724416,99713.03,28.15,-0.891,-0.802,-0.534
2285,77784408,99712.84,28.15,-0.878,-0.786,0.149
2287,77844423,99715.49,28.15,-0.889,-1.010,0.238
2289,77904397,99714.18,28.15,-0.908,-0.899,-0.155
2291,77964396,99714.77,28.15,-0.947,-0.949,-0.487
2293,78024416,99716.21,28.15,-0.966,-1.071,-0.445
2295,78084397,99713.12,28.15,-0.950,-0.810,-0.251
2297,78144476,99712.98,28.15,-0.888,-0.797,0.344
2299,78204397,99717.53,28.16,-0.892,-1.182,0.921
2301,78264396,99714.37,28.16,-0.854,-0.915,0.318
2303,78324416,99711.45,28.16,-0.831,-0.668,0.222
2305,78384397,99710.06,28.16,-0.773,-0.551,0.398
2307,78444422,99713.89,28.16,-0.785,-0.874,0.724
2309,78504397,99713.52,28.16,-0.809,-0.843,-0.026
2311,78564405,99713.38,28.16,-0.809,-0.831,-0.301
2313,78624416,99717.25,28.16,-0.860,-1.159,-0.124
2315,78684397,99715.79,28.16,-0.880,-1.035,-0.552
2317,78744449,99711.36,28.16,-0.859,-0.660,-0.471
2319,78804397,99714.73,28.16,-0.879,-0.945,0.041
2321,78864396,99711.91,28.17,-0.847,-0.707,0.016
2323,78924416,99714.30,28.16,-0.836,-0.909,0.368
2325,78984397,99712.22,28.17,-0.830,-0.733,0.206
2327,79044423,99713.58,28.17,-0.845,-0.848,-0.045
2329,79104397,99713.41,28.17,-0.840,-0.834,-0.065
2331,79164397,99718.09,28.17,-0.900,-1.230,-0.071
2333,79224416,99715.62,28.17,-0.928,-1.020,-0.697
2335,79284397,99713.78,28.17,-0.891,-0.865,-0.383
2337,79344458,99713.16,28.17,-0.886,-0.813,0.275
2339,79404397,99712.08,28.17,-0.886,-0.721,0.007
2341,79464396,99713.41,28.17,-0.890,-0.833,-0.008
2343,79524416,99711.96,28.17,-0.849,-0.711,0.186
2345,79584397,99713.91,28.17,-0.833,-0.876,0.562
2347,79644433,99715.53,28.17,-0.872,-1.013,0.186
2349,79704397,99713.20,28.17,-0.862,-0.816,-0.386
2351,79764396,99710.31,28.17,-0.838,-0.571,-0.069
2353,79824416,99715.38,28.17,-0.859,-1.000,0.264
2355,79884397,99711.77,28.17,-0.807,-0.695,0.171
2357,79944450,99709.77,28.17,-0.797,-0.526,0.317
2359,80004397,99713.05,28.17,-0.805,-0.803,0.192
2361,80064396,99715.32,28.17,-0.835,-0.995,0.041
2363,80124427,99715.47,28.17,-0.846,-1.008,-0.283
2365,80184396,99712.01,28.17,-0.806,-0.715,-0.096
2367,80244422,99715.68,28.17,-0.843,-1.026,0.231
2369,80304397,99715.63,28.18,-0.891,-1.022,-0.460
2371,80364396,99714.15,28.17,-0.907,-0.896,-0.748
2373,80424416,99711.29,28.17,-0.861,-0.654,-0.189
2375,80484397,99714.03,28.18,-0.875,-0.886,0.405
2377,80544450,99714.94,28.17,-0.901,-0.963,-0.062
2379,80604397,99714.50,28.18,-0.888,-0.926,-0.192
2381,80664397,99713.77,28.18,-0.869,-0.865,0.166
2383,80724416,99712.07,28.18,-0.833,-0.720,0.305
2385,80784397,99711.46,28.18,-0.803,-0.669,0.465
2387,80844422,99717.18,28.18,-0.854,-1.152,0.340
2389,80904408,99711.52,28.18,-0.813,-0.674,-0.288
2391,80964397,99712.03,28.18,-0.807,-0.717,0.157
2393,81024416,99714.16,28.18,-0.794,-0.897,0.328
2395,81084397,99713.68,28.18,-0.793,-0.856,0.240
2397,81144476,99711.52,28.18,-0.760,-0.674,0.079
2399,81204397,99713.07,28.18,-0.797,-0.805,0.116
2401,81264396,99713.69,28.18,-0.775,-0.857,-0.127
2403,81324416,99708.61,28.18,-0.730,-0.428,0.233
2405,81384397,99710.53,28.18,-0.726,-0.590,0.371
2407,81444423,99718.59,28.18,-0.778,-1.273,0.318
2409,81504397,99712.59,28.18,-0.756,-0.764,-0.330
2411,81564396,99714.50,28.18,-0.818,-0.926,-0.399
2413,81624416,99716.98,28.18,-0.832,-1.136,-0.505
2415,81684408,99712.17,28.18,-0.814,-0.729,-0.231
2417,81744450,99711.96,28.17,-0.816,-0.711,-0.100
2419,81804397,99712.74,28.17,-0.801,-0.777,0.112
2421,81864396,99711.98,28.17,-0.818,-0.713,0.074
2423,81924416,99715.03,28.18,-0.873,-0.971,-0.370
2425,81984397,99715.62,28.17,-0.881,-1.021,-0.481
2427,82044423,99713.25,28.17,-0.857,-0.820,-0.107
2429,82104397,99712.27,28.17,-0.854,-0.737,0.097
2431,82164396,99712.55,28.17,-0.842,-0.761,0.092
2433,82224416,99710.38,28.17,-0.814,-0.577,0.202
2435,82284397,99713.11,28.17,-0.832,-0.808,0.244
2437,82344450,99713.33,28.16,-0.820,-0.827,0.050
2439,82404397,99715.72,28.16,-0.851,-1.029,0.073
2441,82464408,99713.05,28.16,-0.824,-0.804,-0.181
2443,82524416,99715.93,28.16,-0.831,-1.047,0.242
2445,82584397,99710.86,28.16,-0.777,-0.618,0.145
2447,82644433,99715.99,28.15,-0.813,-1.052,0.379
2449,82704397,99713.34,28.15,-0.833,-0.828,-0.323
2451,82764397,99714.64,28.15,-0.827,-0.938,-0.297
2453,82824416,99713.92,28.15,-0.820,-0.877,0.111
2455,82884397,99711.21,28.15,-0.785,-0.648,0.108
2457,82944450,99712.70,28.15,-0.816,-0.774,0.149
2459,83004397,99712.73,28.15,-0.828,-0.777,-0.296
2461,83064396,99713.13,28.15,-0.827,-0.810,-0.138
2463,83124416,99714.85,28.14,-0.834,-0.956,0.078
2465,83184396,99712.35,28.15,-0.826,-0.745,-0.072
2467,83244432,99714.05,28.15,-0.814,-0.888,0.103
2469,83304397,99710.44,28.15,-0.795,-0.582,0.152
2471,83364397,99711.73,28.15,-0.824,-0.692,-0.067
2473,83424416,99711.71,28.15,-0.801,-0.690,-0.099
2475,83484397,99714.38,28.15,-0.797,-0.916,0.389
2477,83544450,99715.59,28.15,-0.833,-1.019,0.059
2479,83604397,99710.86,28.15,-0.817,-0.618,-0.483
2481,83664396,99713.12,28.15,-0.811,-0.809,0.048
2483,83724416,99715.72,28.15,-0.838,-1.029,0.184
2485,83784397,99713.50,28.15,-0.817,-0.841,-0.155
2487,83844423,99710.90,28.16,-0.800,-0.621,0.042
2489,83904397,99713.59,28.16,-0.796,-0.849,0.244
2491,83964397,99714.36,28.16,-0.819,-0.914,0.110
2493,84024427,99716.12,28.16,-0.829,-1.064,-0.172
2495,84084397,99715.30,28.16,-0.840,-0.994,-0.144
2497,84144489,99714.68,28.16,-0.859,-0.941,-0.326
2499,84204397,99712.22,28.16,-0.839,-0.733,-0.274
2501,84264396,99713.04,28.16,-0.833,-0.802,0.154
2503,84324416,99714.11,28.16,-0.811,-0.893,0.317
2505,84384397,99711.00,28.16,-0.792,-0.630,0.252
2507,84444423,99713.41,28.16,-0.828,-0.833,-0.010
2509,84504397,99712.27,28.16,-0.806,-0.738,-0.186
2511,84564396,99711.09,28.17,-0.812,-0.638,0.043
2513,84624416,99714.71,28.17,-0.823,-0.944,0.030
2515,84684397,99712.83,28.17,-0.802,-0.784,0.091
2517,84744449,99712.56,28.17,-0.783,-0.762,0.214
2519,84804408,99712.43,28.17,-0.780,-0.751,0.221
2521,84864396,99711.61,28.17,-0.764,-0.681,0.095
2523,84924416,99711.02,28.17,-0.744,-0.631,0.222
2525,84984397,99714.38,28.18,-0.731,-0.916,0.459
2527,85044424,99716.24,28.18,-0.801,-1.074,0.037
2529,85104397,99715.12,28.18,-0.852,-0.979,-1.015
2531,85164396,99714.35,28.18,-0.872,-0.913,-0.853
2533,85224416,99708.04,28.18,-0.796,-0.379,-0.211
2535,85284397,99711.52,28.18,-0.782,-0.674,0.751
2537,85344449,99712.87,28.18,-0.806,-0.788,0.357
2539,85404397,99712.67,28.18,-0.806,-0.771,-0.196
2541,85464396,99714.01,28.18,-0.839,-0.884,-0.164
2543,85524416,99716.72,28.18,-0.916,-1.113,-0.597
2545,85584408,99711.73,28.18,-0.869,-0.692,-0.729
2547,85644433,99710.76,28.18,-0.824,-0.609,0.386
2549,85704397,99712.70,28.18,-0.785,-0.773,0.822
2551,85764396,99713.03,28.18,-0.765,-0.802,0.719
2553,85824416,99713.58,28.18,-0.784,-0.848,0.202
2555,85884397,99712.07,28.18,-0.769,-0.721,-0.157
2557,85944449,99714.30,28.18,-0.812,-0.909,-0.062
2559,86004397,99713.20,28.18,-0.810,-0.815,-0.389
2561,86064396,99714.66,28.18,-0.840,-0.940,-0.181
2563,86124416,99709.45,28.18,-0.761,-0.498,-0.070
2565,86184397,99710.46,28.18,-0.737,-0.585,0.763
2567,86244422,99715.73,28.18,-0.750,-1.031,0.606
2569,86304397,99712.23,28.18,-0.736,-0.734,0.056
2571,86364405,99716.19,28.18,-0.786,-1.069,-0.123
2573,86424416,99712.72,28.18,-0.787,-0.775,-0.522
2575,86484397,99711.67,28.18,-0.764,-0.686,-0.172
2577,86544450,99715.63,28.18,-0.833,-1.022,0.012
2579,86604397,99714.87,28.18,-0.824,-0.957,-0.516
2581,86664397,99711.71,28.17,-0.777,-0.690,0.091
2583,86724416,99709.32,28.17,-0.769,-0.488,0.276
2585,86784397,99717.27,28.17,-0.792,-1.160,0.297
2587,86844423,99712.73,28.17,-0.798,-0.776,-0.094
2589,86904397,99712.88,28.17,-0.805,-0.789,-0.360
2591,86964397,99710.70,28.17,-0.830,-0.605,-0.336
2593,87024416,99711.26,28.17,-0.772,-0.652,-0.035
2595,87084397,99710.46,28.17,-0.753,-0.584,0.708
2597,87144484,99709.24,28.17,-0.725,-0.481,0.323
2599,87204397,99714.09,28.17,-0.742,-0.892,0.427
2601,87264396,99711.67,28.17,-0.709,-0.687,0.170
2603,87324416,99713.46,28.17,-0.753,-0.838,0.053
2605,87384397,99712.97,28.17,-0.726,-0.796,-0.227
2607,87444423,99713.70,28.17,-0.741,-0.858,0.175
2609,87504397,99712.45,28.17,-0.760,-0.753,-0.271
2611,87564396,99715.61,28.17,-0.796,-1.020,-0.335
2613,87624416,99710.85,28.17,-0.781,-0.617,-0.416
2615,87684397,99711.27,28.17,-0.764,-0.653,-0.001
2617,87744450,99712.30,28.17,-0.754,-0.740,0.338
2619,87804397,99713.39,28.17,-0.748,-0.832,0.275
2621,87864396,99712.20,28.17,-0.713,-0.732,0.276
2623,87924427,99713.34,28.17,-0.739,-0.828,0.240
2625,87984397,99713.98,28.17,-0.761,-0.882,-0.289
2627,88044422,99714.84,28.17,-0.790,-0.954,-0.363
2629,88104397,99716.34,28.17,-0.867,-1.081,-0.661
2631,88164396,99709.44,28.17,-0.764,-0.498,-0.567
2633,88224416,99710.12,28.17,-0.714,-0.555,1.017
2635,88284397,99710.85,28.17,-0.734,-0.617,0.620
2637,88344450,99711.37,28.17,-0.718,-0.661,-0.010
2639,88404397,99714.20,28.17,-0.742,-0.900,0.188
2641,88464396,99715.28,28.17,-0.801,-0.992,-0.380
2643,88524416,99712.04,28.18,-0.778,-0.718,-0.655
2645,88584397,99712.02,28.18,-0.758,-0.715,0.132
2647,88644433,99714.02,28.18,-0.790,-0.885,0.162
2649,88704408,99714.02,28.18,-0.798,-0.885,-0.264
2651,88764397,99713.26,28.18,-0.843,-0.821,-0.423
2653,88824416,99715.40,28.18,-0.843,-1.002,-0.433
2655,88884397,99715.43,28.18,-0.854,-1.005,-0.000
2657,88944450,99714.27,28.18,-0.857,-0.906,-0.204
2659,89004397,99715.23,28.18,-0.887,-0.988,-0.229
2661,89064396,99712.45,28.18,-0.840,-0.753,-0.154
2663,89124416,99712.66,28.18,-0.830,-0.770,0.414
2665,89184397,99713.67,28.18,-0.805,-0.856,0.366
2667,89244422,99712.52,28.18,-0.817,-0.758,0.204
2669,89304397,99714.01,28.18,-0.814,-0.884,-0.070
2671,89364397,99712.03,28.18,-0.843,-0.717,-0.175
2673,89424416,99711.76,28.18,-0.812,-0.694,-0.254
2675,89484408,99712.02,28.18,-0.761,-0.716,0.604
2677,89544450,99717.74,28.18,-0.852,-1.200,0.385
2679,89604397,99711.88,28.18,-0.817,-0.704,-0.751
2681,89664397,99713.50,28.18,-0.808,-0.842,0.123
2683,89724416,99710.12,28.18,-0.733,-0.556,0.476
2685,89784397,99710.07,28.18,-0.706,-0.551,0.812
2687,89844423,99712.55,28.18,-0.726,-0.760,0.395
2689,89904397,99710.30,28.18,-0.719,-0.570,-0.142
2691,89964397,99715.38,28.18,-0.775,-1.000,-0.120
2693,90024416,99714.16,28.18,-0.792,-0.897,-0.508
2695,90084397,99712.52,28.18,-0.798,-0.759,-0.433
2697,90144476,99713.55,28.17,-0.829,-0.846,-0.294
2699,90204397,99718.44,28.17,-0.911,-1.259,-0.517
2701,90264408,99717.09,28.17,-0.940,-1.145,-0.920
2703,90324416,99713.52,28.17,-0.928,-0.843,-0.599
2705,90384397,99714.54,28.17,-0.946,-0.929,-0.141
2707,90444423,99712.66,28.17,-0.896,-0.770,0.064
2709,90504397,99712.80,28.17,-0.907,-0.782,0.386
2711,90564397,99714.74,28.17,-0.882,-0.946,0.184
2713,90624416,99713.56,28.17,-0.885,-0.847,0.283
2715,90684397,99709.70,28.17,-0.798,-0.520,0.234
2717,90744450,99713.19,28.17,-0.805,-0.815,0.892
2719,90804397,99712.06,28.17,-0.815,-0.719,0.082
2721,90864396,99711.59,28.17,-0.777,-0.680,0.020
2723,90924416,99707.42,28.17,-0.701,-0.327,0.606
2725,90984397,99713.20,28.17,-0.709,-0.816,0.928
2727,91044432,99714.04,28.17,-0.730,-0.887,0.220
2729,91104397,99713.85,28.17,-0.750,-0.871,-0.326
2731,91164398,99714.26,28.17,-0.781,-0.905,-0.409
2733,91224416,99713.92,28.17,-0.811,-0.877,-0.537
2735,91284397,99715.06,28.17,-0.803,-0.974,-0.276
2737,91344450,99710.41,28.18,-0.823,-0.580,-0.248
2739,91404397,99716.96,28.18,-0.890,-1.134,-0.498
2741,91464396,99714.34,28.18,-0.930,-0.913,-0.788
2743,91524416,99714.56,28.18,-0.922,-0.931,-0.597
2745,91584397,99711.70,28.18,-0.848,-0.689,0.340
2747,91644433,99712.12,28.18,-0.854,-0.724,0.661
2749,91704397,99713.80,28.18,-0.819,-0.866,0.327
2751,91764397,99712.62,28.18,-0.824,-0.766,0.373
2753,91824427,99711.86,28.18,-0.838,-0.703,-0.195
2755,91884397,99712.65,28.18,-0.851,-0.770,-0.234
2757,91944450,99715.31,28.18,-0.869,-0.995,-0.086
2759,92004397,99712.69,28.18,-0.900,-0.773,-0.391
2761,92064396,99714.18,28.18,-0.889,-0.899,-0.351
2763,92124416,99714.16,28.18,-0.844,-0.897,0.431
2765,92184396,99711.72,28.19,-0.841,-0.691,0.393
2767,92244423,99712.77,28.19,-0.807,-0.780,0.207
2769,92304397,99711.26,28.19,-0.802,-0.652,0.382
2771,92364396,99711.91,28.19,-0.759,-0.707,0.294
2773,92424417,99715.73,28.19,-0.811,-1.030,0.413
2775,92484397,99711.15,28.19,-0.817,-0.642,-0.605
2777,92544450,99713.59,28.19,-0.839,-0.849,-0.363
2779,92604408,99712.88,28.19,-0.870,-0.789,-0.344
2781,92664396,99713.61,28.19,-0.876,-0.850,-0.398
2783,92724416,99711.35,28.19,-0.864,-0.660,-0.114
2785,92784397,99712.34,28.20,-0.863,-0.743,0.068
2787,92844424,99713.07,28.20,-0.848,-0.805,0.208
2789,92904397,99715.23,28.20,-0.871,-0.988,0.185
2791,92964397,99711.38,28.20,-0.833,-0.662,-0.104
2793,93024416,99713.69,28.20,-0.847,-0.857,0.233
2795,93084397,99714.80,28.20,-0.866,-0.951,-0.043
2797,93144476,99711.18,28.20,-0.855,-0.645,-0.294
2799,93204397,99710.86,28.20,-0.842,-0.618,-0.032
2801,93264396,99714.12,28.20,-0.839,-0.893,0.326
2803,93324416,99715.61,28.20,-0.856,-1.020,0.199
2805,93384407,99713.33,28.20,-0.828,-0.827,-0.061
2807,93444423,99715.34,28.20,-0.828,-0.997,0.268
2809,93504397,99716.32,28.20,-0.855,-1.080,0.034
2811,93564396,99714.65,28.20,-0.854,-0.939,-0.323
2813,93624416,99713.29,28.20,-0.830,-0.824,-0.039
2815,93684397,99714.23,28.20,-0.831,-0.903,0.234
2817,93744449,99716.03,28.20,-0.880,-1.055,-0.124
2819,93804397,99714.55,28.20,-0.897,-0.930,-0.630
2821,93864396,99713.25,28.20,-0.894,-0.820,-0.371
2823,93924416,99714.50,28.20,-0.898,-0.926,-0.007
2825,93984397,99713.76,28.20,-0.909,-0.863,-0.078
2827,94044422,99713.67,28.20,-0.855,-0.856,0.142
2829,94104397,99713.38,28.20,-0.845,-0.831,0.625
2831,94164405,99712.34,28.21,-0.837,-0.744,0.147
2833,94224416,99714.88,28.21,-0.888,-0.958,-0.120
2835,94284397,99717.48,28.21,-0.932,-1.179,-0.537
2837,94344450,99716.42,28.21,-0.984,-1.089,-0.762
2839,94404397,99713.98,28.21,-0.929,-0.882,-0.486
2841,94464396,99714.51,28.21,-0.912,-0.927,0.556
2843,94524416,99711.79,28.21,-0.871,-0.697,0.365
2845,94584397,99710.45,28.21,-0.848,-0.583,0.392
2847,94644432,99712.02,28.21,-0.851,-0.716,0.292
2849,94704397,99713.44,28.20,-0.831,-0.836,0.264
2851,94764397,99713.78,28.21,-0.820,-0.865,0.375
2853,94824416,99713.18,28.20,-0.838,-0.814,0.020
2855,94884397,99714.60,28.20,-0.840,-0.934,-0.158
2857,94944458,99713.38,28.20,-0.807,-0.832,0.160
2859,95004397,99715.25,28.20,-0.825,-0.990,0.292
2861,95064396,99711.72,28.20,-0.790,-0.691,-0.049
2863,95124416,99711.63,28.19,-0.789,-0.683,0.182
2865,95184396,99713.95,28.19,-0.813,-0.879,0.031
2867,95244423,99712.35,28.19,-0.834,-0.744,-0.349
2869,95304397,99712.05,28.19,-0.810,-0.719,-0.218
2871,95364396,99716.42,28.19,-0.833,-1.088,0.326
2873,95424416,99715.31,28.18,-0.869,-0.995,-0.270
2875,95484397,99710.14,28.18,-0.838,-0.557,-0.574
2877,95544449,99714.43,28.18,-0.865,-0.920,0.101
2879,95604397,99717.97,28.18,-0.917,-1.219,-0.148
2881,95664396,99712.80,28.18,-0.934,-0.782,-0.789
2883,95724427,99715.34,28.18,-0.940,-0.997,-0.418
2885,95784397,99714.23,28.18,-0.933,-0.903,0.033
2887,95844422,99712.63,28.18,-0.894,-0.768,0.147
2889,95904397,99713.50,28.17,-0.871,-0.842,0.535
2891,95964396,99714.69,28.17,-0.877,-0.942,0.377
2893,96024416,99711.34,28.17,-0.834,-0.658,0.092
2895,96084397,99714.02,28.17,-0.823,-0.886,0.492
2897,96144476,99713.12,28.17,-0.835,-0.809,0.195
2899,96204397,99712.73,28.17,-0.803,-0.776,-0.003
2901,96264396,99711.61,28.18,-0.764,-0.681,0.488
2903,96324416,99712.37,28.17,-0.755,-0.746,0.499
2905,96384397,99712.41,28.17,-0.754,-0.749,0.190
2907,96444422,99711.11,28.17,-0.749,-0.639,-0.016
2909,96504408,99711.55,28.17,-0.746,-0.676,0.025
2911,96564397,99711.27,28.18,-0.754,-0.653,-0.002
2913,96624416,99711.72,28.17,-0.729,-0.691,0.068
2915,96684397,99709.41,28.18,-0.776,-0.495,-0.109
2917,96744450,99715.21,28.18,-0.818,-0.986,-0.552
2919,96804397,99714.01,28.18,-0.843,-0.884,-0.413
2921,96864396,99714.87,28.18,-0.873,-0.957,-0.510
2923,96924416,99715.27,28.18,-0.888,-0.992,-0.373
2925,96984397,99715.77,28.18,-0.902,-1.033,-0.236
2927,97044422,99709.95,28.18,-0.848,-0.542,-0.139
2929,97104397,99715.05,28.19,-0.885,-0.973,0.332
2931,97164396,99708.81,28.19,-0.811,-0.445,0.013
2933,97224416,99714.41,28.19,-0.816,-0.919,0.719
2935,97284408,99717.35,28.19,-0.862,-1.167,0.216
2937,97344450,99713.51,28.19,-0.877,-0.842,-0.654
2939,97404397,99713.83,28.19,-0.892,-0.869,-0.495
2941,97464396,99713.58,28.19,-0.888,-0.848,-0.147
2943,97524416,99711.38,28.19,-0.852,-0.661,0.105
2945,97584397,99715.23,28.19,-0.891,-0.987,0.260
2947,97644433,99712.92,28.19,-0.868,-0.793,-0.172
2949,97704397,99711.73,28.19,-0.821,-0.691,0.296
2951,97764397,99709.91,28.19,-0.804,-0.538,0.481
2953,97824416,99712.52,28.19,-0.822,-0.759,0.184
2955,97884397,99713.69,28.19,-0.815,-0.857,0.057
2957,97944450,99713.30,28.18,-0.822,-0.825,0.053
2959,98004397,99714.03,28.18,-0.815,-0.886,-0.006
2961,98064408,99711.73,28.18,-0.787,-0.692,0.149
2963,98124416,99714.11,28.18,-0.835,-0.893,0.037
2965,98184397,99710.06,28.18,-0.797,-0.551,-0.366
2967,98244423,99712.51,28.18,-0.791,-0.757,0.317
2969,98304397,99712.48,28.18,-0.787,-0.756,0.267
2971,98364397,99710.80,28.18,-0.781,-0.613,-0.008
2973,98424416,99713.10,28.17,-0.788,-0.807,0.062
2975,98484397,99713.43,28.18,-0.801,-0.836,-0.005
2977,98544450,99713.04,28.18,-0.812,-0.802,-0.221
2979,98604397,99712.61,28.17,-0.808,-0.766,-0.155
2981,98664397,99711.65,28.17,-0.784,-0.685,0.099
2983,98724416,99712.68,28.18,-0.823,-0.772,0.042
2985,98784397,99716.20,28.18,-0.859,-1.070,-0.375
2987,98844432,99715.47,28.17,-0.871,-1.008,-0.359
2989,98904397,99710.52,28.18,-0.832,-0.589,-0.241
2991,98964397,99712.03,28.18,-0.819,-0.717,0.304
2993,99024416,99713.00,28.18,-0.818,-0.799,0.319
2995,99084397,99714.47,28.18,-0.844,-0.923,0.003
2997,99144488,99716.30,28.18,-0.882,-1.079,-0.327
2999,99204397,99714.73,28.18,-0.901,-0.946,-0.539
3001,99264396,99713.28,28.19,-0.876,-0.823,-0.268
3003,99324416,99715.14,28.19,-0.881,-0.980,0.245
3005,99384397,99716.55,28.19,-0.931,-1.100,-0.147
3007,99444423,99711.73,28.19,-0.888,-0.692,-0.493
3009,99504397,99716.10,28.19,-0.885,-1.062,0.417
3011,99564397,99713.86,28.19,-0.876,-0.872,0.249
3013,99624427,99710.94,28.19,-0.834,-0.625,0.079
3015,99684397,99712.30,28.19,-0.832,-0.740,0.402
3017,99744450,99709.89,28.19,-0.821,-0.536,0.070
3019,99804397,99714.94,28.19,-0.839,-0.963,0.154
3021,99864396,99715.43,28.19,-0.845,-1.005,0.076
3023,99924416,99712.09,28.19,-0.814,-0.723,-0.047
3025,99984397,99715.91,28.19,-0.853,-1.045,0.132
3027,100044423,99714.34,28.19,-0.885,-0.912,-0.469
3029,100104397,99712.57,28.19,-0.857,-0.763,-0.411
3031,100164396,99713.27,28.19,-0.819,-0.822,0.439
3033,100224416,99713.72,28.20,-0.835,-0.860,0.418
3035,100284397,99713.99,28.20,-0.850,-0.883,-0.185
3037,100344450,99716.13,28.20,-0.873,-1.064,-0.180
3039,100404408,99713.19,28.20,-0.862,-0.815,-0.250
3041,100464396,99711.09,28.20,-0.841,-0.638,-0.055
3043,100524416,99713.11,28.20,-0.829,-0.808,0.308
3045,100584397,99713.30,28.20,-0.831,-0.825,0.258
3047,100644433,99716.88,28.20,-0.831,-1.127,0.193
3049,100704397,99712.02,28.20,-0.786,-0.716,0.191
3051,100764397,99713.75,28.20,-0.814,-0.862,0.167
3053,100824416,99714.58,28.20,-0.858,-0.933,-0.378
3055,100884397,99711.49,28.20,-0.812,-0.672,-0.371
3057,100944450,99713.92,28.20,-0.848,-0.877,0.217
3059,101004397,99715.02,28.20,-0.858,-0.970,-0.215
3061,101064396,99711.10,28.20,-0.830,-0.638,-0.133
3063,101124416,99714.82,28.20,-0.816,-0.953,0.366
3065,101184404,99713.41,28.20,-0.785,-0.834,0.492
3067,101244423,99712.26,28.20,-0.825,-0.737,-0.016
3069,101304397,99714.57,28.20,-0.868,-0.932,-0.600
3071,101364396,99712.77,28.20,-0.854,-0.779,-0.406
3073,101424416,99713.41,28.20,-0.861,-0.834,0.010
3075,101484397,99711.98,28.21,-0.807,-0.713,0.206
3077,101544449,99715.85,28.21,-0.840,-1.040,0.528
3079,101604397,99712.84,28.21,-0.818,-0.785,-0.138
3081,101664397,99709.57,28.21,-0.778,-0.509,0.102
3083,101724416,99714.15,28.21,-0.830,-0.896,0.236
3085,101784397,99710.36,28.21,-0.798,-0.575,-0.294
3087,101844422,99717.18,28.21,-0.842,-1.153,0.205
3089,101904397,99714.40,28.21,-0.880,-0.917,-0.464
3091,101964405,99713.40,28.21,-0.886,-0.833,-0.705
3093,102024416,99713.53,28.21,-0.881,-0.844,-0.120
3095,102084397,99716.20,28.22,-0.925,-1.070,-0.060
3097,102144477,99715.43,28.22,-0.931,-1.004,-0.408
3099,102204397,99715.62,28.22,-0.943,-1.020,-0.218
3101,102264396,99715.13,28.22,-0.915,-0.979,0.001
3103,102324416,99716.31,28.22,-0.921,-1.079,0.301
3105,102384397,99712.62,28.22,-0.914,-0.767,-0.125
3107,102444423,99716.04,28.22,-0.922,-1.056,0.015
3109,102504397,99714.98,28.22,-0.940,-0.967,-0.062
3111,102564397,99713.74,28.22,-0.931,-0.862,-0.283
3113,102624416,99712.38,28.22,-0.891,-0.746,0.170
3115,102684397,99713.03,28.22,-0.865,-0.802,0.566
3117,102744458,99712.59,28.22,-0.842,-0.764,0.475
3119,102804397,99716.24,28.22,-0.905,-1.073,0.086
3121,102864396,99714.28,28.22,-0.912,-0.907,-0.618
3123,102924416,99715.54,28.22,-0.938,-1.014,-0.330
3125,102984397,99713.26,28.22,-0.933,-0.821,-0.325
3127,103044423,99711.96,28.22,-0.926,-0.711,-0.127
3129,103104397,99715.88,28.22,-0.918,-1.042,0.270
3131,103164396,99717.20,28.22,-0.975,-1.155,0.044
3133,103224416,99717.30,28.22,-0.978,-1.163,-0.565
3135,103284397,99710.96,28.22,-0.918,-0.627,-0.070
3137,103344450,99716.22,28.22,-0.923,-1.071,0.580
3139,103404397,99714.30,28.22,-0.929,-0.909,0.148
3141,103464396,99712.30,28.22,-0.888,-0.739,-0.051
3143,103524427,99713.84,28.22,-0.908,-0.870,0.306
3145,103584397,99711.51,28.21,-0.871,-0.673,0.001
3147,103644433,99714.12,28.22,-0.842,-0.894,0.577
3149,103704397,99712.16,28.22,-0.835,-0.728,0.430
3151,103764396,99711.71,28.22,-0.845,-0.690,-0.083
3153,103824416,99714.30,28.22,-0.855,-0.909,-0.047
3155,103884397,99713.79,28.22,-0.859,-0.866,-0.033
3157,103944450,99712.90,28.22,-0.889,-0.790,-0.298
3159,104004397,99718.16,28.22,-0.913,-1.236,-0.242
3161,104064396,99710.80,28.22,-0.888,-0.613,-0.265
3163,104124416,99713.60,28.22,-0.862,-0.850,0.153
3165,104184396,99712.66,28.22,-0.847,-0.770,0.500
3167,104244422,99715.38,28.23,-0.856,-1.000,0.242
3169,104304408,99713.61,28.23,-0.866,-0.850,-0.086
3171,104364397,99713.91,28.23,-0.890,-0.876,-0.341
3173,104424416,99713.02,28.23,-0.874,-0.800,-0.221
3175,104484397,99712.06,28.23,-0.837,-0.720,0.272
3177,104544450,99712.00,28.23,-0.803,-0.714,0.573
3179,104604397,99711.13,28.23,-0.792,-0.641,0.423
3181,104664397,99715.30,28.23,-0.814,-0.993,0.206
3183,104724416,99714.59,28.23,-0.838,-0.934,-0.183
3185,104784397,99714.02,28.24,-0.872,-0.885,-0.556
3187,104844422,99714.59,28.24,-0.899,-0.933,-0.565
3189,104904397,99715.34,28.24,-0.904,-0.997,-0.289
3191,104964396,99716.12,28.24,-0.930,-1.063,-0.151
3193,105024416,99712.02,28.24,-0.929,-0.716,-0.459
3195,105084408,99715.28,28.24,-0.932,-0.992,-0.083
3197,105144476,99715.36,28.24,-0.895,-0.998,0.360
3199,105204397,99713.56,28.24,-0.875,-0.846,0.434
3201,105264396,99714.29,28.24,-0.880,-0.908,0.164
3203,105324416,99715.99,28.24,-0.895,-1.053,0.013
3205,105384397,99713.81,28.24,-0.835,-0.868,0.160
3207,105444423,99713.45,28.25,-0.817,-0.837,0.613
3209,105504397,99711.89,28.25,-0.790,-0.705,0.321
3211,105564397,99711.53,28.25,-0.784,-0.675,0.243
3213,105624416,99714.92,28.25,-0.834,-0.962,-0.038
3215,105684397,99714.92,28.25,-0.841,-0.962,-0.404
3217,105744450,99714.23,28.25,-0.856,-0.903,-0.256
3219,105804397,99713.69,28.25,-0.835,-0.857,-0.115
3221,105864408,99712.91,28.25,-0.835,-0.792,0.148
3223,105924416,99716.59,28.25,-0.897,-1.103,-0.180
3225,105984397,99710.84,28.25,-0.854,-0.616,-0.547
3227,106044422,99712.78,28.25,-0.847,-0.781,0.245
3229,106104397,99716.14,28.25,-0.904,-1.065,0.074
3231,106164396,99712.30,28.25,-0.925,-0.741,-0.772
3233,106224416,99712.90,28.25,-0.883,-0.791,-0.217
3235,106284397,99714.62,28.25,-0.889,-0.936,0.524
3237,106344450,99712.78,28.25,-0.878,-0.780,0.033
3239,106404397,99711.34,28.25,-0.828,-0.658,0.237
3241,106464396,99713.22,28.25,-0.837,-0.818,0.538
3243,106524416,99712.63,28.25,-0.830,-0.768,0.055
3245,106584397,99711.73,28.25,-0.832,-0.692,-0.019
3247,106644441,99712.74,28.25,-0.831,-0.777,0.002
3249,106704397,99713.95,28.25,-0.852,-0.879,0.005
3251,106764397,99713.03,28.25,-0.882,-0.801,-0.390
3253,106824416,99715.38,28.25,-0.881,-1.000,-0.273
3255,106884397,99714.56,28.25,-0.858,-0.931,0.197
3257,106944450,99716.20,28.25,-0.891,-1.069,0.111
3259,107004397,99713.29,28.25,-0.882,-0.824,-0.356
3261,107064396,99713.79,28.25,-0.869,-0.866,0.010
3263,107124416,99717.70,28.25,-0.920,-1.197,0.092
3265,107184397,99714.01,28.25,-0.894,-0.884,-0.386
3267,107244423,99711.12,28.25,-0.849,-0.641,0.137
3269,107304397,99715.13,28.25,-0.885,-0.980,0.374
3271,107364397,99715.16,28.25,-0.880,-0.982,-0.102
3273,107424427,99715.34,28.25,-0.856,-0.996,0.165
3275,107484397,99712.68,28.25,-0.831,-0.772,0.292
3277,107544450,99711.28,28.25,-0.790,-0.654,0.324
3279,107604397,99711.95,28.25,-0.802,-0.710,0.364
3281,107664397,99715.78,28.25,-0.870,-1.034,-0.253
3283,107724416,99709.89,28.25,-0.864,-0.536,-0.833
3285,107784397,99711.66,28.25,-0.843,-0.685,-0.099
3287,107844423,99716.11,28.25,-0.876,-1.062,0.374
3289,107904397,99714.16,28.25,-0.904,-0.897,-0.370
3291,107964396,99714.32,28.25,-0.892,-0.910,-0.369
3293,108024417,99712.05,28.25,-0.842,-0.718,0.282
3295,108084397,99714.91,28.25,-0.843,-0.961,0.593
3297,108144477,99712.11,28.25,-0.836,-0.724,0.086
3299,108204408,99715.85,28.25,-0.855,-1.040,0.008
3301,108264396,99715.60,28.25,-0.890,-1.019,-0.216
3303,108324416,99714.55,28.25,-0.916,-0.930,-0.623
3305,108384397,99713.12,28.25,-0.886,-0.810,-0.284
3307,108444424,99711.30,28.25,-0.856,-0.656,0.303
3309,108504397,99717.97,28.25,-0.896,-1.219,0.391
3311,108564397,99714.28,28.25,-0.882,-0.907,-0.169
3313,108624416,99713.16,28.25,-0.884,-0.813,-0.163
3315,108684397,99711.26,28.25,-0.843,-0.652,0.069
3317,108744450,99711.70,28.25,-0.858,-0.689,0.287
3319,108804397,99716.31,28.25,-0.916,-1.079,-0.190
3321,108864396,99712.33,28.25,-0.870,-0.742,-0.356
3323,108924416,99712.31,28.25,-0.834,-0.741,0.446
3325,108984408,99712.36,28.25,-0.848,-0.745,0.363
3327,109044423,99711.61,28.25,-0.799,-0.681,0.129
3329,109104397,99710.35,28.25,-0.785,-0.575,0.504
3331,109164396,99715.59,28.26,-0.807,-1.018,0.293
3333,109224416,99713.19,28.26,-0.842,-0.815,-0.278
3335,109284397,99716.20,28.26,-0.880,-1.069,-0.598
3337,109344449,99714.42,28.26,-0.895,-0.919,-0.481
3339,109404397,99711.12,28.26,-0.846,-0.640,-0.196
3341,109464396,99714.66,28.26,-0.861,-0.940,0.452
3343,109524416,99713.36,28.26,-0.883,-0.829,-0.123
3345,109584397,99713.06,28.26,-0.890,-0.805,-0.379
3347,109644433,99712.64,28.26,-0.858,-0.769,0.049
3349,109704397,99712.88,28.26,-0.835,-0.789,0.467
3351,109764405,99715.16,28.26,-0.847,-0.981,0.355
3353,109824416,99710.03,28.26,-0.792,-0.548,0.061
3355,109884397,99713.39,28.26,-0.790,-0.832,0.510
3357,109944450,99713.28,28.26,-0.795,-0.823,0.216
3359,110004397,99709.82,28.26,-0.783,-0.530,-0.170
3361,110064396,99713.12,28.26,-0.778,-0.809,0.156
3363,110124416,99711.41,28.26,-0.738,-0.665,0.383
3365,110184397,99712.19,28.26,-0.775,-0.731,0.177
3367,110244423,99715.08,28.26,-0.845,-0.975,-0.577
3369,110304397,99712.57,28.26,-0.851,-0.762,-0.830
3371,110364397,99712.29,28.26,-0.873,-0.739,-0.421
3373,110424416,99713.05,28.26,-0.887,-0.803,-0.303
3375,110484397,99713.38,28.25,-0.888,-0.832,-0.122
3377,110544458,99711.39,28.25,-0.833,-0.663,0.207
3379,110604397,99712.66,28.25,-0.802,-0.770,0.749
3381,110664397,99716.45,28.25,-0.847,-1.091,0.413
3383,110724416,99712.73,28.25,-0.854,-0.776,-0.504
3385,110784397,99715.11,28.26,-0.877,-0.977,-0.328
3387,110844423,99711.73,28.25,-0.845,-0.692,-0.133
3389,110904397,99716.06,28.26,-0.857,-1.058,0.308
3391,110964396,99717.12,28.26,-0.871,-1.148,0.113
3393,111024416,99711.03,28.26,-0.872,-0.632,-0.446
3395,111084397,99713.27,28.26,-0.872,-0.822,-0.232
3397,111144475,99711.61,28.26,-0.879,-0.681,-0.004
3399,111204397,99714.38,28.26,-0.878,-0.916,-0.012
3401,111264396,99710.95,28.26,-0.824,-0.625,0.284
3403,111324427,99709.33,28.26,-0.789,-0.488,0.529
3405,111384397,99714.12,28.26,-0.800,-0.894,0.550
3407,111444422,99716.17,28.26,-0.848,-1.068,-0.003
3409,111504397,99710.46,28.26,-0.812,-0.584,-0.527
3411,111564396,99713.96,28.26,-0.829,-0.881,0.131
3413,111624416,99714.37,28.26,-0.859,-0.915,-0.122
3415,111684397,99715.68,28.26,-0.889,-1.026,-0.433
3417,111744450,99712.95,28.26,-0.887,-0.794,-0.428
3419,111804397,99713.29,28.26,-0.878,-0.823,-0.084
3421,111864396,99716.14,28.26,-0.906,-1.065,0.110
3423,111924416,99712.83,28.26,-0.877,-0.785,-0.155
3425,111984397,99714.98,28.26,-0.892,-0.966,0.142
3427,112044422,99711.23,28.26,-0.860,-0.650,-0.025
3429,112104408,99714.79,28.26,-0.901,-0.950,0.090
3431,112164396,99713.68,28.26,-0.898,-0.857,-0.274
3433,112224416,99710.05,28.26,-0.830,-0.549,0.130
3435,112284397,99716.19,28.26,-0.896,-1.069,0.505
3437,112344450,99713.98,28.26,-0.875,-0.883,-0.325
3439,112404397,99712.31,28.26,-0.880,-0.741,-0.069
3441,112464396,99711.96,28.26,-0.849,-0.711,0.034
3443,112524416,99713.98,28.26,-0.835,-0.882,0.503
3445,112584397,99713.16,28.26,-0.805,-0.812,0.428
3447,112644432,99713.79,28.27,-0.807,-0.866,0.321
3449,112704397,99713.37,28.26,-0.813,-0.830,-0.011
3451,112764396,99713.30,28.26,-0.809,-0.824,-0.070
3453,112824416,99710.83,28.26,-0.795,-0.615,-0.018
3455,112884408,99716.36,28.27,-0.839,-1.083,0.065
3457,112944450,99713.73,28.27,-0.854,-0.860,-0.400
3459,113004397,99715.77,28.27,-0.862,-1.033,-0.288
3461,113064396,99717.30,28.27,-0.914,-1.163,-0.217
3463,113124416,99714.91,28.27,-0.928,-0.960,-0.713
3465,113184397,99712.39,28.27,-0.904,-0.747,-0.332
3467,113244423,99714.98,28.27,-0.893,-0.967,0.314
3469,113304397,99718.34,28.27,-0.955,-1.251,0.106
3471,113364397,99715.85,28.27,-0.979,-1.040,-0.759
3473,113424416,99713.27,28.27,-0.939,-0.822,-0.371
3475,113484397,99714.02,28.27,-0.921,-0.886,0.420
3477,113544450,99714.54,28.27,-0.925,-0.929,0.288
3479,113604397,99711.79,28.27,-0.906,-0.697,-0.036
3481,113664407,99716.55,28.27,-0.908,-1.100,0.305
3483,113724416,99712.94,28.27,-0.893,-0.794,0.147
3485,113784397,99716.02,28.27,-0.904,-1.054,0.065
3487,113844423,99713.06,28.27,-0.870,-0.804,0.105
3489,113904397,99713.04,28.27,-0.852,-0.802,0.311
3491,113964397,99713.77,28.27,-0.830,-0.864,0.401
3493,114024416,99714.33,28.27,-0.847,-0.911,0.233
3495,114084397,99713.85,28.27,-0.856,-0.871,-0.213
3497,114144489,99713.54,28.27,-0.871,-0.844,-0.254
3499,114204397,99714.52,28.27,-0.850,-0.927,-0.017
3501,114264396,99716.07,28.27,-0.894,-1.059,0.097
3503,114324416,99714.45,28.27,-0.919,-0.921,-0.616
3505,114384397,99714.23,28.27,-0.898,-0.903,-0.303
3507,114444432,99713.79,28.27,-0.897,-0.866,0.182
3509,114504397,99713.16,28.28,-0.884,-0.812,0.054
3511,114564397,99716.53,28.27,-0.887,-1.098,0.270
3513,114624416,99713.27,28.28,-0.850,-0.821,0.210
3515,114684397,99718.62,28.28,-0.892,-1.275,0.271
3517,114744450,99711.49,28.28,-0.870,-0.671,-0.395
3519,114804397,99714.50,28.28,-0.914,-0.926,-0.274
3521,114864396,99711.59,28.28,-0.881,-0.680,-0.264
3523,114924416,99713.78,28.28,-0.884,-0.865,0.260
3525,114984397,99716.43,28.28,-0.891,-1.089,0.213
3527,115044423,99712.87,28.28,-0.854,-0.788,0.093
3529,115104397,99715.48,28.28,-0.871,-1.009,0.252
3531,115164396,99716.38,28.28,-0.926,-1.085,-0.284
3533,115224427,99712.73,28.28,-0.895,-0.777,-0.588
3535,115284397,99712.20,28.28,-0.866,-0.731,0.231
3537,115344450,99711.13,28.28,-0.827,-0.641,0.488
3539,115404397,99714.27,28.28,-0.867,-0.907,0.337
3541,115464396,99717.28,28.28,-0.906,-1.161,-0.296
3543,115524416,99716.62,28.28,-0.927,-1.105,-0.472
3545,115584397,99713.54,28.28,-0.903,-0.844,-0.329
3547,115644433,99715.01,28.29,-0.894,-0.969,0.209
3549,115704397,99714.11,28.29,-0.870,-0.893,0.293
3551,115764396,99717.00,28.28,-0.891,-1.137,0.256
3553,115824417,99714.91,28.29,-0.908,-0.961,-0.267
3555,115884397,99707.79,28.29,-0.809,-0.358,-0.122
3557,115944450,99716.02,28.29,-0.842,-1.055,0.948
3559,116004408,99711.17,28.28,-0.844,-0.644,-0.092
3561,116064396,99715.05,28.29,-0.880,-0.972,-0.316
3563,116124416,99714.76,28.29,-0.889,-0.947,-0.258
3565,116184397,99712.09,28.29,-0.894,-0.722,-0.326
3567,116244424,99714.70,28.29,-0.919,-0.943,-0.215
3569,116304397,99715.48,28.29,-0.909,-1.009,-0.043
3571,116364397,99716.25,28.29,-0.919,-1.074,0.107
3573,116424416,99715.95,28.29,-0.963,-1.048,-0.332
3575,116484397,99712.48,28.29,-0.919,-0.755,-0.446
3577,116544449,99711.59,28.29,-0.895,-0.680,0.351
3579,116604397,99711.87,28.29,-0.856,-0.703,0.508
3581,116664396,99716.02,28.29,-0.902,-1.054,0.426
3583,116724416,99711.59,28.29,-0.902,-0.679,-0.488
3585,116784408,99716.98,28.29,-0.936,-1.136,-0.193
3587,116844423,99717.48,28.29,-0.983,-1.178,-0.340
3589,116904397,99714.46,28.29,-0.972,-0.923,-0.621
3591,116964396,99715.73,28.29,-1.002,-1.030,-0.193
3593,117024416,99714.25,28.29,-0.967,-0.905,-0.129
3595,117084397,99711.60,28.30,-0.930,-0.681,0.348
3597,117144476,99712.37,28.29,-0.891,-0.746,0.573
3599,117204397,99714.48,28.29,-0.908,-0.924,0.527
3601,117264396,99709.70,28.29,-0.864,-0.520,-0.033
3603,117324416,99714.22,28.29,-0.870,-0.902,0.418
3605,117384397,99714.91,28.29,-0.882,-0.960,0.183
3607,117444422,99713.10,28.29,-0.891,-0.808,-0.249
3609,117504397,99716.28,28.29,-0.922,-1.077,-0.217
3611,117564405,99713.88,28.28,-0.914,-0.873,-0.259
3613,117624416,99717.35,28.28,-0.927,-1.167,0.036
3615,117684397,99712.74,28.28,-0.888,-0.777,0.026
3617,117744450,99715.52,28.28,-0.903,-1.013,0.235
3619,117804397,99713.55,28.28,-0.931,-0.846,-0.247
3621,117864396,99715.61,28.28,-0.957,-1.020,-0.471
3623,117924416,99714.59,28.28,-0.948,-0.934,-0.201
3625,117984397,99709.71,28.28,-0.863,-0.521,0.249
3627,118044423,99709.36,28.29,-0.809,-0.491,0.981
3629,118104397,99716.24,28.29,-0.869,-1.073,0.685
3631,118164397,99713.45,28.29,-0.879,-0.837,-0.440
3633,118224416,99712.45,28.29,-0.856,-0.752,-0.238
3635,118284397,99712.47,28.29,-0.834,-0.754,0.316
3637,118344458,99713.03,28.29,-0.840,-0.802,0.258
3639,118404397,99712.80,28.29,-0.849,-0.782,-0.075
3641,118464396,99714.37,28.29,-0.871,-0.914,-0.164
3643,118524416,99713.12,28.29,-0.849,-0.810,-0.113
3645,118584397,99713.00,28.29,-0.816,-0.799,0.343
3647,118644433,99714.08,28.29,-0.847,-0.890,0.264
3649,118704397,99712.62,28.29,-0.884,-0.768,-0.546
3651,118764397,99712.69,28.29,-0.914,-0.773,-0.697
3653,118824416,99715.41,28.29,-0.933,-1.003,-0.329
3655,118884397,99714.02,28.29,-0.925,-0.885,-0.117
3657,118944450,99711.16,28.28,-0.914,-0.643,-0.094
3659,119004397,99711.80,28.28,-0.870,-0.698,0.268
3661,119064396,99714.66,28.28,-0.863,-0.940,0.729
3663,119124427,99713.11,28.28,-0.847,-0.808,0.283
3665,119184397,99714.16,28.28,-0.836,-0.897,0.221
3667,119244422,99714.59,28.28,-0.888,-0.933,-0.081
3669,119304397,99709.24,28.28,-0.831,-0.481,-0.496
3671,119364396,99714.18,28.28,-0.855,-0.899,0.409
3673,119424416,99713.48,28.27,-0.857,-0.840,0.011
3675,119484397,99713.15,28.27,-0.858,-0.812,-0.109
3677,119544450,99715.11,28.27,-0.870,-0.978,0.006
3679,119604397,99717.34,28.27,-0.922,-1.167,-0.217
3681,119664397,99714.01,28.27,-0.917,-0.885,-0.620
3683,119724416,99716.22,28.27,-0.916,-1.071,-0.045
3685,119784397,99712.07,28.28,-0.881,-0.720,0.119
3687,119844422,99713.65,28.28,-0.893,-0.854,0.179
3689,119904408,99714.98,28.27,-0.906,-0.966,-0.015
3691,119964397,99714.98,28.28,-0.869,-0.967,0.130
3693,120024416,99713.28,28.28,-0.864,-0.823,0.332
3695,120084397,99710.58,28.28,-0.820,-0.594,0.113
3697,120144476,99711.57,28.27,-0.782,-0.678,0.622
3699,120204397,99712.36,28.27,-0.780,-0.745,0.566
3701,120264396,99713.25,28.27,-0.799,-0.820,0.040
3703,120324416,99712.00,28.28,-0.779,-0.715,-0.110
3705,120384397,99712.52,28.28,-0.819,-0.759,-0.068
3707,120444422,99714.62,28.28,-0.814,-0.936,-0.254
3709,120504397,99714.59,28.28,-0.841,-0.934,-0.033
3711,120564396,99712.35,28.28,-0.807,-0.744,-0.215
3713,120624416,99713.84,28.28,-0.801,-0.870,0.340
3715,120684407,99711.73,28.28,-0.805,-0.692,0.051
3717,120744450,99715.05,28.28,-0.834,-0.972,-0.138
3719,120804397,99714.38,28.28,-0.845,-0.916,-0.250
3721,120864396,99712.41,28.28,-0.813,-0.749,-0.109
3723,120924416,99713.11,28.28,-0.798,-0.808,0.367
3725,120984397,99712.89,28.28,-0.794,-0.790,0.244
3727,121044423,99716.26,28.28,-0.859,-1.075,-0.153
3729,121104397,99717.98,28.28,-0.915,-1.220,-0.765
3731,121164396,99713.52,28.28,-0.892,-0.843,-0.703
3733,121224416,99714.12,28.28,-0.914,-0.894,-0.135
3735,121284397,99716.70,28.28,-0.949,-1.112,-0.252
3737,121344450,99713.21,28.28,-0.906,-0.817,-0.214
3739,121404397,99713.56,28.28,-0.904,-0.847,0.280
3741,121464408,99713.58,28.28,-0.898,-0.848,0.122
3743,121524416,99711.25,28.28,-0.874,-0.651,0.084
3745,121584397,99711.45,28.28,-0.849,-0.668,0.310
3747,121644433,99713.27,28.28,-0.816,-0.821,0.603
3749,121704397,99715.08,28.28,-0.862,-0.975,0.316
3751,121764397,99714.91,28.28,-0.879,-0.961,-0.487
3753,121824416,99711.84,28.28,-0.866,-0.701,-0.336
3755,121884397,99711.29,28.28,-0.837,-0.654,0.104
3757,121944450,99712.73,28.28,-0.825,-0.777,0.450
3759,122004397,99716.14,28.28,-0.868,-1.065,0.172
3761,122064396,99718.20,28.28,-0.879,-1.240,-0.229
3763,122124416,99714.77,28.28,-0.877,-0.949,-0.229
3765,122184396,99714.06,28.28,-0.884,-0.889,-0.260
3767,122244431,99715.36,28.28,-0.876,-0.999,0.007
3769,122304397,99715.50,28.28,-0.888,-1.011,0.094
3771,122364396,99712.98,28.28,-0.860,-0.798,-0.091
3773,122424416,99713.66,28.28,-0.884,-0.855,0.060
3775,122484397,99712.24,28.28,-0.841,-0.735,-0.027
3777,122544450,99711.80,28.28,-0.850,-0.697,0.296
3779,122604397,99715.25,28.28,-0.860,-0.990,0.047
3781,122664396,99712.80,28.28,-0.847,-0.782,0.010
3783,122724416,99711.66,28.28,-0.793,-0.686,0.255
3785,122784397,99714.70,28.27,-0.826,-0.943,0.524
3787,122844423,99715.27,28.28,-0.848,-0.992,-0.246
3789,122904397,99713.37,28.27,-0.885,-0.830,-0.565
3791,122964397,99713.45,28.27,-0.855,-0.838,-0.348
3793,123024427,99710.14,28.27,-0.833,-0.557,0.249
3795,123084397,99712.80,28.27,-0.840,-0.783,0.200
3797,123144475,99714.64,28.27,-0.839,-0.938,0.186
3799,123204397,99713.52,28.27,-0.848,-0.843,-0.016
3801,123264396,99713.12,28.27,-0.831,-0.809,-0.079
3803,123324416,99716.22,28.27,-0.861,-1.071,0.149
3805,123384397,99714.85,28.26,-0.827,-0.955,-0.020
3807,123444423,99714.43,28.26,-0.820,-0.920,0.293
3809,123504397,99717.11,28.26,-0.857,-1.147,0.016
3811,123564396,99711.68,28.26,-0.809,-0.688,-0.274
3813,123624416,99712.07,28.26,-0.773,-0.720,0.434
3815,123684397,99713.48,28.26,-0.781,-0.840,0.500
3817,123744450,99716.21,28.26,-0.851,-1.071,-0.239
3819,123804408,99710.13,28.26,-0.806,-0.557,-0.691
3821,123864396,99712.60,28.26,-0.814,-0.765,0.183
3823,123924416,99713.60,28.26,-0.794,-0.850,0.259
3825,123984397,99718.20,28.26,-0.825,-1.239,0.334
3827,124044424,99709.15,28.26,-0.793,-0.473,-0.378
3829,124104397,99714.78,28.26,-0.795,-0.949,0.120
3831,124164396,99720.20,28.26,-0.887,-1.408,0.069
3833,124224416,99713.89,28.25,-0.885,-0.875,-1.045
3835,124284397,99712.86,28.25,-0.854,-0.787,-0.285
3837,124344450,99716.56,28.25,-0.905,-1.100,0.186
3839,124404397,99715.54,28.26,-0.895,-1.014,-0.334
3841,124464396,99716.08,28.26,-0.891,-1.059,0.057
3843,124524416,99713.33,28.26,-0.873,-0.827,0.047
3845,124584408,99714.95,28.26,-0.909,-0.964,-0.067
3847,124644433,99716.20,28.25,-0.923,-1.070,-0.308
3849,124704397,99714.45,28.26,-0.905,-0.922,-0.116
3851,124764396,99714.02,28.26,-0.896,-0.885,0.118
3853,124824416,99708.44,28.25,-0.840,-0.413,0.121
3855,124884397,99712.02,28.25,-0.813,-0.716,0.683
3857,124944449,99712.93,28.25,-0.824,-0.793,0.532
3859,125004397,99714.27,28.25,-0.810,-0.907,0.115
3861,125064396,99712.01,28.25,-0.816,-0.715,0.059
3863,125124416,99714.95,28.25,-0.806,-0.964,0.037
3865,125184397,99714.47,28.25,-0.820,-0.923,0.149
3867,125244422,99712.76,28.25,-0.795,-0.779,-0.114
3869,125304397,99713.21,28.25,-0.791,-0.817,0.218
3871,125364405,99712.12,28.25,-0.775,-0.725,0.136
3873,125424416,99714.28,28.25,-0.824,-0.907,-0.047
3875,125484397,99711.61,28.25,-0.815,-0.681,-0.505
3877,125544450,99713.02,28.25,-0.805,-0.801,0.040
3879,125604397,99711.48,28.25,-0.800,-0.671,0.139
3881,125664397,99712.77,28.25,-0.796,-0.779,0.075
3883,125724416,99710.49,28.25,-0.745,-0.587,0.297
3885,125784397,99711.84,28.25,-0.776,-0.700,0.332
3887,125844423,99713.81,28.25,-0.794,-0.868,-0.219
3889,125904397,99710.40,28.25,-0.755,-0.579,-0.079
3891,125964397,99713.16,28.25,-0.760,-0.813,0.353
3893,126024416,99716.34,28.25,-0.783,-1.082,0.173
3895,126084397,99711.84,28.25,-0.784,-0.701,-0.340
3897,126144483,99714.23,28.25,-0.815,-0.904,-0.332
3899,126204397,99716.84,28.25,-0.878,-1.124,-0.442
3901,126264396,99715.97,28.25,-0.911,-1.050,-0.825
3903,126324416,99714.51,28.25,-0.912,-0.927,-0.560
3905,126384397,99715.09,28.24,-0.881,-0.976,0.087
3907,126444423,99716.38,28.24,-0.882,-1.085,0.435
3909,126504397,99717.77,28.24,-0.919,-1.203,-0.057
3911,126564396,99710.46,28.24,-0.857,-0.584,-0.363
3913,126624416,99714.38,28.24,-0.845,-0.916,0.539
3915,126684397,99714.06,28.24,-0.821,-0.889,0.531
3917,126744449,99711.00,28.24,-0.781,-0.630,0.330
3919,126804397,99713.53,28.24,-0.804,-0.844,0.303
3921,126864396,99709.34,28.24,-0.766,-0.489,-0.084
3923,126924427,99714.52,28.24,-0.797,-0.928,0.272
3925,126984397,99715.18,28.24,-0.864,-0.983,-0.380
3927,127044422,99715.78,28.24,-0.886,-1.034,-0.831
3929,127104397,99715.97,28.24,-0.883,-1.050,-0.251
3931,127164396,99711.47,28.24,-0.839,-0.669,0.029
3933,127224416,99712.02,28.24,-0.839,-0.716,0.274
3935,127284397,99708.48,28.24,-0.787,-0.417,0.196
3937,127344450,99712.19,28.24,-0.778,-0.730,0.643
3939,127404397,99709.44,28.24,-0.771,-0.498,0.242
3941,127464396,99714.27,28.23,-0.804,-0.906,0.001
3943,127524416,99712.87,28.23,-0.782,-0.788,-0.041
3945,127584397,99708.51,28.23,-0.722,-0.419,0.247
3947,127644433,99712.45,28.23,-0.734,-0.753,0.592
3949,127704408,99709.40,28.23,-0.748,-0.494,-0.106
3951,127764396,99711.41,28.23,-0.766,-0.664,-0.329
3953,127824416,99714.64,28.23,-0.785,-0.938,-0.042
3955,127884397,99712.75,28.23,-0.784,-0.778,-0.150
3957,127944449,99714.70,28.23,-0.824,-0.943,-0.236
3959,128004397,99715.02,28.23,-0.818,-0.970,-0.277
3961,128064396,99713.28,28.23,-0.853,-0.823,-0.260
3963,128124416,99713.66,28.23,-0.793,-0.856,-0.110
3965,128184396,99714.40,28.23,-0.827,-0.918,0.486
3967,128244422,99712.09,28.22,-0.843,-0.723,-0.486
3969,128304397,99713.34,28.22,-0.838,-0.828,-0.236
3971,128364396,99717.75,28.22,-0.913,-1.201,-0.103
3973,128424416,99716.33,28.22,-0.933,-1.080,-0.777
3975,128484408,99714.81,28.22,-0.949,-0.953,-0.540
3977,128544450,99714.50,28.22,-0.973,-0.926,-0.435
3979,128604397,99710.88,28.22,-0.926,-0.620,-0.221
3981,128664397,99715.71,28.21,-0.903,-1.028,0.686
3983,128724416,99713.19,28.21,-0.862,-0.815,0.665
3985,128784397,99713.70,28.21,-0.833,-0.858,0.540
3987,128844423,99715.93,28.21,-0.840,-1.047,0.471
3989,128904397,99715.58,28.21,-0.881,-1.017,-0.189
3991,128964397,99710.10,28.21,-0.801,-0.554,-0.303
3993,129024416,99714.02,28.21,-0.801,-0.885,0.759
3995,129084397,99715.56,28.21,-0.841,-1.016,0.143
3997,129144489,99712.20,28.21,-0.826,-0.731,-0.449
3999,129204397,99710.70,28.22,-0.765,-0.605,0.217
4001,129264409,99713.09,28.21,-0.793,-0.807,0.575
4003,129324416,99710.24,28.22,-0.794,-0.566,-0.276
4005,129384397,99713.54,28.21,-0.797,-0.845,-0.026
4007,129444423,99711.63,28.22,-0.774,-0.683,0.170
4009,129504397,99716.35,28.22,-0.813,-1.082,0.169
4011,129564397,99716.00,28.22,-0.849,-1.053,-0.376
4013,129624416,99714.77,28.22,-0.889,-0.949,-0.759
4015,129684397,99715.67,28.22,-0.886,-1.025,-0.487
4017,129744450,99715.09,28.22,-0.908,-0.977,-0.120
4019,129804397,99713.47,28.22,-0.890,-0.838,-0.253
4021,129864396,99711.79,28.22,-0.864,-0.697,0.153
4023,129924416,99712.27,28.22,-0.861,-0.738,0.262
4025,129984397,99711.99,28.22,-0.858,-0.714,0.083
4027,130044432,99715.19,28.22,-0.887,-0.984,0.024
4029,130104397,99715.87,28.22,-0.899,-1.042,-0.178
4031,130164398,99716.05,28.22,-0.930,-1.057,-0.297
4033,130224416,99711.66,28.22,-0.833,-0.685,-0.017
4035,130284397,99712.84,28.23,-0.841,-0.786,0.827
4037,130344450,99714.53,28.23,-0.845,-0.929,0.148
4039,130404397,99713.88,28.23,-0.832,-0.873,0.078
4041,130464396,99717.10,28.23,-0.868,-1.146,0.060
4043,130524416,99716.41,28.23,-0.887,-1.087,-0.360
4045,130584397,99713.34,28.23,-0.863,-0.827,-0.303
4047,130644433,99711.33,28.23,-0.843,-0.657,0.090
4049,130704397,99713.50,28.23,-0.862,-0.842,0.140
4051,130764397,99713.70,28.22,-0.883,-0.858,-0.186
4053,130824427,99713.52,28.22,-0.886,-0.843,-0.265
4055,130884397,99714.41,28.22,-0.861,-0.918,0.127
4057,130944450,99713.30,28.22,-0.853,-0.825,0.307
4059,131004397,99715.01,28.22,-0.888,-0.969,-0.051
4061,131064396,99715.23,28.22,-0.882,-0.988,-0.241
4063,131124416,99713.62,28.22,-0.889,-0.851,-0.087
4065,131184397,99715.88,28.22,-0.921,-1.042,-0.226
4067,131244423,99715.05,28.22,-0.944,-0.972,-0.420
4069,131304397,99717.37,28.22,-1.005,-1.169,-0.563
4071,131364396,99710.33,28.21,-0.963,-0.573,-0.700
4073,131424417,99712.97,28.21,-0.957,-0.796,0.198
4075,131484397,99712.45,28.21,-0.932,-0.753,0.365
4077,131544450,99715.73,28.21,-0.932,-1.030,0.432
4079,131604408,99713.40,28.21,-0.892,-0.833,0.310
4081,131664396,99712.48,28.21,-0.924,-0.755,0.075
4083,131724416,99716.47,28.21,-0.924,-1.093,-0.148
4085,131784397,99714.87,28.21,-0.923,-0.957,0.103
4087,131844424,99713.56,28.20,-0.882,-0.846,0.098
4089,131904397,99711.34,28.21,-0.794,-0.658,0.779
4091,131964397,99713.88,28.20,-0.808,-0.873,0.954
4093,132024416,99714.66,28.21,-0.819,-0.940,0.053
4095,132084397,99714.26,28.20,-0.840,-0.905,-0.243
4097,132144476,99714.77,28.20,-0.862,-0.949,-0.366
4099,132204397,99714.45,28.20,-0.891,-0.921,-0.421
4101,132264396,99715.96,28.20,-0.928,-1.050,-0.501
4103,132324416,99712.21,28.20,-0.902,-0.733,-0.409
4105,132384408,99711.49,28.20,-0.888,-0.672,0.096
4107,132444423,99716.45,28.20,-0.879,-1.091,0.459
4109,132504397,99715.20,28.20,-0.888,-0.986,0.259
4111,132564396,99712.88,28.20,-0.891,-0.788,-0.289
4113,132624416,99715.27,28.20,-0.904,-0.991,-0.117
4115,132684397,99711.75,28.20,-0.866,-0.693,0.010
4117,132744450,99715.12,28.20,-0.856,-0.979,0.455
4119,132804397,99713.05,28.20,-0.872,-0.803,0.128
4121,132864396,99715.77,28.20,-0.889,-1.034,-0.229
4123,132924416,99716.29,28.20,-0.901,-1.078,-0.106
4125,132984397,99715.78,28.20,-0.933,-1.034,-0.340
4127,133044422,99715.24,28.21,-0.955,-0.989,-0.548
4129,133104397,99711.42,28.21,-0.916,-0.666,-0.275
4131,133164405,99713.56,28.21,-0.904,-0.846,0.384
4133,133224416,99710.01,28.21,-0.878,-0.546,0.247
4135,133284397,99714.39,28.21,-0.867,-0.917,0.406
4137,133344450,99713.61,28.21,-0.852,-0.851,0.433
4139,133404397,99716.12,28.21,-0.910,-1.063,-0.069
4141,133464396,99713.84,28.21,-0.908,-0.870,-0.606
4143,133524416,99710.86,28.21,-0.832,-0.618,0.129
4145,133584397,99711.91,28.21,-0.805,-0.708,0.901
4147,133644432,99716.74,28.21,-0.868,-1.116,0.321
4149,133704397,99713.58,28.21,-0.889,-0.848,-0.702
4151,133764397,99712.86,28.21,-0.875,-0.787,-0.423
4153,133824416,99714.27,28.21,-0.905,-0.906,-0.001
4155,133884397,99714.08,28.21,-0.912,-0.890,-0.297
4157,133944458,99712.77,28.21,-0.902,-0.780,-0.137
4159,134004397,99715.41,28.21,-0.920,-1.002,0.072
4161,134064396,99713.94,28.21,-0.862,-0.879,0.218
4163,134124416,99715.07,28.21,-0.853,-0.974,0.653
4165,134184397,99716.50,28.21,-0.886,-1.095,0.109
4167,134244423,99714.66,28.21,-0.918,-0.939,-0.563
4169,134304397,99713.49,28.21,-0.899,-0.841,-0.442
4171,134364396,99718.88,28.21,-0.905,-1.297,0.370
4173,134424416,99717.44,28.21,-0.900,-1.175,0.186
4175,134484397,99717.05,28.21,-0.940,-1.142,-0.281
4177,134544450,99711.43,28.21,-0.892,-0.667,-0.479
4179,134604397,99713.87,28.21,-0.856,-0.872,0.525
4181,134664397,99715.85,28.21,-0.898,-1.040,0.441
4183,134724427,99712.48,28.21,-0.890,-0.754,-0.449
4185,134784397,99715.70,28.20,-0.922,-1.028,-0.147
4187,134844422,99713.20,28.21,-0.889,-0.815,-0.115
4189,134904397,99716.03,28.20,-0.919,-1.055,0.174
4191,134964396,99716.72,28.20,-0.974,-1.114,-0.431
4193,135024416,99711.09,28.20,-0.925,-0.637,-0.621
4195,135084397,99711.93,28.20,-0.879,-0.708,0.494
4197,135144476,99716.77,28.20,-0.934,-1.117,0.546
4199,135204397,99711.17,28.20,-0.895,-0.645,-0.376
4201,135264396,99715.60,28.20,-0.875,-1.019,0.427
4203,135324416,99713.48,28.20,-0.868,-0.839,0.426
4205,135384397,99711.05,28.20,-0.838,-0.635,0.031
4207,135444422,99709.56,28.20,-0.788,-0.508,0.425
4209,135504408,99716.08,28.20,-0.848,-1.059,0.507
4211,135564397,99711.85,28.20,-0.831,-0.702,-0.391
4213,135624416,99716.65,28.20,-0.909,-1.108,-0.306
4215,135684397,99715.55,28.20,-0.951,-1.015,-0.888
4217,135744449,99716.88,28.20,-0.937,-1.128,-0.444
4219,135804397,99713.88,28.20,-0.890,-0.873,0.293
4221,135864396,99715.25,28.20,-0.888,-0.990,0.453
4223,135924416,99715.77,28.20,-0.904,-1.034,0.082
4225,135984397,99711.31,28.20,-0.862,-0.656,-0.147
4227,136044422,99713.50,28.20,-0.839,-0.841,0.462
4229,136104397,99714.88,28.20,-0.866,-0.959,0.338
4231,136164396,99711.48,28.20,-0.837,-0.671,-0.212
4233,136224416,99713.93,28.20,-0.844,-0.878,0.204
4235,136284408,99715.36,28.20,-0.875,-0.999,-0.025
4237,136344450,99715.51,28.19,-0.927,-1.011,-0.577
4239,136404397,99711.09,28.19,-0.893,-0.637,-0.635
4241,136464396,99716.01,28.19,-0.909,-1.054,0.253
4243,136524416,99713.36,28.19,-0.882,-0.829,0.136
4245,136584397,99713.51,28.19,-0.880,-0.842,0.164
4247,136644433,99714.40,28.19,-0.907,-0.918,-0.050
4249,136704397,99709.88,28.19,-0.858,-0.535,-0.210
4251,136764397,99714.52,28.19,-0.853,-0.928,0.555
4253,136824416,99711.93,28.19,-0.840,-0.709,0.295
4255,136884397,99714.02,28.19,-0.901,-0.885,-0.240
4257,136944450,99716.23,28.19,-0.921,-1.072,-0.546
4259,137004397,99715.03,28.19,-0.966,-0.971,-0.493
4261,137064408,99710.80,28.19,-0.884,-0.613,-0.325
4263,137124416,99716.59,28.19,-0.936,-1.102,0.634
4265,137184397,99715.11,28.19,-0.960,-0.978,-0.403
4267,137244422,99713.70,28.18,-0.980,-0.859,-0.587
4269,137304397,99712.23,28.18,-0.970,-0.734,-0.340
4271,137364397,99712.11,28.18,-0.940,-0.723,0.178
4273,137424416,99715.32,28.18,-0.970,-0.996,0.335
4275,137484397,99714.20,28.18,-0.948,-0.900,-0.057
4277,137544450,99711.02,28.18,-0.896,-0.632,0.287
4279,137604397,99714.71,28.18,-0.895,-0.944,0.628
4281,137664397,99717.17,28.18,-0.906,-1.152,0.329
4283,137724416,99717.16,28.18,-0.955,-1.150,-0.275
4285,137784397,99715.84,28.17,-0.949,-1.039,-0.589
4287,137844432,99716.02,28.17,-0.920,-1.054,0.125
4289,137904397,99714.97,28.17,-0.911,-0.966,0.325
4291,137964397,99717.06,28.17,-0.958,-1.143,-0.088
4293,138024416,99715.77,28.17,-0.973,-1.033,-0.559
4295,138084397,99713.16,28.17,-0.936,-0.812,-0.203
4297,138144476,99716.30,28.17,-0.925,-1.078,0.494
4299,138204397,99713.09,28.17,-0.904,-0.807,0.277
4301,138264396,99713.56,28.17,-0.878,-0.847,0.248
4303,138324416,99714.95,28.17,-0.877,-0.963,0.411
4305,138384397,99710.72,28.17,-0.867,-0.606,-0.060
4307,138444423,99715.41,28.17,-0.881,-1.002,0.055
4309,138504397,99711.95,28.17,-0.872,-0.711,-0.025
4311,138564397,99713.23,28.17,-0.880,-0.818,-0.078
4313,138624427,99712.12,28.17,-0.868,-0.724,0.003
4315,138684397,99715.62,28.17,-0.916,-1.021,-0.028
4317,138744450,99716.55,28.16,-0.973,-1.099,-0.615
4319,138804397,99713.59,28.16,-0.961,-0.849,-0.714
4321,138864396,99713.60,28.16,-0.915,-0.850,0.184
4323,138924416,99715.37,28.16,-0.903,-1.000,0.682
4325,138984397,99718.55,28.16,-0.940,-1.269,0.231
4327,139044423,99712.60,28.16,-0.911,-0.766,-0.374
4329,139104397,99714.58,28.16,-0.917,-0.932,0.029
4331,139164396,99715.95,28.16,-0.972,-1.049,-0.174
4333,139224417,99715.63,28.16,-0.947,-1.022,-0.407
4335,139284397,99710.83,28.16,-0.897,-0.616,0.237
4337,139344450,99714.77,28.16,-0.943,-0.949,0.265
4339,139404408,99715.23,28.16,-0.915,-0.987,-0.062
4341,139464396,99713.97,28.16,-0.896,-0.881,0.326
4343,139524416,99712.06,28.16,-0.890,-0.720,0.108
4345,139584397,99712.55,28.16,-0.873,-0.761,0.109
4347,139644433,99713.80,28.15,-0.862,-0.866,0.355
4349,139704397,99712.37,28.15,-0.822,-0.746,0.361
4351,139764397,99716.98,28.15,-0.886,-1.136,0.249
4353,139824416,99714.49,28.15,-0.902,-0.925,-0.644
4355,139884397,99709.98,28.15,-0.868,-0.543,-0.418
4357,139944450,99711.77,28.15,-0.852,-0.696,0.310
4359,140004397,99714.95,28.15,-0.883,-0.965,0.297
4361,140064396,99717.77,28.15,-0.919,-1.202,-0.217
4363,140124416,99713.28,28.15,-0.970,-0.823,-0.818
4365,140184404,99712.70,28.15,-0.936,-0.774,-0.678
4367,140244423,99714.32,28.15,-0.944,-0.911,0.332
4369,140304397,99717.54,28.15,-0.974,-1.183,0.033
4371,140364396,99710.55,28.15,-0.926,-0.592,-0.263
4373,140424416,99713.41,28.15,-0.947,-0.834,0.155
4375,140484397,99712.15,28.15,-0.900,-0.727,0.178
4377,140544449,99711.51,28.15,-0.839,-0.673,0.752
4379,140604397,99714.41,28.15,-0.858,-0.918,0.731
4381,140664397,99710.09,28.15,-0.804,-0.553,0.091
4383,140724416,99709.24,28.15,-0.761,-0.481,0.554
4385,140784397,99714.95,28.15,-0.812,-0.964,0.496
4387,140844423,99715.95,28.15,-0.856,-1.048,-0.414
4389,140904397,99714.24,28.15,-0.857,-0.904,-0.585
4391,140964405,99711.48,28.15,-0.855,-0.670,-0.287
4393,141024416,99714.79,28.15,-0.876,-0.950,-0.071
4395,141084397,99712.55,28.16,-0.889,-0.761,-0.248
4397,141144476,99713.30,28.15,-0.909,-0.825,-0.362
4399,141204397,99711.40,28.16,-0.879,-0.663,-0.127
4401,141264396,99716.34,28.16,-0.901,-1.082,0.346
4403,141324416,99713.03,28.16,-0.898,-0.802,-0.106
4405,141384397,99717.08,28.16,-0.957,-1.144,-0.289
4407,141444423,99710.86,28.16,-0.893,-0.618,-0.394
4409,141504397,99715.84,28.15,-0.915,-1.040,0.450
4411,141564397,99710.67,28.15,-0.908,-0.602,-0.147
4413,141624416,99713.34,28.15,-0.914,-0.828,-0.110
4415,141684397,99714.11,28.15,-0.912,-0.893,0.138
4417,141744458,99713.90,28.15,-0.889,-0.875,0.173
4419,141804397,99713.12,28.15,-0.871,-0.809,0.313
4421,141864396,99713.55,28.15,-0.854,-0.845,0.304
4423,141924416,99714.70,28.15,-0.862,-0.943,0.238
4425,141984397,99713.27,28.15,-0.872,-0.821,-0.142
4427,142044423,99716.38,28.15,-0.872,-1.084,-0.025
4429,142104397,99714.21,28.15,-0.839,-0.902,0.235
4431,142164396,99712.20,28.15,-0.854,-0.732,0.054
4433,142224416,99712.77,28.15,-0.832,-0.780,-0.084
4435,142284397,99717.74,28.14,-0.904,-1.201,0.099
4437,142344450,99718.33,28.14,-0.952,-1.250,-0.751
4439,142404397,99712.86,28.15,-0.909,-0.787,-0.614
4441,142464396,99712.27,28.14,-0.874,-0.737,0.301
4443,142524427,99711.99,28.15,-0.874,-0.714,0.392
4445,142584397,99714.80,28.14,-0.882,-0.952,0.120
4447,142644433,99714.62,28.15,-0.867,-0.936,0.138
4449,142704397,99719.36,28.15,-0.907,-1.337,0.172
4451,142764396,99714.60,28.14,-0.899,-0.935,-0.380
4453,142824416,99715.91,28.15,-0.920,-1.045,-0.261
4455,142884397,99715.62,28.15,-0.932,-1.021,-0.238
4457,142944450,99717.37,28.15,-0.968,-1.168,-0.292
4459,143004397,99716.88,28.15,-0.969,-1.128,-0.350
4461,143064396,99715.84,28.15,-0.961,-1.040,-0.080
4463,143124416,99715.49,28.15,-0.947,-1.010,0.096
4465,143184397,99714.12,28.15,-0.929,-0.894,0.172
4467,143244422,99712.66,28.15,-0.893,-0.771,0.279
4469,143304408,99713.58,28.15,-0.871,-0.848,0.516
4471,143364397,99714.14,28.15,-0.854,-0.896,0.452
4473,143424416,99713.19,28.15,-0.838,-0.815,0.282
4475,143484397,99713.30,28.14,-0.834,-0.824,0.171
4477,143544449,99712.70,28.14,-0.840,-0.774,0.001
4479,143604397,99711.84,28.14,-0.809,-0.701,0.044
4481,143664397,99714.40,28.14,-0.841,-0.918,0.239
4483,143724416,99714.47,28.14,-0.923,-0.923,-0.655
4485,143784397,99716.44,28.14,-0.898,-1.090,-0.684
4487,143844423,99711.91,28.14,-0.853,-0.707,0.312
4489,143904397,99715.74,28.14,-0.873,-1.031,0.368
4491,143964396,99715.58,28.14,-0.904,-1.017,-0.161
4493,144024416,99712.88,28.13,-0.894,-0.789,-0.456
4495,144084408,99710.16,28.13,-0.850,-0.559,0.045
4497,144144489,99713.77,28.13,-0.859,-0.864,0.487
4499,144204397,99712.89,28.13,-0.839,-0.790,0.214
4501,144264396,99716.93,28.13,-0.871,-1.132,0.201
4503,144324416,99715.59,28.13,-0.886,-1.018,-0.282
4505,144384397,99715.16,28.13,-0.898,-0.982,-0.362
4507,144444423,99715.88,28.12,-0.921,-1.043,-0.265
4509,144504397,99715.78,28.12,-0.963,-1.034,-0.485
4511,144564397,99710.52,28.12,-0.913,-0.589,-0.485
4513,144624416,99713.58,28.12,-0.895,-0.848,0.495
4515,144684397,99713.77,28.12,-0.925,-0.865,0.250
4517,144744450,99716.08,28.12,-0.964,-1.059,-0.405
4519,144804397,99713.66,28.12,-0.952,-0.855,-0.394
4521,144864408,99713.22,28.12,-0.922,-0.817,0.121
4523,144924416,99714.54,28.11,-0.895,-0.929,0.550
4525,144984397,99714.43,28.11,-0.907,-0.920,0.321
4527,145044423,99714.91,28.11,-0.914,-0.961,-0.131
4529,145104397,99714.41,28.11,-0.915,-0.918,-0.097
4531,145164396,99713.24,28.11,-0.881,-0.819,0.091
4533,145224416,99715.95,28.11,-0.881,-1.049,0.465
4535,145284397,99715.16,28.11,-0.901,-0.982,0.017
4537,145344450,99717.23,28.11,-0.938,-1.157,-0.374
4539,145404397,99710.57,28.11,-0.831,-0.593,-0.050
4541,145464396,99718.77,28.11,-0.863,-1.287,1.041
4543,145524416,99712.52,28.11,-0.855,-0.759,-0.093
4545,145584397,99714.25,28.11,-0.887,-0.905,-0.366
4547,145644441,99711.98,28.11,-0.871,-0.713,-0.280
4549,145704397,99713.71,28.10,-0.868,-0.859,0.127
4551,145764397,99714.23,28.11,-0.882,-0.903,0.089
4553,145824416,99714.55,28.11,-0.860,-0.930,0.021
4555,145884397,99716.27,28.11,-0.870,-1.076,0.282
4557,145944450,99711.09,28.11,-0.847,-0.637,-0.138
4559,146004397,99714.98,28.11,-0.872,-0.967,0.026
4561,146064396,99716.48,28.11,-0.931,-1.093,-0.314
4563,146124416,99712.63,28.11,-0.890,-0.768,-0.567
4565,146184397,99712.83,28.11,-0.872,-0.785,0.306
4567,146244423,99713.91,28.11,-0.877,-0.876,0.286
4569,146304397,99717.50,28.11,-0.944,-1.180,-0.183
4571,146364397,99716.66,28.11,-0.973,-1.108,-0.764
4573,146424427,99712.94,28.11,-0.951,-0.794,-0.500
4575,146484397,99714.41,28.10,-0.919,-0.918,0.276
4577,146544450,99713.68,28.10,-0.877,-0.857,0.657
4579,146604397,99712.45,28.10,-0.835,-0.753,0.640
4581,146664397,99715.29,28.10,-0.853,-0.993,0.492
4583,146724416,99713.60,28.10,-0.867,-0.850,-0.173
4585,146784397,99710.33,28.09,-0.868,-0.573,-0.445
4587,146844423,99716.25,28.09,-0.883,-1.074,0.030
4589,146904397,99712.85,28.09,-0.916,-0.786,-0.227
4591,146964396,99714.62,28.09,-0.900,-0.936,-0.377
4593,147024417,99717.35,28.09,-0.960,-1.167,0.030
4595,147084397,99711.81,28.09,-0.922,-0.698,-0.570
4597,147144477,99717.03,28.09,-0.956,-1.140,0.137
4599,147204408,99715.95,28.09,-0.940,-1.049,-0.025
4601,147264396,99711.08,28.09,-0.909,-0.637,0.003
4603,147324416,99714.76,28.09,-0.893,-0.948,0.393
4605,147384397,99714.46,28.09,-0.936,-0.922,0.141
4607,147444424,99712.30,28.09,-0.900,-0.740,-0.385
4609,147504397,99712.93,28.09,-0.929,-0.793,0.107
4611,147564397,99714.41,28.09,-0.940,-0.918,-0.232
4613,147624416,99709.92,28.09,-0.908,-0.539,-0.134
4615,147684397,99714.02,28.09,-0.922,-0.886,0.244
4617,147744450,99713.54,28.09,-0.910,-0.845,0.143
4619,147804397,99712.87,28.09,-0.871,-0.788,0.281
4621,147864396,99713.49,28.10,-0.863,-0.841,0.492
4623,147924416,99713.18,28.10,-0.884,-0.814,0.027
4625,147984408,99717.08,28.10,-0.921,-1.144,-0.249
4627,148044422,99714.08,28.09,-0.942,-0.890,-0.507
4629,148104397,99714.34,28.10,-0.941,-0.912,-0.410
4631,148164396,99713.68,28.10,-0.909,-0.857,0.153
4633,148224416,99714.50,28.10,-0.896,-0.926,0.430
4635,148284397,99711.19,28.10,-0.859,-0.646,0.264
4637,148344449,99712.89,28.10,-0.886,-0.790,0.184
4639,148404397,99717.10,28.10,-0.936,-1.146,-0.238
4641,148464396,99712.85,28.10,-0.895,-0.787,-0.338
4643,148524416,99715.48,28.09,-0.901,-1.009,0.275
4645,148584397,99710.88,28.09,-0.877,-0.620,0.008
4647,148644433,99714.65,28.09,-0.915,-0.939,-0.007
4649,148704397,99713.42,28.09,-0.896,-0.835,-0.142
4651,148764405,99714.88,28.09,-0.924,-0.958,0.017
4653,148824416,99716.23,28.09,-0.923,-1.072,-0.132
4655,148884397,99712.58,28.09,-0.887,-0.764,0.067
4657,148944450,99712.96,28.09,-0.880,-0.796,0.263
4659,149004397,99714.59,28.08,-0.898,-0.934,0.112
4661,149064396,99710.79,28.08,-0.875,-0.612,-0.173
4663,149124416,99714.27,28.08,-0.903,-0.906,0.059
4665,149184397,99714.70,28.08,-0.895,-0.943,-0.027
4667,149244423,99713.15,28.08,-0.878,-0.811,0.091
4669,149304397,99711.73,28.08,-0.876,-0.692,0.049
4671,149364397,99714.47,28.08,-0.854,-0.923,0.244
4673,149424416,99717.17,28.08,-0.878,-1.152,0.394
4675,149484397,99711.55,28.08,-0.844,-0.677,-0.204
4677,149544458,99715.84,28.08,-0.883,-1.040,0.053
4679,149604397,99713.10,28.08,-0.873,-0.808,-0.250
4681,149664397,99713.40,28.08,-0.905,-0.833,-0.246
4683,149724416,99710.18,28.08,-0.880,-0.561,-0.355
4685,149784397,99710.44,28.08,-0.816,-0.582,0.458
4687,149844423,99715.28,28.08,-0.853,-0.992,0.789
4689,149904397,99715.90,28.08,-0.898,-1.044,-0.318
4691,149964396,99711.40,28.07,-0.857,-0.664,-0.501
4693,150024416,99711.98,28.07,-0.858,-0.712,0.192
4695,150084397,99716.41,28.07,-0.885,-1.087,0.138
4697,150144475,99712.60,28.07,-0.873,-0.765,-0.190
4699,150204397,99713.21,28.07,-0.864,-0.817,-0.014
4701,150264396,99716.63,28.07,-0.893,-1.107,0.153
4703,150324427,99712.91,28.07,-0.876,-0.791,-0.225
4705,150384397,99715.98,28.07,-0.904,-1.051,-0.032
4707,150444422,99713.90,28.07,-0.884,-0.875,-0.123
4709,150504397,99714.45,28.07,-0.877,-0.922,0.146
4711,150564396,99712.84,28.07,-0.895,-0.786,-0.068
4713,150624416,99715.29,28.07,-0.918,-0.992,-0.282
4715,150684397,99713.23,28.07,-0.903,-0.819,-0.159
4717,150744450,99713.78,28.07,-0.931,-0.865,-0.099
4719,150804397,99711.77,28.06,-0.887,-0.695,-0.118
4721,150864396,99711.44,28.07,-0.860,-0.667,0.492
4723,150924416,99716.45,28.06,-0.871,-1.091,0.529
4725,150984397,99715.12,28.06,-0.856,-0.978,0.184
4727,151044422,99716.88,28.06,-0.900,-1.127,-0.076
4729,151104408,99713.10,28.06,-0.901,-0.808,-0.583
4731,151164396,99713.75,28.06,-0.891,-0.863,-0.163
4733,151224416,99712.75,28.06,-0.862,-0.778,0.261
4735,151284397,99710.19,28.06,-0.832,-0.561,0.312
4737,151344450,99711.33,28.05,-0.835,-0.657,0.265
4739,151404397,99715.88,28.05,-0.880,-1.042,0.038
4741,151464396,99713.40,28.05,-0.865,-0.833,-0.303
4743,151524416,99713.64,28.05,-0.882,-0.853,-0.095
4745,151584397,99717.38,28.05,-0.916,-1.170,-0.160
4747,151644433,99713.11,28.05,-0.919,-0.808,-0.442
4749,151704397,99713.66,28.05,-0.919,-0.854,-0.266
4751,151764396,99714.69,28.05,-0.927,-0.942,0.034
4753,151824416,99712.55,28.06,-0.877,-0.762,0.142
4755,151884408,99716.14,28.05,-0.927,-1.065,0.338
4757,151944450,99717.75,28.06,-0.952,-1.201,-0.373
4759,152004397,99711.42,28.05,-0.906,-0.665,-0.321
4761,152064396,99713.26,28.05,-0.916,-0.821,0.185
4763,152124416,99712.51,28.05,-0.906,-0.757,0.059
4765,152184397,99717.48,28.05,-0.969,-1.178,-0.035
4767,152244423,99712.64,28.05,-0.929,-0.769,-0.446
4769,152304397,99712.75,28.05,-0.892,-0.778,0.336
4771,152364397,99714.08,28.05,-0.858,-0.890,0.728
4773,152424416,99717.78,28.05,-0.876,-1.204,0.572
4775,152484397,99713.26,28.05,-0.880,-0.821,-0.227
4777,152544450,99714.90,28.05,-0.894,-0.960,-0.298
4779,152604397,99709.45,28.05,-0.835,-0.499,-0.023
4781,152664407,99715.82,28.05,-0.855,-1.037,0.572
4783,152724416,99713.30,28.05,-0.842,-0.825,0.130
4785,152784397,99710.87,28.05,-0.808,-0.619,0.057
4787,152844423,99717.98,28.05,-0.862,-1.221,0.321
4789,152904397,99716.69,28.05,-0.904,-1.111,-0.498
4791,152964397,99712.82,28.05,-0.846,-0.784,-0.460
4793,153024416,99715.79,28.05,-0.839,-1.035,0.593
4795,153084397,99712.99,28.05,-0.832,-0.799,0.184
4797,153144477,99715.62,28.05,-0.903,-1.021,-0.337
4799,153204397,99712.94,28.05,-0.876,-0.794,-0.625
4801,153264396,99714.09,28.05,-0.851,-0.891,0.293
4803,153324416,99712.50,28.05,-0.868,-0.757,0.183
4805,153384397,99714.09,28.05,-0.875,-0.891,-0.211
4807,153444432,99717.21,28.05,-0.932,-1.155,-0.174
4809,153504397,99713.87,28.05,-0.935,-0.873,-0.662
4811,153564397,99712.20,28.05,-0.901,-0.731,-0.159
4813,153624416,99710.26,28.05,-0.845,-0.567,0.508
4815,153684397,99711.12,28.05,-0.818,-0.640,0.746
4817,153744450,99713.62,28.05,-0.840,-0.852,0.403
4819,153804397,99712.32,28.05,-0.838,-0.742,-0.139
4821,153864396,99717.61,28.05,-0.879,-1.189,-0.020
4823,153924416,99715.47,28.05,-0.906,-1.008,-0.433
4825,153984397,99713.65,28.05,-0.921,-0.854,-0.642
4827,154044423,99711.83,28.05,-0.890,-0.700,-0.209
4829,154104397,99717.41,28.05,-0.928,-1.173,0.303
4831,154164396,99713.09,28.05,-0.909,-0.806,-0.211
4833,154224427,99713.44,28.05,-0.894,-0.836,0.047
4835,154284397,99713.41,28.05,-0.865,-0.834,0.375
4837,154344450,99717.96,28.05,-0.898,-1.219,0.382
4839,154404397,99711.52,28.05,-0.885,-0.674,-0.361
4841,154464396,99713.72,28.04,-0.878,-0.860,-0.076
4843,154524416,99712.02,28.04,-0.853,-0.716,0.267
4845,154584397,99713.11,28.04,-0.856,-0.808,0.235
4847,154644433,99709.09,28.04,-0.825,-0.468,0.012
4849,154704397,99714.30,28.04,-0.842,-0.909,0.302
4851,154764396,99714.71,28.04,-0.860,-0.944,0.043
4853,154824417,99715.13,28.04,-0.832,-0.980,-0.003
4855,154884397,99719.70,28.04,-0.907,-1.366,0.117
4857,154944450,99711.02,28.04,-0.902,-0.631,-0.990
4859,155004408,99712.82,28.04,-0.882,-0.784,-0.274
4861,155064396,99715.91,28.04,-0.899,-1.045,0.387
4863,155124416,99715.78,28.04,-0.900,-1.034,-0.016
4865,155184396,99713.08,28.05,-0.891,-0.806,-0.128
4867,155244424,99715.30,28.05,-0.883,-0.994,0.119
4869,155304397,99714.20,28.04,-0.871,-0.900,0.228
4871,155364397,99713.02,28.04,-0.860,-0.801,0.081
4873,155424416,99715.92,28.04,-0.901,-1.046,-0.013
4875,155484397,99715.51,28.04,-0.887,-1.011,-0.224
4877,155544450,99717.59,28.04,-0.930,-1.187,-0.054
4879,155604397,99715.09,28.04,-0.934,-0.976,-0.500
4881,155664397,99710.73,28.04,-0.885,-0.608,-0.172
4883,155724416,99716.00,28.04,-0.885,-1.053,0.584
4885,155784408,99715.59,28.04,-0.896,-1.019,0.245
4887,155844423,99712.52,28.03,-0.915,-0.758,-0.421
4889,155904397,99713.77,28.03,-0.921,-0.864,-0.348
4891,155964396,99715.00,28.03,-0.920,-0.968,0.049
4893,156024416,99714.72,28.03,-0.924,-0.945,0.029
4895,156084397,99712.07,28.03,-0.915,-0.721,-0.143
4897,156144476,99712.35,28.03,-0.871,-0.744,0.229
4899,156204397,99714.34,28.02,-0.886,-0.913,0.527
4901,156264396,99715.06,28.02,-0.904,-0.973,-0.081
4903,156324416,99717.75,28.02,-0.966,-1.201,-0.401
4905,156384397,99710.22,28.02,-0.947,-0.564,-0.849
4907,156444422,99714.65,28.01,-0.945,-0.939,-0.008
4909,156504397,99712.24,28.01,-0.908,-0.735,0.366
4911,156564405,99717.22,28.01,-0.937,-1.156,0.386
4913,156624416,99711.60,28.01,-0.861,-0.681,0.122
4915,156684397,99711.35,28.01,-0.853,-0.659,0.537
4917,156744450,99713.73,28.01,-0.907,-0.861,-0.029
4919,156804397,99717.53,28.01,-0.946,-1.182,-0.481
4921,156864397,99714.91,28.00,-0.908,-0.960,-0.207
4923,156924416,99714.78,28.00,-0.893,-0.950,0.321
4925,156984397,99713.92,28.00,-0.857,-0.877,0.369
4927,157044423,99715.21,28.00,-0.893,-0.986,0.220
4929,157104397,99714.70,28.00,-0.916,-0.943,-0.455
4931,157164397,99715.45,28.00,-0.952,-1.007,-0.483
4933,157224416,99712.98,28.00,-0.947,-0.797,-0.489
4935,157284397,99717.30,28.00,-0.962,-1.163,0.029
4937,157344457,99715.62,28.00,-0.946,-1.020,0.073
4939,157404397,99712.82,28.00,-0.913,-0.784,0.113
4941,157464396,99718.79,28.00,-0.961,-1.289,0.267
4943,157524416,99713.32,28.00,-0.904,-0.826,-0.135
4945,157584397,99714.12,28.00,-0.918,-0.894,0.253
4947,157644433,99710.36,28.00,-0.884,-0.576,-0.054
4949,157704397,99713.47,28.00,-0.876,-0.839,0.374
4951,157764396,99708.97,28.00,-0.801,-0.458,0.486
4953,157824416,99716.97,28.00,-0.899,-1.135,0.454
4955,157884397,99714.91,28.00,-0.892,-0.960,-0.646
4957,157944450,99716.10,28.00,-0.907,-1.061,-0.161
4959,158004397,99714.66,28.00,-0.879,-0.939,-0.008
4961,158064396,99714.38,28.00,-0.902,-0.915,0.067
4963,158124427,99715.05,28.00,-0.964,-0.973,-0.563
4965,158184396,99712.56,28.01,-0.941,-0.762,-0.674
4967,158244422,99712.72,28.01,-0.934,-0.775,0.107
4969,158304397,99715.32,28.01,-0.965,-0.996,0.060
4971,158364396,99715.76,28.01,-0.976,-1.033,-0.238
4973,158424416,99714.67,28.01,-0.980,-0.940,-0.208
4975,158484397,99716.20,28.01,-0.984,-1.070,-0.048
4977,158544450,99712.84,28.01,-0.977,-0.785,-0.105
4979,158604397,99713.06,28.02,-0.955,-0.804,0.034
4981,158664396,99716.02,28.02,-0.974,-1.055,0.308
4983,158724416,99712.13,28.02,-0.936,-0.726,-0.017
4985,158784397,99715.11,28.02,-0.933,-0.978,0.367
4987,158844422,99715.19,28.02,-0.906,-0.984,0.399
4989,158904408,99714.72,28.02,-0.924,-0.945,0.176
4991,158964397,99716.11,28.02,-0.970,-1.062,-0.391
4993,159024416,99713.52,28.02,-0.908,-0.843,-0.229
4995,159084397,99714.71,28.03,-0.922,-0.944,0.480
4997,159144488,99711.39,28.03,-0.893,-0.663,-0.034
4999,159204397,99715.21,28.03,-0.897,-0.986,0.308
5001,159264396,99713.26,28.03,-0.891,-0.821,0.122
5003,159324416,99715.98,28.03,-0.880,-1.051,0.166
5005,159384397,99714.66,28.03,-0.896,-0.939,0.110
5007,159444422,99712.75,28.03,-0.852,-0.778,-0.086
5009,159504397,99715.84,28.03,-0.874,-1.039,0.405
5011,159564396,99713.04,28.03,-0.861,-0.803,-0.107
5013,159624416,99715.77,28.04,-0.859,-1.034,0.130
5015,159684408,99710.77,28.04,-0.855,-0.610,-0.058
5017,159744450,99715.20,28.04,-0.865,-0.984,-0.050
5019,159804397,99710.74,28.04,-0.824,-0.608,0.131
5021,159864396,99713.02,28.04,-0.847,-0.801,0.195
5023,159924416,99708.86,28.04,-0.804,-0.448,-0.059
5025,159984397,99715.23,28.04,-0.863,-0.988,0.226
5027,160044423,99713.24,28.04,-0.858,-0.819,-0.341
5029,160104397,99713.59,28.04,-0.847,-0.849,-0.034
5031,160164396,99719.54,28.04,-0.928,-1.352,-0.013
5033,160224416,99716.01,28.04,-0.946,-1.053,-0.855
5035,160284397,99712.41,28.04,-0.919,-0.750,-0.510
5037,160344449,99716.39,28.04,-0.940,-1.086,0.179
5039,160404397,99710.76,28.04,-0.924,-0.609,-0.194
5041,160464408,99714.16,28.04,-0.956,-0.897,-0.151
5043,160524416,99715.90,28.04,-1.000,-1.044,-0.319
5045,160584397,99713.73,28.04,-1.020,-0.861,-0.658
5047,160644433,99715.52,28.04,-1.013,-1.012,-0.245
5049,160704397,99714.59,28.04,-0.983,-0.934,0.276
5051,160764397,99713.56,28.04,-0.958,-0.847,0.378
5053,160824416,99710.68,28.04,-0.878,-0.603,0.568
5055,160884397,99713.88,28.04,-0.902,-0.874,0.782
5057,160944450,99716.83,28.04,-0.922,-1.123,0.033
5059,161004397,99712.58,28.04,-0.897,-0.763,-0.170
5061,161064396,99713.60,28.04,-0.866,-0.850,0.258
5063,161124416,99715.92,28.04,-0.924,-1.047,0.210
5065,161184396,99714.44,28.04,-0.938,-0.920,-0.642
5067,161244432,99716.41,28.05,-0.965,-1.087,-0.347
5069,161304397,99714.48,28.04,-0.952,-0.924,-0.237
5071,161364397,99717.44,28.05,-0.986,-1.175,-0.025
5073,161424416,99714.77,28.05,-0.958,-0.949,-0.186
5075,161484397,99714.00,28.05,-0.945,-0.884,0.169
5077,161544450,99713.80,28.05,-0.941,-0.867,0.141
5079,161604397,99719.37,28.05,-0.976,-1.337,0.143
5081,161664396,99716.17,28.05,-0.994,-1.068,-0.363
5083,161724416,99716.20,28.05,-1.015,-1.070,-0.522
5085,161784397,99716.75,28.05,-1.025,-1.117,-0.284
5087,161844423,99713.62,28.05,-1.018,-0.852,-0.225
5089,161904397,99718.32,28.05,-1.050,-1.249,-0.034
5091,161964397,99718.62,28.05,-1.077,-1.274,-0.245
5093,162024427,99716.60,28.05,-1.071,-1.104,-0.390
5095,162084397,99714.67,28.06,-1.035,-0.940,0.042
5097,162144475,99712.93,28.05,-1.002,-0.793,0.404
5099,162204397,99714.51,28.06,-1.001,-0.927,0.400
5101,162264396,99716.81,28.06,-1.011,-1.121,0.196
5103,162324416,99712.95,28.06,-0.965,-0.795,0.073
5105,162384397,99714.09,28.06,-0.945,-0.891,0.472
5107,162444423,99711.78,28.06,-0.928,-0.696,0.301
5109,162504397,99714.28,28.06,-0.931,-0.907,0.203
5111,162564396,99717.38,28.06,-0.941,-1.170,0.221
5113,162624416,99717.91,28.06,-0.943,-1.215,0.071
5115,162684397,99713.02,28.06,-0.930,-0.801,-0.181
5117,162744450,99712.80,28.06,-0.909,-0.782,-0.013
5119,162804408,99715.56,28.06,-0.924,-1.016,0.289
5121,162864396,99714.80,28.07,-0.953,-0.951,-0.199
5123,162924416,99712.87,28.07,-0.949,-0.788,-0.457
5125,162984397,99715.19,28.07,-0.964,-0.984,-0.058
5127,163044424,99713.91,28.06,-0.951,-0.876,-0.034
5129,163104397,99719.43,28.07,-0.990,-1.343,0.132
5131,163164396,99713.94,28.07,-0.941,-0.878,-0.132
5133,163224416,99712.98,28.07,-0.948,-0.797,0.114
5135,163284397,99714.95,28.07,-0.961,-0.964,-0.045
5137,163344450,99716.08,28.07,-1.000,-1.059,-0.215
5139,163404397,99714.09,28.07,-1.003,-0.891,-0.506
5141,163464396,99713.61,28.07,-0.980,-0.851,-0.075
5143,163524416,99714.30,28.07,-0.949,-0.909,0.442
5145,163584408,99713.64,28.07,-0.950,-0.853,0.365
5147,163644433,99714.05,28.07,-0.965,-0.889,-0.080
5149,163704397,99714.78,28.07,-0.916,-0.950,0.180
5151,163764396,99712.20,28.07,-0.907,-0.732,0.482
5153,163824416,99712.20,28.07,-0.893,-0.731,0.100
5155,163884397,99715.53,28.07,-0.915,-1.013,0.212
5157,163944450,99713.80,28.07,-0.918,-0.867,-0.159
5159,164004397,99714.84,28.07,-0.904,-0.954,-0.016
5161,164064396,99712.80,28.06,-0.881,-0.783,0.230
5163,164124416,99709.66,28.06,-0.811,-0.517,0.403
5165,164184397,99716.55,28.06,-0.851,-1.099,0.767
5167,164244423,99715.36,28.06,-0.875,-0.999,-0.211
5169,164304397,99716.50,28.06,-0.905,-1.095,-0.487
5171,164364405,99712.21,28.06,-0.901,-0.733,-0.496
5173,164424416,99715.82,28.06,-0.947,-1.038,-0.288
5175,164484397,99715.92,28.06,-0.973,-1.046,-0.463
5177,164544450,99716.35,28.06,-0.993,-1.083,-0.421
5179,164604397,99713.05,28.05,-0.993,-0.803,-0.398
5181,164664397,99713.67,28.06,-0.924,-0.856,0.237
5183,164724416,99713.05,28.05,-0.887,-0.803,0.981
5185,164784397,99712.91,28.05,-0.862,-0.791,0.584
5187,164844423,99715.07,28.05,-0.883,-0.974,0.299
5189,164904397,99713.63,28.05,-0.839,-0.853,0.091
5191,164964397,99716.16,28.05,-0.875,-1.066,0.311
5193,165024416,99716.34,28.05,-0.879,-1.081,-0.234
5195,165084397,99712.84,28.05,-0.860,-0.786,-0.149
5197,165144483,99713.69,28.05,-0.876,-0.857,-0.029
5199,165204397,99714.18,28.05,-0.861,-0.899,0.002
5201,165264396,99712.59,28.05,-0.837,-0.765,0.233
5203,165324416,99712.93,28.05,-0.882,-0.793,-0.050
5205,165384397,99712.16,28.05,-0.847,-0.728,-0.288
5207,165444423,99712.46,28.05,-0.817,-0.754,0.488
5209,165504397,99715.28,28.05,-0.830,-0.992,0.457
5211,165564396,99712.88,28.05,-0.812,-0.789,0.009
5213,165624416,99716.34,28.05,-0.835,-1.082,0.109
5215,165684397,99712.40,28.05,-0.822,-0.748,-0.180
5217,165744450,99713.69,28.05,-0.818,-0.857,0.002
5219,165804397,99714.47,28.05,-0.850,-0.923,-0.021
5221,165864396,99714.84,28.05,-0.862,-0.955,-0.359
5223,165924427,99712.87,28.05,-0.877,-0.788,-0.338
5225,165984397,99716.48,28.05,-0.858,-1.094,0.021
5227,166044422,99715.88,28.05,-0.905,-1.042,0.083
5229,166104397,99715.83,28.05,-0.924,-1.038,-0.642
5231,166164396,99712.74,28.05,-0.875,-0.777,-0.138
5233,166224416,99713.10,28.05,-0.860,-0.808,0.456
5235,166284397,99713.73,28.05,-0.885,-0.861,0.125
5237,166344450,99714.62,28.05,-0.862,-0.936,-0.036
5239,166404397,99714.45,28.05,-0.871,-0.921,0.214
5241,166464396,99713.06,28.06,-0.863,-0.804,-0.112
5243,166524416,99716.30,28.06,-0.885,-1.078,0.043
5245,166584397,99714.59,28.06,-0.919,-0.934,-0.360
5247,166644433,99712.97,28.06,-0.908,-0.797,-0.510
5249,166704408,99714.74,28.06,-0.908,-0.946,0.101
5251,166764396,99714.55,28.06,-0.890,-0.930,0.201
5253,166824416,99715.02,28.06,-0.937,-0.970,-0.068
5255,166884397,99711.06,28.06,-0.923,-0.635,-0.604
5257,166944450,99713.82,28.06,-0.879,-0.869,0.300
5259,167004397,99711.80,28.06,-0.832,-0.698,0.813
5261,167064396,99715.14,28.06,-0.824,-0.980,0.684
5263,167124416,99712.66,28.06,-0.843,-0.770,0.072
5265,167184396,99711.76,28.07,-0.814,-0.694,-0.214
5267,167244422,99710.59,28.07,-0.808,-0.595,0.231
5269,167304397,99714.60,28.07,-0.827,-0.935,0.135
5271,167364396,99715.39,28.07,-0.865,-1.001,-0.170
5273,167424416,99715.01,28.07,-0.869,-0.969,-0.441
5275,167484408,99713.55,28.07,-0.888,-0.846,-0.292
5277,167544450,99713.56,28.07,-0.905,-0.847,-0.389
5279,167604397,99714.69,28.07,-0.919,-0.942,-0.230
5281,167664397,99715.24,28.08,-0.945,-0.989,-0.231
5283,167724416,99714.72,28.08,-0.947,-0.944,-0.321
5285,167784397,99712.80,28.08,-0.912,-0.783,0.027
5287,167844423,99715.16,28.08,-0.892,-0.982,0.530
5289,167904397,99716.08,28.08,-0.915,-1.060,0.299
5291,167964397,99713.11,28.08,-0.901,-0.808,-0.264
5293,168024416,99715.36,28.08,-0.934,-0.999,-0.103
5295,168084397,99716.98,28.08,-0.951,-1.136,-0.243
5297,168144476,99714.13,28.08,-0.921,-0.895,-0.116
5299,168204397,99714.86,28.09,-0.945,-0.956,0.062
5301,168264408,99710.65,28.08,-0.854,-0.600,0.113
5303,168324416,99711.75,28.08,-0.844,-0.693,0.877
5305,168384397,99710.48,28.08,-0.771,-0.585,0.624
5307,168444423,99712.08,28.09,-0.759,-0.721,0.900
5