=~=~=~=~=~=~=~=~=~=~=~= PuTTY log 2026.08.10 17:58:15 =~=~=~=~=~=~=~=~=~=~=~=
5996,184901396,49845.59,27.21,-1.009,-0.049
5998,184961395,49844.77,27.21,-1.042,-0.790
6000,185021395,49844.20,27.21,-1.035,-0.524
6002,185081395,49844.51,27.21,-1.006,0.185
46344,1395341394,49849.04,27.41,-1.872,-0.645
46346,1395401396,49849.30,27.41,-1.831,-0.041
46348,1395461394,49850.30,27.41,-1.826,0.601
46350,1395521395,49850.60,27.41,-1.865,0.007
46352,1395581395,49849.29,27.41,-1.820,-0.279
46354,1395641395,49849.64,27.41,-1.830,0.299
46356,1395701396,49849.89,27.41,-1.800,0.180
46358,1395761395,49849.10,27.41,-1.815,0.180
46360,1395821395,49849.28,27.41,-1.784,-0.020
46362,1395881395,49849.07,27.41,-1.810,0.168
46364,1395941394,49850.36,27.41,-1.807,-0.123
46366,1396001396,49850.41,27.41,-1.810,0.136
46368,1396061394,49848.44,27.41,-1.762,0.040
46370,1396121395,49851.12,27.42,-1.799,0.382
46372,1396181395,49849.50,27.42,-1.815,-0.333
46374,1396241395,49850.66,27.42,-1.819,-0.288
46376,1396301396,49849.64,27.42,-1.811,-0.005
46378,1396361394,49851.44,27.42,-1.877,-0.216
46380,1396421395,49849.46,27.42,-1.840,-0.516
46382,1396481395,49850.11,27.42,-1.815,0.343
46384,1396541395,49850.41,27.42,-1.804,0.476
46386,1396601396,49849.22,27.42,-1.813,0.003
46388,1396661394,49849.66,27.42,-1.839,-0.326
46390,1396721394,49849.19,27.42,-1.838,-0.292
46392,1396781395,49850.59,27.42,-1.880,-0.154
46394,1396841395,49849.04,27.42,-1.847,-0.285
46396,1396901396,49851.88,27.42,-1.878,0.277
46398,1396961395,49849.09,27.42,-1.868,-0.251
46400,1397021395,49849.96,27.42,-1.874,-0.168
46402,1397081395,49850.64,27.42,-1.872,0.123
46404,1397141394,49850.67,27.42,-1.892,-0.022
46406,1397201396,49848.98,27.42,-1.852,-0.161
46408,1397261395,49848.51,27.42,-1.853,0.183
46410,1397321395,49849.02,27.42,-1.798,0.360
46412,1397381395,49850.50,27.42,-1.842,0.561
46414,1397441395,49849.91,27.42,-1.827,-0.249
46416,1397501396,49848.18,27.42,-1.756,0.288
46418,1397561395,49849.27,27.42,-1.753,0.754
46420,1397621395,49848.47,27.42,-1.736,0.237
46422,1397681395,49848.93,27.42,-1.759,0.017
46424,1397741395,49849.06,27.42,-1.779,-0.292
46426,1397801396,49851.22,27.42,-1.843,-0.375
46428,1397861395,49850.11,27.42,-1.871,-0.775
46430,1397921403,49851.59,27.42,-1.904,-0.527
46432,1397981395,49848.65,27.42,-1.865,-0.325
46434,1398041395,49849.30,27.42,-1.855,0.207
46436,1398101396,49849.57,27.42,-1.819,0.462
46438,1398161395,49849.71,27.42,-1.813,0.489
46440,1398221395,49850.29,27.42,-1.834,0.059
46442,1398281395,49851.29,27.42,-1.886,-0.363
46444,1398341395,49850.40,27.42,-1.890,-0.612
46446,1398401396,49850.04,27.42,-1.880,-0.172
46448,1398461394,49847.79,27.42,-1.815,0.215
46450,1398521394,49849.39,27.42,-1.843,0.496
46452,1398581395,49850.86,27.42,-1.843,0.085
46454,1398641394,49849.49,27.42,-1.851,-0.064
46456,1398701396,49850.42,27.42,-1.853,-0.150
46458,1398761395,49849.65,27.42,-1.855,-0.031
46460,1398821395,49848.53,27.42,-1.821,-0.029
46462,1398881395,49849.12,27.42,-1.814,0.359
46464,1398941394,49851.25,27.42,-1.863,0.125
46466,1399001396,49849.82,27.42,-1.842,-0.337
46468,1399061394,49849.75,27.42,-1.829,0.095
46470,1399121395,49849.45,27.42,-1.816,0.201
46472,1399181395,49851.06,27.42,-1.831,0.211
46474,1399241395,49848.98,27.42,-1.858,-0.366
46476,1399301396,49850.64,27.43,-1.837,-0.236
46478,1399361394,49851.77,27.43,-1.854,0.400
46480,1399421395,49849.68,27.43,-1.838,-0.176
46482,1399481395,49846.91,27.43,-1.782,-0.034
46484,1399541395,49849.81,27.43,-1.789,0.614
46486,1399601396,49849.98,27.42,-1.823,0.120
46488,1399661395,49849.59,27.43,-1.805,-0.303
46490,1399721395,49849.35,27.42,-1.788,0.189
46492,1399781395,49850.70,27.42,-1.808,0.205
46494,1399841395,49850.58,27.42,-1.806,-0.058
46496,1399901396,49850.00,27.42,-1.829,-0.206
46498,1399961395,49850.12,27.42,-1.873,-0.563
46500,1400021395,49850.30,27.42,-1.871,-0.463
46502,1400081395,49849.49,27.42,-1.853,0.013
46504,1400141395,49849.86,27.42,-1.832,0.275
46506,1400201396,49848.87,27.42,-1.813,0.295
46508,1400261394,49849.18,27.41,-1.792,0.285
46510,1400321395,49849.61,27.41,-1.756,0.544
46512,1400381395,49848.66,27.41,-1.713,0.610
46514,1400441395,49849.18,27.41,-1.723,0.411
46516,1400501396,49849.70,27.41,-1.726,0.033
46518,1400561394,49849.28,27.41,-1.743,-0.137
46520,1400621395,49849.04,27.41,-1.780,-0.477
46522,1400681395,49849.93,27.41,-1.805,-0.502
46524,1400741394,49850.75,27.41,-1.836,-0.316
46526,1400801396,49849.42,27.41,-1.823,-0.349
46528,1400861395,49849.19,27.41,-1.825,-0.064
46530,1400921403,49849.87,27.41,-1.814,0.109
46532,1400981394,49849.47,27.42,-1.790,0.287
46534,1401041395,49849.26,27.41,-1.729,0.568
46536,1401101396,49851.78,27.41,-1.826,0.379
46538,1401161395,49849.36,27.41,-1.810,-0.912
46540,1401221395,49849.86,27.41,-1.793,-0.028
46542,1401281395,49849.82,27.41,-1.811,0.154
46544,1401341394,49847.54,27.41,-1.759,-0.120
46546,1401401396,49849.25,27.41,-1.764,0.465
46548,1401461395,49849.12,27.41,-1.808,-0.091
46550,1401521395,49848.91,27.41,-1.794,-0.448
46552,1401581395,49850.70,27.41,-1.817,0.142
46554,1401641395,49849.88,27.41,-1.814,-0.113
46556,1401701396,49850.41,27.41,-1.814,-0.022
46558,1401761395,49850.20,27.41,-1.820,0.001
46560,1401821395,49849.62,27.41,-1.817,-0.136
46562,1401881395,49849.59,27.42,-1.790,0.121
46564,1401941394,49849.83,27.42,-1.837,0.042
46566,1402001396,49850.77,27.42,-1.838,-0.372
46568,1402061395,49849.34,27.42,-1.850,-0.180
46570,1402121395,49849.17,27.42,-1.814,-0.094
46572,1402181395,49848.71,27.42,-1.764,0.612
46574,1402241395,49851.04,27.42,-1.854,0.263
46576,1402301396,49849.03,27.42,-1.818,-0.700
46578,1402361394,49849.67,27.42,-1.853,-0.046
46580,1402421394,49849.79,27.42,-1.842,-0.199
46582,1402481395,49849.31,27.42,-1.897,-0.273
46584,1402541395,49850.79,27.42,-1.908,-0.554
46586,1402601396,49850.60,27.42,-1.893,0.045
46588,1402661395,49848.48,27.42,-1.893,-0.099
46590,1402721395,49850.13,27.42,-1.914,-0.155
46592,1402781395,49849.61,27.42,-1.883,0.069
46594,1402841395,49848.58,27.42,-1.854,0.325
46596,1402901396,49849.41,27.42,-1.804,0.628
46598,1402961395,49848.38,27.42,-1.768,0.772
46600,1403021395,49848.00,27.42,-1.762,0.329
46602,1403081395,49849.37,27.42,-1.771,0.154
46604,1403141394,49850.31,27.43,-1.793,0.030
46606,1403201396,49850.36,27.43,-1.825,-0.329
46608,1403261394,49850.32,27.43,-1.833,-0.425
46610,1403321395,49849.63,27.43,-1.837,-0.221
46612,1403381395,49850.80,27.43,-1.845,-0.048
46614,1403441395,49850.89,27.43,-1.863,-0.065
46616,1403501396,49850.16,27.43,-1.829,-0.077
46618,1403561395,49849.73,27.43,-1.839,0.171
46620,1403621395,49849.78,27.43,-1.881,-0.353
46622,1403681395,49848.59,27.43,-1.863,-0.491
46624,1403741394,49849.63,27.43,-1.827,0.343
46626,1403801396,49850.76,27.43,-1.878,0.350
46628,1403861394,49850.12,27.44,-1.916,-0.692
46630,1403921403,49849.39,27.43,-1.886,-0.447
46632,1403981395,49850.23,27.44,-1.890,0.276
46634,1404041395,49850.46,27.44,-1.902,0.034
46636,1404101396,49849.82,27.44,-1.892,-0.121
46638,1404161394,49849.68,27.44,-1.857,0.216
46640,1404221395,49849.33,27.44,-1.845,0.417
46642,1404281395,49851.05,27.44,-1.865,0.203
46644,1404341395,49850.27,27.44,-1.880,-0.200
46646,1404401396,49850.43,27.44,-1.895,-0.338
46648,1404461394,49850.45,27.44,-1.911,-0.250
46650,1404521394,49849.39,27.44,-1.866,-0.043
46652,1404581395,49849.55,27.44,-1.853,0.458
46654,1404641395,49849.35,27.45,-1.865,0.113
46656,1404701396,49849.12,27.45,-1.873,-0.203
46658,1404761394,49849.62,27.44,-1.881,-0.119
46660,1404821395,49851.27,27.45,-1.906,-0.019
46662,1404881395,49850.87,27.44,-1.887,-0.045
46664,1404941394,49850.03,27.44,-1.915,-0.108
46666,1405001396,49849.16,27.44,-1.865,-0.175
46668,1405061395,49847.85,27.44,-1.827,0.515
46670,1405121395,49850.64,27.44,-1.858,0.448
46672,1405181395,49851.18,27.44,-1.896,-0.170
46674,1405241395,49849.66,27.44,-1.867,-0.389
46676,1405301396,49851.98,27.44,-1.885,0.262
46678,1405361395,49850.12,27.43,-1.857,0.040
46680,1405421395,49849.48,27.43,-1.842,0.105
46682,1405481395,49852.44,27.43,-1.893,0.149
46684,1405541395,49850.37,27.43,-1.880,-0.374
46686,1405601396,49849.34,27.43,-1.860,-0.124
46688,1405661395,49849.98,27.43,-1.861,0.191
46690,1405721394,49849.32,27.43,-1.833,0.171
46692,1405781395,49849.06,27.42,-1.797,0.422
46694,1405841395,49849.36,27.42,-1.833,0.220
46696,1405901396,49849.61,27.42,-1.779,0.013
46698,1405961395,49848.82,27.42,-1.753,0.651
46700,1406021395,49849.37,27.42,-1.773,0.195
46702,1406081395,49849.21,27.42,-1.777,-0.175
46704,1406141395,49851.55,27.42,-1.822,-0.097
46706,1406201396,49848.98,27.42,-1.824,-0.538
46708,1406261394,49850.37,27.42,-1.839,-0.279
46710,1406321394,49850.32,27.42,-1.834,0.008
46712,1406381395,49851.31,27.42,-1.896,-0.217
46714,1406441394,49848.02,27.42,-1.847,-0.643
46716,1406501396,49849.08,27.42,-1.832,0.318
46718,1406561395,49850.52,27.42,-1.833,0.482
46720,1406621395,49848.80,27.42,-1.803,0.156
46722,1406681395,49850.31,27.42,-1.819,0.207
46724,1406741395,49849.25,27.42,-1.812,-0.061
46726,1406801396,49850.32,27.42,-1.814,0.050
46728,1406861395,49850.82,27.42,-1.844,-0.021
46730,1406921403,49849.85,27.42,-1.845,-0.383
46732,1406981395,49850.71,27.42,-1.877,-0.241
46734,1407041395,49849.53,27.42,-1.878,-0.399
46736,1407101396,49849.76,27.42,-1.894,-0.236
46738,1407161394,49850.19,27.42,-1.858,0.101
46740,1407221395,49849.31,27.42,-1.855,0.356
46742,1407281395,49848.79,27.41,-1.799,0.246
46744,1407341395,49849.48,27.41,-1.805,0.603
46746,1407401396,49849.32,27.42,-1.789,0.142
46748,1407461395,49848.48,27.42,-1.762,0.218
46750,1407521395,49847.30,27.41,-1.719,0.358
46752,1407581395,49851.01,27.41,-1.795,0.328
46754,1407641395,49848.74,27.41,-1.779,-0.552
46756,1407701396,49850.99,27.41,-1.830,-0.204
46758,1407761394,49850.12,27.41,-1.873,-0.645
46760,1407821395,49850.33,27.41,-1.839,-0.400
46762,1407881395,49848.99,27.41,-1.810,0.372
46764,1407941394,49849.74,27.41,-1.816,0.260
46766,1408001396,49850.18,27.41,-1.841,-0.057
46768,1408061394,49850.18,27.40,-1.855,-0.320
46770,1408121395,49849.57,27.40,-1.844,-0.177
46772,1408181395,49849.18,27.40,-1.828,0.101
46774,1408241395,49850.44,27.40,-1.824,0.301
46776,1408301396,49849.70,27.40,-1.843,0.004
46778,1408361394,49850.34,27.40,-1.836,-0.176
46780,1408421395,49849.81,27.40,-1.848,-0.001
46782,1408481395,49848.55,27.40,-1.856,-0.360
46784,1408541394,49849.15,27.40,-1.856,-0.180
46786,1408601396,49850.89,27.40,-1.855,0.250
46788,1408661394,49850.10,27.40,-1.844,0.183
46790,1408721394,49849.29,27.40,-1.840,-0.024
46792,1408781395,49848.45,27.40,-1.859,-0.236
46794,1408841395,49848.53,27.40,-1.824,-0.087
46796,1408901396,49850.32,27.40,-1.828,0.543
46798,1408961395,49849.68,27.39,-1.848,0.002
46800,1409021395,49849.25,27.39,-1.829,-0.222
46802,1409081395,49849.72,27.39,-1.833,0.163
46804,1409141394,49849.33,27.39,-1.793,0.215
46806,1409201396,49851.84,27.39,-1.853,0.315
46808,1409261395,49851.94,27.39,-1.892,-0.568
46810,1409321395,49849.92,27.39,-1.877,-0.608
46812,1409381395,49849.63,27.39,-1.824,0.183
46814,1409441395,49849.55,27.39,-1.829,0.536
46816,1409501396,49850.23,27.39,-1.858,-0.101
46818,1409561395,49849.79,27.38,-1.864,-0.340
46820,1409621395,49848.84,27.39,-1.823,-0.009
46822,1409681395,49850.09,27.38,-1.818,0.513
46824,1409741394,49850.07,27.38,-1.826,0.179
46826,1409801396,49847.77,27.38,-1.766,0.018
46828,1409861395,49850.22,27.38,-1.803,0.459
46830,1409921403,49850.67,27.38,-1.817,-0.117
46832,1409981395,49850.15,27.38,-1.849,-0.385
46834,1410041395,49850.65,27.38,-1.838,-0.308
46836,1410101396,49849.21,27.38,-1.849,-0.077
46838,1410161394,49850.60,27.37,-1.865,-0.213
46840,1410221395,49849.28,27.37,-1.859,-0.147
46842,1410281395,49849.02,27.37,-1.850,-0.061
46844,1410341395,49847.21,27.37,-1.799,0.185
46846,1410401396,49849.96,27.37,-1.799,0.673
46848,1410461395,49848.73,27.37,-1.781,0.317
46850,1410521395,49850.38,27.37,-1.794,0.164
46852,1410581395,49849.76,27.37,-1.799,-0.046
46854,1410641395,49848.21,27.37,-1.779,-0.182
46856,1410701396,49849.67,27.37,-1.808,0.038
46858,1410761395,49850.89,27.37,-1.848,-0.245
46860,1410821395,49849.66,27.37,-1.831,-0.379
46862,1410881395,49848.41,27.37,-1.824,-0.079
46864,1410941394,49851.67,27.37,-1.892,-0.079
46866,1411001396,49850.29,27.37,-1.913,-0.666
46868,1411061394,49850.06,27.37,-1.932,-0.589
46870,1411121395,49848.88,27.37,-1.885,-0.113
46872,1411181395,49848.70,27.37,-1.871,0.439
46874,1411241395,49851.01,27.37,-1.933,0.072
46876,1411301396,49850.43,27.37,-1.920,-0.408
46878,1411361395,49849.46,27.37,-1.890,0.081
46880,1411421395,49850.13,27.37,-1.891,0.308
46882,1411481395,49849.09,27.37,-1.834,0.315
46884,1411541394,49850.22,27.37,-1.867,0.445
46886,1411601396,49847.97,27.37,-1.811,-0.095
46888,1411661394,49850.16,27.37,-1.785,0.726
46890,1411721395,49850.48,27.37,-1.825,0.382
46892,1411781395,49851.82,27.37,-1.897,-0.655
46894,1411841395,49849.64,27.37,-1.865,-0.741
46896,1411901396,49850.74,27.37,-1.894,-0.006
46898,1411961394,49850.77,27.37,-1.916,-0.290
46900,1412021395,49849.64,27.37,-1.902,-0.312
46902,1412081395,49849.56,27.37,-1.920,-0.106
46904,1412141395,49848.57,27.37,-1.864,0.028
46906,1412201396,49851.90,27.37,-1.908,0.592
46908,1412261394,49849.94,27.37,-1.906,-0.270
46910,1412321394,49849.40,27.38,-1.909,-0.309
46912,1412381395,49849.05,27.38,-1.892,-0.020
46914,1412441395,49848.36,27.38,-1.869,0.206
46916,1412501396,49850.44,27.38,-1.901,0.224
46918,1412561394,49850.56,27.38,-1.875,0.058
46920,1412621395,49849.91,27.38,-1.898,0.066
46922,1412681395,49849.45,27.38,-1.837,0.010
46924,1412741395,49850.59,27.38,-1.860,0.596
46926,1412801396,49850.11,27.38,-1.862,-0.135
46928,1412861395,49850.11,27.38,-1.880,-0.207
46930,1412921403,49849.09,27.38,-1.835,-0.048
46932,1412981395,49849.90,27.38,-1.868,0.262
46934,1413041395,49849.91,27.38,-1.859,-0.178
46936,1413101396,49848.52,27.37,-1.810,0.212
46938,1413161395,49849.25,27.37,-1.793,0.575
46940,1413221395,49849.32,27.37,-1.755,0.543
46942,1413281395,49851.46,27.37,-1.799,0.423
46944,1413341395,49851.32,27.37,-1.829,-0.408
46946,1413401396,49848.73,27.37,-1.828,-0.663
46948,1413461395,49851.25,27.38,-1.889,-0.386
46950,1413521394,49850.03,27.38,-1.900,-0.603
46952,1413581395,49848.64,27.38,-1.862,-0.242
46954,1413641395,49848.92,27.38,-1.826,0.501
46956,1413701396,49849.07,27.38,-1.822,0.509
46958,1413761395,49849.29,27.38,-1.817,0.148
46960,1413821395,49851.15,27.38,-1.871,-0.037
46962,1413881395,49850.75,27.38,-1.876,-0.461
46964,1413941395,49849.99,27.38,-1.884,-0.280
46966,1414001396,49849.02,27.38,-1.879,-0.247
46968,1414061394,49849.30,27.39,-1.856,0.108
46970,1414121394,49850.54,27.39,-1.886,0.244
46972,1414181395,49849.49,27.39,-1.872,-0.203
46974,1414241394,49849.25,27.39,-1.851,0.103
46976,1414301396,49849.70,27.39,-1.852,0.268
46978,1414361395,49849.50,27.39,-1.828,0.177
46980,1414421395,49848.93,27.39,-1.827,0.189
46982,1414481395,49850.18,27.39,-1.841,0.031
46984,1414541395,49849.04,27.39,-1.842,-0.153
46986,1414601396,49851.00,27.39,-1.831,0.122
46988,1414661395,49849.78,27.39,-1.842,0.138
46990,1414721394,49850.05,27.39,-1.822,-0.096
46992,1414781395,49849.89,27.39,-1.849,0.067
46994,1414841395,49850.83,27.39,-1.854,-0.223
46996,1414901396,49851.38,27.39,-1.947,-0.470
46998,1414961394,49849.39,27.39,-1.926,-1.064
47000,1415021394,49850.78,27.39,-1.937,0.011
47002,1415081395,49850.25,27.39,-1.948,-0.075
47004,1415141395,49849.82,27.39,-1.909,-0.006
47006,1415201396,49849.67,27.39,-1.903,0.391
47008,1415261395,49849.24,27.39,-1.860,0.291
47010,1415321395,49849.45,27.39,-1.851,0.511
47012,1415381395,49849.33,27.39,-1.848,0.169
47014,1415441395,49849.73,27.39,-1.869,-0.046
47016,1415501396,49849.92,27.39,-1.847,-0.036
47018,1415561394,49849.57,27.39,-1.814,0.399
47020,1415621395,49849.80,27.39,-1.843,0.203
47022,1415681395,49850.98,27.39,-1.877,-0.333
47024,1415741395,49848.85,27.39,-1.862,-0.426
47026,1415801396,49850.46,27.39,-1.874,0.008
47028,1415861394,49851.14,27.39,-1.920,-0.137
47030,1415921403,49850.07,27.39,-1.880,-0.327
47032,1415981395,49852.05,27.39,-1.914,0.292
47034,1416041395,49847.50,27.39,-1.851,-0.248
47036,1416101396,49850.64,27.39,-1.880,0.343
47038,1416161394,49851.09,27.39,-1.901,0.007
47040,1416221395,49849.32,27.39,-1.900,-0.398
47042,1416281395,49849.33,27.39,-1.865,0.003
47044,1416341394,49850.78,27.39,-1.885,0.425
47046,1416401396,49850.80,27.39,-1.878,0.019
47048,1416461394,49849.18,27.39,-1.887,-0.163
47050,1416521394,49847.61,27.39,-1.829,-0.101
47052,1416581395,49849.40,27.39,-1.834,0.623
47054,1416641395,49849.78,27.39,-1.841,0.194
47056,1416701396,49849.99,27.39,-1.851,-0.075
47058,1416761394,49849.46,27.39,-1.825,0.004
47060,1416821395,49850.70,27.40,-1.863,0.130
47062,1416881395,49850.02,27.40,-1.883,-0.449
47064,1416941394,49851.11,27.40,-1.954,-0.632
47066,1417001396,49851.30,27.40,-1.991,-0.888
47068,1417061395,49851.45,27.40,-2.003,-0.513
47070,1417121395,49848.82,27.40,-1.950,-0.126
47072,1417181395,49848.55,27.40,-1.890,0.610
47074,1417241395,49850.20,27.40,-1.865,1.010
47076,1417301396,49848.94,27.40,-1.870,0.353
47078,1417361395,49848.71,27.40,-1.858,-0.113
47080,1417421395,49850.82,27.40,-1.886,0.164
47082,1417481395,49848.70,27.40,-1.866,-0.183
47084,1417541394,49848.42,27.40,-1.816,0.227
47086,1417601396,49850.02,27.40,-1.824,0.670
47088,1417661395,49851.40,27.40,-1.906,-0.202
47090,1417721395,49851.07,27.40,-1.903,-0.787
47092,1417781395,49849.93,27.40,-1.871,-0.021
47094,1417841395,49851.40,27.40,-1.906,0.191
47096,1417901396,49850.45,27.40,-1.923,-0.394
47098,1417961394,49849.79,27.40,-1.919,-0.378
47100,1418021395,49848.90,27.40,-1.889,0.039
47102,1418081395,49849.00,27.40,-1.863,0.397
47104,1418141395,49849.73,27.40,-1.863,0.411
47106,1418201396,49848.42,27.40,-1.840,0.101
47108,1418261395,49849.73,27.41,-1.840,0.258
47110,1418321395,49849.86,27.40,-1.870,0.002
47112,1418381395,49849.77,27.41,-1.892,-0.456
47114,1418441395,49850.59,27.41,-1.910,-0.303
47116,1418501396,49846.59,27.41,-1.834,-0.120
47118,1418561395,49849.69,27.41,-1.836,0.712
47120,1418621395,49848.64,27.41,-1.819,0.380
47122,1418681395,49849.81,27.41,-1.844,0.051
47124,1418741394,49848.83,27.41,-1.867,-0.374
47126,1418801396,49850.59,27.41,-1.902,-0.401
47128,1418861394,49848.70,27.41,-1.876,-0.275
47130,1418921411,49849.97,27.41,-1.856,0.299
47132,1418981395,49847.69,27.41,-1.786,0.548
47134,1419041395,49850.78,27.41,-1.816,0.708
47136,1419101396,49849.49,27.41,-1.805,0.003
47138,1419161395,49850.91,27.41,-1.853,-0.176
47140,1419221395,49850.99,27.41,-1.914,-0.712
47142,1419281395,49849.09,27.41,-1.913,-0.912
47144,1419341394,49849.30,27.41,-1.877,-0.026
47146,1419401396,49849.49,27.41,-1.880,0.421
47148,1419461395,49849.46,27.41,-1.895,-0.070
47150,1419521395,49851.11,27.41,-1.917,-0.121
47152,1419581395,49850.64,27.41,-1.938,-0.248
47154,1419641395,49850.04,27.41,-1.937,-0.365
47156,1419701396,49849.69,27.41,-1.909,0.043
47158,1419761394,49851.20,27.41,-1.942,0.242
47160,1419821395,49850.23,27.41,-1.920,-0.145
47162,1419881395,49854.48,27.41,-2.054,-0.226
47164,1419941394,49852.87,27.41,-2.142,-1.684
47166,1420001396,49855.66,27.41,-2.283,-1.816
47168,1420061394,49854.76,27.41,-2.350,-1.837
47170,1420121395,49852.69,27.41,-2.364,-1.283
47172,1420181395,49855.34,27.41,-2.455,-0.692
47174,1420241395,49853.76,27.41,-2.450,-0.881
47176,1420301396,49852.61,27.41,-2.415,-0.123
47178,1420361394,49854.83,27.41,-2.452,0.286
47180,1420421395,49853.87,27.41,-2.493,-0.477
47182,1420481395,49852.45,27.41,-2.503,-0.800
47184,1420541395,49853.13,27.41,-2.456,0.041
47186,1420601396,49849.31,27.40,-2.373,0.650
47188,1420661394,49851.00,27.40,-2.305,1.139
47190,1420721395,49848.89,27.40,-2.133,1.801
47192,1420781395,49849.99,27.40,-2.048,2.361
47194,1420841395,49848.90,27.40,-1.985,1.484
47196,1420901396,49851.04,27.40,-1.957,1.056
47198,1420961395,49850.74,27.40,-1.947,0.631
47200,1421021395,49848.70,27.40,-1.873,0.330
47202,1421081395,49851.49,27.40,-1.890,0.810
47204,1421141395,49849.47,27.40,-1.827,0.332
47206,1421201396,49851.32,27.40,-1.853,0.506
47208,1421261395,49849.98,27.40,-1.853,-0.160
47210,1421321395,49849.51,27.40,-1.801,0.085
47212,1421381395,49849.12,27.40,-1.786,0.565
47214,1421441395,49848.85,27.40,-1.750,0.355
47216,1421501396,49847.62,27.40,-1.722,0.421
47218,1421561395,49849.00,27.40,-1.700,0.497
47220,1421621395,49849.98,27.40,-1.770,0.115
47222,1421681395,49850.18,27.40,-1.754,-0.531
47224,1421741395,49850.34,27.40,-1.769,0.055
47226,1421801396,49847.55,27.39,-1.743,-0.279
47228,1421861394,49849.43,27.40,-1.756,0.094
47230,1421921403,49848.25,27.40,-1.750,-0.004
47232,1421981395,49849.54,27.40,-1.758,0.013
47234,1422041395,49847.89,27.40,-1.715,0.135
47236,1422101396,49849.08,27.39,-1.720,0.392
47238,1422161395,49849.39,27.40,-1.726,0.112
47240,1422221395,49848.45,27.39,-1.727,-0.147
47242,1422281395,49848.24,27.39,-1.709,-0.032
47244,1422341395,49850.46,27.39,-1.756,0.139
47246,1422401396,49848.69,27.39,-1.740,-0.356
47248,1422461395,49850.60,27.39,-1.771,-0.043
47250,1422521394,49848.92,27.39,-1.780,-0.350
47252,1422581395,49848.29,27.39,-1.716,-0.008
47254,1422641395,49850.09,27.39,-1.769,0.506
47256,1422701396,49849.53,27.39,-1.772,-0.398
47258,1422761395,49849.59,27.39,-1.739,0.053
47260,1422821395,49849.30,27.39,-1.735,0.352
47262,1422881395,49849.70,27.39,-1.750,0.003
47264,1422941395,49850.59,27.39,-1.779,-0.189
47266,1423001396,49848.94,27.39,-1.788,-0.465
47268,1423061395,49849.68,27.39,-1.800,-0.300
47270,1423121395,49851.34,27.39,-1.802,0.101
47272,1423181395,49850.96,27.39,-1.827,-0.046
47274,1423241395,49850.16,27.39,-1.830,-0.416
47276,1423301396,49849.21,27.39,-1.800,-0.072
47278,1423361394,49851.12,27.39,-1.837,0.211
47280,1423421395,49848.95,27.39,-1.830,-0.363
47282,1423481395,49850.16,27.39,-1.810,0.052
47284,1423541395,49849.07,27.39,-1.812,0.230
47286,1423601396,49847.66,27.39,-1.771,-0.028
47288,1423661394,49849.96,27.39,-1.784,0.475
47290,1423721395,49849.92,27.39,-1.795,0.070
47292,1423781395,49848.94,27.39,-1.745,0.049
47294,1423841395,49849.32,27.39,-1.729,0.575
47296,1423901396,49848.14,27.39,-1.734,0.113
47298,1423961394,49851.62,27.39,-1.790,-0.119
47300,1424021395,49849.89,27.39,-1.817,-0.596
47302,1424081395,49849.60,27.39,-1.858,-0.817
47304,1424141394,49849.28,27.39,-1.819,-0.316
47306,1424201396,49849.41,27.39,-1.808,0.432
47308,1424261394,49850.35,27.39,-1.833,0.131
47310,1424321394,49850.41,27.39,-1.856,-0.294
47312,1424381395,49849.45,27.39,-1.842,-0.296
47314,1424441395,49850.01,27.39,-1.862,-0.030
47316,1424501396,49848.93,27.39,-1.815,0.016
47318,1424561395,49849.09,27.39,-1.797,0.504
47320,1424621395,49849.34,27.39,-1.789,0.334
47322,1424681395,49849.18,27.39,-1.772,0.221
47324,1424741394,49848.79,27.39,-1.753,0.250
47326,1424801396,49849.08,27.39,-1.743,0.279
47328,1424861395,49849.04,27.39,-1.735,0.205
47330,1424921403,49849.01,27.39,-1.730,0.122
47332,1424981395,49848.84,27.39,-1.690,0.270
47334,1425041395,49849.26,27.39,-1.682,0.514
47336,1425101396,49851.50,27.39,-1.718,0.208
47338,1425161395,49849.97,27.39,-1.742,-0.453
47340,1425221395,49849.13,27.39,-1.744,-0.564
47342,1425281395,49849.75,27.40,-1.733,-0.006
47344,1425341394,49850.50,27.40,-1.742,0.214
47346,1425401396,49849.15,27.40,-1.713,0.013
47348,1425461395,49849.38,27.40,-1.738,0.045
47350,1425521395,49848.25,27.40,-1.711,-0.188
47352,1425581395,49850.10,27.40,-1.740,0.181
47354,1425641395,49849.33,27.40,-1.712,-0.010
47356,1425701396,49850.90,27.40,-1.735,0.232
47358,1425761394,49849.92,27.40,-1.764,-0.337
47360,1425821395,49849.05,27.40,-1.725,-0.311
47362,1425881395,49849.92,27.41,-1.750,0.258
47364,1425941394,49850.43,27.41,-1.791,-0.325
47366,1426001396,49850.10,27.41,-1.793,-0.472
47368,1426061395,49849.22,27.41,-1.766,-0.035
47370,1426121395,49847.65,27.41,-1.723,0.283
47372,1426181395,49849.38,27.41,-1.721,0.529
47374,1426241395,49850.17,27.42,-1.753,0.146
47376,1426301396,49848.70,27.42,-1.716,-0.210
47378,1426361395,49849.09,27.42,-1.734,0.154
47380,1426421395,49850.24,27.42,-1.771,-0.215
47382,1426481395,49849.59,27.42,-1.764,-0.329
47384,1426541394,49848.71,27.42,-1.767,-0.136
47386,1426601396,49850.21,27.42,-1.801,-0.161
47388,1426661394,49849.00,27.42,-1.798,-0.336
47390,1426721395,49850.12,27.43,-1.820,-0.142
47392,1426781395,49848.71,27.43,-1.774,-0.000
47394,1426841395,49848.62,27.43,-1.766,0.375
47396,1426901396,49849.48,27.43,-1.774,0.170
47398,1426961395,49848.70,27.43,-1.766,-0.028
47400,1427021395,49849.85,27.43,-1.787,-0.000
47402,1427081395,49850.35,27.43,-1.805,-0.147
47404,1427141394,49848.03,27.43,-1.759,-0.147
47406,1427201396,49851.12,27.43,-1.774,0.485
47408,1427261394,49850.06,27.44,-1.785,0.034
47410,1427321395,49851.05,27.44,-1.805,-0.262
47412,1427381395,49849.82,27.44,-1.825,-0.369
47414,1427441395,49848.96,27.44,-1.802,-0.333
47416,1427501396,49850.50,27.44,-1.821,0.192
47418,1427561394,49850.75,27.44,-1.838,-0.094
47420,1427621395,49848.05,27.44,-1.757,0.002
47422,1427681395,49849.08,27.44,-1.756,0.706
47424,1427741395,49849.54,27.44,-1.760,0.228
47426,1427801396,49848.85,27.44,-1.751,-0.013
47428,1427861394,49850.21,27.44,-1.777,0.012
47430,1427921403,49848.70,27.44,-1.788,-0.352
47432,1427981395,49849.79,27.44,-1.804,-0.289
47434,1428041395,49847.88,27.44,-1.773,-0.097
47436,1428101396,49849.68,27.44,-1.795,0.189
47438,1428161394,49851.42,27.45,-1.801,0.134
47440,1428221395,49849.73,27.45,-1.792,-0.035
47442,1428281395,49849.95,27.45,-1.789,-0.050
47444,1428341394,49850.51,27.45,-1.816,-0.033
47446,1428401396,49847.65,27.45,-1.783,-0.347
47448,1428461395,49849.10,27.45,-1.802,0.081
47450,1428521395,49847.42,27.45,-1.764,0.019
47452,1428581395,49849.04,27.45,-1.770,0.358
47454,1428641395,49851.43,27.45,-1.819,0.112
47456,1428701396,49850.43,27.45,-1.871,-0.703
47458,1428761395,49850.08,27.45,-1.871,-0.767
47460,1428821395,49850.50,27.45,-1.892,-0.168
47462,1428881395,49848.79,27.45,-1.849,-0.112
47464,1428941394,49849.41,27.45,-1.851,0.322
47466,1429001396,49850.79,27.44,-1.867,0.137
47468,1429061395,49850.00,27.44,-1.880,-0.190
47470,1429121394,49850.21,27.44,-1.910,-0.392
47472,1429181395,49849.69,27.44,-1.866,-0.123
47474,1429241395,49848.67,27.44,-1.846,0.405
47476,1429301396,49849.52,27.44,-1.812,0.443
47478,1429361394,49850.09,27.44,-1.811,0.559
47480,1429421395,49848.84,27.44,-1.821,-0.080
47482,1429481395,49850.73,27.44,-1.911,-0.566
47484,1429541395,49849.70,27.44,-1.913,-0.925
47486,1429601396,49849.06,27.45,-1.851,0.064
47488,1429661394,49850.89,27.45,-1.900,0.525
47490,1429721394,49851.02,27.45,-1.945,-0.533
47492,1429781395,49851.40,27.45,-1.922,-0.362
47494,1429841394,49849.93,27.45,-1.920,0.105
47496,1429901396,49848.32,27.45,-1.866,0.034
47498,1429961395,49850.99,27.45,-1.917,0.419
47500,1430021395,49849.54,27.45,-1.887,-0.207
47502,1430081395,49848.00,27.45,-1.812,0.394
47504,1430141395,49849.80,27.45,-1.829,0.794
47506,1430201396,49850.32,27.45,-1.839,0.081
47508,1430261395,49849.19,27.45,-1.835,-0.171
47510,1430321394,49849.70,27.45,-1.898,-0.405
47512,1430381395,49851.98,27.45,-1.965,-0.787
47514,1430441395,49849.11,27.45,-1.919,-0.593
47516,1430501396,49850.33,27.45,-1.950,0.075
47518,1430561394,49848.89,27.46,-1.911,-0.090
47520,1430621395,49849.96,27.46,-1.857,0.682
47522,1430681395,49850.17,27.46,-1.845,0.840
47524,1430741394,49851.02,27.46,-1.876,0.118
47526,1430801396,49850.60,27.46,-1.894,-0.386
47528,1430861395,49849.94,27.46,-1.916,-0.480
47530,1430921403,49849.41,27.46,-1.863,-0.084
47532,1430981395,49850.54,27.47,-1.845,0.737
47534,1431041395,49850.66,27.47,-1.855,0.333
47536,1431101396,49848.17,27.47,-1.836,-0.237
47538,1431161394,49847.98,27.47,-1.826,-0.030
47540,1431221395,49850.25,27.47,-1.830,0.334
47542,1431281395,49849.99,27.47,-1.894,-0.189
47544,1431341395,49848.80,27.47,-1.875,-0.757
47546,1431401396,49851.13,27.47,-1.894,0.150
47548,1431461394,49851.80,27.48,-1.972,-0.324
47550,1431521395,49849.61,27.47,-1.934,-0.819
47552,1431581395,49850.17,27.47,-1.942,0.112
47554,1431641395,49850.06,27.47,-1.919,0.139
47556,1431701396,49851.05,27.48,-1.946,0.182
47558,1431761394,49849.45,27.48,-1.897,-0.061
47560,1431821395,49850.47,27.48,-1.871,0.602
47562,1431881395,49849.07,27.48,-1.826,0.566
47564,1431941394,49849.11,27.48,-1.801,0.532
47566,1432001396,49850.05,27.48,-1.815,0.345
47568,1432061394,49849.25,27.48,-1.838,-0.250
47570,1432121394,49850.69,27.48,-1.840,-0.216
47572,1432181395,49849.13,27.48,-1.791,0.232
47574,1432241395,49850.09,27.48,-1.814,0.338
47576,1432301396,49849.60,27.48,-1.813,-0.144
47578,1432361394,49851.35,27.48,-1.829,0.027
47580,1432421395,49850.45,27.48,-1.857,-0.252
47582,1432481395,49850.27,27.48,-1.884,-0.596
47584,1432541394,49849.91,27.48,-1.893,-0.446
47586,1432601396,49850.77,27.48,-1.910,-0.174
47588,1432661395,49849.86,27.48,-1.868,0.048
47590,1432721395,49849.37,27.48,-1.882,0.222
47592,1432781395,49851.32,27.48,-1.885,0.026
47594,1432841395,49850.55,27.48,-1.876,0.128
47596,1432901396,49850.17,27.48,-1.900,-0.169
47598,1432961395,49851.25,27.48,-1.955,-0.499
47600,1433021395,49850.19,27.48,-1.908,-0.360
47602,1433081395,49850.96,27.48,-1.923,0.340
47604,1433141394,49849.80,27.49,-1.924,-0.163
47606,1433201396,49849.27,27.49,-1.919,-0.174
47608,1433261395,49850.48,27.49,-1.939,0.009
47610,1433321395,49849.77,27.49,-1.898,0.076
47612,1433381395,49849.49,27.49,-1.891,0.372
47614,1433441395,49850.76,27.49,-1.909,0.120
47616,1433501396,49851.43,27.49,-1.925,-0.078
47618,1433561394,49851.07,27.49,-1.954,-0.334
47620,1433621395,49850.11,27.49,-1.902,-0.176
47622,1433681395,49850.70,27.49,-1.932,0.327
47624,1433741395,49850.89,27.49,-1.950,-0.292
47626,1433801396,49850.31,27.49,-1.933,-0.170
47628,1433861395,49848.11,27.49,-1.878,0.189
47630,1433921403,49850.11,27.49,-1.857,0.724
47632,1433981395,49850.96,27.49,-1.872,0.509
47634,1434041395,49848.68,27.49,-1.833,-0.065
47636,1434101396,49849.95,27.49,-1.888,-0.017
47638,1434161395,49850.56,27.49,-1.874,-0.289
47640,1434221395,49849.67,27.49,-1.871,0.082
47642,1434281395,49850.15,27.49,-1.899,-0.157
47644,1434341394,49850.20,27.49,-1.883,-0.148
47646,1434401396,49851.90,27.49,-1.948,-0.049
47648,1434461394,49849.74,27.49,-1.926,-0.628
47650,1434521395,49850.84,27.50,-1.950,-0.076
47652,1434581395,49851.41,27.50,-1.931,0.055
47654,1434641395,49850.33,27.50,-1.910,0.248
47656,1434701396,49849.20,27.50,-1.892,0.115
47658,1434761395,49851.39,27.50,-1.929,0.118
47660,1434821395,49851.36,27.50,-1.942,-0.237
47662,1434881395,49850.32,27.50,-1.982,-0.530
47664,1434941394,49850.50,27.50,-1.994,-0.612
47666,1435001396,49849.51,27.50,-1.962,-0.073
47668,1435061395,49850.75,27.50,-1.976,0.283
47670,1435121395,49847.43,27.50,-1.916,0.009
47672,1435181395,49849.59,27.50,-1.903,0.599
47674,1435241395,49850.49,27.49,-1.920,0.436
47676,1435301396,49850.52,27.50,-1.935,-0.166
47678,1435361394,49851.03,27.49,-1.939,-0.151
47680,1435421395,49850.20,27.49,-1.960,-0.210
47682,1435481395,49849.95,27.49,-1.921,-0.121
47684,1435541395,49849.32,27.49,-1.878,0.560
47686,1435601396,49849.52,27.49,-1.851,0.621
47688,1435661394,49849.38,27.49,-1.857,0.317
47690,1435721394,49850.46,27.49,-1.858,0.066
47692,1435781395,49851.35,27.50,-1.889,0.011
47694,1435841395,49849.25,27.49,-1.876,-0.403
47696,1435901396,49850.65,27.49,-1.904,-0.121
47698,1435961395,49849.30,27.49,-1.857,-0.021
47700,1436021395,49852.52,27.49,-1.941,0.197
47702,1436081395,49849.96,27.49,-1.935,-0.770
47704,1436141394,49851.82,27.49,-1.956,-0.222
47706,1436201396,49850.26,27.49,-1.954,-0.183
47708,1436261394,49852.68,27.49,-2.050,-0.465
47710,1436321395,49853.46,27.49,-2.151,-1.300
47712,1436381395,49853.20,27.49,-2.215,-1.534
47714,1436441395,49852.68,27.49,-2.255,-1.129
47716,1436501396,49854.90,27.50,-2.344,-0.846
47718,1436561395,49853.04,27.50,-2.366,-1.112
47720,1436621395,49851.16,27.50,-2.279,-0.230
47722,1436681395,49850.43,27.50,-2.199,1.124
47724,1436741395,49850.50,27.50,-2.159,1.142
47726,1436801396,49851.26,27.50,-2.137,0.739
47728,1436861395,49850.49,27.49,-2.100,0.494
47730,1436921403,49849.85,27.50,-2.053,0.553
47732,1436981395,49849.78,27.50,-2.032,0.602
47734,1437041395,49849.69,27.50,-1.947,0.764
47736,1437101396,49850.43,27.49,-1.927,1.154
47738,1437161395,49848.79,27.50,-1.882,0.478
47740,1437221395,49849.00,27.49,-1.820,0.725
47742,1437281395,49850.04,27.49,-1.867,0.585
47744,1437341395,49848.68,27.49,-1.814,-0.175
47746,1437401396,49848.00,27.49,-1.781,0.513
47748,1437461394,49849.86,27.49,-1.827,0.274
47750,1437521394,49849.58,27.49,-1.842,-0.398
47752,1437581395,49849.36,27.49,-1.834,-0.220
47754,1437641394,49851.13,27.49,-1.851,0.148
47756,1437701396,49850.86,27.49,-1.872,-0.142
47758,1437761395,49850.48,27.49,-1.929,-0.658
47760,1437821395,49849.93,27.49,-1.920,-0.693
47762,1437881395,49850.36,27.49,-1.904,0.119
47764,1437941394,49849.54,27.49,-1.902,0.155
47766,1438001396,49850.12,27.49,-1.909,-0.028
47768,1438061395,49849.38,27.49,-1.920,-0.157
47770,1438121394,49850.94,27.49,-1.915,-0.017
47772,1438181395,49850.23,27.49,-1.936,0.010
47774,1438241395,49850.97,27.49,-1.919,-0.121
47776,1438301396,49848.79,27.49,-1.832,0.529
47778,1438361394,49850.51,27.49,-1.840,0.880
47780,1438421395,49848.93,27.49,-1.852,-0.059
47782,1438481395,49850.73,27.49,-1.887,-0.321
47784,1438541395,49848.86,27.49,-1.839,-0.123
47786,1438601396,49849.79,27.49,-1.848,0.341
47788,1438661395,49849.83,27.49,-1.837,0.122
47790,1438721395,49849.86,27.49,-1.838,0.114
47792,1438781395,49847.65,27.49,-1.767,0.180
47794,1438841395,49851.55,27.49,-1.842,0.525
47796,1438901396,49850.32,27.49,-1.875,-0.659
47798,1438961395,49850.09,27.49,-1.893,-0.703
47800,1439021395,49848.70,27.50,-1.860,-0.220
47802,1439081395,49849.93,27.50,-1.861,0.317
47804,1439141395,49851.03,27.50,-1.878,0.179
47806,1439201396,49847.48,27.50,-1.834,-0.185
47808,1439261394,49846.71,27.50,-1.739,0.558
47810,1439321395,49848.98,27.50,-1.715,1.390
47812,1439381395,49849.93,27.50,-1.738,0.574
47814,1439441395,49853.52,27.50,-1.838,-0.319
47816,1439501396,49847.45,27.50,-1.798,-1.163
47818,1439561394,49849.62,27.50,-1.808,-0.147
47820,1439621395,49848.15,27.50,-1.758,0.303
47822,1439681395,49851.59,27.50,-1.810,0.458
47824,1439741394,49850.57,27.50,-1.812,-0.279
47826,1439801396,49852.08,27.50,-1.866,-0.343
47828,1439861394,49847.94,27.50,-1.799,-0.490
47830,1439921403,49848.30,27.50,-1.759,0.506
47832,1439981395,49848.20,27.50,-1.769,0.482
47834,1440041395,49849.94,27.50,-1.757,0.179
47836,1440101396,49848.07,27.50,-1.725,0.298
47838,1440161394,49849.34,27.50,-1.745,0.191
47840,1440221395,49848.73,27.50,-1.725,-0.007
47842,1440281395,49848.84,27.50,-1.694,0.328
47844,1440341394,49846.38,27.50,-1.555,0.930
47846,1440401396,49846.14,27.50,-1.419,2.069
47848,1440461395,49846.61,27.50,-1.379,1.909
47850,1440521395,49851.65,27.49,-1.520,0.351
47852,1440581395,49853.31,27.49,-1.724,-1.994
47854,1440641395,49854.24,27.50,-1.919,-3.268
47856,1440701396,49852.06,27.49,-2.033,-3.165
47858,1440761395,49849.89,27.49,-2.001,-1.738
47860,1440821395,49847.04,27.49,-1.884,0.377
47862,1440881395,49847.58,27.49,-1.792,1.620
47864,1440941394,49848.62,27.49,-1.743,1.598
47866,1441001396,49853.05,27.49,-1.826,0.738
47868,1441061395,49850.85,27.49,-1.889,-0.993
47870,1441121395,49850.69,27.49,-1.912,-1.170
47872,1441181395,49851.32,27.49,-1.963,-0.567
47874,1441241395,49847.81,27.49,-1.886,-0.449
47876,1441301396,49848.20,27.49,-1.784,1.062
47878,1441361394,49849.59,27.49,-1.780,1.419
47880,1441421395,49849.82,27.49,-1.808,0.154
47882,1441481395,49849.80,27.49,-1.830,-0.409
47884,1441541395,49850.54,27.49,-1.914,-0.691
47886,1441601396,49849.99,27.49,-1.900,-0.845
47888,1441661395,49850.41,27.49,-1.905,0.030
47890,1441721395,49850.11,27.49,-1.914,-0.081
47892,1441781395,49848.52,27.49,-1.861,0.001
47894,1441841395,49850.08,27.49,-1.853,0.615
47896,1441901396,49848.07,27.49,-1.840,0.172
47898,1441961395,49849.96,27.49,-1.841,0.135
47900,1442021395,49850.16,27.49,-1.838,0.250
47902,1442081395,49852.32,27.49,-1.878,0.047
47904,1442141394,49847.80,27.49,-1.833,-0.425
47906,1442201396,49849.94,27.49,-1.824,0.257
47908,1442261394,49850.05,27.49,-1.825,0.379
47910,1442321395,49850.27,27.49,-1.826,0.029
47912,1442381395,49850.23,27.49,-1.844,-0.097
47914,1442441395,49848.91,27.49,-1.806,-0.126
47916,1442501396,49849.79,27.49,-1.846,0.119
47918,1442561395,49849.76,27.49,-1.837,-0.256
47920,1442621395,49851.08,27.48,-1.897,-0.160
47922,1442681395,49848.38,27.48,-1.851,-0.537
47924,1442741394,49849.18,27.48,-1.858,0.207
47926,1442801396,49850.70,27.48,-1.893,0.008
47928,1442861394,49849.62,27.48,-1.896,-0.368
47930,1442921403,49849.64,27.48,-1.894,-0.173
47932,1442981395,49851.02,27.48,-1.933,-0.060
47934,1443041395,49849.20,27.48,-1.890,-0.220
47936,1443101396,49850.93,27.48,-1.899,0.381
47938,1443161394,49849.91,27.48,-1.883,0.116
47940,1443221395,49850.41,27.48,-1.868,0.195
47942,1443281395,49849.07,27.47,-1.859,0.144
47944,1443341395,49849.64,27.48,-1.905,-0.229
47946,1443401396,49851.22,27.47,-1.897,-0.223
47948,1443461394,49850.13,27.47,-1.900,0.072
47950,1443521394,49849.57,27.47,-1.905,-0.232
47952,1443581395,49850.54,27.47,-1.928,-0.148
47954,1443641395,49850.91,27.47,-1.925,-0.102
47956,1443701396,49851.17,27.47,-1.929,0.050
47958,1443761394,49847.41,27.46,-1.846,0.074
47960,1443821395,49850.44,27.46,-1.863,0.738
47962,1443881395,49851.33,27.46,-1.901,0.098
47964,1443941394,49850.55,27.46,-1.884,-0.331
47966,1444001396,49849.15,27.46,-1.849,0.115
47968,1444061394,49849.55,27.46,-1.873,0.162
47970,1444121395,49850.45,27.46,-1.889,-0.182
47972,1444181395,49848.82,27.45,-1.820,0.121
47974,1444241395,49849.77,27.45,-1.805,0.758
47976,1444301396,49848.27,27.45,-1.783,0.304
47978,1444361395,49851.34,27.45,-1.837,0.115
47980,1444421395,49850.17,27.45,-1.824,-0.295
47982,1444481395,49849.20,27.44,-1.784,0.093
47984,1444541395,49849.20,27.44,-1.799,0.273
47986,1444601396,49849.61,27.44,-1.772,0.076
47988,1444661395,49850.20,27.44,-1.769,0.406
47990,1444721394,49849.11,27.43,-1.781,-0.058
47992,1444781395,49849.51,27.43,-1.796,-0.293
47994,1444841395,49849.62,27.43,-1.798,-0.142
47996,1444901396,49847.97,27.43,-1.753,0.057
47998,1444961395,49850.02,27.43,-1.786,0.349
48000,1445021395,49849.83,27.42,-1.793,-0.160
48002,1445081395,49851.21,27.42,-1.859,-0.374
48004,1445141395,49850.52,27.42,-1.868,-0.710
48006,1445201396,49849.61,27.42,-1.867,-0.330
48008,1445261394,49849.41,27.42,-1.851,-0.026
48010,1445321394,49850.11,27.41,-1.854,0.209
48012,1445381395,49849.41,27.41,-1.836,0.094
48014,1445441394,49849.60,27.41,-1.826,0.198
48016,1445501396,49849.48,27.41,-1.846,0.016
48018,1445561395,49850.25,27.41,-1.898,-0.445
48020,1445621395,49849.88,27.41,-1.897,-0.546
48022,1445681395,49848.77,27.41,-1.837,0.150
48024,1445741394,49850.63,27.41,-1.874,0.524
48026,1445801396,49849.36,27.41,-1.856,-0.175
48028,1445861394,49849.12,27.41,-1.863,-0.044
48030,1445921403,49850.34,27.41,-1.843,0.167
48032,1445981395,49850.09,27.41,-1.804,0.547
48034,1446041395,49849.66,27.41,-1.806,0.372
48036,1446101396,49850.85,27.41,-1.823,0.002
48038,1446161394,49849.88,27.41,-1.857,-0.370
48040,1446221395,49850.29,27.41,-1.853,-0.438
48042,1446281395,49849.73,27.41,-1.834,0.109
48044,1446341395,49849.04,27.41,-1.846,0.010
48046,1446401396,49849.99,27.40,-1.863,-0.185
48048,1446461395,49850.51,27.41,-1.896,-0.235
48050,1446521395,49849.66,27.41,-1.881,-0.333
48052,1446581395,49849.95,27.40,-1.874,0.113
48054,1446641395,49850.68,27.40,-1.897,0.075
48056,1446701396,49849.21,27.40,-1.875,-0.196
48058,1446761394,49849.41,27.40,-1.849,0.229
48060,1446821395,49850.93,27.40,-1.854,0.463
48062,1446881395,49848.69,27.40,-1.802,0.202
48064,1446941394,49848.35,27.40,-1.779,0.419
48066,1447001396,49849.78,27.40,-1.799,0.309
48068,1447061394,49848.38,27.40,-1.781,-0.081
48070,1447121395,49849.47,27.40,-1.797,0.055
48072,1447181395,49849.05,27.40,-1.817,-0.207
48074,1447241395,49850.47,27.40,-1.814,-0.117
48076,1447301396,49851.86,27.40,-1.903,-0.202
48078,1447361394,49848.63,27.40,-1.844,-0.831
48080,1447421395,49849.51,27.40,-1.841,0.325
48082,1447481395,49851.50,27.39,-1.917,-0.042
48084,1447541394,49848.24,27.39,-1.873,-0.714
48086,1447601396,49850.32,27.39,-1.886,0.199
48088,1447661394,49850.50,27.39,-1.871,0.234
48090,1447721394,49850.58,27.39,-1.909,-0.039
48092,1447781395,49849.04,27.39,-1.892,-0.461
48094,1447841395,49851.42,27.38,-1.909,0.137
48096,1447901396,49848.09,27.38,-1.851,0.060
48098,1447961395,49850.11,27.38,-1.859,0.439
48100,1448021395,49850.49,27.38,-1.889,0.056
48102,1448081395,49850.27,27.38,-1.902,-0.407
48104,1448141394,49849.63,27.38,-1.891,-0.200
48106,1448201396,49849.94,27.38,-1.849,0.325
48108,1448261395,49851.65,27.38,-1.880,0.506
48110,1448321395,49851.59,27.38,-1.906,-0.279
48112,1448381395,49850.50,27.37,-1.947,-0.682
48114,1448441395,49849.52,27.37,-1.916,-0.516
48116,1448501396,49850.95,27.37,-1.893,0.491
48118,1448561395,49849.70,27.37,-1.903,0.243
48120,1448621395,49850.23,27.37,-1.903,-0.166
48122,1448681395,49850.18,27.37,-1.896,0.085
48124,1448741394,49849.72,27.37,-1.925,-0.147
48126,1448801396,49850.02,27.37,-1.904,-0.209
48128,1448861394,49849.76,27.37,-1.900,0.226
48130,1448921403,49848.32,27.37,-1.855,0.151
48132,1448981395,49849.86,27.37,-1.899,0.258
48134,1449041395,49849.50,27.37,-1.899,-0.312
48136,1449101396,49850.35,27.37,-1.932,-0.192
48138,1449161394,49851.16,27.37,-1.982,-0.481
48140,1449221395,49851.53,27.37,-1.991,-0.514
48142,1449281395,49849.55,27.37,-1.955,-0.115
48144,1449341395,49849.54,27.37,-1.932,0.311
48146,1449401396,49849.10,27.37,-1.901,0.428
48148,1449461395,49852.27,27.37,-1.971,0.254
48150,1449521395,49850.16,27.37,-1.948,-0.492
48152,1449581395,49850.66,27.37,-1.953,-0.024
48154,1449641395,49848.90,27.36,-1.939,-0.087
48156,1449701396,49850.38,27.37,-1.908,0.304
48158,1449761395,49851.94,27.36,-1.971,0.317
48160,1449821395,49848.56,27.36,-1.897,-0.424
48162,1449881395,49851.52,27.36,-1.950,0.396
48164,1449941394,49850.69,27.36,-1.975,-0.428
48166,1450001396,49849.07,27.36,-1.931,-0.337
48168,1450061394,49849.83,27.36,-1.933,0.354
48170,1450121395,49850.86,27.36,-1.937,0.189
48172,1450181395,49852.12,27.36,-1.959,0.069
48174,1450241395,49850.49,27.36,-1.962,-0.300
48176,1450301396,49851.01,27.36,-1.926,0.038
48178,1450361395,49850.49,27.36,-1.935,0.342
48180,1450421395,49850.18,27.35,-1.917,-0.051
48182,1450481395,49851.03,27.35,-1.922,0.213
48184,1450541394,49847.60,27.35,-1.861,0.048
48186,1450601396,49851.69,27.35,-1.908,0.470
48188,1450661394,49851.53,27.35,-1.958,-0.332
48190,1450721395,49851.29,27.35,-1.959,-0.647
48192,1450781395,49850.45,27.35,-1.976,-0.282
48194,1450841395,49850.44,27.35,-2.008,-0.472
48196,1450901396,49849.75,27.35,-2.006,-0.430
48198,1450961394,49850.78,27.35,-2.018,-0.041
48200,1451021395,49850.73,27.34,-2.043,-0.172
48202,1451081395,49850.48,27.35,-2.004,-0.090
48204,1451141395,49852.50,27.34,-2.054,0.294
48206,1451201396,49850.70,27.34,-2.033,-0.363
48208,1451261394,49852.18,27.34,-2.072,-0.073
48210,1451321394,49850.56,27.34,-2.009,-0.058
48212,1451381395,49849.31,27.34,-1.982,0.503
48214,1451441395,49851.18,27.34,-1.982,0.430
48216,1451501396,49849.69,27.34,-1.949,0.268
48218,1451561394,49850.58,27.34,-1.937,0.369
48220,1451621395,49851.20,27.34,-1.924,0.403
48222,1451681395,49850.66,27.33,-1.905,0.276
48224,1451741394,49849.63,27.34,-1.886,0.163
48226,1451801396,49850.86,27.33,-1.904,0.142
48228,1451861395,49850.07,27.33,-1.922,-0.240
48230,1451921403,49851.11,27.33,-1.937,-0.280
48232,1451981395,49849.32,27.33,-1.911,-0.112
48234,1452041395,49850.90,27.33,-1.937,0.101
48236,1452101396,49851.43,27.33,-1.944,-0.073
48238,1452161395,49850.21,27.33,-1.917,-0.024
48240,1452221395,49851.30,27.33,-1.926,0.224
48242,1452281395,49849.74,27.33,-1.935,-0.176
48244,1452341395,49849.40,27.33,-1.914,-0.182
48246,1452401396,49851.26,27.33,-1.965,0.088
48248,1452461395,49850.42,27.32,-1.996,-0.617
48250,1452521394,49850.42,27.32,-1.951,-0.218
48252,1452581395,49850.82,27.32,-1.965,0.420
48254,1452641395,49847.39,27.32,-1.893,-0.015
48256,1452701396,49852.45,27.32,-1.958,0.583
48258,1452761395,49850.50,27.31,-1.952,-0.274
48260,1452821395,49849.63,27.31,-1.919,-0.113
48262,1452881395,49849.48,27.31,-1.897,0.387
48264,1452941395,49850.45,27.31,-1.895,0.375
48266,1453001396,49850.20,27.31,-1.962,-0.272
48268,1453061394,49849.96,27.31,-1.931,-0.606
48270,1453121395,49851.93,27.31,-1.956,0.308
48272,1453181395,49849.95,27.30,-1.898,0.096
48274,1453241394,49849.64,27.30,-1.835,0.740
48276,1453301396,49850.51,27.30,-1.876,0.576
48278,1453361395,49851.10,27.30,-1.903,-0.389
48280,1453421395,49850.28,27.30,-1.890,-0.292
48282,1453481395,49846.84,27.30,-1.823,0.054
48284,1453541394,49852.71,27.29,-1.904,0.535
48286,1453601396,49850.68,27.29,-1.903,-0.409
48288,1453661395,49848.75,27.29,-1.870,-0.302
48290,1453721394,49849.41,27.29,-1.882,0.157
48292,1453781395,49850.53,27.29,-1.882,0.095
48294,1453841395,49851.57,27.29,-1.945,-0.143
48296,1453901396,49848.26,27.29,-1.912,-0.748
48298,1453961394,49850.12,27.29,-1.932,0.022
48300,1454021395,49850.18,27.29,-1.907,0.165
48302,1454081395,49849.64,27.29,-1.878,0.377
48304,1454141395,49850.88,27.29,-1.928,0.126
48306,1454201396,49852.13,27.29,-1.968,-0.489
48308,1454261395,49851.61,27.28,-1.993,-0.563
48310,1454321395,49850.47,27.28,-1.973,-0.374
48312,1454381395,49850.38,27.28,-1.906,0.452
48314,1454441395,49849.91,27.28,-1.919,0.626
48316,1454501396,49849.76,27.28,-1.939,-0.255
48318,1454561395,49848.77,27.28,-1.887,-0.060
48320,1454621395,49850.12,27.28,-1.905,0.487
48322,1454681395,49850.00,27.28,-1.856,0.275
48324,1454741395,49851.22,27.28,-1.898,0.398
48326,1454801396,49851.38,27.28,-1.947,-0.552
48328,1454861394,49850.02,27.28,-1.966,-0.821
48330,1454921403,49849.89,27.28,-1.970,-0.449
48332,1454981395,49849.34,27.28,-1.923,0.138
48334,1455041395,49848.60,27.27,-1.891,0.570
48336,1455101396,49850.78,27.28,-1.913,0.423
48338,1455161394,49850.71,27.28,-1.929,-0.077
48340,1455221395,49852.57,27.28,-2.005,-0.446
48342,1455281395,49851.10,27.28,-1.992,-0.745
48344,1455341394,49850.69,27.28,-1.981,-0.071
48346,1455401396,49849.39,27.28,-1.951,0.132
48348,1455461394,49850.04,27.28,-1.948,0.293
48350,1455521394,49850.98,27.28,-1.972,0.090
48352,1455581395,49848.78,27.28,-1.932,-0.163
48354,1455641395,49851.82,27.28,-1.953,0.388
48356,1455701396,49851.62,27.28,-1.976,-0.024
48358,1455761395,49850.97,27.28,-1.965,-0.305
48360,1455821395,49850.46,27.28,-1.971,-0.055
48362,1455881395,49850.58,27.28,-1.972,-0.104
48364,1455941394,49849.66,27.28,-1.955,-0.012
48366,1456001396,49849.99,27.28,-1.936,0.235
48368,1456061395,49851.29,27.28,-1.959,0.275
48370,1456121395,49850.50,27.28,-1.931,-0.017
48372,1456181395,49850.06,27.29,-1.936,0.126
48374,1456241395,49850.29,27.28,-1.922,0.031
48376,1456301396,49851.22,27.28,-1.950,0.107
48378,1456361395,49849.83,27.28,-1.915,-0.142
48380,1456421395,49849.41,27.28,-1.911,0.193
48382,1456481395,49849.85,27.28,-1.870,0.328
48384,1456541394,49851.17,27.28,-1.936,0.257
48386,1456601396,49852.63,27.28,-1.978,-0.640
48388,1456661395,49851.16,27.28,-1.986,-0.583
48390,1456721395,49850.21,27.28,-1.999,-0.468
48392,1456781395,49850.71,27.28,-2.008,-0.246
48394,1456841395,49849.75,27.28,-1.972,0.050
48396,1456901396,49850.62,27.28,-1.957,0.466
48398,1456961394,49848.48,27.28,-1.884,0.490
48400,1457021395,49850.49,27.28,-1.884,0.804
48402,1457081395,49850.39,27.28,-1.885,0.283
48404,1457141394,49849.20,27.28,-1.858,0.012
48406,1457201396,49851.45,27.28,-1.909,0.112
48408,1457261395,49851.11,27.28,-1.931,-0.461
48410,1457321395,49847.99,27.28,-1.911,-0.547
48412,1457381395,49849.91,27.28,-1.893,0.169
48414,1457441395,49848.84,27.28,-1.863,0.479
48416,1457501396,49849.97,27.28,-1.847,0.452
48418,1457561395,49849.43,27.28,-1.874,0.118
48420,1457621395,49849.47,27.28,-1.861,-0.261
48422,1457681395,49850.58,27.28,-1.880,0.129
48424,1457741394,49852.40,27.28,-1.921,-0.116
48426,1457801396,49849.90,27.28,-1.921,-0.546
48428,1457861394,49849.71,27.28,-1.873,-0.054
48430,1457921411,49851.18,27.28,-1.911,0.436
48432,1457981395,49852.31,27.28,-1.970,-0.436
48434,1458041395,49850.95,27.28,-1.960,-0.657
48436,1458101396,49850.91,27.27,-1.947,-0.025
48438,1458161395,49850.31,27.28,-1.969,-0.041
48440,1458221395,49850.93,27.28,-2.005,-0.436
48442,1458281395,49851.42,27.28,-2.014,-0.351
48444,1458341394,49851.05,27.28,-1.978,0.081
48446,1458401396,49850.35,27.28,-1.986,0.228
48448,1458461394,49851.17,27.28,-1.980,0.001
48450,1458521394,49852.86,27.28,-2.055,-0.120
48452,1458581395,49847.48,27.28,-1.946,-0.579
48454,1458641395,49850.81,27.28,-1.967,0.788
48456,1458701396,49851.63,27.28,-2.007,0.087
48458,1458761394,49849.41,27.28,-1.985,-0.482
48460,1458821395,49850.99,27.28,-2.015,-0.037
48462,1458881395,49850.53,27.28,-2.002,-0.110
48464,1458941394,49850.94,27.28,-1.980,0.237
48466,1459001396,49853.16,27.28,-2.039,0.190
48468,1459061394,49850.69,27.28,-2.027,-0.589
48470,1459121394,49851.80,27.28,-2.048,-0.203
48472,1459181395,49849.41,27.28,-1.999,-0.064
48474,1459241395,49851.02,27.28,-2.038,0.214
48476,1459301396,49852.09,27.28,-2.081,-0.347
48478,1459361394,49852.12,27.29,-2.145,-0.772
48480,1459421395,49853.48,27.29,-2.230,-1.106
48482,1459481395,49853.51,27.29,-2.292,-1.214
48484,1459541394,49854.38,27.29,-2.317,-0.818
48486,1459601396,49852.29,27.29,-2.281,-0.264
48488,1459661394,49851.44,27.29,-2.230,0.348
48490,1459721395,49852.29,27.29,-2.210,0.720
48492,1459781395,49851.20,27.29,-2.196,0.333
48494,1459841395,49849.93,27.30,-2.156,0.156
48496,1459901396,49849.81,27.30,-2.123,0.498
48498,1459961395,49850.34,27.30,-2.120,0.472
48500,1460021395,49850.29,27.30,-2.113,0.160
48502,1460081395,49851.48,27.30,-2.114,0.199
48504,1460141395,49849.68,27.30,-2.061,0.241
48506,1460201396,49851.61,27.30,-2.106,0.333
48508,1460261395,49849.66,27.31,-2.073,-0.251
48510,1460321394,49850.05,27.31,-2.053,0.270
48512,1460381395,49851.57,27.31,-2.093,0.223
48514,1460441395,49850.30,27.31,-2.062,-0.219
48516,1460501396,49849.49,27.31,-2.018,0.338
48518,1460561395,49851.40,27.31,-2.005,0.710
48520,1460621395,49849.39,27.32,-1.966,0.406
48522,1460681395,49851.28,27.32,-1.952,0.519
48524,1460741395,49852.32,27.32,-2.002,0.219
48526,1460801396,49848.29,27.32,-1.970,-0.674
48528,1460861394,49851.32,27.32,-1.979,0.138
48530,1460921403,49850.48,27.33,-1.973,0.209
48532,1460981395,49852.70,27.33,-2.014,-0.036
48534,1461041394,49848.89,27.33,-1.985,-0.448
48536,1461101396,49849.88,27.33,-1.966,0.089
48538,1461161395,49850.43,27.33,-1.968,0.389
48540,1461221395,49851.34,27.33,-1.981,0.080
48542,1461281395,49850.48,27.33,-1.969,-0.071
48544,1461341395,49849.37,27.34,-1.907,0.273
48546,1461401396,49851.55,27.34,-1.933,0.661
48548,1461461395,49849.19,27.34,-1.902,-0.063
48550,1461521394,49849.76,27.34,-1.883,0.231
48552,1461581395,49848.63,27.34,-1.860,0.318
48554,1461641395,49850.33,27.34,-1.899,0.110
48556,1461701396,49852.02,27.35,-1.917,-0.150
48558,1461761394,49848.89,27.35,-1.899,-0.294
48560,1461821395,49848.98,27.35,-1.855,0.109
48562,1461881395,49847.47,27.35,-1.788,0.749
48564,1461941395,49849.08,27.35,-1.791,0.788
48566,1462001396,49849.95,27.35,-1.811,0.184
48568,1462061395,49850.99,27.35,-1.844,-0.212
48570,1462121395,49851.95,27.35,-1.894,-0.466
48572,1462181395,49851.84,27.35,-1.945,-0.792
48574,1462241395,49850.57,27.35,-1.963,-0.871
48576,1462301396,49849.16,27.35,-1.952,-0.471
48578,1462361394,49852.50,27.35,-2.026,-0.126
48580,1462421395,49848.61,27.36,-1.995,-0.684
48582,1462481395,49849.32,27.36,-1.975,0.047
48584,1462541395,49850.36,27.36,-1.997,0.311
48586,1462601396,49849.34,27.36,-1.943,0.095
48588,1462661394,49851.25,27.36,-1.974,0.485
48590,1462721395,49851.06,27.36,-2.024,-0.401
48592,1462781395,49849.33,27.36,-2.006,-0.686
48594,1462841395,49847.72,27.36,-1.923,0.277
48596,1462901396,49851.88,27.36,-1.963,0.982
48598,1462961394,49848.84,27.36,-1.927,-0.025
48600,1463021395,49851.83,27.36,-1.964,0.133
48602,1463081395,49850.11,27.36,-1.960,-0.216
48604,1463141394,49850.24,27.36,-1.950,-0.105
48606,1463201396,49850.54,27.36,-1.963,0.090
48608,1463261394,49849.22,27.36,-1.955,-0.200
48610,1463321394,49850.57,27.37,-1.959,0.056
48612,1463381395,49850.50,27.37,-1.960,0.100
48614,1463441395,49850.87,27.37,-1.979,-0.097
48616,1463501396,49850.36,27.37,-1.968,-0.160
48618,1463561395,49851.30,27.37,-1.974,0.112
48620,1463621395,49851.79,27.37,-2.007,-0.102
48622,1463681395,49852.41,27.38,-2.052,-0.517
48624,1463741394,49849.90,27.38,-2.035,-0.632
48626,1463801396,49851.48,27.38,-2.069,-0.149
48628,1463861395,49849.49,27.38,-2.034,-0.200
48630,1463921403,49851.52,27.38,-2.053,0.241
48632,1463981395,49848.46,27.38,-1.991,0.083
48634,1464041395,49850.20,27.38,-1.989,0.537
48636,1464101396,49851.56,27.38,-2.014,0.270
48638,1464161395,49849.21,27.38,-1.977,-0.165
48640,1464221395,49848.99,27.38,-1.918,0.451
48642,1464281395,49852.09,27.39,-1.971,0.692
48644,1464341395,49851.33,27.39,-1.956,-0.183
48646,1464401396,49850.50,27.39,-1.967,-0.131
48648,1464461395,49849.77,27.39,-1.987,-0.391
48650,1464521395,49849.37,27.39,-1.971,-0.259
48652,1464581395,49850.05,27.39,-1.941,0.361
48654,1464641395,49851.57,27.39,-1.949,0.542
48656,1464701396,49852.37,27.39,-2.000,-0.111
48658,1464761394,49850.02,27.40,-1.968,-0.549
48660,1464821395,49850.45,27.40,-1.960,0.149
48662,1464881395,49851.29,27.40,-1.956,0.277
48664,1464941394,49851.50,27.40,-1.973,0.062
48666,1465001396,49848.64,27.40,-1.956,-0.370
48668,1465061395,49849.44,27.41,-1.938,0.057
48670,1465121394,49849.99,27.40,-1.899,0.597
48672,1465181395,49849.67,27.41,-1.902,0.454
48674,1465241395,49850.49,27.41,-1.935,-0.137
48676,1465301396,49852.13,27.41,-1.986,-0.398
48678,1465361394,49851.86,27.41,-2.025,-0.682
48680,1465421395,49851.98,27.41,-2.064,-0.731
48682,1465481395,49850.16,27.41,-2.035,-0.482
48684,1465541394,49851.14,27.42,-2.021,0.274
48686,1465601396,49848.12,27.42,-1.930,0.496
48688,1465661394,49849.31,27.42,-1.891,1.050
48690,1465721395,49849.75,27.42,-1.909,0.595
48692,1465781395,49851.38,27.42,-1.936,-0.092
48694,1465841395,49850.98,27.42,-1.970,-0.378
48696,1465901396,49850.34,27.42,-1.939,-0.335
48698,1465961395,49850.94,27.43,-1.930,0.355
48700,1466021395,49850.39,27.43,-1.914,0.228
48702,1466081395,49850.00,27.43,-1.929,-0.005
48704,1466141394,49850.76,27.43,-1.931,-0.120
48706,1466201396,49850.26,27.43,-1.969,-0.231
48708,1466261395,49849.38,27.43,-1.955,-0.485
48710,1466321395,49851.01,27.43,-1.991,-0.012
48712,1466381395,49850.50,27.43,-1.958,-0.073
48714,1466441395,49850.92,27.44,-1.951,0.356
48716,1466501396,49850.67,27.44,-1.964,0.051
48718,1466561394,49850.54,27.44,-1.935,-0.007
48720,1466621395,49848.55,27.44,-1.890,0.342
48722,1466681395,49850.65,27.44,-1.924,0.341
48724,1466741395,49851.44,27.44,-1.938,-0.103
48726,1466801396,49849.04,27.44,-1.895,-0.107
48728,1466861394,49849.81,27.44,-1.893,0.298
48730,1466921403,49851.15,27.45,-1.944,-0.007
48732,1466981395,49850.60,27.45,-1.985,-0.715
48734,1467041395,49851.86,27.45,-2.033,-0.712
48736,1467101396,49850.50,27.45,-2.028,-0.558
48738,1467161394,49849.85,27.45,-2.006,-0.078
48740,1467221395,49850.65,27.45,-1.994,0.333
48742,1467281395,49850.54,27.45,-2.029,0.021
48744,1467341394,49850.90,27.46,-2.024,-0.318
48746,1467401396,49850.19,27.46,-2.004,0.100
48748,1467461395,49850.05,27.46,-1.972,0.327
48750,1467521395,49852.36,27.46,-1.983,0.543
48752,1467581395,49849.96,27.46,-1.957,0.051
48754,1467641395,49850.45,27.46,-1.951,0.110
48756,1467701396,49850.87,27.46,-1.995,-0.065
48758,1467761395,49851.31,27.46,-2.004,-0.444
48760,1467821395,49850.46,27.47,-1.989,-0.105
48762,1467881395,49849.45,27.47,-1.954,0.162
48764,1467941394,49848.91,27.47,-1.933,0.362
48766,1468001396,49849.62,27.47,-1.916,0.387
48768,1468061395,49850.71,27.47,-1.907,0.451
48770,1468121394,49850.33,27.47,-1.924,0.093
48772,1468181395,49851.14,27.47,-1.968,-0.387
48774,1468241395,49850.86,27.47,-1.999,-0.630
48776,1468301396,49851.91,27.47,-2.018,-0.421
48778,1468361395,49850.21,27.47,-1.997,-0.184
48780,1468421395,49850.18,27.48,-2.000,0.007
48782,1468481395,49851.10,27.48,-1.997,0.102
48784,1468541395,49852.60,27.48,-2.041,0.027
48786,1468601396,49849.25,27.48,-1.963,-0.223
48788,1468661394,49849.93,27.48,-1.929,0.731
48790,1468721394,49851.04,27.48,-1.969,0.412
48792,1468781395,49849.97,27.48,-1.954,-0.311
48794,1468841395,49850.57,27.48,-1.960,0.040
48796,1468901396,49850.11,27.48,-1.964,-0.061
48798,1468961395,49852.22,27.48,-2.030,-0.255
48800,1469021395,49851.18,27.48,-2.041,-0.686
48802,1469081395,49850.98,27.48,-2.028,-0.248
48804,1469141395,49848.05,27.48,-1.956,0.220
48806,1469201396,49848.75,27.48,-1.904,0.868
48808,1469261395,49850.38,27.48,-1.940,0.694
48810,1469321394,49851.73,27.48,-1.951,-0.088
48812,1469381395,49850.55,27.48,-1.980,-0.311
48814,1469441395,49850.51,27.48,-1.987,-0.499
48816,1469501396,49847.97,27.48,-1.897,0.142
48818,1469561394,49851.95,27.48,-1.947,0.851
48820,1469621395,49850.20,27.48,-1.962,-0.308
48822,1469681395,49851.54,27.48,-1.981,-0.376
48824,1469741395,49852.68,27.48,-2.030,-0.247
48826,1469801396,49852.18,27.48,-2.060,-0.668
48828,1469861395,49850.32,27.48,-2.043,-0.538
48830,1469921403,49850.32,27.48,-2.024,0.064
48832,1469981395,49849.12,27.48,-1.985,0.333
48834,1470041395,49850.16,27.48,-1.976,0.491
48836,1470101396,49851.11,27.48,-1.979,0.335
48838,1470161395,49850.25,27.48,-1.979,-0.016
48840,1470221395,49849.39,27.48,-1.927,0.112
48842,1470281395,49850.41,27.48,-1.924,0.606
48844,1470341395,49850.86,27.48,-1.933,0.196
48846,1470401396,49849.03,27.48,-1.883,0.045
48848,1470461394,49849.74,27.48,-1.872,0.490
48850,1470521395,49850.11,27.48,-1.886,0.209
48852,1470581395,49851.47,27.47,-1.915,-0.132
48854,1470641395,49850.53,27.47,-1.917,-0.302
48856,1470701396,49850.28,27.47,-1.918,-0.178
48858,1470761394,49849.42,27.47,-1.892,0.020
48860,1470821395,49849.40,27.47,-1.889,0.203
48862,1470881395,49848.99,27.47,-1.873,0.112
48864,1470941394,49850.01,27.47,-1.890,0.144
48866,1471001396,49850.14,27.47,-1.939,-0.337
48868,1471061394,49850.38,27.47,-1.949,-0.579
48870,1471121394,49850.77,27.47,-1.981,-0.279
48872,1471181395,49850.66,27.47,-1.990,-0.383
48874,1471241395,49848.27,27.46,-1.929,-0.040
48876,1471301396,49850.20,27.46,-1.925,0.636
48878,1471361395,49848.73,27.46,-1.866,0.503
48880,1471421395,49850.16,27.46,-1.868,0.643
48882,1471481395,49849.14,27.46,-1.873,0.054
48884,1471541394,49851.54,27.46,-1.899,-0.064
48886,1471601396,49850.66,27.46,-1.920,-0.256
48888,1471661395,49849.87,27.46,-1.899,-0.316
48890,1471721395,49851.08,27.46,-1.935,0.046
48892,1471781395,49850.13,27.46,-1.921,-0.263
48894,1471841395,49851.06,27.46,-1.949,-0.053
48896,1471901396,49850.12,27.46,-1.965,-0.394
48898,1471961395,49850.03,27.46,-1.974,-0.367
48900,1472021395,49850.55,27.46,-1.966,-0.022
48902,1472081395,49848.91,27.46,-1.889,0.414
48904,1472141394,49850.95,27.46,-1.905,0.808
48906,1472201396,49851.04,27.46,-1.921,0.039
48908,1472261394,49850.72,27.46,-1.928,-0.262
48910,1472321395,49849.67,27.46,-1.907,-0.117
48912,1472381395,49850.50,27.46,-1.930,0.064
48914,1472441395,49850.22,27.46,-1.923,-0.129
48916,1472501396,49852.11,27.46,-1.942,0.114
48918,1472561394,49850.84,27.46,-1.934,-0.085
48920,1472621395,49851.60,27.46,-1.963,-0.159
48922,1472681395,49850.48,27.46,-1.976,-0.429
48924,1472741395,49849.25,27.46,-1.954,-0.295
48926,1472801396,49850.43,27.46,-1.947,0.264
48928,1472861395,49851.80,27.46,-1.973,0.217
48930,1472921403,49850.38,27.46,-1.978,-0.310
48932,1472981395,49851.41,27.46,-1.961,-0.021
48934,1473041395,49851.47,27.46,-1.986,0.156
48936,1473101396,49851.95,27.46,-2.019,-0.397
48938,1473161395,49849.54,27.46,-1.964,-0.282
48940,1473221394,49850.23,27.47,-1.977,0.318
48942,1473281395,49850.03,27.47,-1.976,-0.026
48944,1473341394,49851.85,27.47,-1.996,0.048
48946,1473401396,49850.27,27.47,-1.944,0.109
48948,1473461394,49850.86,27.47,-1.942,0.462
48950,1473521395,49851.57,27.47,-1.983,-0.024
48952,1473581395,49850.55,27.47,-1.998,-0.570
48954,1473641395,49849.44,27.47,-1.980,-0.330
48956,1473701396,49850.89,27.47,-1.989,0.165
48958,1473761395,49849.45,27.47,-1.963,0.068
48960,1473821395,49850.60,27.47,-1.967,0.230
48962,1473881395,49851.66,27.47,-2.010,-0.031
48964,1473941394,49851.29,27.47,-2.018,-0.456
48966,1474001396,49850.48,27.47,-2.039,-0.385
48968,1474061394,49850.04,27.47,-2.014,-0.231
48970,1474121395,49851.10,27.48,-2.017,0.301
48972,1474181395,49852.06,27.47,-2.056,-0.017
48974,1474241395,49850.48,27.48,-2.052,-0.477
48976,1474301396,49852.46,27.48,-2.097,-0.215
48978,1474361394,49850.80,27.48,-2.069,-0.296
48980,1474421395,49849.91,27.48,-2.027,0.238
48982,1474481395,49848.66,27.48,-2.002,0.416
48984,1474541395,49852.28,27.48,-2.040,0.347
48986,1474601396,49850.48,27.48,-2.025,-0.112
48988,1474661394,49851.25,27.48,-2.025,0.021
48990,1474721394,49850.70,27.48,-2.052,-0.124
48992,1474781395,49852.04,27.48,-2.098,-0.483
48994,1474841395,49849.19,27.48,-2.055,-0.442
48996,1474901396,49850.67,27.48,-2.052,0.294
48998,1474961395,49850.41,27.48,-2.015,0.422
49000,1475021395,49850.95,27.48,-1.976,0.671
49002,1475081395,49849.64,27.48,-1.972,0.413
49004,1475141394,49849.84,27.49,-1.946,0.122
49006,1475201396,49851.53,27.49,-1.951,0.459
49008,1475261395,49850.27,27.48,-1.963,-0.054
49010,1475321395,49852.27,27.49,-2.010,-0.329
49012,1475381395,49850.98,27.49,-2.043,-0.654
49014,1475441395,49850.54,27.49,-2.044,-0.602
49016,1475501396,49850.73,27.49,-2.064,-0.185
49018,1475561395,49850.84,27.49,-2.057,-0.148
49020,1475621395,49851.23,27.49,-2.026,0.291
49022,1475681395,49851.82,27.49,-2.057,0.267
49024,1475741395,49850.46,27.49,-2.079,-0.521
49026,1475801396,49852.02,27.49,-2.096,-0.353
49028,1475861395,49850.22,27.49,-2.049,0.037
49030,1475921403,49851.50,27.49,-2.047,0.465
49032,1475981395,49852.01,27.49,-2.056,0.207
49034,1476041395,49849.24,27.49,-2.025,-0.166
49036,1476101396,49848.67,27.49,-1.981,0.232
49038,1476161395,49851.89,27.49,-1.999,0.702
49040,1476221395,49849.53,27.49,-1.975,0.085
49042,1476281395,49851.21,27.50,-1.974,0.176
49044,1476341394,49851.80,27.50,-1.998,0.140
49046,1476401396,49852.20,27.50,-2.000,-0.166
49048,1476461394,49849.23,27.50,-1.923,0.123
49050,1476521394,49852.41,27.50,-1.989,0.481
49052,1476581395,49851.21,27.50,-2.017,-0.598
49054,1476641394,49848.98,27.50,-1.970,-0.472
49056,1476701396,49851.54,27.50,-1.967,0.542
49058,1476761395,49849.92,27.50,-1.935,0.377
49060,1476821395,49848.80,27.50,-1.903,0.249
49062,1476881395,49849.92,27.50,-1.893,0.437
49064,1476941394,49850.53,27.50,-1.918,0.185
49066,1477001396,49850.25,27.50,-1.941,-0.358
49068,1477061395,49850.00,27.49,-1.952,-0.402
49070,1477121394,49851.20,27.50,-1.977,-0.195
49072,1477181395,49851.07,27.50,-1.983,-0.208
49074,1477241395,49851.35,27.49,-2.007,-0.219
49076,1477301396,49850.92,27.50,-1.985,-0.155
49078,1477361394,49850.30,27.49,-1.972,0.181
49080,1477421395,49850.48,27.49,-1.987,0.038
49082,1477481395,49854.00,27.49,-2.097,-0.404
49084,1477541395,49851.74,27.49,-2.141,-1.357
49086,1477601396,49852.71,27.50,-2.252,-1.381
49088,1477661395,49855.50,27.50,-2.377,-1.602
49090,1477721395,49855.11,27.49,-2.435,-1.581
49092,1477781395,49853.29,27.49,-2.448,-1.079
49094,1477841395,49853.56,27.49,-2.462,-0.453
49096,1477901396,49851.41,27.49,-2.382,0.098
49098,1477961395,49851.52,27.50,-2.364,0.753
49100,1478021395,49851.55,27.50,-2.329,0.505
49102,1478081395,49851.69,27.50,-2.324,0.452
49104,1478141395,49850.45,27.50,-2.267,0.302
49106,1478201396,49851.43,27.50,-2.217,0.901
49108,1478261394,49849.92,27.50,-2.138,1.016
49110,1478321395,49848.48,27.50,-2.060,1.064
49112,1478381395,49850.83,27.50,-2.051,1.095
49114,1478441395,49850.23,27.50,-2.027,0.509
49116,1478501396,49849.41,27.50,-1.984,0.374
49118,1478561394,49851.11,27.50,-1.982,0.600
49120,1478621395,49851.23,27.50,-1.967,0.350
49122,1478681395,49849.62,27.50,-1.971,-0.013
49124,1478741395,49850.61,27.50,-1.957,-0.010
49126,1478801396,49850.54,27.50,-1.948,0.300
49128,1478861394,49852.01,27.50,-1.959,0.203
49130,1478921403,49850.80,27.50,-1.951,-0.040
49132,1478981395,49851.09,27.50,-1.990,-0.246
49134,1479041395,49850.90,27.50,-1.985,-0.378
49136,1479101396,49850.40,27.50,-1.977,-0.016
49138,1479161395,49850.96,27.50,-1.989,0.023
49140,1479221395,49851.74,27.50,-1.987,0.033
49142,1479281395,49848.48,27.51,-1.953,-0.057
49144,1479341394,49850.77,27.50,-1.962,0.221
49146,1479401396,49850.04,27.50,-1.939,0.235
49148,1479461395,49850.50,27.50,-1.940,0.213
49150,1479521395,49850.24,27.50,-1.910,0.211
49152,1479581395,49849.14,27.50,-1.897,0.256
49154,1479641395,49849.64,27.50,-1.882,0.199
49156,1479701396,49849.35,27.50,-1.898,0.112
49158,1479761395,49851.46,27.50,-1.958,-0.320
49160,1479821395,49851.55,27.50,-1.964,-0.482
49162,1479881395,49849.07,27.50,-1.940,-0.246
49164,1479941394,49852.31,27.50,-2.025,-0.155
49166,1480001396,49849.65,27.50,-1.958,-0.456
49168,1480061394,49850.04,27.50,-1.936,0.534
49170,1480121395,49850.93,27.50,-1.942,0.414
49172,1480181395,49851.58,27.51,-1.958,0.028
49174,1480241395,49850.40,27.51,-1.968,-0.291
49176,1480301396,49850.14,27.50,-1.975,-0.324
49178,1480361395,49849.38,27.50,-1.959,-0.107
49180,1480421395,49847.91,27.50,-1.912,0.203
49182,1480481395,49850.01,27.50,-1.904,0.648
49184,1480541395,49850.26,27.50,-1.933,0.223
49186,1480601396,49850.80,27.50,-1.954,-0.342
49188,1480661395,49849.99,27.50,-1.951,-0.273
49190,1480721395,49851.18,27.50,-1.994,-0.206
49192,1480781395,49850.58,27.50,-1.996,-0.429
49194,1480841395,49851.72,27.50,-2.038,-0.252
49196,1480901396,49850.79,27.50,-2.030,-0.392
49198,1480961395,49850.28,27.50,-2.014,-0.016
49200,1481021395,49849.07,27.50,-1.943,0.415
49202,1481081395,49850.80,27.50,-1.980,0.636
49204,1481141394,49849.72,27.51,-1.939,-0.024
49206,1481201396,49850.78,27.50,-1.944,0.383
49208,1481261395,49849.27,27.50,-1.925,0.055
49210,1481321395,49849.79,27.50,-1.903,0.229
49212,1481381395,49851.04,27.50,-1.932,0.279
49214,1481441395,49852.54,27.50,-1.958,-0.149
49216,1481501396,49849.57,27.50,-1.946,-0.407
49218,1481561395,49849.84,27.50,-1.920,-0.032
49220,1481621395,49851.64,27.50,-1.925,0.495
49222,1481681395,49850.09,27.50,-1.873,0.302
49224,1481741394,49848.54,27.50,-1.816,0.568
49226,1481801396,49846.71,27.50,-1.790,0.469
49228,1481861394,49847.93,27.50,-1.729,0.640
49230,1481921403,49846.26,27.50,-1.617,1.313
49232,1481981395,49847.38,27.50,-1.553,1.612
49234,1482041395,49846.98,27.50,-1.531,1.023
49236,1482101395,49853.03,27.50,-1.712,-0.141
49238,1482161394,49853.36,27.50,-1.856,-2.133
49240,1482221395,49854.41,27.50,-2.032,-2.663
49242,1482281395,49852.09,27.50,-2.107,-2.671
49244,1482341395,49850.26,27.50,-2.098,-1.399
49246,1482401396,49848.81,27.50,-2.040,0.010
49248,1482461394,49849.56,27.51,-1.960,1.042
49250,1482521394,49848.25,27.51,-1.897,1.260
49252,1482581395,49848.95,27.51,-1.850,0.985
49254,1482641395,49851.55,27.51,-1.951,0.342
49256,1482701396,49852.35,27.51,-2.043,-1.238
49258,1482761394,49852.10,27.51,-2.111,-1.464
49260,1482821395,49849.91,27.52,-2.069,-0.864
49262,1482881395,49850.48,27.51,-2.026,0.471
49264,1482941394,49849.84,27.52,-1.964,0.875
gf49266,1483001396,49848.70,27.52,-1.917,0.816
49268,1483061395,49851.09,27.52,-1.948,0.534
49270,1483121394,49850.78,27.52,-1.962,-0.151
49272,1483181395,49851.61,27.52,-2.042,-0.601
49274,1483241395,49851.34,27.52,-2.040,-0.828
49276,1483301396,49849.81,27.52,-2.006,-0.057
49278,1483361395,49851.43,27.53,-2.022,0.296
49280,1483421395,49850.28,27.53,-2.008,-0.006
49282,1483481395,49849.75,27.53,-1.995,0.036
49284,1483541395,49851.04,27.53,-2.026,0.058
49286,1483601396,49852.02,27.53,-2.024,-0.083
49288,1483661395,49851.82,27.53,-2.036,0.006
49290,1483721394,49849.82,27.53,-1.987,-0.075
49292,1483781395,49849.48,27.53,-1.941,0.543
49294,1483841395,49850.90,27.54,-1.942,0.670
49296,1483901396,49852.21,27.54,-2.001,-0.010
49298,1483961395,49849.90,27.54,-1.992,-0.709
49300,1484021395,49850.16,27.54,-2.005,-0.259
49302,1484081395,49852.33,27.54,-2.059,-0.193
49304,1484141395,49849.08,27.54,-2.017,-0.480
49306,1484201396,49853.13,27.54,-2.060,0.240
49308,1484261394,49849.66,27.54,-2.013,-0.095
49310,1484321394,49849.26,27.54,-1.965,0.340
49312,1484381395,49850.38,27.54,-1.993,0.497
49314,1484441394,49849.67,27.54,-2.007,-0.295
49316,1484501396,49851.96,27.55,-2.030,-0.149
49318,1484561395,49851.55,27.54,-2.045,-0.154
49320,1484621395,49852.61,27.54,-2.076,-0.298
49322,1484681395,49852.30,27.54,-2.120,-0.532
49324,1484741395,49849.36,27.54,-2.086,-0.667
49326,1484801396,49850.22,27.54,-2.083,0.121
49328,1484861395,49850.92,27.55,-2.049,0.430
49330,1484921403,49851.01,27.55,-2.058,0.413
49332,1484981395,49850.93,27.55,-2.051,-0.026
49334,1485041395,49851.25,27.55,-2.072,-0.023
49336,1485101396,49850.09,27.55,-2.063,-0.265
49338,1485161394,49848.89,27.55,-2.003,0.173
49340,1485221395,49850.02,27.55,-1.982,0.791
49342,1485281395,49851.87,27.55,-2.025,0.359
49344,1485341395,49853.70,27.55,-2.074,-0.349
49346,1485401396,49850.06,27.56,-2.058,-0.683
49348,1485461395,49849.93,27.55,-2.037,-0.150
49350,1485521395,49851.79,27.56,-2.080,0.187
49352,1485581395,49852.52,27.56,-2.086,-0.211
49354,1485641395,49849.53,27.56,-2.023,0.010
49356,1485701396,49851.45,27.56,-2.031,0.522
49358,1485761394,49850.16,27.56,-2.018,0.119
49360,1485821395,49851.28,27.56,-2.030,0.048
49362,1485881395,49849.54,27.56,-1.988,0.065
49364,1485941394,49850.29,27.56,-1.965,0.481
49366,1486001396,49850.04,27.57,-1.928,0.567
49368,1486061394,49851.17,27.57,-1.950,0.392
49370,1486121395,49850.71,27.57,-1.975,-0.275
49372,1486181395,49851.38,27.57,-2.001,-0.421
49374,1486241395,49850.19,27.57,-2.003,-0.381
49376,1486301396,49850.43,27.57,-2.000,-0.136
49378,1486361394,49852.79,27.57,-2.058,-0.034
49380,1486421395,49849.78,27.57,-2.001,-0.372
49382,1486481395,49852.22,27.57,-2.033,0.322
49384,1486541394,49851.87,27.57,-2.022,-0.000
49386,1486601396,49849.90,27.58,-1.994,0.001
49388,1486661394,49851.77,27.58,-2.037,0.057
49390,1486721395,49853.04,27.58,-2.104,-0.498
49392,1486781395,49848.45,27.58,-2.026,-0.691
49394,1486841395,49851.54,27.58,-1.989,0.849
49396,1486901396,49851.71,27.58,-2.047,0.497
49398,1486961395,49851.15,27.58,-2.039,-0.593
49400,1487021395,49850.28,27.58,-2.063,-0.266
49402,1487081395,49852.52,27.58,-2.089,-0.266
49404,1487141394,49852.00,27.59,-2.107,-0.230
49406,1487201396,49850.04,27.59,-2.083,-0.353
49408,1487261395,49850.09,27.59,-2.083,0.042
49410,1487321395,49851.78,27.59,-2.076,0.258
49412,1487381395,49851.97,27.59,-2.103,0.119
49414,1487441395,49851.51,27.59,-2.091,-0.257
49416,1487501396,49852.04,27.59,-2.111,-0.004
49418,1487561395,49853.95,27.59,-2.161,-0.234
49420,1487621395,49851.83,27.59,-2.138,-0.460
49422,1487681395,49850.77,27.59,-2.141,-0.152
49424,1487741394,49852.39,27.59,-2.143,0.035
49426,1487801396,49849.62,27.59,-2.082,0.202
49428,1487861394,49851.30,27.60,-2.070,0.626
49430,1487921403,49850.82,27.60,-2.069,0.337
49432,1487981395,49850.31,27.60,-2.052,0.020
49434,1488041395,49851.07,27.60,-2.036,0.307
49436,1488101396,49850.41,27.60,-2.036,0.198
49438,1488161394,49851.93,27.60,-2.065,-0.060
49440,1488221395,49850.07,27.60,-2.074,-0.409
49442,1488281395,49851.30,27.60,-2.083,-0.252
49444,1488341395,49848.70,27.60,-2.016,0.141
49446,1488401396,49852.09,27.60,-2.048,0.624
49448,1488461395,49849.30,27.60,-2.013,-0.016
49450,1488521395,49849.91,27.60,-1.975,0.339
49452,1488581395,49850.66,27.60,-1.974,0.609
49454,1488641395,49849.57,27.60,-1.963,0.080
49456,1488701396,49851.92,27.60,-2.013,-0.031
49458,1488761395,49850.56,27.60,-2.015,-0.442
49460,1488821395,49850.77,27.61,-2.054,-0.426
49462,1488881395,49849.37,27.60,-2.038,-0.466
49464,1488941394,49850.27,27.61,-2.007,0.259
49466,1489001396,49852.44,27.61,-2.044,0.475
49468,1489061394,49853.19,27.61,-2.064,-0.178
49470,1489121395,49851.86,27.61,-2.053,-0.258
49472,1489181395,49851.72,27.61,-2.077,-0.198
49474,1489241395,49849.77,27.61,-2.025,-0.177
49476,1489301396,49850.09,27.61,-2.039,0.292
49478,1489361395,49849.50,27.61,-1.993,0.134
49480,1489421395,49851.22,27.61,-2.004,0.554
49482,1489481395,49850.54,27.61,-2.028,-0.099
49484,1489541394,49851.62,27.61,-2.042,-0.319
49486,1489601396,49851.00,27.61,-2.087,-0.391
49488,1489661394,49850.29,27.61,-2.022,-0.280
49490,1489721394,49850.41,27.61,-1.991,0.793
49492,1489781395,49849.90,27.61,-1.976,0.452
49494,1489841395,49849.70,27.62,-1.985,0.068
49496,1489901396,49852.71,27.62,-2.035,-0.074
49498,1489961394,49850.23,27.61,-2.039,-0.522
49500,1490021395,49851.05,27.62,-2.055,-0.370
49502,1490081395,49849.97,27.62,-2.046,-0.161
49504,1490141395,49850.62,27.62,-2.073,-0.121
49506,1490201396,49850.60,27.62,-2.095,-0.346
49508,1490261394,49851.08,27.62,-2.060,-0.016
49510,1490321394,49849.92,27.62,-2.026,0.493
49512,1490381395,49851.02,27.62,-2.052,0.253
49514,1490441395,49850.89,27.62,-2.074,-0.279
49516,1490501396,49851.07,27.62,-2.046,-0.104
49518,1490561394,49849.72,27.62,-2.018,0.325
49520,1490621395,49850.98,27.62,-2.018,0.332
49522,1490681395,49852.04,27.62,-2.030,0.207
49524,1490741394,49854.07,27.62,-2.100,-0.215
49526,1490801396,49851.78,27.62,-2.090,-0.752
49528,1490861394,49850.46,27.62,-2.067,-0.208
49530,1490921403,49851.06,27.62,-2.049,0.292
49532,1490981395,49850.69,27.62,-2.031,0.347
49534,1491041395,49849.57,27.62,-2.009,0.189
49536,1491101396,49851.03,27.62,-1.993,0.396
49538,1491161395,49850.51,27.62,-1.999,0.263
49540,1491221395,49850.15,27.62,-1.965,0.048
49542,1491281395,49852.07,27.62,-1.986,0.410
49544,1491341395,49851.00,27.62,-1.997,-0.168
49546,1491401396,49850.21,27.62,-2.029,-0.523
49548,1491461395,49853.13,27.62,-2.096,-0.526
49550,1491521394,49852.51,27.62,-2.123,-0.685
49552,1491581395,49850.39,27.62,-2.069,-0.350
49554,1491641395,49851.27,27.62,-2.072,0.414
49556,1491701396,49851.77,27.62,-2.092,0.055
49558,1491761394,49850.90,27.62,-2.073,-0.156
49560,1491821395,49851.89,27.63,-2.093,0.089
49562,1491881395,49852.42,27.62,-2.098,-0.066
49564,1491941395,49850.77,27.62,-2.058,0.042
49566,1492001396,49852.01,27.62,-2.063,0.366
49568,1492061395,49850.91,27.63,-2.043,0.113
49570,1492121394,49850.87,27.63,-2.036,0.132
49572,1492181395,49852.37,27.63,-2.094,-0.079
49574,1492241394,49851.34,27.63,-2.075,-0.473
49576,1492301396,49850.33,27.63,-2.058,0.030
49578,1492361395,49850.78,27.63,-2.047,0.213
49580,1492421395,49851.95,27.63,-2.081,0.113
49582,1492481395,49851.17,27.63,-2.065,-0.234
49584,1492541395,49850.84,27.63,-2.039,0.168
49586,1492601396,49849.61,27.63,-2.007,0.329
49588,1492661394,49851.80,27.63,-2.063,0.164
49590,1492721394,49850.17,27.63,-2.035,-0.365
49592,1492781395,49849.18,27.64,-2.013,0.099
49594,1492841395,49851.00,27.64,-1.983,0.537
49596,1492901396,49850.44,27.64,-1.990,0.446
49598,1492961394,49850.67,27.63,-1.985,-0.053
49600,1493021395,49852.29,27.64,-2.043,-0.092
49602,1493081395,49849.77,27.64,-2.038,-0.703
49604,1493141394,49850.52,27.64,-2.015,-0.062
49606,1493201396,49850.96,27.64,-2.030,0.304
49608,1493261395,49850.84,27.64,-2.053,-0.247
49610,1493321394,49850.96,27.64,-2.061,-0.316
49612,1493381395,49850.43,27.64,-2.035,-0.005
49614,1493441395,49850.10,27.64,-2.016,0.299
49616,1493501396,49852.22,27.64,-2.061,0.164
49618,1493561394,49851.09,27.64,-2.097,-0.580
49620,1493621395,49851.73,27.64,-2.066,-0.315
49622,1493681395,49850.64,27.65,-2.040,0.402
49624,1493741395,49850.13,27.65,-2.027,0.229
49626,1493801396,49850.73,27.65,-2.024,0.204
49628,1493861395,49851.37,27.65,-2.024,0.174
49630,1493921403,49849.31,27.65,-1.997,0.011
49632,1493981395,49850.34,27.65,-2.011,0.111
49634,1494041395,49851.24,27.65,-2.047,-0.132
49636,1494101396,49851.66,27.65,-2.066,-0.384
49638,1494161394,49851.66,27.65,-2.051,-0.125
49640,1494221395,49851.97,27.65,-2.109,-0.158
49642,1494281395,49851.35,27.65,-2.107,-0.642
49644,1494341394,49850.95,27.65,-2.099,-0.101
49646,1494401396,49851.11,27.65,-2.083,0.156
49648,1494461394,49848.99,27.65,-2.024,0.327
49650,1494521394,49850.02,27.65,-2.016,0.597
49652,1494581395,49852.00,27.66,-2.049,0.278
49654,1494641395,49850.93,27.66,-2.065,-0.352
49656,1494701396,49851.01,27.66,-2.073,-0.369
49658,1494761394,49851.28,27.66,-2.088,-0.154
49660,1494821395,49850.56,27.66,-2.087,-0.211
49662,1494881395,49852.32,27.66,-2.111,-0.033
49664,1494941394,49850.32,27.66,-2.082,-0.126
49666,1495001396,49850.87,27.66,-2.113,-0.042
49668,1495061395,49850.65,27.66,-2.062,0.020
49670,1495121394,49850.30,27.66,-2.032,0.644
49672,1495181395,49852.05,27.66,-2.050,0.428
49674,1495241395,49851.71,27.67,-2.068,-0.117
49676,1495301396,49849.59,27.66,-2.023,-0.212
49678,1495361395,49851.03,27.66,-1.994,0.570
49680,1495421395,49850.68,27.67,-1.990,0.504
49682,1495481395,49851.14,27.67,-2.015,-0.055
49684,1495541394,49852.19,27.67,-2.068,-0.415
49686,1495601396,49851.67,27.67,-2.089,-0.684
49688,1495661395,49851.88,27.67,-2.080,-0.271
49690,1495721395,49849.45,27.67,-2.010,0.249
49692,1495781395,49849.56,27.67,-1.961,0.826
49694,1495841395,49851.38,27.67,-1.996,0.618
49696,1495901396,49850.17,27.67,-1.971,-0.130
49698,1495961394,49850.14,27.67,-1.966,0.133
49700,1496021395,49851.32,27.67,-1.994,0.045
49702,1496081395,49851.26,27.67,-2.004,-0.235
49704,1496141395,49850.42,27.67,-2.036,-0.426
49706,1496201396,49849.68,27.68,-2.005,-0.354
49708,1496261395,49850.85,27.67,-2.000,0.383
49710,1496321395,49847.89,27.67,-1.957,0.141
49712,1496381395,49851.66,27.67,-1.993,0.360
49714,1496441395,49849.20,27.68,-1.979,-0.124
49716,1496501396,49850.55,27.68,-2.007,-0.166
49718,1496561395,49850.10,27.68,-2.017,-0.260
49720,1496621395,49850.73,27.68,-2.018,-0.125
49722,1496681395,49849.87,27.68,-2.011,-0.012
49724,1496741394,49851.25,27.68,-2.010,0.138
49726,1496801396,49852.05,27.68,-2.043,0.059
49728,1496861394,49853.06,27.68,-2.095,-0.469
49730,1496921412,49851.65,27.68,-2.106,-0.710
49732,1496981395,49851.33,27.68,-2.121,-0.448
49734,1497041395,49850.52,27.68,-2.076,-0.037
49736,1497101396,49850.22,27.68,-2.057,0.475
49738,1497161395,49851.38,27.68,-2.089,0.160
49740,1497221395,49852.56,27.68,-2.121,-0.272
49742,1497281395,49851.48,27.68,-2.089,-0.187
49744,1497341395,49850.75,27.68,-2.083,0.162
49746,1497401396,49848.66,27.68,-2.014,0.198
49748,1497461394,49850.02,27.68,-2.020,0.656
49750,1497521395,49850.45,27.68,-2.052,0.012
49752,1497581395,49852.74,27.68,-2.128,-0.511
49754,1497641395,49849.69,27.68,-2.101,-0.799
49756,1497701396,49849.10,27.68,-2.046,0.149
49758,1497761394,49852.38,27.68,-2.103,0.587
49760,1497821395,49849.07,27.68,-2.090,-0.500
49762,1497881395,49849.37,27.68,-2.067,-0.101
49764,1497941394,49851.57,27.68,-2.041,0.687
49766,1498001396,49851.97,27.68,-2.071,0.412
49768,1498061394,49849.20,27.68,-2.020,-0.253
49770,1498121394,49851.54,27.68,-2.050,0.310
49772,1498181395,49851.12,27.68,-2.058,-0.123
49774,1498241395,49851.96,27.68,-2.085,-0.228
49776,1498301396,49851.53,27.68,-2.092,-0.313
49778,1498361394,49851.52,27.68,-2.080,-0.083
49780,1498421395,49850.74,27.68,-2.048,0.232
49782,1498481395,49852.39,27.68,-2.093,0.201
49784,1498541395,49850.14,27.68,-2.074,-0.416
49786,1498601396,49851.70,27.68,-2.086,0.013
49788,1498661394,49851.57,27.67,-2.113,-0.120
49790,1498721395,49850.51,27.68,-2.081,-0.245
49792,1498781395,49851.04,27.68,-2.079,0.284
49794,1498841395,49851.53,27.67,-2.099,0.048
49796,1498901396,49850.08,27.67,-2.073,-0.171
49798,1498961395,49849.33,27.68,-2.011,0.391
49800,1499021395,49850.38,27.68,-2.033,0.616
49802,1499081395,49851.80,27.68,-2.039,0.050
49804,1499141395,49851.28,27.68,-2.055,-0.094
49806,1499201396,49852.91,27.68,-2.060,-0.093
49808,1499261395,49850.98,27.68,-2.032,0.063
49810,1499321394,49851.48,27.68,-2.041,0.094
49812,1499381395,49851.19,27.68,-2.057,-0.136
49814,1499441395,49850.56,27.68,-2.044,-0.207
49816,1499501396,49850.45,27.68,-2.030,0.125
49818,1499561394,49850.03,27.68,-2.014,0.207
49820,1499621395,49850.09,27.68,-2.001,0.234
49822,1499681395,49850.67,27.68,-2.031,0.058
49824,1499741395,49853.73,27.68,-2.092,-0.287
49826,1499801396,49850.80,27.68,-2.079,-0.621
49828,1499861394,49850.44,27.68,-2.068,-0.212
49830,1499921403,49852.52,27.68,-2.125,-0.013
49832,1499981395,49851.96,27.68,-2.121,-0.433
49834,1500041394,49850.75,27.68,-2.089,-0.016
49836,1500101396,49850.09,27.68,-2.034,0.482
49838,1500161395,49850.82,27.68,-2.051,0.542
49840,1500221395,49850.78,27.68,-2.051,-0.051
49842,1500281395,49852.70,27.68,-2.097,-0.082
49844,1500341394,49851.02,27.68,-2.123,-0.638
49846,1500401396,49849.87,27.68,-2.072,-0.340
49848,1500461395,49852.29,27.68,-2.100,0.508
49850,1500521394,49852.16,27.68,-2.128,-0.169
49852,1500581395,49852.33,27.68,-2.119,-0.283
49854,1500641395,49851.17,27.68,-2.102,0.062
49856,1500701396,49851.19,27.68,-2.087,0.154
49858,1500761394,49850.84,27.68,-2.134,-0.126
49860,1500821395,49849.38,27.67,-2.092,-0.448
49862,1500881395,49851.23,27.67,-2.113,0.341
49864,1500941395,49850.30,27.67,-2.095,0.018
49866,1501001396,49851.73,27.67,-2.119,0.089
49868,1501061395,49850.57,27.67,-2.106,-0.141
49870,1501121395,49850.20,27.67,-2.060,0.223
49872,1501181395,49850.30,27.67,-2.030,0.661
49874,1501241395,49849.88,27.67,-2.012,0.446
49876,1501301396,49850.68,27.66,-1.990,0.404
49878,1501361395,49848.98,27.66,-1.983,0.215
49880,1501421395,49849.96,27.66,-2.002,-0.088
49882,1501481395,49851.82,27.66,-2.044,-0.149
49884,1501541395,49850.71,27.66,-2.042,-0.395
49886,1501601396,49852.46,27.66,-2.122,-0.420
49888,1501661394,49850.56,27.66,-2.083,-0.669
49890,1501721395,49852.09,27.66,-2.108,0.159
49892,1501781395,49852.26,27.66,-2.126,-0.156
49894,1501841395,49850.70,27.66,-2.108,-0.273
49896,1501901396,49852.72,27.66,-2.127,0.117
49898,1501961394,49850.11,27.66,-2.115,-0.178
49900,1502021395,49850.28,27.66,-2.034,0.327
49902,1502081395,49849.80,27.66,-1.991,1.117
49904,1502141394,49849.64,27.65,-1.989,0.506
49906,1502201396,49851.56,27.66,-1.987,0.272
49908,1502261394,49850.43,27.66,-1.976,0.172
49910,1502321394,49850.06,27.66,-1.989,-0.113
49912,1502381395,49850.86,27.66,-1.979,-0.029
49914,1502441395,49852.09,27.65,-2.030,0.016
49916,1502501396,49850.54,27.65,-2.045,-0.677
49918,1502561395,49851.68,27.65,-2.037,-0.219
49920,1502621395,49850.22,27.65,-2.005,0.227
49922,1502681395,49850.27,27.65,-2.000,0.241
49924,1502741394,49852.87,27.65,-2.036,0.166
49926,1502801396,49852.02,27.65,-2.081,-0.471
49928,1502861395,49850.02,27.65,-2.060,-0.709
49930,1502921403,49851.26,27.65,-2.052,0.148
49932,1502981395,49851.86,27.65,-2.076,0.165
49934,1503041395,49850.15,27.65,-2.063,-0.296
49936,1503101396,49851.23,27.65,-2.061,0.058
49938,1503161395,49852.87,27.65,-2.121,-0.027
49940,1503221395,49852.08,27.65,-2.120,-0.558
49942,1503281395,49851.42,27.65,-2.114,-0.178
49944,1503341394,49850.60,27.65,-2.099,-0.007
49946,1503401396,49851.05,27.65,-2.086,0.210
49948,1503461395,49852.33,27.65,-2.119,0.157
49950,1503521395,49849.47,27.65,-2.063,-0.187
49952,1503581395,49850.64,27.65,-2.067,0.377
49954,1503641395,49851.13,27.65,-2.078,0.123
49956,1503701396,49851.20,27.65,-2.083,-0.098
49958,1503761394,49851.21,27.65,-2.050,0.138
49960,1503821395,49849.50,27.65,-2.000,0.471
49962,1503881395,49850.59,27.65,-2.018,0.419
49964,1503941394,49851.22,27.65,-2.042,-0.104
49966,1504001396,49853.31,27.65,-2.072,-0.175
49968,1504061395,49851.14,27.65,-2.079,-0.402
49970,1504121395,49851.87,27.66,-2.099,-0.374
49972,1504181395,49852.05,27.66,-2.124,-0.278
49974,1504241395,49852.73,27.66,-2.152,-0.375
49976,1504301396,49852.28,27.66,-2.157,-0.342
49978,1504361395,49852.14,27.66,-2.185,-0.312
49980,1504421395,49852.40,27.66,-2.210,-0.444
49982,1504481395,49850.15,27.66,-2.155,-0.196
49984,1504541394,49850.44,27.66,-2.123,0.557
49986,1504601396,49850.02,27.66,-2.080,0.646
49988,1504661394,49851.80,27.66,-2.103,0.526
49990,1504721395,49851.06,27.66,-2.108,-0.124
49992,1504781395,49848.51,27.67,-2.014,0.113
49994,1504841395,49850.51,27.66,-2.005,1.026
49996,1504901396,49852.70,27.66,-2.046,0.405
49998,1504961395,49851.02,27.67,-2.025,-0.261
50000,1505021395,49849.72,27.67,-1.984,0.107
50002,1505081395,49850.99,27.67,-1.994,0.413
50004,1505141394,49849.93,27.67,-1.990,-0.019
50006,1505201396,49851.82,27.67,-2.022,-0.069
50008,1505261394,49851.89,27.67,-2.065,-0.382
50010,1505321395,49852.16,27.67,-2.087,-0.599
50012,1505381394,49850.38,27.67,-2.065,-0.327
50014,1505441395,49848.77,27.67,-1.985,0.317
50016,1505501396,49849.95,27.67,-1.987,0.853
50018,1505561394,49849.84,27.67,-2.008,0.052
50020,1505621395,49851.40,27.67,-2.074,-0.464
50022,1505681395,49850.98,27.67,-2.085,-0.689
50024,1505741395,49851.09,27.67,-2.056,-0.056
50026,1505801396,49852.00,27.67,-2.091,0.212
50028,1505861394,49851.30,27.67,-2.089,-0.324
50030,1505921403,49849.98,27.67,-2.033,0.094
50032,1505981395,49850.91,27.67,-2.049,0.491
50034,1506041395,49851.57,27.67,-2.047,0.065
50036,1506101396,49849.90,27.67,-2.034,-0.025
50038,1506161394,49851.19,27.67,-2.026,0.148
50040,1506221395,49852.52,27.67,-2.066,0.144
50042,1506281395,49851.61,27.67,-2.074,-0.431
50044,1506341395,49851.95,27.68,-2.093,-0.299
50046,1506401396,49852.01,27.68,-2.101,-0.221
50048,1506461394,49852.05,27.68,-2.114,-0.170
50050,1506521395,49852.16,27.68,-2.103,-0.077
50052,1506581395,49850.43,27.68,-2.092,-0.004
50054,1506641395,49851.20,27.68,-2.077,0.122
50056,1506701396,49851.10,27.68,-2.107,0.072
50058,1506761395,49851.43,27.68,-2.114,-0.330
50060,1506821395,49852.03,27.68,-2.093,0.106
50062,1506881395,49851.50,27.68,-2.084,0.289
50064,1506941394,49852.95,27.68,-2.093,0.175
50066,1507001396,49851.46,27.68,-2.112,-0.208
50068,1507061395,49850.82,27.68,-2.054,-0.116
50070,1507121394,49851.20,27.68,-2.044,0.648
50072,1507181395,49852.20,27.68,-2.112,-0.076
50074,1507241395,49851.32,27.68,-2.088,-0.589
50076,1507301396,49852.16,27.68,-2.075,0.267
50078,1507361395,49848.98,27.69,-2.037,0.142
50080,1507421395,49850.71,27.69,-2.044,0.240
50082,1507481395,49852.40,27.69,-2.074,0.154
50084,1507541395,49851.59,27.69,-2.062,-0.172
50086,1507601396,49852.73,27.69,-2.080,0.029
50088,1507661394,49851.53,27.68,-2.072,-0.151
50090,1507721394,49849.67,27.68,-2.045,-0.095
50092,1507781395,49851.81,27.68,-2.081,0.121
50094,1507841394,49851.80,27.68,-2.079,-0.131
50096,1507901396,49852.64,27.68,-2.154,-0.361
50098,1507961395,49851.78,27.68,-2.112,-0.581
50100,1508021395,49850.95,27.68,-2.107,0.235
50102,1508081395,49852.80,27.68,-2.130,0.073
50104,1508141395,49850.90,27.67,-2.126,-0.235
50106,1508201396,49850.32,27.67,-2.056,0.157
50108,1508261395,49851.04,27.67,-2.062,0.761
50110,1508321394,49851.57,27.67,-2.085,0.009
50112,1508381395,49851.20,27.66,-2.074,-0.185
50114,1508441395,49852.04,27.66,-2.057,0.249
50116,1508501396,49852.16,27.66,-2.078,0.183
50118,1508561394,49849.89,27.66,-2.034,-0.183
50120,1508621395,49850.68,27.66,-2.051,0.200
50122,1508681395,49851.82,27.65,-2.079,-0.097
50124,1508741395,49852.00,27.65,-2.074,-0.154
50126,1508801396,49850.47,27.65,-2.046,0.041
50128,1508861395,49851.21,27.65,-2.055,0.182
50130,1508921403,49851.43,27.64,-2.075,-0.086
50132,1508981395,49851.61,27.64,-2.094,-0.294
50134,1509041395,49850.30,27.64,-2.074,-0.236
50136,1509101396,49849.98,27.64,-2.067,0.066
50138,1509161394,49850.47,27.64,-2.048,0.228
50140,1509221395,49851.71,27.64,-2.073,0.261
50142,1509281395,49849.04,27.64,-2.053,-0.292
50144,1509341395,49850.43,27.64,-2.022,0.236
50146,1509401396,49851.39,27.64,-2.034,0.540
50148,1509461394,49851.07,27.64,-2.054,-0.150
50150,1509521395,49849.79,27.64,-2.050,-0.378
50152,1509581395,49852.20,27.64,-2.072,0.015
50154,1509641395,49851.83,27.64,-2.065,0.028
50156,1509701396,49851.78,27.64,-2.062,0.022
50158,1509761394,49851.36,27.64,-2.092,-0.191
50160,1509821395,49852.77,27.64,-2.119,-0.376
50162,1509881395,49852.69,27.64,-2.117,-0.178
50164,1509941394,49851.49,27.65,-2.112,-0.117
50166,1510001396,49852.58,27.65,-2.131,-0.062
50168,1510061394,49852.62,27.65,-2.147,-0.174
50170,1510121394,49849.97,27.65,-2.108,-0.251
50172,1510181395,49851.60,27.65,-2.051,0.642
50174,1510241395,49850.07,27.65,-2.032,0.797
50176,1510301396,49849.09,27.65,-2.006,0.149
50178,1510361395,49850.07,27.65,-2.006,0.301
50180,1510421395,49854.09,27.65,-2.089,0.081
50182,1510481395,49851.32,27.65,-2.064,-0.642
50184,1510541394,49850.43,27.65,-2.045,-0.092
50186,1510601396,49850.82,27.65,-2.046,0.178
50188,1510661395,49850.33,27.65,-2.020,0.155
50190,1510721395,49850.99,27.65,-2.008,0.374
50192,1510781395,49849.55,27.65,-2.002,0.109
50194,1510841395,49851.15,27.65,-2.032,-0.080
50196,1510901396,49849.77,27.66,-2.047,-0.385
50198,1510961395,49853.45,27.66,-2.118,-0.371
50200,1511021395,49849.12,27.66,-2.075,-0.615
50202,1511081395,49850.87,27.66,-2.055,0.245
50204,1511141394,49851.90,27.66,-2.102,0.283
50206,1511201396,49852.96,27.66,-2.136,-0.471
50208,1511261395,49850.27,27.66,-2.113,-0.467
50210,1511321395,49851.98,27.66,-2.125,0.044
50212,1511381395,49849.62,27.66,-2.059,0.205
50214,1511441395,49852.84,27.66,-2.081,0.685
50216,1511501396,49851.37,27.66,-2.119,-0.206
50218,1511561394,49850.65,27.66,-2.064,-0.355
50220,1511621395,49850.97,27.66,-2.080,0.429
50222,1511681395,49850.32,27.66,-2.073,-0.117
50224,1511741395,49852.25,27.66,-2.070,0.220
50226,1511801396,49853.29,27.66,-2.114,0.097
50228,1511861395,49852.83,27.66,-2.125,-0.488
50230,1511921403,49851.21,27.66,-2.110,-0.298
50232,1511981395,49851.29,27.66,-2.092,0.096
50234,1512041395,49851.77,27.66,-2.074,0.377
50236,1512101396,49852.34,27.67,-2.105,0.151
50238,1512161395,49851.20,27.66,-2.114,-0.433
50240,1512221395,49850.74,27.67,-2.086,-0.143
50242,1512281395,49851.25,27.66,-2.104,0.198
50244,1512341394,49849.97,27.67,-2.100,-0.231
50246,1512401396,49850.68,27.67,-2.096,-0.011
50248,1512461394,49851.13,27.67,-2.079,0.276
50250,1512521395,49850.26,27.67,-2.085,0.111
50252,1512581395,49852.13,27.67,-2.100,-0.027
50254,1512641395,49851.34,27.67,-2.060,0.173
50256,1512701396,49851.13,27.67,-2.090,0.145
50258,1512761395,49849.26,27.67,-2.051,-0.277
50260,1512821395,49851.08,27.67,-2.061,0.336
50262,1512881395,49852.18,27.67,-2.087,0.089
50264,1512941394,49851.22,27.67,-2.112,-0.430
50266,1513001396,49852.35,27.67,-2.152,-0.516
50268,1513061394,49852.76,27.67,-2.181,-0.478
50270,1513121395,49852.09,27.67,-2.168,-0.318
50272,1513181395,49851.68,27.67,-2.174,-0.033
50274,1513241395,49850.62,27.66,-2.109,0.171
50276,1513301396,49851.84,27.67,-2.094,0.813
50278,1513361395,49851.53,27.66,-2.074,0.446
50280,1513421395,49850.47,27.66,-2.064,0.149
50282,1513481395,49848.59,27.66,-2.012,0.118
50284,1513541395,49850.15,27.66,-2.000,0.622
50286,1513601396,49849.50,27.66,-1.985,0.370
50288,1513661394,49850.19,27.66,-1.988,0.168
50290,1513721394,49852.08,27.66,-2.052,-0.107
50292,1513781395,49851.12,27.66,-2.056,-0.634
50294,1513841395,49850.38,27.66,-2.089,-0.488
50296,1513901396,49851.77,27.66,-2.105,-0.391
50298,1513961395,49851.00,27.66,-2.105,-0.149
50300,1514021395,49849.34,27.66,-2.064,-0.038
50302,1514081395,49850.91,27.66,-2.091,0.292
50304,1514141394,49851.49,27.66,-2.085,0.007
50306,1514201396,49850.00,27.66,-2.049,0.148
50308,1514261394,49852.57,27.66,-2.088,0.284
50310,1514321395,49850.25,27.66,-2.075,-0.290
50312,1514381395,49850.98,27.66,-2.075,-0.061
50314,1514441395,49851.67,27.66,-2.073,0.181
50316,1514501396,49852.36,27.66,-2.132,-0.177
50318,1514561395,49850.79,27.66,-2.088,-0.488
50320,1514621395,49852.60,27.66,-2.153,0.072
50322,1514681395,49852.13,27.66,-2.147,-0.494
50324,1514741395,49850.23,27.66,-2.107,-0.021
50326,1514801396,49852.51,27.66,-2.135,0.321
50328,1514861395,49853.57,27.66,-2.190,-0.238
50330,1514921403,49851.16,27.66,-2.151,-0.553
50332,1514981395,49851.35,27.66,-2.133,0.246
50334,1515041395,49850.63,27.66,-2.121,0.255
50336,1515101396,49849.81,27.66,-2.088,0.178
50338,1515161395,49851.12,27.66,-2.107,0.314
50340,1515221395,49852.18,27.66,-2.115,0.036
50342,1515281395,49850.59,27.66,-2.129,-0.239
50344,1515341394,49850.56,27.66,-2.115,-0.257
50346,1515401396,49852.79,27.66,-2.172,0.040
50348,1515461394,49850.59,27.66,-2.129,-0.363
50350,1515521394,49850.64,27.66,-2.102,0.343
50352,1515581395,49852.70,27.66,-2.134,0.387
50354,1515641394,49850.12,27.66,-2.115,-0.269
50356,1515701396,49852.92,27.66,-2.149,-0.001
50358,1515761395,49851.99,27.66,-2.131,-0.048
50360,1515821395,49852.63,27.66,-2.148,0.033
50362,1515881395,49851.70,27.66,-2.133,-0.117
50364,1515941394,49851.22,27.66,-2.131,0.006
50366,1516001396,49851.46,27.66,-2.118,0.084
50368,1516061395,49851.83,27.66,-2.126,0.164
50370,1516121395,49852.28,27.66,-2.138,-0.054
50372,1516181395,49850.68,27.66,-2.105,-0.075
50374,1516241395,49851.62,27.66,-2.108,0.265
50376,1516301396,49850.96,27.66,-2.078,0.206
50378,1516361394,49851.57,27.66,-2.081,0.311
50380,1516421395,49851.16,27.66,-2.074,0.065
50382,1516481395,49850.23,27.66,-2.039,0.136
50384,1516541395,49851.52,27.66,-2.077,0.210
50386,1516601396,49852.38,27.66,-2.107,-0.335
50388,1516661395,49852.13,27.66,-2.098,-0.253
50390,1516721395,49853.08,27.67,-2.119,0.026
50392,1516781395,49850.99,27.66,-2.087,-0.165
50394,1516841395,49850.52,27.66,-2.086,0.062
50396,1516901396,49849.49,27.66,-2.051,0.093
50398,1516961395,49850.82,27.67,-2.040,0.487
50400,1517021395,49853.47,27.66,-2.091,0.286
50402,1517081395,49851.47,27.66,-2.090,-0.472
50404,1517141395,49851.29,27.67,-2.079,-0.213
50406,1517201396,49852.72,27.66,-2.156,-0.201
50408,1517261394,49851.63,27.67,-2.146,-0.749
50410,1517321395,49850.99,27.66,-2.130,-0.060
50412,1517381395,49851.87,27.67,-2.135,0.184
50414,1517441395,49850.43,27.66,-2.103,0.091
50416,1517501396,49849.62,27.67,-2.082,0.230
50418,1517561394,49850.98,27.66,-2.050,0.511
50420,1517621395,49850.57,27.66,-2.033,0.581
50422,1517681395,49853.09,27.66,-2.135,-0.150
50424,1517741394,49851.14,27.66,-2.103,-0.862
50426,1517801396,49851.87,27.66,-2.057,0.382
50428,1517861394,49851.56,27.66,-2.057,0.588
50430,1517921403,49851.58,27.66,-2.084,-0.140
50432,1517981395,49851.28,27.66,-2.108,-0.467
50434,1518041395,49850.01,27.66,-2.078,-0.289
50436,1518101396,49850.94,27.66,-2.081,0.256
50438,1518161395,49850.36,27.66,-2.064,0.134
50440,1518221395,49852.88,27.66,-2.078,0.310
50442,1518281395,49850.93,27.66,-2.095,-0.176
50444,1518341394,49849.72,27.66,-2.071,-0.395
50446,1518401396,49852.46,27.66,-2.107,0.199
50448,1518461395,49850.60,27.66,-2.076,-0.096
50450,1518521395,49848.17,27.66,-1.975,0.441
50452,1518581395,49852.48,27.66,-2.000,1.202
50454,1518641395,49851.60,27.66,-2.050,-0.099
50456,1518701396,49851.26,27.66,-2.065,-0.797
50458,1518761395,49851.43,27.66,-2.077,-0.309
50460,1518821395,49850.40,27.65,-2.049,-0.080
50462,1518881395,49850.19,27.65,-2.033,0.254
50464,1518941394,49849.67,27.65,-2.005,0.290
50466,1519001396,49851.91,27.65,-2.024,0.404
50468,1519061395,49850.50,27.65,-2.039,-0.170
50470,1519121395,49849.82,27.65,-2.030,-0.359
50472,1519181395,49848.94,27.65,-2.000,0.087
50474,1519241395,49851.70,27.65,-2.013,0.473
50476,1519301396,49851.63,27.65,-2.036,0.043
50478,1519361394,49850.53,27.65,-2.030,-0.363
50480,1519421394,49852.48,27.65,-2.067,-0.085
50482,1519481395,49851.39,27.65,-2.061,-0.273
50484,1519541395,49852.06,27.65,-2.082,-0.146
50486,1519601396,49852.32,27.65,-2.141,-0.468
50488,1519661395,49852.21,27.65,-2.166,-0.803
50490,1519721395,49852.71,27.65,-2.148,-0.184
50492,1519781395,49851.75,27.65,-2.124,0.259
50494,1519841395,49851.09,27.66,-2.106,0.211
50496,1519901396,49850.46,27.66,-2.112,0.054
50498,1519961395,49850.79,27.66,-2.128,-0.174
50500,1520021394,49850.30,27.66,-2.106,-0.075
50502,1520081395,49851.04,27.66,-2.095,0.322
50504,1520141394,49850.30,27.66,-2.042,0.454
50506,1520201396,49851.84,27.66,-2.081,0.455
50508,1520261394,49851.91,27.66,-2.105,-0.341
50510,1520321395,49851.56,27.66,-2.083,-0.208
50512,1520381395,49852.94,27.66,-2.125,0.079
50514,1520441395,49851.09,27.66,-2.084,-0.250
50516,1520501396,49849.86,27.66,-2.079,0.107
50518,1520561395,49851.63,27.66,-2.089,0.099
50520,1520621395,49851.05,27.66,-2.121,-0.171
50522,1520681395,49851.55,27.66,-2.123,-0.381
50524,1520741395,49853.32,27.66,-2.158,-0.012
50526,1520801396,49850.73,27.66,-2.122,-0.271
50528,1520861394,49852.00,27.66,-2.133,0.158
50530,1520921403,49851.36,27.66,-2.113,0.101
50532,1520981395,49851.61,27.66,-2.079,0.362
50534,1521041395,49851.86,27.66,-2.083,0.430
50536,1521101396,49851.16,27.66,-2.088,-0.085
50538,1521161394,49851.64,27.66,-2.133,-0.352
50540,1521221395,49852.20,27.66,-2.149,-0.481
50542,1521281395,49850.67,27.66,-2.127,-0.201
50544,1521341395,49851.75,27.66,-2.141,0.098
50546,1521401396,49849.99,27.66,-2.110,-0.021
50548,1521461394,49850.34,27.66,-2.063,0.452
50550,1521521394,49850.02,27.66,-2.029,0.754
50552,1521581395,49850.09,27.66,-2.002,0.547
50554,1521641395,49851.77,27.66,-2.026,0.382
50556,1521701396,49849.59,27.66,-2.009,-0.187
50558,1521761394,49853.70,27.66,-2.063,0.056
50560,1521821395,49849.44,27.65,-2.015,-0.314
50562,1521881395,49851.02,27.66,-2.058,-0.062
50564,1521941394,49849.98,27.65,-2.043,-0.281
50566,1522001396,49851.38,27.65,-2.069,0.003
50568,1522061395,49851.12,27.65,-2.083,-0.229
50570,1522121395,49848.90,27.65,-1.995,0.067
50572,1522181395,49851.59,27.65,-2.027,0.827
50574,1522241395,49850.10,27.65,-2.018,-0.087
50576,1522301396,49852.93,27.65,-2.081,-0.161
50578,1522361395,49851.70,27.65,-2.095,-0.592
50580,1522421395,49850.70,27.65,-2.084,-0.399
50582,1522481395,49850.97,27.65,-2.108,-0.109
50584,1522541395,49850.55,27.65,-2.080,-0.103
50586,1522601396,49852.63,27.64,-2.128,0.177
50588,1522661395,49851.92,27.64,-2.143,-0.442
50590,1522721394,49848.43,27.64,-2.064,-0.204
50592,1522781395,49849.72,27.64,-2.036,0.781
50594,1522841395,49850.00,27.64,-2.029,0.603
50596,1522901396,49849.86,27.64,-2.027,0.132
50598,1522961395,49851.64,27.64,-2.060,0.012
50600,1523021395,49849.73,27.63,-2.026,-0.174
50602,1523081395,49850.67,27.64,-2.038,0.174
50604,1523141395,49850.86,27.63,-1.999,0.249
50606,1523201396,49851.55,27.64,-1.980,0.618
50608,1523261394,49851.53,27.64,-1.983,0.309
50610,1523321394,49851.27,27.64,-2.010,-0.202
50612,1523381395,49850.39,27.64,-2.020,-0.487
50614,1523441395,49850.73,27.64,-2.030,-0.255
50616,1523501396,49853.64,27.64,-2.100,-0.175
50618,1523561395,49851.57,27.65,-2.115,-0.786
50620,1523621395,49852.19,27.65,-2.094,-0.266
50622,1523681395,49850.43,27.65,-2.092,0.107
50624,1523741395,49850.53,27.65,-2.086,-0.107
50626,1523801396,49850.35,27.65,-2.047,0.290
50628,1523861395,49851.11,27.66,-2.079,0.313
50630,1523921403,49851.56,27.66,-2.091,-0.260
50632,1523981395,49851.46,27.66,-2.089,-0.116
50634,1524041395,49851.78,27.66,-2.123,-0.160
50636,1524101396,49852.32,27.66,-2.106,-0.182
50638,1524161394,49852.30,27.66,-2.116,0.145
50640,1524221395,49852.27,27.66,-2.132,-0.185
50642,1524281395,49849.82,27.66,-2.059,-0.028
50644,1524341395,49850.80,27.66,-2.041,0.732
50646,1524401396,49852.46,27.66,-2.069,0.396
50648,1524461395,49852.73,27.66,-2.086,-0.186
50650,1524521395,49851.01,27.67,-2.075,-0.308
50652,1524581395,49850.45,27.66,-2.085,-0.196
50654,1524641395,49851.31,27.66,-2.070,0.023
50656,1524701396,49850.30,27.67,-2.028,0.387
50658,1524761394,49849.89,27.67,-1.990,0.547
50660,1524821395,49850.55,27.67,-1.987,0.512
50662,1524881395,49851.40,27.67,-2.035,-0.047
50664,1524941394,49852.12,27.66,-2.036,-0.367
50666,1525001396,49851.11,27.67,-2.072,-0.303
50668,1525061394,49851.58,27.67,-2.082,-0.511
50670,1525121395,49852.06,27.66,-2.098,-0.144
50672,1525181395,49851.48,27.67,-2.084,-0.114
50674,1525241395,49849.43,27.66,-2.067,-0.038
50676,1525301396,49850.81,27.67,-2.068,0.120
50678,1525361394,49851.18,27.67,-2.068,0.191
50680,1525421395,49852.53,27.67,-2.097,0.018
50682,1525481395,49850.12,27.67,-2.105,-0.488
50684,1525541394,49849.68,27.67,-2.128,-0.557
50686,1525601396,49851.71,27.67,-2.114,-0.006
50688,1525661394,49851.76,27.67,-2.101,0.430
50690,1525721394,49850.57,27.66,-2.071,0.209
50692,1525781395,49852.61,27.67,-2.114,0.187
50694,1525841395,49851.46,27.67,-2.083,-0.171
50696,1525901396,49851.33,27.66,-2.076,0.200
50698,1525961394,49851.70,27.66,-2.089,0.059
50700,1526021395,49851.30,27.66,-2.091,-0.147
50702,1526081395,49850.82,27.66,-2.061,0.041
50704,1526141394,49852.28,27.66,-2.058,0.448
50706,1526201396,49851.92,27.66,-2.087,0.017
50708,1526261395,49849.18,27.66,-2.026,-0.293
50710,1526321395,49851.09,27.66,-2.056,0.377
50712,1526381395,49849.87,27.66,-2.042,-0.110
50714,1526441395,49850.67,27.66,-2.007,0.282
50716,1526501396,49850.62,27.66,-2.003,0.508
50718,1526561395,49852.14,27.66,-2.063,-0.107
50720,1526621395,49851.31,27.66,-2.051,-0.518
50722,1526681395,49851.32,27.66,-2.007,0.235
50724,1526741394,49851.14,27.66,-2.039,0.291
50726,1526801396,49851.73,27.66,-2.039,-0.262
50728,1526861395,49851.02,27.66,-2.030,0.008
50730,1526921403,49850.77,27.66,-2.044,-0.078
50732,1526981395,49849.71,27.66,-1.963,0.186
50734,1527041395,49851.37,27.66,-1.992,0.774
50736,1527101396,49850.78,27.66,-2.034,-0.371
50738,1527161394,49850.39,27.66,-2.030,-0.575
50740,1527221395,49850.71,27.66,-2.020,0.052
50742,1527281395,49851.33,27.66,-2.045,0.067
50744,1527341395,49849.37,27.66,-2.020,-0.260
50746,1527401396,49852.76,27.66,-2.085,0.026
50748,1527461395,49850.28,27.66,-2.068,-0.498
50750,1527521395,49850.57,27.66,-2.027,0.127
50752,1527581395,49851.66,27.66,-2.029,0.604
50754,1527641395,49851.51,27.66,-2.069,-0.115
50756,1527701396,49849.59,27.66,-2.037,-0.475
50758,1527761395,49851.39,27.66,-2.016,0.416
50760,1527821395,49850.28,27.66,-2.025,0.288
50762,1527881395,49852.11,27.66,-2.081,-0.322
50764,1527941394,49850.79,27.66,-2.118,-0.793
50766,1528001396,49850.72,27.66,-2.083,-0.412
50768,1528061394,49849.39,27.66,-2.037,0.471
50770,1528121395,49848.25,27.66,-1.961,0.725
50772,1528181395,49851.42,27.66,-2.024,0.734
50774,1528241395,49850.08,27.66,-1.988,-0.216
50776,1528301396,49850.45,27.66,-1.983,0.254
50778,1528361395,49851.06,27.66,-2.012,0.029
50780,1528421395,49851.24,27.66,-2.019,-0.267
50782,1528481395,49852.39,27.66,-2.042,-0.099
50784,1528541394,49850.22,27.66,-2.044,-0.384
50786,1528601396,49851.07,27.66,-2.043,-0.183
50788,1528661394,49852.49,27.67,-2.100,-0.078
50790,1528721395,49851.62,27.67,-2.092,-0.526
50792,1528781395,49851.91,27.67,-2.057,0.172
50794,1528841395,49851.34,27.67,-2.077,0.249
50796,1528901396,49850.74,27.67,-2.062,-0.220
50798,1528961394,49852.85,27.67,-2.109,0.032
50800,1529021395,49847.88,27.67,-2.077,-0.627
50802,1529081395,49851.34,27.67,-2.084,0.104
50804,1529141395,49852.00,27.67,-2.080,0.427
50806,1529201396,49850.23,27.67,-2.056,0.056
50808,1529261394,49850.82,27.67,-2.060,0.119
50810,1529321394,49850.58,27.67,-2.062,0.006
50812,1529381395,49851.79,27.67,-2.076,-0.009
50814,1529441395,49850.90,27.67,-2.031,0.143
50816,1529501396,49852.56,27.67,-2.103,0.145
50818,1529561394,49848.48,27.67,-2.050,-0.698
50820,1529621395,49851.82,27.67,-2.063,0.360
50822,1529681395,49850.36,27.67,-2.085,-0.014
50824,1529741395,49852.00,27.67,-2.107,-0.366
50826,1529801396,49851.48,27.67,-2.076,0.033
50828,1529861395,49851.80,27.67,-2.072,0.314
50830,1529921403,49850.67,27.67,-2.053,0.099
50832,1529981395,49851.71,27.67,-2.047,0.239
50834,1530041395,49851.89,27.67,-2.056,0.167
50836,1530101396,49850.15,27.67,-2.062,-0.290
50838,1530161395,49852.79,27.67,-2.148,-0.481
50840,1530221395,49851.64,27.67,-2.134,-0.717
50842,1530281395,49850.78,27.67,-2.075,0.197
50844,1530341395,49851.79,27.68,-2.096,0.561
50846,1530401396,49852.66,27.67,-2.137,-0.206
50848,1530461395,49850.70,27.68,-2.115,-0.466
50850,1530521394,49850.61,27.68,-2.098,0.080
50852,1530581395,49851.00,27.68,-2.108,0.186
50854,1530641395,49850.77,27.68,-2.097,-0.012
50856,1530701396,49850.87,27.68,-2.093,0.117
50858,1530761395,49850.90,27.68,-2.111,-0.034
50860,1530821395,49851.52,27.68,-2.130,-0.239
50862,1530881395,49851.84,27.68,-2.126,-0.105
50864,1530941394,49851.28,27.68,-2.134,-0.048
50866,1531001396,49849.88,27.69,-2.074,0.057
50868,1531061394,49851.14,27.69,-2.119,0.374
50870,1531121394,49851.23,27.69,-2.078,-0.053
50872,1531181395,49850.57,27.69,-2.076,0.362
50874,1531241394,49851.58,27.69,-2.103,-0.054
50876,1531301396,49852.39,27.69,-2.128,-0.252
50878,1531361395,49851.89,27.69,-2.104,-0.124
50880,1531421395,49849.92,27.69,-2.071,0.170
50882,1531481395,49850.50,27.69,-2.047,0.378
50884,1531541394,49852.71,27.69,-2.103,0.273
50886,1531601396,49851.58,27.69,-2.110,-0.522
50888,1531661394,49850.05,27.69,-2.094,-0.326
50890,1531721394,49851.02,27.69,-2.072,0.239
50892,1531781395,49850.67,27.69,-2.055,0.421
50894,1531841395,49850.18,27.69,-2.024,0.306
50896,1531901396,49851.91,27.69,-2.084,0.146
50898,1531961394,49850.73,27.69,-2.044,-0.336
50900,1532021395,49851.38,27.69,-2.062,0.216
50902,1532081395,49851.18,27.69,-2.037,0.032
50904,1532141395,49852.18,27.69,-2.040,0.322
50906,1532201396,49850.48,27.68,-2.039,-0.075
50908,1532261395,49852.13,27.69,-2.055,-0.094
50910,1532321395,49850.31,27.69,-2.042,-0.116
50912,1532381395,49849.39,27.69,-2.012,0.014
50914,1532441395,49852.36,27.69,-2.051,0.337
50916,1532501396,49850.44,27.68,-2.039,-0.217
50918,1532561394,49851.49,27.69,-2.059,-0.114
50920,1532621395,49850.70,27.68,-2.044,-0.097
50922,1532681395,49851.57,27.69,-2.060,0.055
50924,1532741395,49849.61,27.68,-2.039,-0.155
50926,1532801396,49849.17,27.68,-1.969,0.368
50928,1532861394,49853.20,27.68,-2.050,0.712
50930,1532921403,49852.56,27.68,-2.107,-0.793
50932,1532981395,49852.82,27.68,-2.111,-0.786
50934,1533041395,49850.41,27.68,-2.070,-0.094
50936,1533101396,49853.08,27.68,-2.109,0.252
50938,1533161394,49850.61,27.68,-2.082,-0.210
50940,1533221395,49851.32,27.68,-2.103,-0.049
50942,1533281395,49853.11,27.68,-2.132,-0.101
50944,1533341394,49850.73,27.68,-2.097,-0.205
50946,1533401396,49850.72,27.68,-2.061,0.306
50948,1533461394,49851.87,27.68,-2.051,0.620
50950,1533521394,49851.36,27.68,-2.046,0.239
50952,1533581395,49852.29,27.68,-2.073,-0.052
50954,1533641395,49851.07,27.68,-2.073,-0.322
50956,1533701396,49853.32,27.68,-2.110,-0.133
50958,1533761395,49849.64,27.67,-2.047,-0.194
50960,1533821395,49850.24,27.67,-2.037,0.390
50962,1533881395,49850.05,27.67,-1.991,0.495
50964,1533941394,49850.31,27.67,-1.994,0.510
50966,1534001396,49850.23,27.67,-1.998,0.011
50968,1534061395,49850.10,27.67,-1.992,-0.036
50970,1534121394,49850.20,27.67,-1.969,0.191
50972,1534181395,49850.15,27.67,-1.977,0.213
50974,1534241395,49853.17,27.67,-2.050,-0.176
50976,1534301396,49850.39,27.67,-2.000,-0.499
50978,1534361395,49852.21,27.67,-2.090,-0.155
50980,1534421395,49850.97,27.67,-2.051,-0.649
50982,1534481395,49852.69,27.67,-2.071,0.279
50984,1534541394,49851.05,27.67,-2.047,-0.028
50986,1534601396,49849.90,27.67,-2.014,0.136
50988,1534661395,49852.40,27.67,-2.060,0.260
50990,1534721395,49850.23,27.67,-2.045,-0.354
50992,1534781395,49850.59,27.67,-2.050,-0.105
50994,1534841395,49851.58,27.67,-2.054,0.090
50996,1534901396,49849.49,27.67,-2.045,-0.117
50998,1534961394,49850.88,27.67,-2.046,0.009
51000,1535021395,49849.99,27.67,-2.055,0.002
51002,1535081395,49852.55,27.67,-2.121,-0.304
51004,1535141395,49848.98,27.67,-2.046,-0.415
51006,1535201396,49851.06,27.67,-2.045,0.605
51008,1535261395,49850.71,27.67,-2.048,0.260
51010,1535321395,49851.54,27.67,-2.067,-0.088
51012,1535381395,49850.59,27.67,-2.096,-0.400
51014,1535441395,49852.29,27.67,-2.103,-0.299
51016,1535501396,49851.23,27.67,-2.137,-0.236
51018,1535561395,49851.44,27.67,-2.121,-0.384
51020,1535621395,49852.16,27.67,-2.133,0.178
51022,1535681395,49851.80,27.67,-2.119,0.003
51024,1535741394,49851.18,27.67,-2.101,0.140
51026,1535801396,49852.09,27.66,-2.093,0.293
51028,1535861394,49850.97,27.67,-2.081,0.152
51030,1535921412,49851.18,27.66,-2.041,0.272
51032,1535981395,49851.15,27.66,-2.066,0.326
51034,1536041395,49852.31,27.66,-2.069,-0.128
51036,1536101396,49851.86,27.66,-2.071,0.012
51038,1536161395,49850.51,27.66,-2.039,-0.036
51040,1536221395,49851.56,27.66,-2.026,0.392
51042,1536281395,49850.88,27.65,-2.004,0.353
51044,1536341394,49851.99,27.65,-2.012,0.259
51046,1536401396,49850.90,27.65,-2.017,-0.095
51048,1536461394,49851.25,27.65,-2.000,-0.047
51050,1536521395,49850.98,27.65,-2.016,0.096
51052,1536581395,49851.97,27.65,-2.063,-0.358
51054,1536641395,49851.50,27.65,-2.075,-0.548
51056,1536701395,49851.23,27.64,-2.098,-0.392
51058,1536761394,49851.66,27.64,-2.135,-0.467
51060,1536821395,49850.71,27.64,-2.119,-0.391
51062,1536881395,49851.88,27.64,-2.111,0.205
51064,1536941394,49851.95,27.64,-2.085,0.389
51066,1537001396,49848.68,27.64,-2.040,0.221
51068,1537061394,49852.65,27.64,-2.097,0.267
51070,1537121394,49850.92,27.64,-2.062,-0.140
51072,1537181395,49851.61,27.64,-2.089,0.057
51074,1537241395,49851.08,27.64,-2.073,-0.152
51076,1537301396,49851.43,27.64,-2.080,0.086
51078,1537361394,49851.61,27.64,-2.099,-0.112
51080,1537421395,49851.39,27.64,-2.131,-0.408
51082,1537481395,49851.27,27.64,-2.107,-0.267
51084,1537541395,49851.62,27.64,-2.095,0.324
51086,1537601396,49851.95,27.64,-2.099,0.203
51088,1537661394,49851.53,27.64,-2.089,0.017
51090,1537721395,49850.47,27.64,-2.038,0.248
51092,1537781395,49850.30,27.64,-2.033,0.469
51094,1537841395,49851.76,27.64,-2.044,0.185
51096,1537901396,49850.87,27.64,-2.049,-0.078
51098,1537961395,49852.02,27.64,-2.056,-0.082
51100,1538021395,49851.30,27.64,-2.050,-0.010
51102,1538081395,49850.33,27.64,-2.048,-0.111
51104,1538141395,49851.57,27.64,-2.064,-0.031
51106,1538201396,49850.68,27.64,-2.048,-0.041
51108,1538261395,49853.90,27.64,-2.093,0.148
51110,1538321395,49851.53,27.64,-2.089,-0.370
51112,1538381395,49851.62,27.64,-2.130,-0.488
51114,1538441395,49851.75,27.64,-2.147,-0.525
51116,1538501396,49850.75,27.64,-2.132,-0.229
51118,1538561394,49849.99,27.64,-2.071,0.312
51120,1538621395,49850.45,27.64,-2.046,0.800
51122,1538681395,49852.27,27.64,-2.065,0.478
51124,1538741395,49852.24,27.64,-2.104,-0.222
51126,1538801396,49849.32,27.64,-2.061,-0.517
51128,1538861394,49851.25,27.64,-2.081,0.215
51130,1538921403,49850.84,27.64,-2.093,-0.082
51132,1538981395,49850.89,27.64,-2.076,-0.095
51134,1539041394,49851.22,27.64,-2.081,0.185
51136,1539101396,49854.17,27.64,-2.134,-0.001
51138,1539161395,49851.26,27.64,-2.095,-0.360
51140,1539221395,49851.77,27.64,-2.115,0.006
51142,1539281395,49850.99,27.64,-2.093,-0.080
51144,1539341394,49851.05,27.64,-2.039,0.461
51146,1539401396,49851.24,27.64,-2.032,0.684
51148,1539461395,49851.69,27.64,-2.045,0.128
51150,1539521395,49851.52,27.64,-2.032,-0.027
51152,1539581395,49852.19,27.64,-2.055,0.045
51154,1539641395,49852.69,27.64,-2.086,-0.293
51156,1539701396,49851.14,27.64,-2.076,-0.422
51158,1539761394,49850.58,27.64,-2.051,0.003
51160,1539821395,49851.40,27.64,-2.075,0.174
51162,1539881395,49853.81,27.64,-2.124,-0.182
51164,1539941395,49851.68,27.64,-2.115,-0.487
51166,1540001396,49852.19,27.64,-2.125,-0.182
51168,1540061395,49851.57,27.64,-2.151,-0.266
51170,1540121395,49852.07,27.64,-2.190,-0.541
51172,1540181395,49849.94,27.64,-2.144,-0.361
51174,1540241395,49850.20,27.63,-2.098,0.532
51176,1540301396,49850.40,27.64,-2.059,0.833
51178,1540361394,49852.39,27.64,-2.113,0.401
51180,1540421395,49852.02,27.63,-2.134,-0.500
51182,1540481395,49852.07,27.64,-2.137,-0.346
51184,1540541395,49852.30,27.63,-2.143,-0.063
51186,1540601395,49850.18,27.63,-2.113,-0.091
51188,1540661394,49852.92,27.63,-2.181,-0.003
51190,1540721395,49851.72,27.63,-2.176,-0.525
51192,1540781395,49851.04,27.63,-2.147,-0.049
51194,1540841395,49850.91,27.63,-2.110,0.455
51196,1540901396,49852.38,27.63,-2.091,0.684
51198,1540961395,49851.58,27.63,-2.120,0.150
51200,1541021395,49852.38,27.63,-2.113,-0.257
51202,1541081395,49850.89,27.63,-2.049,0.347
51204,1541141394,49851.29,27.63,-2.080,0.418
51206,1541201396,49851.07,27.63,-2.084,-0.274
51208,1541261394,49851.68,27.63,-2.109,-0.183
51210,1541321394,49851.52,27.63,-2.082,-0.077
51212,1541381395,49851.70,27.63,-2.090,0.231
51214,1541441395,49853.24,27.63,-2.161,-0.292
51216,1541501396,49850.02,27.63,-2.114,-0.699
51218,1541561395,49849.75,27.63,-2.067,0.350
51220,1541621395,49851.02,27.63,-2.088,0.553
51222,1541681395,49851.05,27.63,-2.138,-0.337
51224,1541741394,49850.44,27.63,-2.138,-0.638
51226,1541801396,49852.10,27.63,-2.162,-0.083
51228,1541861395,49851.83,27.63,-2.151,-0.054
51230,1541921403,49850.63,27.62,-2.095,0.270
51232,1541981395,49850.01,27.63,-2.071,0.576
51234,1542041395,49849.89,27.63,-2.020,0.548
51236,1542101396,49851.77,27.62,-2.056,0.565
51238,1542161395,49851.11,27.63,-2.059,-0.235
51240,1542221395,49851.20,27.62,-2.062,-0.149
51242,1542281395,49850.23,27.63,-2.057,-0.095
51244,1542341394,49850.23,27.62,-2.054,-0.036
51246,1542401396,49851.04,27.62,-2.104,-0.171
51248,1542461395,49852.39,27.62,-2.101,-0.304
51250,1542521395,49849.69,27.62,-2.076,-0.019
51252,1542581395,49850.71,27.62,-2.087,0.036
51254,1542641395,49850.50,27.62,-2.050,0.204
51256,1542701396,49851.67,27.62,-2.030,0.617
51258,1542761394,49851.50,27.62,-2.050,0.253
51260,1542821395,49851.45,27.62,-2.054,-0.242
51262,1542881395,49850.21,27.62,-2.042,-0.134
51264,1542941394,49852.76,27.62,-2.072,0.094
51266,1543001396,49849.82,27.62,-2.018,-0.047
51268,1543061395,49852.07,27.62,-2.046,0.332
51270,1543121395,49850.67,27.62,-2.060,-0.250
51272,1543181395,49850.48,27.62,-2.085,-0.498
51274,1543241395,49851.83,27.62,-2.104,-0.273
51276,1543301396,49850.90,27.62,-2.126,-0.323
51278,1543361395,49852.12,27.62,-2.153,-0.391
51280,1543421395,49851.61,27.62,-2.149,-0.222
51282,1543481395,49850.51,27.62,-2.116,0.036
51284,1543541394,49851.71,27.61,-2.109,0.429
51286,1543601396,49851.37,27.62,-2.104,0.231
51288,1543661394,49849.62,27.62,-2.071,0.025
51290,1543721395,49852.25,27.62,-2.094,0.324
51292,1543781395,49851.11,27.62,-2.107,-0.131
51294,1543841395,49853.05,27.62,-2.177,-0.490
51296,1543901396,49850.01,27.62,-2.107,-0.504
51298,1543961395,49851.25,27.62,-2.123,0.417
51300,1544021395,49851.45,27.62,-2.135,-0.016
51302,1544081395,49851.38,27.62,-2.154,-0.247
51304,1544141394,49849.85,27.63,-2.096,-0.052
51306,1544201396,49852.46,27.63,-2.118,0.599
51308,1544261394,49853.29,27.63,-2.132,0.109
51310,1544321395,49850.24,27.63,-2.087,-0.145
51312,1544381395,49852.25,27.63,-2.097,0.310
51314,1544441395,49852.44,27.63,-2.127,0.000
51316,1544501396,49850.92,27.63,-2.133,-0.522
51318,1544561394,49852.60,27.64,-2.162,-0.254
51320,1544621395,49852.09,27.64,-2.164,-0.209
51322,1544681395,49852.18,27.64,-2.158,-0.067
51324,1544741395,49851.45,27.64,-2.174,-0.093
51326,1544801396,49851.14,27.64,-2.150,-0.140
51328,1544861394,49851.87,27.64,-2.146,0.312
51330,1544921403,49851.73,27.64,-2.124,0.258
51332,1544981395,49851.24,27.65,-2.116,0.224
51334,1545041394,49851.31,27.65,-2.093,0.206
51336,1545101396,49851.37,27.65,-2.111,0.169
51338,1545161394,49852.71,27.65,-2.140,-0.198
51340,1545221395,49851.93,27.65,-2.135,-0.245
51342,1545281395,49850.95,27.65,-2.101,0.038
51344,1545341394,49853.12,27.65,-2.135,0.309
51346,1545401396,49852.69,27.65,-2.197,-0.515
51348,1545461395,49852.39,27.65,-2.201,-0.826
51350,1545521395,49850.34,27.65,-2.156,-0.102
51352,1545581395,49849.44,27.65,-2.111,0.444
51354,1545641395,49851.85,27.65,-2.106,0.739
51356,1545701396,49851.43,27.65,-2.095,0.376
51358,1545761395,49852.60,27.65,-2.116,0.084
51360,1545821395,49850.38,27.65,-2.101,-0.242
51362,1545881395,49851.36,27.65,-2.082,0.122
51364,1545941394,49851.35,27.65,-2.051,0.511
51366,1546001396,49852.06,27.65,-2.084,0.247
51368,1546061395,49852.28,27.66,-2.124,-0.474
51370,1546121394,49850.56,27.66,-2.090,-0.438
51372,1546181395,49850.56,27.66,-2.072,0.257
51374,1546241395,49852.97,27.66,-2.102,0.319
51376,1546301396,49852.07,27.66,-2.113,-0.215
51378,1546361394,49850.79,27.66,-2.143,-0.560
51380,1546421395,49853.34,27.66,-2.177,-0.412
51382,1546481395,49850.08,27.66,-2.138,-0.258
51384,1546541395,49852.51,27.66,-2.150,0.241
51386,1546601396,49850.91,27.66,-2.108,0.251
51388,1546661394,49851.18,27.66,-2.098,0.366
51390,1546721394,49850.89,27.66,-2.103,0.119
51392,1546781395,49851.39,27.66,-2.118,-0.107
51394,1546841394,49850.36,27.66,-2.104,-0.144
51396,1546901396,49851.72,27.66,-2.117,0.096
51398,1546961395,49850.93,27.66,-2.058,0.273
51400,1547021395,49851.24,27.66,-2.049,0.643
51402,1547081395,49851.50,27.67,-2.041,0.268
51404,1547141395,49851.40,27.67,-2.097,-0.222
51406,1547201396,49851.45,27.67,-2.111,-0.693
51408,1547261395,49852.59,27.67,-2.141,-0.256
51410,1547321394,49852.77,27.67,-2.177,-0.420
51412,1547381395,49850.92,27.67,-2.170,-0.566
51414,1547441395,49851.32,27.67,-2.188,-0.224
51416,1547501396,49850.88,27.67,-2.184,-0.168
51418,1547561394,49851.35,27.67,-2.159,0.179
51420,1547621395,49850.89,27.67,-2.127,0.469
51422,1547681395,49852.88,27.67,-2.151,0.404
51424,1547741395,49851.93,27.66,-2.169,-0.224
51426,1547801396,49851.53,27.66,-2.175,-0.404
51428,1547861395,49850.28,27.66,-2.150,-0.118
51430,1547921403,49853.67,27.66,-2.176,0.341
51432,1547981395,49850.30,27.66,-2.141,-0.049
51434,1548041395,49849.85,27.66,-2.099,0.195
51436,1548101396,49851.76,27.66,-2.146,0.380
51438,1548161394,49850.60,27.66,-2.090,-0.061
51440,1548221395,49851.91,27.66,-2.113,0.449
51442,1548281395,49852.19,27.66,-2.119,-0.065
51444,1548341395,49850.07,27.66,-2.107,-0.216
51446,1548401396,49852.44,27.66,-2.133,-0.000
51448,1548461394,49852.05,27.66,-2.141,-0.115
51450,1548521395,49850.89,27.66,-2.147,-0.317
51452,1548581395,49850.16,27.66,-2.101,-0.008
51454,1548641395,49850.30,27.66,-2.075,0.591
51456,1548701396,49852.85,27.66,-2.135,0.275
51458,1548761394,49851.46,27.66,-2.123,-0.435
51460,1548821395,49851.38,27.66,-2.103,0.027
51462,1548881395,49851.18,27.66,-2.153,-0.092
51464,1548941394,49851.98,27.66,-2.144,-0.409
51466,1549001396,49852.49,27.67,-2.169,0.044
51468,1549061394,49849.82,27.66,-2.141,-0.337
51470,1549121394,49851.29,27.66,-2.140,0.159
51472,1549181395,49850.90,27.66,-2.119,0.285
51474,1549241395,49852.32,27.67,-2.135,0.248
51476,1549301396,49852.93,27.67,-2.165,-0.111
51478,1549361394,49851.45,27.67,-2.129,-0.232
51480,1549421395,49850.94,27.67,-2.104,0.298
51482,1549481395,49853.05,27.67,-2.124,0.368
51484,1549541394,49850.77,27.67,-2.097,-0.055
51486,1549601396,49852.66,27.67,-2.126,0.061
51488,1549661395,49851.16,27.67,-2.110,-0.157
51490,1549721395,49850.72,27.68,-2.098,0.008
51492,1549781395,49852.11,27.68,-2.100,0.241
51494,1549841395,49851.17,27.67,-2.088,0.116
51496,1549901396,49849.88,27.67,-2.065,0.022
51498,1549961395,49853.82,27.68,-2.140,0.108
51500,1550021395,49852.89,27.68,-2.173,-0.666
51502,1550081395,49851.12,27.67,-2.126,-0.459
51504,1550141394,49851.25,27.67,-2.144,0.200
51506,1550201396,49851.27,27.67,-2.127,-0.039
51508,1550261394,49851.13,27.67,-2.163,-0.053
51510,1550321395,49850.60,27.67,-2.139,-0.314
51512,1550381395,49850.23,27.67,-2.114,0.281
51514,1550441395,49852.04,27.67,-2.155,0.216
51516,1550501396,49851.37,27.67,-2.135,-0.187
51518,1550561394,49851.66,27.67,-2.133,0.149
51520,1550621395,49851.33,27.67,-2.142,-0.011
51522,1550681395,49853.51,27.67,-2.191,-0.186
51524,1550741395,49851.91,27.67,-2.166,-0.343
51526,1550801396,49852.58,27.66,-2.167,0.122
51528,1550861395,49850.27,27.67,-2.138,0.008
51530,1550921403,49850.81,27.67,-2.105,0.324
51532,1550981395,49851.23,27.67,-2.089,0.585
51534,1551041395,49853.07,27.67,-2.146,0.118
51536,1551101396,49852.20,27.67,-2.154,-0.554
51538,1551161395,49851.04,27.67,-2.164,-0.420
51540,1551221395,49850.71,27.68,-2.125,-0.053
51542,1551281395,49852.73,27.68,-2.154,0.434
51544,1551341394,49853.32,27.67,-2.196,-0.248
51546,1551401396,49851.41,27.68,-2.190,-0.592
51548,1551461394,49851.56,27.68,-2.130,0.181
51550,1551521395,49850.25,27.68,-2.106,0.680
51552,1551581395,49852.11,27.68,-2.137,0.210
51554,1551641395,49851.58,27.68,-2.149,-0.249
51556,1551701396,49852.29,27.68,-2.172,-0.280
51558,1551761395,49851.00,27.68,-2.153,-0.221
51560,1551821395,49851.27,27.68,-2.132,0.207
51562,1551881395,49852.35,27.68,-2.169,0.185
51564,1551941394,49853.66,27.68,-2.238,-0.537
51566,1552001396,49852.02,27.68,-2.245,-0.882
51568,1552061394,49852.32,27.68,-2.238,-0.253
51570,1552121395,49850.35,27.68,-2.169,0.294
51572,1552181395,49852.04,27.68,-2.164,0.772
51574,1552241395,49851.12,27.68,-2.082,0.691
51576,1552301396,49852.43,27.68,-2.125,0.702
51578,1552361394,49852.15,27.68,-2.130,-0.306
51580,1552421395,49852.44,27.67,-2.130,-0.100
51582,1552481395,49851.56,27.68,-2.113,0.026
51584,1552541395,49851.73,27.67,-2.091,0.239
51586,1552601396,49850.98,27.67,-2.078,0.277
51588,1552661394,49852.00,27.67,-2.068,0.256
51590,1552721394,49850.49,27.67,-2.059,0.119
51592,1552781395,49848.37,27.67,-1.998,0.078
51594,1552841395,49852.29,27.67,-2.023,0.730
51596,1552901396,49849.98,27.66,-2.025,-0.053
51598,1552961394,49852.27,27.66,-2.055,-0.223
51600,1553021395,49851.84,27.66,-2.076,-0.252
51602,1553081395,49850.78,27.66,-2.065,-0.357
51604,1553141394,49852.59,27.66,-2.068,0.161
51606,1553201396,49854.52,27.66,-2.136,-0.027
51608,1553261394,49852.95,27.66,-2.142,-0.748
51610,1553321395,49852.46,27.65,-2.153,-0.418
51612,1553381395,49849.40,27.65,-2.096,-0.172
51614,1553441395,49851.02,27.65,-2.101,0.433
51616,1553501396,49852.69,27.65,-2.117,0.260
51618,1553561395,49851.95,27.65,-2.144,-0.237
51620,1553621394,49851.19,27.65,-2.150,-0.508
51622,1553681395,49850.49,27.65,-2.137,-0.178
51624,1553741395,49851.88,27.65,-2.144,0.166
51626,1553801396,49851.58,27.64,-2.116,0.216
51628,1553861395,49852.92,27.65,-2.130,0.335
51630,1553921403,49851.54,27.64,-2.131,-0.129
51632,1553981395,49851.37,27.64,-2.142,-0.256
51634,1554041395,49851.84,27.64,-2.161,-0.207
51636,1554101396,49851.46,27.64,-2.110,0.078
51638,1554161394,49851.43,27.64,-2.105,0.530
51640,1554221395,49851.39,27.64,-2.099,0.140
51642,1554281395,49850.66,27.64,-2.089,0.051
51644,1554341395,49851.03,27.64,-2.063,0.223
51646,1554401396,49850.92,27.64,-2.064,0.321
51648,1554461394,49849.30,27.64,-2.036,-0.006
51650,1554521394,49851.77,27.64,-2.070,0.204
51652,1554581395,49850.38,27.64,-2.054,-0.132
51654,1554641394,49850.48,27.63,-2.033,0.119
51656,1554701396,49851.33,27.63,-2.062,0.183
51658,1554761395,49852.18,27.63,-2.103,-0.348
51660,1554821395,49851.12,27.63,-2.101,-0.498
51662,1554881395,49851.87,27.63,-2.092,-0.002
51664,1554941394,49851.67,27.63,-2.156,-0.210
51666,1555001396,49851.66,27.63,-2.140,-0.632
51668,1555061395,49851.29,27.63,-2.114,0.216
51670,1555121394,49851.87,27.63,-2.103,0.388
51672,1555181395,49850.59,27.63,-2.087,0.169
51674,1555241395,49850.59,27.63,-2.076,0.119
51676,1555301396,49852.09,27.63,-2.072,0.329
51678,1555361394,49851.30,27.63,-2.108,-0.083
51680,1555421395,49851.42,27.63,-2.090,-0.363
51682,1555481395,49851.14,27.63,-2.102,0.080
51684,1555541395,49850.72,27.63,-2.108,-0.224
51686,1555601396,49851.35,27.63,-2.075,0.135
51688,1555661395,49850.65,27.63,-2.055,0.467
51690,1555721395,49850.77,27.63,-2.062,0.152
51692,1555781395,49850.64,27.63,-2.040,0.068
51694,1555841395,49852.52,27.63,-2.097,0.096
51696,1555901396,49851.37,27.62,-2.091,-0.491
51698,1555961394,49851.14,27.62,-2.076,-0.058
51700,1556021395,49853.46,27.62,-2.111,0.189
51702,1556081395,49851.16,27.62,-2.095,-0.274
51704,1556141395,49850.40,27.62,-2.108,-0.267
51706,1556201396,49852.18,27.62,-2.151,-0.271
51708,1556261394,49850.98,27.62,-2.113,-0.206
51710,1556321395,49850.59,27.62,-2.075,0.430
51712,1556381395,49850.52,27.62,-2.060,0.502
51714,1556441395,49852.32,27.62,-2.089,0.223
51716,1556501396,49849.87,27.62,-2.058,-0.192
51718,1556561394,49851.81,27.61,-2.086,0.094
51720,1556621395,49851.34,27.61,-2.134,-0.397
51722,1556681395,49851.05,27.61,-2.117,-0.547
51724,1556741394,49850.23,27.61,-2.091,0.168
51726,1556801396,49851.37,27.62,-2.076,0.425
51728,1556861394,49851.84,27.62,-2.080,0.338
51730,1556921403,49850.93,27.62,-2.054,0.077
51732,1556981395,49853.79,27.61,-2.144,-0.033
51734,1557041395,49852.93,27.61,-2.190,-1.022
51736,1557101396,49850.15,27.61,-2.157,-0.792
51738,1557161395,49851.81,27.61,-2.147,0.256
51740,1557221395,49850.60,27.61,-2.134,0.266
51742,1557281395,49850.77,27.61,-2.092,0.290
51744,1557341394,49852.02,27.61,-2.090,0.646
51746,1557401396,49851.15,27.61,-2.094,0.077
51748,1557461395,49851.51,27.61,-2.098,-0.125
51750,1557521395,49850.85,27.61,-2.110,-0.148
51752,1557581395,49850.56,27.60,-2.127,-0.341
51754,1557641395,49852.94,27.61,-2.160,-0.171
51756,1557701396,49850.59,27.60,-2.116,-0.119
51758,1557761395,49851.20,27.60,-2.112,0.295
51760,1557821395,49850.85,27.60,-2.100,0.190
51762,1557881395,49853.04,27.60,-2.121,0.207
51764,1557941394,49852.65,27.60,-2.164,-0.280
51766,1558001396,49852.79,27.59,-2.193,-0.690
51768,1558061395,49850.05,27.59,-2.129,-0.274
51770,1558121395,49851.78,27.59,-2.126,0.581
51772,1558181395,49852.39,27.59,-2.129,0.337
51774,1558241395,49850.44,27.59,-2.095,0.030
51776,1558301396,49852.59,27.59,-2.096,0.382
51778,1558361394,49852.29,27.59,-2.134,0.005
51780,1558421394,49852.59,27.59,-2.146,-0.492
51782,1558481395,49851.14,27.59,-2.131,-0.210
51784,1558541395,49852.51,27.59,-2.137,0.112
51786,1558601396,49849.80,27.59,-2.076,0.158
51788,1558661395,49850.50,27.59,-2.067,0.506
51790,1558721395,49850.54,27.59,-2.064,0.267
51792,1558781395,49850.21,27.59,-2.027,0.228
51794,1558841395,49851.79,27.59,-2.063,0.337
51796,1558901396,49851.37,27.59,-2.088,-0.381
51798,1558961395,49849.83,27.59,-2.051,-0.316
51800,1559021395,49850.19,27.59,-2.041,0.313
51802,1559081395,49853.48,27.59,-2.102,0.185
51804,1559141394,49850.57,27.59,-2.088,-0.541
51806,1559201396,49852.77,27.59,-2.114,-0.136
51808,1559261394,49851.55,27.59,-2.147,-0.360
51810,1559321395,49853.30,27.59,-2.179,-0.521
51812,1559381395,49851.76,27.59,-2.174,-0.329
51814,1559441395,49851.24,27.59,-2.141,-0.008
51816,1559501396,49849.49,27.59,-2.090,0.421
51818,1559561395,49851.69,27.59,-2.113,0.519
51820,1559621395,49852.52,27.59,-2.147,-0.076
51822,1559681395,49851.86,27.59,-2.159,-0.452
51824,1559741394,49851.68,27.59,-2.166,-0.303
51826,1559801396,49851.71,27.59,-2.195,-0.281
51828,1559861394,49852.08,27.59,-2.219,-0.423
51830,1559921403,49852.45,27.59,-2.254,-0.424
51832,1559981395,49851.88,27.59,-2.238,-0.338
51834,1560041395,49853.10,27.59,-2.256,0.105
51836,1560101396,49853.47,27.59,-2.257,-0.015
51838,1560161394,49852.18,27.59,-2.256,-0.117
51840,1560221395,49853.39,27.59,-2.290,-0.197
51842,1560281395,49851.78,27.59,-2.283,-0.377
51844,1560341395,49852.02,27.59,-2.274,-0.053
51846,1560401396,49852.14,27.59,-2.260,0.223
51848,1560461394,49851.55,27.59,-2.238,0.240
51850,1560521394,49852.20,27.59,-2.230,0.311
51852,1560581395,49850.70,27.59,-2.201,0.189
51854,1560641395,49849.16,27.59,-2.145,0.337
51856,1560701396,49852.75,27.59,-2.199,0.560
51858,1560761394,49852.29,27.59,-2.171,-0.042
51860,1560821395,49850.98,27.59,-2.160,0.125
51862,1560881395,49851.91,27.59,-2.139,0.233
51864,1560941394,49850.97,27.59,-2.116,0.368
51866,1561001396,49852.01,27.59,-2.132,0.192
51868,1561061395,49851.24,27.59,-2.147,-0.208
51870,1561121395,49851.34,27.59,-2.168,-0.372
51872,1561181395,49851.95,27.58,-2.153,-0.086
51874,1561241395,49852.48,27.58,-2.210,-0.068
51876,1561301396,49854.02,27.58,-2.221,-0.450
51878,1561361395,49852.51,27.58,-2.227,-0.213
51880,1561421395,49852.96,27.58,-2.236,-0.243
51882,1561481395,49852.11,27.58,-2.222,-0.071
51884,1561541395,49851.63,27.58,-2.198,0.136
51886,1561601396,49851.47,27.58,-2.188,0.274
51888,1561661395,49853.08,27.58,-2.213,0.148
51890,1561721394,49850.97,27.58,-2.170,-0.067
51892,1561781395,49852.26,27.58,-2.189,0.250
51894,1561841395,49852.18,27.58,-2.180,0.013
51896,1561901396,49851.08,27.58,-2.122,0.292
51898,1561961395,49852.29,27.58,-2.099,0.795
51900,1562021395,49852.10,27.58,-2.124,0.277
51902,1562081395,49851.21,27.58,-2.109,-0.278
51904,1562141395,49853.18,27.58,-2.149,0.018
51906,1562201396,49851.56,27.58,-2.153,-0.408
51908,1562261394,49852.02,27.58,-2.158,-0.240
51910,1562321394,49851.54,27.58,-2.158,-0.063
51912,1562381395,49851.98,27.58,-2.148,0.049
51914,1562441394,49852.24,27.58,-2.164,0.093
51916,1562501396,49853.22,27.58,-2.184,-0.156
51918,1562561395,49852.51,27.58,-2.184,-0.202
51920,1562621395,49851.09,27.58,-2.185,-0.255
51922,1562681395,49849.95,27.58,-2.160,-0.139
51924,1562741395,49852.83,27.58,-2.238,0.006
51926,1562801396,49851.14,27.58,-2.204,-0.513
51928,1562861395,49852.79,27.58,-2.214,0.236
51930,1562921403,49853.48,27.58,-2.245,-0.008
51932,1562981395,49851.45,27.58,-2.233,-0.432
51934,1563041395,49852.42,27.58,-2.240,-0.048
51936,1563101396,49851.35,27.58,-2.218,0.052
51938,1563161394,49851.89,27.58,-2.210,0.222
51940,1563221395,49850.86,27.58,-2.162,0.336
51942,1563281395,49852.86,27.58,-2.139,0.778
51944,1563341394,49851.82,27.58,-2.114,0.557
51946,1563401396,49850.96,27.58,-2.148,-0.100
51948,1563461395,49851.75,27.58,-2.162,-0.436
51950,1563521395,49852.75,27.58,-2.190,-0.164
51952,1563581395,49852.29,27.58,-2.214,-0.404
51954,1563641395,49851.46,27.57,-2.186,-0.265
51956,1563701396,49851.18,27.57,-2.164,0.291
51958,1563761394,49852.52,27.57,-2.173,0.326
51960,1563821395,49851.93,27.57,-2.170,0.021
51962,1563881395,49851.68,27.57,-2.162,-0.014
51964,1563941394,49852.18,27.57,-2.160,0.131
51966,1564001396,49851.65,27.57,-2.175,-0.063
51968,1564061394,49852.30,27.57,-2.149,0.004
51970,1564121395,49851.86,27.56,-2.159,0.241
51972,1564181395,49852.16,27.56,-2.170,-0.160
51974,1564241395,49852.41,27.56,-2.175,-0.105
51976,1564301396,49850.87,27.56,-2.133,0.036
51978,1564361394,49853.80,27.56,-2.174,0.370
51980,1564421395,49851.94,27.56,-2.192,-0.405
51982,1564481395,49849.70,27.56,-2.121,-0.265
51984,1564541394,49851.16,27.56,-2.107,0.761
51986,1564601396,49852.14,27.55,-2.126,0.380
51988,1564661394,49852.16,27.55,-2.112,-0.005
51990,1564721394,49850.61,27.55,-2.094,0.069
51992,1564781395,49852.94,27.55,-2.113,0.186
51994,1564841395,49851.07,27.55,-2.098,-0.049
51996,1564901396,49851.45,27.55,-2.123,-0.152
51998,1564961395,49849.78,27.55,-2.097,-0.247
52000,1565021395,49851.98,27.55,-2.116,0.204
52002,1565081395,49851.34,27.55,-2.137,-0.141
52004,1565141394,49852.05,27.55,-2.121,-0.152
52006,1565201396,49850.68,27.54,-2.080,0.326
52008,1565261395,49850.94,27.54,-2.089,0.296
52010,1565321395,49851.51,27.54,-2.063,0.193
52012,1565381395,49853.51,27.54,-2.131,0.156
52014,1565441395,49850.08,27.54,-2.107,-0.740
52016,1565501396,49850.93,27.54,-2.095,-0.018
52018,1565561395,49852.72,27.54,-2.114,0.331
52020,1565621395,49851.58,27.53,-2.129,-0.211
52022,1565681395,49851.91,27.53,-2.202,-0.699
52024,1565741394,49852.64,27.53,-2.198,-0.694
52026,1565801396,49849.09,27.53,-2.156,-0.089
52028,1565861395,49851.23,27.53,-2.146,0.380
52030,1565921403,49852.58,27.53,-2.173,0.369
52032,1565981395,49852.48,27.53,-2.219,-0.418
52034,1566041395,49850.75,27.52,-2.189,-0.552
52036,1566101396,49850.28,27.52,-2.133,0.375
52038,1566161394,49852.78,27.52,-2.136,0.849
52040,1566221395,49852.84,27.52,-2.163,0.138
52042,1566281395,49850.03,27.52,-2.159,-0.574
52044,1566341395,49850.93,27.52,-2.137,-0.062
52046,1566401396,49852.14,27.52,-2.158,0.354
52048,1566461395,49850.55,27.52,-2.116,0.000
52050,1566521395,49852.81,27.52,-2.168,0.207
52052,1566581395,49850.27,27.52,-2.143,-0.420
52054,1566641395,49851.86,27.52,-2.134,0.171
52056,1566701396,49851.91,27.52,-2.116,0.411
52058,1566761395,49851.46,27.52,-2.138,0.039
52060,1566821395,49851.50,27.52,-2.154,-0.366
52062,1566881395,49852.12,27.52,-2.151,-0.114
52064,1566941394,49852.50,27.51,-2.185,-0.070
52066,1567001396,49849.83,27.51,-2.159,-0.468
52068,1567061394,49852.07,27.52,-2.155,0.228
52070,1567121395,49850.43,27.52,-2.111,0.386
52072,1567181395,49852.04,27.51,-2.142,0.309
52074,1567241395,49851.55,27.51,-2.116,-0.020
52076,1567301396,49852.38,27.52,-2.145,0.117
52078,1567361395,49851.81,27.51,-2.138,-0.219
52080,1567421395,49849.58,27.52,-2.110,-0.090
52082,1567481395,49852.45,27.51,-2.136,0.229
52084,1567541394,49852.57,27.52,-2.150,-0.017
52086,1567601396,49850.34,27.52,-2.110,-0.173
52088,1567661394,49853.49,27.52,-2.126,0.431
52090,1567721395,49852.65,27.52,-2.167,-0.121
52092,1567781395,49854.06,27.52,-2.214,-0.683
52094,1567841395,49850.65,27.52,-2.176,-0.558
52096,1567901396,49850.04,27.52,-2.140,0.149
52098,1567961394,49852.15,27.52,-2.151,0.537
52100,1568021395,49852.11,27.52,-2.193,-0.107
52102,1568081395,49851.63,27.52,-2.183,-0.472
52104,1568141395,49850.97,27.52,-2.182,-0.051
52106,1568201396,49852.52,27.52,-2.196,0.032
52108,1568261394,49852.79,27.53,-2.240,-0.220
52110,1568321394,49851.57,27.52,-2.200,-0.370
52112,1568381395,49852.07,27.53,-2.209,0.270
52114,1568441395,49852.74,27.53,-2.207,0.079
52116,1568501396,49852.39,27.53,-2.216,-0.002
52118,1568561394,49850.84,27.53,-2.170,-0.037
52120,1568621395,49853.78,27.53,-2.221,0.347
52122,1568681395,49850.74,27.53,-2.176,-0.258
52124,1568741394,49851.56,27.52,-2.187,0.144
52126,1568801396,49851.30,27.53,-2.154,0.179
52128,1568861394,49850.91,27.53,-2.149,0.317
52130,1568921403,49854.64,27.53,-2.197,0.162
52132,1568981395,49851.37,27.53,-2.182,-0.396
52134,1569041395,49853.02,27.52,-2.233,-0.355
52136,1569101396,49852.83,27.53,-2.240,-0.427
52138,1569161395,49850.56,27.53,-2.175,-0.013
52140,1569221395,49852.29,27.52,-2.208,0.456
52142,1569281395,49850.89,27.53,-2.177,-0.078
52144,1569341394,49852.18,27.52,-2.201,0.161
52146,1569401396,49849.85,27.52,-2.163,-0.130
52148,1569461395,49851.66,27.52,-2.160,0.357
52150,1569521394,49851.12,27.52,-2.150,0.275
52152,1569581395,49852.23,27.52,-2.172,0.042
52154,1569641395,49851.42,27.52,-2.168,-0.183
52156,1569701396,49852.73,27.52,-2.174,0.041
52158,1569761395,49851.34,27.52,-2.181,-0.107
52160,1569821395,49852.36,27.52,-2.180,-0.121
52162,1569881395,49851.05,27.52,-2.181,-0.031
52164,1569941395,49851.22,27.52,-2.169,-0.067
52166,1570001396,49852.09,27.52,-2.175,0.212
52168,1570061394,49850.73,27.52,-2.144,0.078
52170,1570121394,49851.70,27.52,-2.151,0.250
52172,1570181395,49853.14,27.52,-2.186,0.010
52174,1570241394,49851.42,27.52,-2.145,-0.188
52176,1570301396,49850.89,27.52,-2.151,0.144
52178,1570361395,49852.05,27.52,-2.167,-0.049
52180,1570421395,49850.20,27.52,-2.151,-0.162
52182,1570481395,49853.19,27.52,-2.220,-0.128
52184,1570541394,49851.54,27.51,-2.200,-0.482
52186,1570601396,49850.14,27.51,-2.148,0.132
52188,1570661395,49851.89,27.51,-2.129,0.743
52190,1570721394,49852.15,27.51,-2.133,0.456
52192,1570781395,49852.11,27.51,-2.124,0.049
52194,1570841395,49852.75,27.51,-2.159,-0.048
52196,1570901396,49853.74,27.51,-2.157,-0.189
52198,1570961394,49852.00,27.51,-2.202,-0.355
52200,1571021395,49852.32,27.51,-2.203,-0.655
52202,1571081395,49851.40,27.51,-2.213,-0.179
52204,1571141395,49850.75,27.51,-2.182,-0.102
52206,1571201396,49851.21,27.51,-2.192,0.256
52208,1571261395,49850.88,27.51,-2.147,0.203
52210,1571321395,49852.17,27.51,-2.167,0.470
52212,1571381395,49850.82,27.51,-2.151,-0.095
52214,1571441395,49851.60,27.51,-2.180,-0.073
52216,1571501396,49853.73,27.51,-2.255,-0.431
52218,1571561394,49852.36,27.51,-2.212,-0.523
52220,1571621395,49851.27,27.51,-2.167,0.394
52222,1571681395,49851.70,27.51,-2.149,0.582
52224,1571741395,49852.64,27.51,-2.166,0.298
52226,1571801395,49852.20,27.51,-2.178,-0.192
52228,1571861394,49850.88,27.52,-2.172,-0.305
52230,1571921403,49850.95,27.52,-2.116,0.252
52232,1571981395,49850.27,27.52,-2.101,0.649
52234,1572041395,49853.06,27.52,-2.142,0.209
52236,1572101396,49851.43,27.52,-2.137,-0.288
52238,1572161394,49850.96,27.52,-2.123,-0.130
52240,1572221395,49851.68,27.52,-2.127,0.158
52242,1572281395,49852.38,27.52,-2.184,-0.211
52244,1572341394,49852.30,27.52,-2.158,-0.412
52246,1572401396,49851.38,27.52,-2.130,0.285
52248,1572461394,49852.49,27.52,-2.144,0.282
52250,1572521394,49852.22,27.52,-2.157,-0.115
52252,1572581395,49851.50,27.52,-2.187,-0.444
52254,1572641395,49851.52,27.53,-2.184,-0.404
52256,1572701396,49851.56,27.52,-2.184,0.005
52258,1572761395,49853.11,27.53,-2.186,0.165
52260,1572821395,49850.07,27.53,-2.152,0.025
52262,1572881395,49852.14,27.53,-2.161,0.215
52264,1572941394,49853.20,27.53,-2.223,-0.092
52266,1573001396,49851.26,27.53,-2.230,-0.829
52268,1573061395,49851.14,27.53,-2.194,-0.157
52270,1573121395,49851.49,27.53,-2.199,0.387
52272,1573181395,49852.35,27.53,-2.228,-0.056
52274,1573241395,49852.38,27.52,-2.265,-0.445
52276,1573301396,49851.25,27.53,-2.238,-0.396
52278,1573361395,49849.95,27.52,-2.189,0.283
52280,1573421395,49851.08,27.53,-2.181,0.594
52282,1573481395,49851.91,27.53,-2.146,0.560
52284,1573541394,49853.70,27.52,-2.167,0.552
52286,1573601396,49853.23,27.52,-2.182,-0.144
52288,1573661395,49851.14,27.52,-2.143,-0.232
52290,1573721394,49849.96,27.52,-2.134,0.115
52292,1573781395,49852.40,27.52,-2.156,0.144
52294,1573841395,49851.28,27.52,-2.182,-0.246
52296,1573901396,49851.77,27.52,-2.192,-0.434
52298,1573961394,49851.47,27.52,-2.200,-0.159
52300,1574021395,49851.98,27.51,-2.217,-0.179
52302,1574081395,49850.68,27.51,-2.199,-0.172
52304,1574141395,49852.61,27.51,-2.193,0.281
52306,1574201396,49850.46,27.51,-2.175,0.162
52308,1574261395,49853.47,27.51,-2.221,0.030
52310,1574321395,49852.52,27.51,-2.215,-0.235
52312,1574381395,49851.09,27.50,-2.183,-0.043
52314,1574441395,49852.20,27.50,-2.171,0.394
52316,1574501396,49850.72,27.50,-2.137,0.319
52318,1574561395,49851.27,27.50,-2.132,0.317
52320,1574621395,49850.77,27.50,-2.135,0.086
52322,1574681395,49852.72,27.49,-2.161,-0.026
52324,1574741394,49851.24,27.49,-2.155,-0.211
52326,1574801396,49852.63,27.49,-2.177,-0.096
52328,1574861394,49851.21,27.49,-2.154,-0.103
52330,1574921412,49850.56,27.49,-2.102,0.309
52332,1574981395,49851.77,27.49,-2.085,0.755
52334,1575041395,49852.09,27.49,-2.098,0.334
52336,1575101396,49850.78,27.48,-2.115,-0.331
52338,1575161395,49854.30,27.48,-2.162,-0.241
52340,1575221395,49851.68,27.48,-2.159,-0.425
52342,1575281395,49851.67,27.48,-2.159,-0.301
52344,1575341394,49851.49,27.48,-2.147,0.057
52346,1575401396,49851.09,27.48,-2.159,0.005
52348,1575461395,49852.20,27.48,-2.167,-0.095
52350,1575521394,49852.71,27.48,-2.189,-0.054
52352,1575581395,49849.70,27.48,-2.145,-0.254
52354,1575641395,49850.60,27.48,-2.157,0.167
52356,1575701396,49850.59,27.48,-2.137,0.123
52358,1575761394,49851.54,27.47,-2.121,0.403
52360,1575821395,49850.59,27.47,-2.121,0.194
52362,1575881395,49852.21,27.47,-2.149,-0.081
52364,1575941394,49851.32,27.47,-2.128,-0.107
52366,1576001396,49850.51,27.47,-2.130,0.015
52368,1576061394,49850.53,27.47,-2.104,0.071
52370,1576121394,49851.89,27.47,-2.134,0.259
52372,1576181395,49853.08,27.46,-2.160,-0.184
52374,1576241395,49850.80,27.46,-2.118,-0.191
52376,1576301396,49852.18,27.46,-2.164,0.073
52378,1576361394,49850.21,27.46,-2.116,-0.253
52380,1576421395,49852.24,27.46,-2.132,0.392
52382,1576481395,49850.14,27.46,-2.106,0.015
52384,1576541394,49852.68,27.46,-2.149,0.066
52386,1576601396,49852.49,27.45,-2.158,-0.248
52388,1576661395,49851.76,27.45,-2.167,-0.296
52390,1576721395,49850.30,27.45,-2.129,-0.118
52392,1576781395,49851.95,27.45,-2.120,0.489
52394,1576841395,49851.80,27.45,-2.139,0.188
52396,1576901396,49852.56,27.45,-2.186,-0.416
52398,1576961395,49852.41,27.44,-2.228,-0.715
52400,1577021395,49852.19,27.44,-2.248,-0.670
52402,1577081395,49851.98,27.44,-2.258,-0.369
52404,1577141395,49853.92,27.44,-2.298,-0.180
52406,1577201396,49851.55,27.44,-2.289,-0.447
52408,1577261395,49851.16,27.44,-2.252,-0.019
52410,1577321395,49851.25,27.44,-2.244,0.433
52412,1577381395,49851.94,27.44,-2.243,0.215
52414,1577441395,49852.44,27.44,-2.251,0.100
52416,1577501396,49851.81,27.43,-2.225,0.054
52418,1577561395,49852.16,27.43,-2.205,0.361
52420,1577621395,49852.20,27.43,-2.175,0.468
52422,1577681395,49851.28,27.43,-2.152,0.393
52424,1577741395,49851.49,27.43,-2.139,0.291
52426,1577801396,49852.20,27.42,-2.164,0.122
52428,1577861394,49850.57,27.42,-2.112,-0.062
52430,1577921403,49853.25,27.42,-2.168,0.329
52432,1577981395,49852.51,27.42,-2.189,-0.475
52434,1578041394,49850.82,27.42,-2.178,-0.485
52436,1578101396,49852.80,27.42,-2.214,-0.083
52438,1578161395,49852.82,27.41,-2.207,-0.133
52440,1578221395,49852.62,27.41,-2.205,0.034
52442,1578281395,49852.52,27.41,-2.222,-0.096
52444,1578341394,49851.92,27.41,-2.231,-0.315
52446,1578401396,49853.03,27.41,-2.239,-0.113
52448,1578461394,49851.98,27.41,-2.238,-0.082
52450,1578521394,49850.81,27.40,-2.213,-0.093
52452,1578581395,49853.24,27.40,-2.240,0.252
52454,1578641395,49851.28,27.40,-2.207,-0.024
52456,1578701396,49849.02,27.40,-2.142,0.260
52458,1578761394,49849.60,27.40,-2.063,1.040
52460,1578821395,49851.06,27.40,-2.080,1.062
52462,1578881395,49850.06,27.40,-2.114,-0.260
52464,1578941395,49850.81,27.40,-2.141,-0.585
52466,1579001396,49853.61,27.40,-2.211,-0.360
52468,1579061395,49851.71,27.40,-2.185,-0.550
52470,1579121395,49851.64,27.40,-2.190,-0.024
52472,1579181395,49851.58,27.40,-2.170,0.071
52474,1579241395,49852.00,27.40,-2.162,0.303
52476,1579301396,49851.34,27.40,-2.149,0.154
52478,1579361394,49852.39,27.40,-2.160,0.132
52480,1579421395,49852.39,27.40,-2.166,-0.036
52482,1579481395,49852.43,27.40,-2.188,-0.196
52484,1579541395,49852.09,27.39,-2.207,-0.391
52486,1579601395,49851.03,27.39,-2.205,-0.375
52488,1579661394,49850.00,27.39,-2.132,0.210
52490,1579721395,49852.07,27.39,-2.121,0.987
52492,1579781395,49851.16,27.39,-2.123,0.308
52494,1579841395,49851.35,27.39,-2.128,-0.120
52496,1579901396,49852.30,27.39,-2.143,-0.019
52498,1579961394,49850.56,27.39,-2.148,-0.287
52500,1580021395,49852.89,27.39,-2.164,-0.102
52502,1580081395,49853.45,27.39,-2.229,-0.251
52504,1580141394,49852.36,27.39,-2.240,-0.856
52506,1580201396,49850.42,27.39,-2.203,-0.299
52508,1580261394,49852.55,27.38,-2.187,0.508
52510,1580321394,49850.38,27.38,-2.177,0.270
52512,1580381395,49852.91,27.38,-2.213,-0.043
52514,1580441395,49851.07,27.38,-2.196,-0.209
52516,1580501396,49852.53,27.38,-2.187,0.163
52518,1580561394,49852.64,27.38,-2.224,0.061
52520,1580621395,49851.69,27.37,-2.247,-0.625
52522,1580681395,49852.23,27.37,-2.259,-0.403
52524,1580741394,49853.32,27.37,-2.307,-0.261
52526,1580801396,49852.36,27.37,-2.290,-0.431
52528,1580861395,49850.51,27.36,-2.215,0.278
52530,1580921403,49853.75,27.37,-2.296,0.516
52532,1580981395,49851.77,27.36,-2.275,-0.551
52534,1581041395,49853.22,27.36,-2.269,0.129
52536,1581101396,49851.67,27.36,-2.209,0.424
52538,1581161395,49851.39,27.36,-2.222,0.389
52540,1581221395,49851.94,27.36,-2.202,0.064
52542,1581281395,49851.65,27.36,-2.207,0.210
52544,1581341394,49852.91,27.36,-2.191,0.161
52546,1581401396,49852.36,27.36,-2.217,0.098
52548,1581461395,49850.71,27.36,-2.205,-0.440
52550,1581521395,49852.52,27.36,-2.215,0.065
52552,1581581395,49851.96,27.35,-2.190,0.180
52554,1581641395,49852.71,27.35,-2.237,0.014
52556,1581701396,49852.65,27.36,-2.271,-0.618
52558,1581761395,49852.41,27.35,-2.234,-0.240
52560,1581821395,49852.62,27.35,-2.232,0.380
52562,1581881395,49853.72,27.35,-2.262,0.026
52564,1581941394,49851.39,27.35,-2.239,-0.327
52566,1582001396,49852.28,27.35,-2.269,-0.104
52568,1582061395,49851.18,27.35,-2.268,-0.327
52570,1582121395,49851.85,27.35,-2.270,-0.075
52572,1582181395,49852.42,27.35,-2.279,0.067
52574,1582241395,49853.46,27.35,-2.287,0.020
52576,1582301396,49853.79,27.35,-2.293,0.008
52578,1582361395,49852.83,27.35,-2.278,-0.049
52580,1582421395,49850.24,27.35,-2.232,0.050
52582,1582481395,49851.88,27.35,-2.238,0.388
52584,1582541395,49852.68,27.35,-2.230,0.291
52586,1582601396,49851.39,27.35,-2.202,0.192
52588,1582661395,49852.28,27.34,-2.209,0.229
52590,1582721395,49852.34,27.34,-2.225,-0.044
52592,1582781395,49852.14,27.34,-2.181,0.063
52594,1582841395,49851.20,27.34,-2.214,0.156
52596,1582901396,49853.10,27.34,-2.227,-0.290
52598,1582961395,49853.39,27.34,-2.200,0.209
52600,1583021395,49852.37,27.34,-2.186,0.287
52602,1583081395,49851.04,27.34,-2.189,-0.082
52604,1583141394,49852.41,27.34,-2.197,-0.059
52606,1583201396,49851.88,27.34,-2.217,-0.122
52608,1583261394,49853.40,27.34,-2.236,-0.237
52610,1583321395,49850.63,27.33,-2.209,-0.202
52612,1583381395,49852.14,27.34,-2.222,0.073
52614,1583441395,49852.50,27.33,-2.216,0.117
52616,1583501396,49851.73,27.33,-2.216,0.007
52618,1583561394,49852.89,27.34,-2.247,-0.135
52620,1583621395,49851.38,27.33,-2.221,-0.223
52622,1583681395,49850.40,27.34,-2.153,0.387
52624,1583741395,49851.09,27.33,-2.145,0.791
52626,1583801396,49851.70,27.34,-2.151,0.259
52628,1583861394,49852.89,27.34,-2.174,-0.004
52630,1583921403,49851.15,27.33,-2.154,-0.205
52632,1583981395,49852.63,27.34,-2.206,-0.129
52634,1584041395,49850.02,27.34,-2.167,-0.444
52636,1584101396,49851.26,27.34,-2.167,0.230
52638,1584161394,49849.39,27.34,-2.120,0.251
52640,1584221395,49853.13,27.33,-2.176,0.386
52642,1584281395,49852.89,27.34,-2.203,-0.354
52644,1584341394,49851.50,27.34,-2.196,-0.487
52646,1584401396,49852.19,27.33,-2.203,-0.065
52648,1584461395,49852.12,27.34,-2.204,-0.012
52650,1584521395,49852.00,27.33,-2.244,-0.266
52652,1584581395,49851.75,27.33,-2.234,-0.425
52654,1584641395,49852.80,27.33,-2.275,-0.093
52656,1584701396,49850.24,27.33,-2.204,-0.187
52658,1584761395,49850.50,27.33,-2.156,0.784
52660,1584821395,49853.26,27.33,-2.186,0.751
52662,1584881395,49851.75,27.33,-2.182,-0.130
52664,1584941394,49853.62,27.33,-2.216,-0.148
52666,1585001396,49853.10,27.33,-2.233,-0.326
52668,1585061395,49850.95,27.33,-2.213,-0.390
52670,1585121394,49851.01,27.33,-2.201,0.042
52672,1585181395,49851.13,27.33,-2.169,0.365
52674,1585241395,49851.21,27.33,-2.169,0.395
52676,1585301396,49853.43,27.33,-2.224,-0.045
52678,1585361395,49851.08,27.33,-2.220,-0.603
52680,1585421395,49852.47,27.33,-2.223,-0.137
52682,1585481395,49850.99,27.33,-2.189,0.162
52684,1585541395,49852.14,27.33,-2.227,0.120
52686,1585601396,49851.94,27.33,-2.213,-0.200
52688,1585661394,49851.43,27.33,-2.208,0.068
52690,1585721394,49853.00,27.33,-2.277,-0.221
52692,1585781395,49852.25,27.33,-2.259,-0.560
52694,1585841394,49853.00,27.33,-2.275,0.032
52696,1585901396,49851.15,27.33,-2.248,-0.120
52698,1585961395,49851.18,27.33,-2.213,0.299
52700,1586021395,49852.19,27.33,-2.229,0.429
52702,1586081395,49852.02,27.33,-2.218,0.004
52704,1586141395,49853.42,27.33,-2.257,0.013
52706,1586201396,49852.52,27.33,-2.285,-0.524
52708,1586261394,49849.25,27.33,-2.215,-0.390
52710,1586321394,49853.61,27.33,-2.241,0.707
52712,1586381395,49854.02,27.34,-2.254,0.221
52714,1586441395,49852.66,27.34,-2.260,-0.313
52716,1586501396,49853.67,27.34,-2.279,-0.227
52718,1586561394,49851.13,27.34,-2.255,-0.231
52720,1586621395,49851.82,27.34,-2.241,0.132
52722,1586681395,49851.80,27.34,-2.237,0.272
52724,1586741395,49852.40,27.33,-2.221,0.208
52726,1586801396,49851.73,27.34,-2.204,0.276
52728,1586861395,49852.85,27.33,-2.220,0.160
52730,1586921403,49851.20,27.34,-2.200,-0.108
52732,1586981395,49852.79,27.34,-2.216,0.103
52734,1587041395,49852.87,27.34,-2.244,-0.139
52736,1587101396,49852.06,27.34,-2.228,-0.307
52738,1587161394,49851.43,27.34,-2.213,0.081
52740,1587221395,49851.94,27.34,-2.208,0.200
52742,1587281395,49852.57,27.34,-2.258,-0.098
52744,1587341395,49853.71,27.34,-2.303,-0.619
52746,1587401396,49852.16,27.34,-2.300,-0.572
52748,1587461394,49853.39,27.34,-2.293,-0.012
52750,1587521395,49851.02,27.34,-2.268,0.106
52752,1587581395,49851.54,27.34,-2.258,0.146
52754,1587641395,49852.17,27.34,-2.246,0.326
52756,1587701396,49851.98,27.34,-2.240,0.225
52758,1587761394,49852.25,27.35,-2.228,0.161
52760,1587821395,49851.14,27.35,-2.226,0.058
52762,1587881395,49851.26,27.35,-2.185,0.166
52764,1587941394,49852.61,27.35,-2.212,0.454
52766,1588001396,49852.28,27.35,-2.218,-0.187
52768,1588061394,49851.61,27.35,-2.203,-0.112
52770,1588121394,49852.56,27.35,-2.205,0.184
52772,1588181395,49851.02,27.35,-2.186,0.042
52774,1588241395,49851.49,27.35,-2.173,0.164
52776,1588301396,49852.98,27.35,-2.226,0.062
52778,1588361395,49851.59,27.35,-2.252,-0.709
52780,1588421395,49852.62,27.35,-2.246,-0.339
52782,1588481395,49851.32,27.35,-2.262,-0.086
52784,1588541394,49853.11,27.35,-2.299,-0.336
52786,1588601396,49852.46,27.35,-2.298,-0.290
52788,1588661395,49852.54,27.35,-2.297,-0.087
52790,1588721395,49852.48,27.35,-2.249,0.285
52792,1588781395,49852.53,27.35,-2.202,0.806
52794,1588841395,49852.41,27.35,-2.205,0.548
52796,1588901396,49850.36,27.35,-2.170,-0.013
52798,1588961395,49852.68,27.35,-2.226,0.087
52800,1589021395,49851.72,27.35,-2.205,-0.314
52802,1589081395,49851.23,27.35,-2.165,0.261
52804,1589141394,49852.33,27.35,-2.207,0.285
52806,1589201396,49852.73,27.35,-2.224,-0.366
52808,1589261394,49852.65,27.35,-2.265,-0.443
52810,1589321395,49851.88,27.35,-2.278,-0.638
52812,1589381395,49850.95,27.35,-2.242,-0.158
52814,1589441395,49853.23,27.35,-2.251,0.484
52816,1589501396,49852.27,27.35,-2.253,0.064
52818,1589561394,49850.52,27.36,-2.182,0.090
52820,1589621395,49851.36,27.36,-2.189,0.640
52822,1589681395,49852.18,27.36,-2.210,0.052
52824,1589741395,49851.36,27.36,-2.212,-0.252
52826,1589801396,49851.73,27.36,-2.208,-0.065
52828,1589861395,49853.09,27.36,-2.232,0.091
52830,1589921403,49850.25,27.37,-2.205,-0.266
52832,1589981395,49854.06,27.37,-2.235,0.206
52834,1590041395,49852.83,27.37,-2.218,0.065
52836,1590101396,49849.58,27.37,-2.142,0.124
52838,1590161395,49852.52,27.37,-2.131,0.895
52840,1590221395,49852.97,27.38,-2.183,0.260
52842,1590281395,49852.19,27.38,-2.208,-0.743
52844,1590341394,49852.41,27.38,-2.200,-0.345
52846,1590401396,49855.23,27.38,-2.252,0.077
52848,1590461394,49850.67,27.38,-2.226,-0.599
52850,1590521395,49851.74,27.38,-2.199,0.023
52852,1590581395,49851.76,27.38,-2.179,0.557
52854,1590641395,49849.30,27.39,-2.105,0.420
52856,1590701396,49852.05,27.39,-2.116,0.809
52858,1590761395,49850.95,27.39,-2.111,0.159
52860,1590821395,49851.97,27.39,-2.121,-0.030
52862,1590881395,49852.12,27.39,-2.134,-0.051
52864,1590941394,49853.76,27.39,-2.174,-0.195
52866,1591001396,49850.93,27.40,-2.177,-0.604
52868,1591061394,49851.37,27.40,-2.188,-0.389
52870,1591121395,49854.18,27.40,-2.250,-0.139
52872,1591181395,49852.02,27.40,-2.248,-0.619
52874,1591241395,49852.88,27.40,-2.285,-0.401
52876,1591301396,49851.07,27.40,-2.268,-0.405
52878,1591361394,49851.49,27.41,-2.232,0.210
52880,1591421395,49851.29,27.41,-2.239,0.397
52882,1591481395,49853.48,27.41,-2.285,-0.091
52884,1591541395,49852.79,27.41,-2.290,-0.386
52886,1591601396,49853.75,27.41,-2.302,-0.140
52888,1591661394,49850.45,27.41,-2.236,-0.004
52890,1591721394,49854.27,27.42,-2.278,0.521
52892,1591781395,49852.35,27.42,-2.240,0.023
52894,1591841395,49850.84,27.42,-2.212,0.176
52896,1591901396,49852.66,27.42,-2.224,0.317
52898,1591961395,49851.56,27.42,-2.227,-0.047
52900,1592021395,49852.05,27.42,-2.261,-0.306
52902,1592081395,49852.93,27.42,-2.291,-0.405
52904,1592141394,49852.46,27.42,-2.293,-0.340
52906,1592201396,49852.03,27.42,-2.273,-0.036
52908,1592261394,49852.86,27.42,-2.325,-0.040
52910,1592321395,49851.57,27.43,-2.296,-0.427
52912,1592381395,49852.23,27.43,-2.286,0.257
52914,1592441395,49853.05,27.43,-2.286,0.295
52916,1592501396,49852.81,27.43,-2.289,0.056
52918,1592561395,49853.38,27.43,-2.321,-0.182
52920,1592621395,49852.33,27.43,-2.281,-0.178
52922,1592681395,49851.33,27.43,-2.230,0.488
52924,1592741395,49853.17,27.43,-2.225,0.719
52926,1592801396,49852.86,27.43,-2.247,0.148
52928,1592861395,49852.89,27.44,-2.255,-0.314
52930,1592921403,49851.79,27.44,-2.261,-0.263
52932,1592981395,49852.21,27.44,-2.260,-0.137
52934,1593041395,49851.91,27.44,-2.250,0.071
52936,1593101396,49853.06,27.44,-2.248,0.216
52938,1593161395,49852.59,27.44,-2.254,0.066
52940,1593221395,49854.04,27.44,-2.283,-0.128
52942,1593281395,49850.65,27.44,-2.224,-0.190
52944,1593341394,49852.83,27.45,-2.256,0.311
52946,1593401396,49853.01,27.45,-2.274,-0.149
52948,1593461394,49852.21,27.45,-2.241,-0.108
52950,1593521394,49851.82,27.45,-2.234,0.259
52952,1593581395,49852.30,27.45,-2.278,-0.139
52954,1593641394,49850.39,27.45,-2.212,-0.242
52956,1593701396,49852.94,27.45,-2.232,0.644
52958,1593761395,49852.88,27.45,-2.267,-0.092
52960,1593821394,49851.75,27.45,-2.260,-0.498
52962,1593881395,49853.22,27.45,-2.289,-0.092
52964,1593941394,49851.64,27.45,-2.230,0.019
52966,1594001396,49851.35,27.45,-2.229,0.430
52968,1594061395,49852.35,27.45,-2.237,0.097
52970,1594121394,49852.13,27.45,-2.234,0.014
52972,1594181395,49853.55,27.46,-2.277,-0.095
52974,1594241395,49853.52,27.46,-2.309,-0.511
52976,1594301396,49850.99,27.46,-2.261,-0.396
52978,1594361394,49852.85,27.46,-2.264,0.409
52980,1594421395,49852.01,27.46,-2.287,-0.001
52982,1594481395,49852.18,27.46,-2.286,-0.323
52984,1594541395,49852.29,27.46,-2.300,-0.071
52986,1594601396,49852.51,27.46,-2.280,-0.003
52988,1594661395,49852.70,27.46,-2.280,0.251
52990,1594721395,49852.64,27.46,-2.275,0.065
52992,1594781395,49853.19,27.46,-2.315,-0.128
52994,1594841395,49851.94,27.46,-2.296,-0.402
52996,1594901396,49854.26,27.47,-2.343,0.014
52998,1594961395,49851.62,27.47,-2.311,-0.346
53000,1595021395,49850.76,27.47,-2.261,0.215
53002,1595081395,49850.08,27.47,-2.230,0.602
53004,1595141395,49852.80,27.47,-2.254,0.478
53006,1595201396,49852.49,27.47,-2.234,0.141
53008,1595261394,49851.85,27.47,-2.248,0.011
53010,1595321395,49852.97,27.47,-2.293,-0.342
53012,1595381395,49852.52,27.48,-2.267,-0.295
53014,1595441395,49852.20,27.48,-2.234,0.351
53016,1595501396,49851.78,27.48,-2.209,0.461
53018,1595561394,49852.77,27.48,-2.234,0.226
53020,1595621395,49852.18,27.48,-2.228,-0.167
53022,1595681395,49852.90,27.48,-2.300,-0.364
53024,1595741394,49853.82,27.48,-2.305,-0.643
53026,1595801396,49852.84,27.48,-2.293,-0.072
53028,1595861394,49852.98,27.48,-2.284,0.092
53030,1595921403,49852.46,27.48,-2.331,-0.202
53032,1595981395,49849.66,27.49,-2.256,-0.431
53034,1596041395,49853.55,27.48,-2.268,0.830
53036,1596101396,49851.83,27.49,-2.276,0.127
53038,1596161394,49853.82,27.49,-2.297,-0.191
53040,1596221395,49850.23,27.49,-2.263,-0.214
53042,1596281395,49850.04,27.49,-2.226,0.158
53044,1596341394,49853.32,27.49,-2.261,0.572
53046,1596401396,49851.43,27.49,-2.215,0.069
53048,1596461395,49851.99,27.49,-2.251,0.122
53050,1596521395,49852.13,27.49,-2.235,-0.178
53052,1596581395,49852.35,27.49,-2.219,0.264
53054,1596641395,49850.79,27.49,-2.215,0.075
53056,1596701396,49854.07,27.49,-2.265,-0.049
53058,1596761395,49854.11,27.49,-2.311,-0.458
53060,1596821395,49851.61,27.50,-2.267,-0.565
53062,1596881395,49853.34,27.50,-2.250,0.456
53064,1596941394,49850.84,27.50,-2.214,0.366
53066,1597001396,49849.64,27.50,-2.145,0.419
53068,1597061395,49853.53,27.50,-2.182,0.873
53070,1597121395,49852.11,27.50,-2.192,-0.128
53072,1597181395,49853.73,27.50,-2.200,-0.175
53074,1597241395,49853.37,27.50,-2.181,0.148
53076,1597301396,49851.25,27.50,-2.191,-0.128
53078,1597361394,49850.60,27.50,-2.154,-0.173
53080,1597421394,49852.42,27.51,-2.171,0.429
53082,1597481395,49850.96,27.51,-2.190,-0.224
53084,1597541395,49852.68,27.51,-2.241,-0.500
53086,1597601396,49853.40,27.51,-2.263,-0.445
53088,1597661395,49851.76,27.51,-2.253,-0.339
53090,1597721395,49852.95,27.51,-2.262,-0.018
53092,1597781395,49851.95,27.51,-2.274,-0.140
53094,1597841395,49851.19,27.51,-2.235,-0.105
53096,1597901396,49852.26,27.51,-2.234,0.461
53098,1597961395,49852.64,27.51,-2.237,0.193
53100,1598021395,49853.18,27.51,-2.261,-0.080
53102,1598081395,49852.00,27.50,-2.234,-0.175
53104,1598141394,49854.42,27.50,-2.277,0.163
53106,1598201396,49851.55,27.50,-2.254,-0.364
53108,1598261394,49852.31,27.50,-2.295,-0.262
53110,1598321395,49850.82,27.50,-2.249,-0.235
53112,1598381395,49852.20,27.50,-2.244,0.488
53114,1598441395,49851.97,27.50,-2.260,0.130
53116,1598501396,49851.62,27.50,-2.241,-0.128
53118,1598561395,49852.07,27.50,-2.235,0.243
53120,1598621395,49852.98,27.50,-2.280,-0.033
53122,1598681395,49851.42,27.50,-2.269,-0.493
53124,1598741394,49853.02,27.50,-2.276,0.035
53126,1598801396,49853.28,27.50,-2.276,0.133
53128,1598861394,49851.80,27.50,-2.241,0.065
53130,1598921403,49852.86,27.51,-2.248,0.308
53132,1598981395,49852.37,27.51,-2.208,0.253
53134,1599041395,49854.22,27.51,-2.251,0.328
53136,1599101396,49851.02,27.51,-2.208,-0.327
53138,1599161394,49852.82,27.51,-2.218,0.219
53140,1599221395,49853.11,27.51,-2.256,-0.070
53142,1599281395,49852.26,27.51,-2.291,-0.694
53144,1599341395,49851.54,27.51,-2.274,-0.495
53146,1599401396,49852.45,27.51,-2.289,0.084
53148,1599461394,49851.32,27.51,-2.304,-0.261
53150,1599521394,49851.88,27.51,-2.275,-0.069
53152,1599581395,49850.14,27.51,-2.232,0.435
53154,1599641395,49854.36,27.51,-2.317,0.274
53156,1599701396,49851.17,27.51,-2.285,-0.600
53158,1599761394,49849.87,27.51,-2.222,0.158
53160,1599821395,49851.47,27.51,-2.178,1.017
53162,1599881395,49849.95,27.51,-2.129,0.843
53164,1599941394,49853.82,27.51,-2.187,0.502
53166,1600001396,49852.78,27.51,-2.217,-0.464
53168,1600061395,49852.68,27.51,-2.260,-0.763
53170,1600121395,49851.85,27.51,-2.234,-0.458
53172,1600181395,49850.66,27.51,-2.203,0.205
53174,1600241395,49851.22,27.51,-2.181,0.427
53176,1600301396,49853.24,27.51,-2.225,0.295
53178,1600361395,49852.28,27.51,-2.242,-0.450
53180,1600421395,49851.89,27.51,-2.224,-0.272
53182,1600481395,49852.09,27.51,-2.211,0.235
53184,1600541395,49853.18,27.51,-2.274,-0.063
53186,1600601396,49851.46,27.51,-2.237,-0.531
53188,1600661395,49853.39,27.51,-2.264,0.212
53190,1600721395,49851.01,27.51,-2.246,-0.206
53192,1600781395,49852.02,27.51,-2.218,0.182
53194,1600841395,49850.82,27.51,-2.186,0.491
53196,1600901396,49853.43,27.51,-2.217,0.354
53198,1600961395,49851.64,27.51,-2.224,-0.260
53200,1601021395,49854.43,27.51,-2.293,-0.404
53202,1601081395,49853.10,27.51,-2.307,-0.689
53204,1601141395,49852.00,27.51,-2.302,-0.457
53206,1601201396,49852.96,27.51,-2.293,0.081
53208,1601261395,49853.31,27.51,-2.352,-0.102
53210,1601321395,49852.59,27.51,-2.334,-0.581
53212,1601381395,49853.39,27.51,-2.347,0.064
53214,1601441394,49852.79,27.51,-2.324,0.034
53216,1601501396,49851.35,27.51,-2.292,0.217
53218,1601561395,49851.69,27.51,-2.252,0.491
53220,1601621395,49852.16,27.51,-2.247,0.587
53222,1601681395,49851.42,27.51,-2.251,0.044
53224,1601741395,49849.25,27.51,-2.186,0.033
53226,1601801396,49852.20,27.51,-2.186,0.802
53228,1601861395,49852.99,27.51,-2.253,0.071
53230,1601921403,49851.12,27.51,-2.216,-0.639
53232,1601981395,49852.43,27.51,-2.231,0.194
53234,1602041395,49852.57,27.51,-2.220,0.090
53236,1602101396,49851.54,27.51,-2.235,-0.072
53238,1602161394,49850.82,27.51,-2.230,-0.316
53240,1602221395,49853.35,27.51,-2.248,0.128
53242,1602281395,49852.70,27.51,-2.245,0.027
53244,1602341395,49853.00,27.50,-2.292,-0.301
53246,1602401396,49853.79,27.50,-2.337,-0.660
53248,1602461395,49851.30,27.51,-2.280,-0.391
53250,1602521395,49852.26,27.51,-2.255,0.564
53252,1602581395,49851.70,27.50,-2.235,0.493
53254,1602641395,49850.95,27.50,-2.237,0.096
53256,1602701396,49852.32,27.50,-2.276,-0.162
53258,1602761394,49852.54,27.51,-2.273,-0.253
53260,1602821395,49852.12,27.51,-2.292,-0.142
53262,1602881395,49851.77,27.51,-2.261,-0.104
53264,1602941394,49853.43,27.51,-2.265,0.440
53266,1603001396,49853.67,27.51,-2.308,-0.061
53268,1603061394,49850.49,27.51,-2.266,-0.546
53270,1603121395,49854.83,27.51,-2.299,0.357
53272,1603181395,49852.84,27.51,-2.293,-0.038
53274,1603241395,49853.00,27.51,-2.319,-0.315
53276,1603301396,49853.86,27.51,-2.327,-0.215
53278,1603361394,49850.16,27.51,-2.266,-0.069
53280,1603421395,49852.70,27.51,-2.293,0.381
53282,1603481395,49854.17,27.51,-2.335,-0.047
53284,1603541394,49853.02,27.51,-2.325,-0.405
53286,1603601396,49851.57,27.52,-2.265,0.137
53288,1603661394,49851.71,27.52,-2.240,0.680
53290,1603721394,49851.53,27.52,-2.237,0.355
53292,1603781395,49853.41,27.52,-2.277,0.007
53294,1603841395,49852.62,27.52,-2.290,-0.400
53296,1603901396,49851.56,27.52,-2.284,-0.345
53298,1603961395,49851.46,27.52,-2.300,-0.159
53300,1604021395,49853.11,27.52,-2.287,0.072
53302,1604081395,49851.36,27.52,-2.267,0.225
53304,1604141394,49853.32,27.53,-2.293,0.106
53306,1604201396,49852.01,27.52,-2.301,-0.238
53308,1604261395,49851.85,27.52,-2.272,-0.106
53310,1604321395,49851.72,27.53,-2.234,0.505
53312,1604381395,49850.27,27.53,-2.198,0.493
53314,1604441395,49850.70,27.52,-2.170,0.490
53316,1604501396,49852.01,27.53,-2.224,0.213
53318,1604561395,49850.78,27.53,-2.179,-0.296
53320,1604621395,49851.21,27.53,-2.169,0.419
53322,1604681395,49852.11,27.53,-2.162,0.335
53324,1604741394,49850.99,27.53,-2.152,0.126
53326,1604801396,49853.35,27.53,-2.219,-0.137
53328,1604861395,49852.64,27.53,-2.242,-0.687
53330,1604921403,49850.11,27.53,-2.182,-0.323
53332,1604981395,49852.26,27.53,-2.197,0.507
53334,1605041395,49853.06,27.53,-2.258,-0.140
53336,1605101396,49850.77,27.53,-2.256,-0.835
53338,1605161394,49851.05,27.53,-2.215,-0.017
53340,1605221395,49852.93,27.53,-2.250,0.478
53342,1605281395,49852.35,27.53,-2.308,-0.538
53344,1605341395,49853.82,27.53,-2.278,-0.406
53346,1605401396,49855.17,27.54,-2.321,0.322
53348,1605461395,49854.11,27.53,-2.348,-0.571
53350,1605521395,49852.50,27.53,-2.345,-0.612
53352,1605581395,49853.68,27.54,-2.347,-0.053
53354,1605641395,49851.21,27.54,-2.296,0.143
53356,1605701396,49853.28,27.54,-2.315,0.401
53358,1605761395,49852.27,27.54,-2.291,0.093
53360,1605821395,49852.03,27.54,-2.286,0.146
53362,1605881394,49853.10,27.54,-2.290,0.148
53364,1605941394,49852.52,27.54,-2.269,0.133
53366,1606001396,49851.62,27.54,-2.275,0.031
53368,1606061394,49851.82,27.54,-2.260,-0.029
53370,1606121395,49852.62,27.54,-2.279,0.151
53372,1606181395,49851.73,27.54,-2.254,-0.057
53374,1606241395,49853.57,27.55,-2.282,0.199
53376,1606301396,49851.48,27.55,-2.281,-0.303
53378,1606361395,49852.91,27.55,-2.288,-0.130
53380,1606421395,49852.81,27.55,-2.306,-0.045
53382,1606481395,49851.99,27.55,-2.270,-0.090
53384,1606541394,49851.86,27.55,-2.272,0.266
53386,1606601396,49853.68,27.55,-2.365,-0.349
53388,1606661395,49851.99,27.55,-2.338,-0.850
53390,1606721395,49853.07,27.55,-2.314,0.276
53392,1606781395,49852.98,27.55,-2.316,0.385
53394,1606841395,49851.41,27.55,-2.302,-0.094
53396,1606901396,49850.58,27.55,-2.251,0.186
53398,1606961394,49851.61,27.55,-2.220,0.785
53400,1607021395,49852.27,27.55,-2.287,0.189
53402,1607081395,49851.48,27.55,-2.277,-0.669
53404,1607141395,49852.42,27.55,-2.297,-0.060
53406,1607201396,49853.88,27.55,-2.337,-0.188
53408,1607261394,49852.94,27.55,-2.343,-0.437
53410,1607321394,49851.73,27.55,-2.338,-0.316
53412,1607381395,49852.60,27.55,-2.334,0.038
53414,1607441395,49851.79,27.55,-2.269,0.439
53416,1607501396,49852.42,27.55,-2.283,0.620
53418,1607561394,49852.11,27.54,-2.263,0.067
53420,1607621395,49851.95,27.54,-2.262,0.157
53422,1607681395,49851.48,27.54,-2.225,0.188
53424,1607741394,49852.37,27.54,-2.240,0.365
53426,1607801396,49852.69,27.54,-2.252,-0.070
53428,1607861395,49851.38,27.54,-2.265,-0.329
53430,1607921403,49852.20,27.53,-2.275,-0.266
53432,1607981395,49851.57,27.53,-2.255,0.017
53434,1608041395,49852.41,27.53,-2.272,0.134
53436,1608101396,49852.95,27.53,-2.287,-0.106
53438,1608161395,49851.17,27.53,-2.259,-0.155
53440,1608221395,49852.62,27.53,-2.265,0.220
53442,1608281395,49851.18,27.53,-2.250,0.048
53444,1608341395,49852.06,27.53,-2.284,-0.105
53446,1608401396,49852.49,27.52,-2.286,-0.232
53448,1608461395,49850.47,27.52,-2.235,0.072
53450,1608521394,49852.06,27.52,-2.251,0.424
53452,1608581395,49850.86,27.52,-2.207,0.176
53454,1608641395,49851.28,27.52,-2.171,0.604
53456,1608701396,49852.08,27.52,-2.190,0.466
53458,1608761394,49852.05,27.52,-2.190,-0.092
53460,1608821395,49852.24,27.52,-2.202,-0.076
53462,1608881395,49852.31,27.52,-2.228,-0.263
53464,1608941395,49852.53,27.52,-2.241,-0.344
53466,1609001396,49853.24,27.52,-2.262,-0.188
53468,1609061394,49852.39,27.52,-2.226,-0.043
53470,1609121394,49852.18,27.52,-2.213,0.334
53472,1609181395,49851.60,27.52,-2.186,0.251
53474,1609241394,49852.05,27.52,-2.211,0.158
53476,1609301396,49853.96,27.52,-2.289,-0.451
53478,1609361395,49851.99,27.52,-2.265,-0.761
53480,1609421395,49852.56,27.52,-2.281,-0.057
53482,1609481395,49852.03,27.52,-2.255,0.011
53484,1609541395,49851.69,27.53,-2.247,0.224
53486,1609601396,49852.58,27.52,-2.252,0.143
53488,1609661395,49850.93,27.53,-2.219,0.068
53490,1609721394,49853.80,27.53,-2.265,0.219
53492,1609781395,49852.52,27.53,-2.285,-0.428
53494,1609841395,49852.11,27.53,-2.295,-0.512
53496,1609901396,49852.98,27.53,-2.302,-0.122
53498,1609961394,49851.12,27.53,-2.258,0.063
53500,1610021394,49852.38,27.53,-2.228,0.597
53502,1610081395,49851.25,27.53,-2.207,0.516
53504,1610141395,49850.72,27.53,-2.203,0.101
53506,1610201396,49852.34,27.53,-2.236,-0.006
53508,1610261395,49852.59,27.53,-2.245,-0.212
53510,1610321395,49853.05,27.53,-2.286,-0.300
53512,1610381395,49853.30,27.53,-2.323,-0.601
53514,1610441395,49852.25,27.54,-2.269,-0.226
53516,1610501396,49852.24,27.54,-2.273,0.424
53518,1610561395,49851.23,27.54,-2.246,0.061
53520,1610621395,49853.59,27.54,-2.239,0.488
53522,1610681395,49853.48,27.54,-2.302,-0.025
53524,1610741395,49852.54,27.54,-2.293,-0.753
53526,1610801396,49854.41,27.54,-2.330,-0.076
53528,1610861394,49851.68,27.54,-2.341,-0.554
53530,1610921403,49851.68,27.54,-2.320,-0.329
53532,1610981395,49851.32,27.53,-2.287,0.369
53534,1611041395,49851.44,27.53,-2.234,0.665
53536,1611101396,49851.12,27.53,-2.211,0.737
53538,1611161394,49851.33,27.53,-2.210,0.305
53540,1611221395,49851.46,27.53,-2.191,0.180
53542,1611281395,49852.44,27.53,-2.176,0.419
53544,1611341394,49853.42,27.53,-2.219,0.149
53546,1611401396,49852.50,27.52,-2.260,-0.694
53548,1611461394,49851.87,27.52,-2.233,-0.506
53550,1611521395,49854.33,27.52,-2.273,0.214
53552,1611581395,49852.02,27.52,-2.283,-0.458
53554,1611641395,49852.32,27.52,-2.276,-0.332
53556,1611701396,49853.51,27.52,-2.276,0.230
53558,1611761395,49850.45,27.52,-2.225,0.111
53560,1611821395,49850.99,27.52,-2.193,0.482
53562,1611881395,49852.80,27.52,-2.194,0.654
53564,1611941395,49851.93,27.51,-2.210,0.026
53566,1612001396,49851.75,27.51,-2.221,-0.356
53568,1612061395,49852.05,27.52,-2.211,-0.062
53570,1612121395,49852.60,27.51,-2.253,-0.059
53572,1612181395,49850.75,27.51,-2.215,-0.372
53574,1612241395,49853.10,27.51,-2.231,0.343
53576,1612301396,49853.54,27.51,-2.247,0.063
53578,1612361395,49851.09,27.52,-2.227,-0.292
53580,1612421395,49854.12,27.51,-2.263,0.059
53582,1612481395,49851.85,27.51,-2.291,-0.459
53584,1612541394,49851.79,27.51,-2.263,-0.434
53586,1612601396,49851.28,27.51,-2.235,0.378
53588,1612661395,49853.94,27.52,-2.291,0.242
53590,1612721395,49850.21,27.51,-2.278,-0.624
53592,1612781395,49852.15,27.52,-2.281,-0.121
53594,1612841395,49850.87,27.52,-2.234,0.326
53596,1612901396,49853.00,27.52,-2.279,0.342
53598,1612961394,49851.25,27.52,-2.257,-0.278
53600,1613021395,49852.93,27.52,-2.303,-0.082
53602,1613081395,49853.45,27.52,-2.300,-0.233
53604,1613141395,49853.59,27.52,-2.303,0.040
53606,1613201396,49853.06,27.52,-2.295,-0.033
53608,1613261395,49852.50,27.52,-2.284,0.032
53610,1613321395,49853.48,27.52,-2.329,-0.085
53612,1613381395,49852.04,27.52,-2.332,-0.543
53614,1613441395,49851.79,27.52,-2.275,0.071
53616,1613501396,49852.02,27.52,-2.236,0.846
53618,1613561394,49852.83,27.52,-2.230,0.635
53620,1613621395,49852.09,27.52,-2.242,0.049
53622,1613681395,49852.37,27.52,-2.244,-0.183
53624,1613741394,49852.02,27.52,-2.245,-0.051
53626,1613801396,49852.17,27.52,-2.233,0.033
53628,1613861394,49851.20,27.51,-2.188,0.304
53630,1613921411,49853.98,27.52,-2.252,0.330
53632,1613981395,49853.80,27.51,-2.283,-0.563
53634,1614041395,49852.22,27.51,-2.280,-0.581
53636,1614101396,49850.20,27.51,-2.272,-0.337
53638,1614161395,49852.09,27.51,-2.252,0.198
53640,1614221395,49852.90,27.51,-2.261,0.462
53642,1614281395,49852.64,27.51,-2.259,-0.003
53644,1614341394,49854.20,27.51,-2.303,-0.108
53646,1614401396,49850.98,27.51,-2.267,-0.454
53648,1614461394,49852.85,27.51,-2.286,0.092
53650,1614521395,49853.41,27.51,-2.329,-0.161
53652,1614581395,49852.56,27.51,-2.276,-0.215
53654,1614641395,49851.60,27.51,-2.254,0.473
53656,1614701396,49851.21,27.51,-2.220,0.356
53658,1614761395,49853.03,27.51,-2.251,0.376
53660,1614821395,49851.90,27.51,-2.234,-0.138
53662,1614881395,49851.74,27.51,-2.230,0.044
53664,1614941394,49852.42,27.51,-2.235,0.087
53666,1615001396,49852.13,27.51,-2.199,0.194
53668,1615061394,49851.00,27.51,-2.165,0.442
53670,1615121394,49852.77,27.51,-2.180,0.403
53672,1615181395,49854.57,27.51,-2.257,-0.200
53674,1615241395,49852.39,27.51,-2.286,-1.081
53676,1615301396,49852.93,27.51,-2.318,-0.765
53678,1615361394,49852.32,27.51,-2.328,-0.445
53680,1615421395,49852.20,27.51,-2.302,-0.069
53682,1615481395,49853.04,27.51,-2.313,0.286
53684,1615541394,49853.45,27.51,-2.374,-0.317
53686,1615601396,49850.88,27.51,-2.318,-0.586
53688,1615661394,49851.57,27.51,-2.268,0.645
53690,1615721395,49853.64,27.51,-2.297,0.732
53692,1615781395,49853.43,27.51,-2.384,-0.581
53694,1615841395,49850.23,27.51,-2.304,-0.884
53696,1615901396,49852.31,27.51,-2.317,0.597
53698,1615961395,49852.64,27.51,-2.320,0.176
53700,1616021395,49852.92,27.51,-2.330,-0.034
53702,1616081395,49850.58,27.51,-2.276,-0.019
53704,1616141395,49851.99,27.51,-2.268,0.533
53706,1616201396,49853.00,27.50,-2.288,0.288
53708,1616261395,49853.65,27.51,-2.272,0.060
53710,1616321394,49851.54,27.50,-2.298,-0.158
53712,1616381395,49854.91,27.50,-2.356,-0.474
53714,1616441395,49852.74,27.50,-2.355,-0.531
53716,1616501396,49852.26,27.50,-2.345,-0.276
53718,1616561394,49852.33,27.50,-2.324,0.192
53720,1616621395,49851.25,27.50,-2.320,0.154
53722,1616681395,49851.60,27.50,-2.254,0.377
53724,1616741395,49852.04,27.50,-2.223,0.999
53726,1616801396,49851.28,27.50,-2.166,0.708
53728,1616861394,49853.85,27.50,-2.231,0.473
53730,1616921403,49851.07,27.50,-2.222,-0.623
53732,1616981395,49853.34,27.50,-2.303,-0.491
53734,1617041394,49853.02,27.50,-2.303,-0.682
53736,1617101396,49852.55,27.50,-2.307,-0.199
53738,1617161395,49852.45,27.50,-2.328,-0.227
53740,1617221395,49850.68,27.50,-2.282,-0.163
53742,1617281395,49851.51,27.50,-2.277,0.416
53744,1617341395,49850.64,27.50,-2.245,0.282
53746,1617401396,49851.05,27.50,-2.184,0.666
53748,1617461394,49851.14,27.49,-2.176,0.808
53750,1617521394,49853.34,27.50,-2.210,0.197
53752,1617581395,49854.64,27.50,-2.256,-0.261
53754,1617641395,49851.95,27.49,-2.259,-0.704
53756,1617701396,49852.92,27.49,-2.269,-0.326
53758,1617761394,49852.70,27.49,-2.273,-0.061
53760,1617821395,49852.58,27.49,-2.274,-0.094
53762,1617881395,49852.73,27.49,-2.252,0.117
53764,1617941394,49853.09,27.49,-2.240,0.363
53766,1618001396,49854.49,27.49,-2.271,0.161
53768,1618061395,49853.07,27.49,-2.272,-0.337
53770,1618121395,49850.85,27.49,-2.254,-0.333
53772,1618181395,49851.93,27.49,-2.260,0.044
53774,1618241395,49853.64,27.49,-2.287,0.102
53776,1618301396,49851.64,27.49,-2.262,-0.189
53778,1618361394,49852.92,27.49,-2.265,0.151
53780,1618421395,49852.37,27.49,-2.273,0.027
53782,1618481395,49852.32,27.49,-2.245,0.006
53784,1618541395,49853.37,27.49,-2.279,0.210
53786,1618601396,49852.08,27.49,-2.257,-0.246
53788,1618661394,49853.52,27.48,-2.295,0.004
53790,1618721395,49852.30,27.49,-2.308,-0.449
53792,1618781395,49851.83,27.48,-2.306,-0.359
53794,1618841395,49853.64,27.48,-2.324,0.043
53796,1618901396,49852.01,27.48,-2.326,-0.188
53798,1618961395,49853.39,27.48,-2.345,-0.178
53800,1619021395,49851.23,27.48,-2.298,-0.020
53802,1619081395,49852.18,27.48,-2.293,0.404
53804,1619141394,49850.89,27.48,-2.263,0.238
53806,1619201396,49852.51,27.48,-2.266,0.357
53808,1619261394,49851.33,27.48,-2.223,0.299
53810,1619321394,49852.83,27.48,-2.250,0.345
53812,1619381395,49852.14,27.48,-2.253,-0.178
53814,1619441395,49851.85,27.48,-2.254,-0.173
53816,1619501396,49851.91,27.48,-2.278,-0.179
53818,1619561395,49853.49,27.48,-2.306,-0.256
53820,1619621395,49852.14,27.47,-2.284,-0.186
53822,1619681395,49852.36,27.48,-2.306,-0.034
53824,1619741394,49853.58,27.47,-2.317,-0.126
53826,1619801396,49852.45,27.47,-2.296,-0.016
53828,1619861395,49852.70,27.48,-2.289,0.172
53830,1619921403,49853.34,27.47,-2.323,-0.005
53832,1619981395,49852.88,27.47,-2.300,-0.219
53834,1620041395,49853.25,27.47,-2.342,-0.032
53836,1620101396,49851.88,27.47,-2.326,-0.449
53838,1620161395,49853.85,27.47,-2.345,0.085
53840,1620221395,49852.61,27.47,-2.324,0.006
53842,1620281395,49851.55,27.47,-2.305,0.076
53844,1620341394,49853.03,27.47,-2.310,0.245
53846,1620401396,49853.31,27.47,-2.313,0.133
53848,1620461395,49853.54,27.47,-2.357,-0.237
53850,1620521395,49851.06,27.47,-2.327,-0.557
53852,1620581395,49852.45,27.47,-2.288,0.390
53854,1620641395,49853.36,27.47,-2.307,0.600
53856,1620701396,49850.55,27.47,-2.260,-0.094
53858,1620761394,49852.21,27.47,-2.273,0.300
53860,1620821395,49852.27,27.47,-2.262,0.151
53862,1620881395,49854.54,27.47,-2.302,0.119
53864,1620941394,49852.97,27.47,-2.284,-0.248
53866,1621001396,49855.11,27.47,-2.381,-0.345
53868,1621061395,49852.65,27.47,-2.350,-0.910
53870,1621121394,49851.38,27.47,-2.252,0.421
53872,1621181395,49851.19,27.47,-2.212,1.192
53874,1621241395,49852.12,27.47,-2.245,0.425
53876,1621301396,49853.07,27.47,-2.309,-0.492
53878,1621361394,49853.06,27.47,-2.318,-0.693
53880,1621421395,49851.14,27.47,-2.279,-0.149
53882,1621481395,49854.11,27.47,-2.316,0.322
53884,1621541394,49853.39,27.47,-2.341,-0.272
53886,1621601396,49852.38,27.46,-2.325,-0.413
53888,1621661394,49853.09,27.46,-2.343,0.015
53890,1621721395,49851.70,27.46,-2.296,0.017
53892,1621781395,49851.80,27.46,-2.293,0.382
53894,1621841395,49853.74,27.46,-2.334,0.065
53896,1621901396,49851.77,27.46,-2.282,-0.152
53898,1621961395,49852.57,27.46,-2.252,0.577
53900,1622021395,49853.50,27.46,-2.303,0.274
53902,1622081395,49851.99,27.46,-2.309,-0.624
53904,1622141394,49851.42,27.46,-2.287,-0.211
53906,1622201396,49851.61,27.46,-2.291,0.171
53908,1622261394,49853.18,27.45,-2.296,0.134
53910,1622321395,49851.89,27.46,-2.265,0.156
53912,1622381395,49853.06,27.45,-2.290,0.174
53914,1622441395,49851.33,27.45,-2.242,-0.022
53916,1622501395,49853.62,27.45,-2.271,0.401
53918,1622561394,49853.17,27.45,-2.301,-0.252
53920,1622621395,49852.26,27.45,-2.297,-0.488
53922,1622681395,49852.79,27.45,-2.336,-0.255
53924,1622741395,49852.36,27.45,-2.335,-0.410
53926,1622801396,49852.24,27.45,-2.327,-0.038
53928,1622861394,49852.81,27.45,-2.347,0.019
53930,1622921403,49853.00,27.45,-2.338,-0.077
53932,1622981395,49851.59,27.45,-2.319,0.054
53934,1623041395,49853.30,27.45,-2.358,0.029
53936,1623101396,49851.17,27.45,-2.313,-0.193
53938,1623161394,49853.55,27.45,-2.353,0.243
53940,1623221395,49850.21,27.45,-2.302,-0.198
53942,1623281395,49851.93,27.46,-2.290,0.419
53944,1623341394,49852.47,27.45,-2.258,0.615
53946,1623401396,49852.56,27.46,-2.303,0.171
53948,1623461394,49852.62,27.46,-2.309,-0.484
53950,1623521395,49853.29,27.46,-2.316,-0.080
53952,1623581395,49852.94,27.46,-2.326,-0.106
53954,1623641394,49852.42,27.46,-2.353,-0.362
53956,1623701396,49852.66,27.46,-2.334,-0.232
53958,1623761395,49852.14,27.46,-2.325,0.203
53960,1623821395,49853.11,27.46,-2.349,0.027
53962,1623881395,49854.79,27.47,-2.404,-0.288
53964,1623941394,49852.94,27.46,-2.359,-0.388
53966,1624001396,49853.35,27.47,-2.401,0.038
53968,1624061395,49852.97,27.47,-2.381,-0.300
53970,1624121394,49853.33,27.47,-2.382,0.173
53972,1624181395,49852.43,27.47,-2.350,0.134
53974,1624241395,49852.62,27.47,-2.323,0.432
53976,1624301396,49852.34,27.47,-2.306,0.429
53978,1624361395,49852.24,27.47,-2.306,0.175
53980,1624421395,49853.32,27.47,-2.300,0.150
53982,1624481395,49852.07,27.47,-2.295,0.082
53984,1624541395,49853.05,27.47,-2.296,0.032
53986,1624601396,49853.15,27.47,-2.329,-0.088
53988,1624661394,49851.99,27.47,-2.344,-0.570
53990,1624721394,49853.03,27.47,-2.367,-0.347
53992,1624781395,49852.49,27.48,-2.333,-0.014
53994,1624841394,49855.15,27.48,-2.408,0.141
53996,1624901396,49852.55,27.48,-2.387,-0.669
53998,1624961395,49853.41,27.48,-2.395,-0.079
54000,1625021395,49853.77,27.48,-2.420,-0.085
54002,1625081395,49853.82,27.48,-2.467,-0.513
54004,1625141395,49852.64,27.48,-2.402,-0.280
54006,1625201396,49852.07,27.48,-2.388,0.565
54008,1625261394,49853.21,27.48,-2.369,0.395
54010,1625321395,49852.39,27.48,-2.358,0.321
54012,1625381395,49853.11,27.48,-2.359,0.119
54014,1625441395,49852.90,27.49,-2.356,0.075
54016,1625501396,49852.79,27.49,-2.359,-0.020
54018,1625561394,49851.55,27.49,-2.371,-0.250
54020,1625621395,49853.52,27.49,-2.396,-0.203
54022,1625681395,49854.33,27.49,-2.433,-0.202
54024,1625741395,49852.06,27.49,-2.394,-0.360
54026,1625801396,49852.76,27.49,-2.365,0.391
54028,1625861395,49853.22,27.49,-2.364,0.489
54030,1625921403,49854.98,27.49,-2.413,-0.002
54032,1625981395,49853.17,27.49,-2.389,-0.410
54034,1626041395,49853.32,27.49,-2.381,0.085
54036,1626101396,49853.62,27.49,-2.412,-0.023
54038,1626161394,49853.42,27.49,-2.426,-0.405
54040,1626221395,49854.55,27.49,-2.471,-0.348
54042,1626281395,49853.98,27.49,-2.503,-0.643
54044,1626341395,49854.12,27.49,-2.488,-0.358
54046,1626401395,49854.11,27.49,-2.490,0.140
54048,1626461394,49852.95,27.49,-2.457,0.066
54050,1626521395,49853.60,27.48,-2.467,0.249
54052,1626581395,49854.94,27.48,-2.518,-0.162
54054,1626641395,49853.72,27.48,-2.533,-0.650
54056,1626701396,49852.73,27.48,-2.480,-0.147
54058,1626761394,49853.67,27.48,-2.481,0.553
54060,1626821395,49852.36,27.48,-2.460,0.128
54062,1626881395,49852.32,27.48,-2.400,0.440
54064,1626941394,49851.66,27.48,-2.368,0.792
54066,1627001396,49853.32,27.48,-2.378,0.466
54068,1627061394,49852.59,27.48,-2.378,0.024
54070,1627121394,49853.84,27.48,-2.382,0.019
54072,1627181395,49851.82,27.48,-2.343,0.104
54074,1627241395,49851.75,27.48,-2.343,0.209
54076,1627301396,49853.39,27.48,-2.331,0.281
54078,1627361394,49853.38,27.48,-2.349,0.198
54080,1627421395,49853.22,27.48,-2.327,-0.083
54082,1627481395,49850.66,27.48,-2.278,0.216
54084,1627541394,49854.68,27.48,-2.338,0.372
54086,1627601396,49851.55,27.48,-2.332,-0.476
54088,1627661395,49854.05,27.48,-2.351,-0.173
54090,1627721395,49852.91,27.48,-2.327,0.083
54092,1627781395,49854.06,27.47,-2.364,0.029
54094,1627841395,49853.13,27.47,-2.376,-0.429
54096,1627901396,49851.72,27.47,-2.332,-0.165
54098,1627961395,49851.87,27.47,-2.293,0.563
54100,1628021395,49851.11,27.47,-2.234,0.750
54102,1628081395,49852.17,27.47,-2.240,0.692
54104,1628141394,49853.45,27.47,-2.262,0.117
54106,1628201396,49851.69,27.47,-2.240,-0.172
54108,1628261395,49851.37,27.47,-2.222,0.105
54110,1628321395,49852.81,27.47,-2.242,0.225
54112,1628381395,49852.43,27.47,-2.248,-0.124
54114,1628441395,49851.66,27.47,-2.210,0.013
5