=~=~=~=~=~=~=~=~=~=~=~= PuTTY log 2026.08.22 13:29:59 =~=~=~=~=~=~=~=~=~=~=~=
3068,833,35797291,9.438,8.500,80.145,82.250,0.381,0.286,0.703,100055.95,36.40,-93.394,-91.905,-19.2128,0.5500,-2.5600,10.1500,-16.5625,27.6875,-3.1250,19.3750,-12.5625,4.2500,-0.3800,-0.4000,0.6300,0.9300,-2.1600,9.5100,1,1
3081,837,35906029,6.000,8.188,81.327,81.000,0.128,-0.641,-1.556,100066.95,36.40,-93.175,-91.921,-19.1790,0.0900,-2.5300,9.8000,-7.0625,-59.4375,20.3125,16.5000,-12.1875,6.7500,-0.1100,-0.3000,0.0300,0.3400,-2.1100,9.5600,1,1
3095,841,36025784,13.188,8.188,80.086,79.750,0.032,-1.134,0.429,100072.80,36.41,-92.936,-91.859,-18.3672,1.3800,-2.1900,9.6000,-4.8750,-37.4375,-17.0625,19.3750,-13.6875,3.0625,-0.4200,-0.3100,0.2700,1.6200,-2.0900,9.4400,1,1
3110,845,36148291,16.000,7.625,80.331,80.438,0.308,0.278,1.695,100056.05,36.42,-92.691,-91.788,-18.1206,1.9400,-2.2100,9.6300,-2.9375,-21.5000,-4.9375,20.8750,-13.0000,0.1875,-0.0900,-0.2300,0.2500,2.0400,-1.9800,9.3800,1,1
4875,1323,50574426,8.188,-0.625,49.831,49.875,0.641,1.108,0.216,100046.21,36.50,-93.600,-95.323,-19.8320,1.4900,-0.0500,10.1200,3.8750,-6.2500,-1.3750,-19.0625,11.5000,105.1875,0.9300,0.5100,-0.0600,0.7200,-0.6200,9.7500,1,1
4889,1327,50692486,8.062,-0.562,49.818,49.812,0.995,1.915,2.046,100036.64,36.50,-93.584,-95.352,-19.2917,0.6700,-0.6100,9.6600,-0.0625,0.0000,-0.0625,-18.6875,12.5625,105.1875,-0.0200,0.0200,-0.0900,0.7000,-0.6300,9.7600,1,1
4904,1331,50814832,8.062,-0.562,49.814,49.812,0.807,1.636,-1.567,100039.95,36.51,-93.653,-95.404,-19.4007,0.6800,-0.6100,9.7700,0.0000,0.1875,0.0000,-18.2500,11.5000,103.1875,0.0000,0.0500,0.0500,0.7000,-0.6300,9.7600,1,1
4917,1334,50914848,8.062,-0.562,49.813,49.812,0.666,0.018,-0.503,100059.14,36.50,-93.681,-95.440,-19.4008,0.6900,-0.6100,9.7700,-0.1250,-0.1875,-0.0625,-18.6875,11.8750,104.3750,-0.0100,0.0200,0.0100,0.7000,-0.6300,9.7600,1,1
4930,1338,51024675,8.062,-0.562,49.813,49.812,0.469,-0.063,-0.955,100060.10,36.51,-93.767,-95.490,-19.4106,0.6800,-0.6100,9.7800,0.0000,0.0000,0.0000,-17.5625,11.8750,105.6875,0.0000,0.0300,0.0400,0.7000,-0.6300,9.7600,1,1
4944,1342,51144865,8.062,-0.562,49.813,49.812,0.235,-0.446,-1.896,100064.64,36.51,-93.881,-95.547,-19.4305,0.6900,-0.6100,9.8000,0.0625,-0.1875,0.0625,-17.8750,11.5000,105.5625,0.0300,0.0300,0.0300,0.7000,-0.6300,9.7600,1,1
4956,1345,51244873,8.062,-0.562,49.813,49.812,0.212,-0.295,-0.628,100062.85,36.50,-93.963,-95.591,-19.4320,0.7000,-0.6000,9.8000,0.0000,0.0000,-0.0625,-17.8750,11.5000,104.8750,0.0100,0.0300,0.0600,0.7000,-0.6300,9.7600,1,1
4971,1349,51365031,8.062,-0.562,49.813,49.812,0.134,-0.732,0.562,100068.03,36.50,-94.045,-95.647,-19.3750,0.6500,-0.6500,9.7500,0.0625,-0.1875,0.0625,-17.5625,11.5000,104.3750,0.0000,0.0100,-0.1400,0.7000,-0.6300,9.7600,1,1
4985,1353,51484756,8.062,-0.562,49.813,49.812,0.098,0.064,-0.344,100058.59,36.51,-94.156,-95.697,-19.3810,0.6900,-0.6100,9.7500,0.1250,-0.0625,0.1250,-18.2500,11.8750,104.7500,0.0200,0.0200,0.0600,0.7000,-0.6300,9.7600,1,1
5000,1357,51607291,8.062,-0.562,49.813,49.812,0.395,1.360,1.029,100043.22,36.51,-94.213,-95.738,-19.4316,0.6600,-0.6000,9.8000,0.0625,-0.2500,0.0625,-18.2500,10.3750,104.7500,-0.0400,0.0200,0.0400,0.7000,-0.6300,9.7600,1,1
5014,1361,51725130,8.062,-0.562,49.813,49.812,0.504,0.017,1.651,100059.15,36.52,-94.198,-95.763,-19.3937,0.6900,-0.5900,9.7600,-0.0625,-0.1250,0.0625,-17.8750,11.0625,103.5625,0.0000,0.0400,0.0300,0.7000,-0.6300,9.7600,1,1
5028,1365,51845220,8.062,-0.562,49.813,49.812,0.542,0.795,-0.087,100049.92,36.52,-94.257,-95.802,-19.4517,0.6900,-0.6000,9.8200,0.0625,-0.1875,0.0625,-17.8750,11.0625,105.1875,0.0000,0.0400,0.0600,0.7000,-0.6300,9.7600,1,1
5043,1369,51965488,8.062,-0.562,49.813,49.812,0.525,0.088,1.056,100058.30,36.52,-94.279,-95.834,-19.4432,0.6900,-0.5900,9.8100,-0.0625,-0.0625,0.0000,-18.2500,11.8750,104.3750,0.0000,0.0100,0.0400,0.7000,-0.6300,9.7600,1,1
5057,1373,52085314,8.062,-0.562,49.813,49.812,0.292,-0.268,-1.728,100062.53,36.51,-94.368,-95.877,-19.3162,0.7100,-0.6500,9.6900,0.1250,0.1250,-0.0625,-18.6875,11.8750,105.1875,-0.0300,0.0400,0.0300,0.7000,-0.6300,9.7600,1,1
5072,1377,52207295,8.062,-0.562,49.813,49.812,0.335,-0.334,0.473,100063.32,36.53,-94.413,-95.915,-20.1798,0.8600,-1.2800,10.6500,-0.8125,-0.5000,0.0000,-18.2500,11.8750,104.7500,0.1500,-0.6400,0.8900,0.7000,-0.6300,9.7600,1,1
5086,1381,52325491,8.125,-0.562,49.813,49.812,0.600,0.449,1.769,100054.02,36.51,-94.415,-95.944,-19.4681,0.7000,-0.6100,9.8400,-0.0625,0.0000,0.0000,-17.5625,12.1875,105.5625,-0.0100,0.0100,0.0200,0.7000,-0.6300,9.7600,1,1
5100,1385,52445683,8.125,-0.562,49.813,49.812,0.644,0.956,0.200,100048.01,36.52,-94.449,-95.974,-19.4679,0.6800,-0.6100,9.8400,0.0000,0.0625,0.0625,-18.2500,11.5000,105.6875,-0.0100,0.0200,-0.0100,0.7000,-0.6300,9.7600,1,1
5115,1389,52565848,8.125,-0.562,49.813,49.812,0.674,0.137,0.694,100057.73,36.53,-94.441,-95.995,-19.4312,0.6900,-0.5900,9.8000,0.0000,0.0625,-0.0625,-18.6875,11.5000,104.3750,0.0000,0.0200,0.0400,0.7000,-0.6300,9.7600,1,1
5129,1393,52685682,8.125,-0.562,49.813,49.812,0.652,0.676,-0.774,100051.34,36.52,-94.486,-96.025,-19.4087,0.7000,-0.6100,9.7800,0.0000,0.0625,0.0000,-17.8750,12.1875,104.3750,0.0000,0.0100,0.0400,0.7000,-0.6300,9.7600,1,1
5144,1397,52806415,8.125,-0.562,49.813,49.812,0.453,-0.074,-1.836,100060.23,36.54,-94.547,-96.059,-19.4412,0.7000,-0.5900,9.8100,0.0000,-0.1250,0.0000,-17.5625,11.8750,104.0000,0.0000,0.0300,0.0500,0.7000,-0.6300,9.7600,1,1
5158,1401,52925724,8.125,-0.562,49.780,49.750,0.557,0.674,0.232,100051.35,36.52,-94.584,-96.087,-19.4541,0.7200,-0.5700,9.8200,0.0625,-0.1250,0.0000,-17.1875,11.8750,105.6875,-0.0100,0.0000,0.0200,0.7000,-0.6300,9.7600,1,1
5172,1405,53045935,8.125,-0.562,49.757,49.750,0.750,0.982,1.902,100047.70,36.53,-94.570,-96.104,-19.4510,0.6900,-0.5900,9.8200,-0.0625,-0.1250,0.0625,-17.1875,11.8750,104.0000,-0.0100,0.0000,-0.0100,0.7000,-0.6300,9.7600,1,1
5187,1409,53166305,8.125,-0.562,49.751,49.750,0.416,0.211,-3.103,100056.85,36.51,-94.665,-96.142,-19.4059,0.7100,-0.6300,9.7800,-0.1250,-0.1250,-0.0625,-19.0625,11.8750,105.5625,-0.0200,0.0100,0.0300,0.7000,-0.6300,9.7600,1,1
5199,1412,53266305,8.188,-0.625,49.725,49.688,0.410,-0.464,0.223,100064.85,36.52,-94.686,-96.162,-19.4557,0.7400,-0.5500,9.8200,0.5000,-0.8125,-0.2500,-19.0625,11.8750,105.1875,0.0300,0.0500,0.0200,0.7100,-0.6200,9.7600,1,1
5212,1416,53376114,8.188,-0.625,49.697,49.688,0.650,0.828,1.843,100049.53,36.54,-94.685,-96.179,-19.4314,0.7200,-0.5800,9.8000,0.0625,0.0000,0.0000,-17.8750,11.8750,105.1875,0.0000,0.0100,0.0300,0.7100,-0.6200,9.7600,1,1
5226,1420,53496311,8.188,-0.625,49.690,49.688,0.617,-0.226,0.684,100062.03,36.52,-94.677,-96.194,-19.3821,0.7300,-0.5800,9.7500,0.0000,0.0000,-0.0625,-18.2500,12.5625,104.3750,-0.0100,0.0300,0.0400,0.7100,-0.6200,9.7600,1,1
5241,1424,53616486,8.188,-0.625,49.688,49.688,0.573,0.594,-0.447,100052.31,36.53,-94.741,-96.224,-19.4230,0.7200,-0.5700,9.7900,-0.0625,0.0000,0.0625,-17.8750,12.1875,104.7500,-0.0100,0.0400,0.0600,0.7100,-0.6200,9.7600,1,1
5255,1428,53736281,8.188,-0.625,49.688,49.688,0.498,-0.243,0.652,100062.23,36.52,-94.752,-96.243,-19.4214,0.7100,-0.5800,9.7900,0.0000,0.1875,0.0000,-17.8750,11.8750,105.6875,0.0000,0.0200,0.0400,0.7100,-0.6200,9.7600,1,1
5270,1432,53858292,8.188,-0.625,49.688,49.688,0.900,1.373,2.918,100043.07,36.53,-94.727,-96.256,-19.4300,0.7200,-0.5900,9.8000,0.0000,0.0000,0.0625,-18.2500,11.8750,104.3750,0.0000,0.0300,0.0400,0.7100,-0.6200,9.7600,1,1
5284,1436,53976293,8.188,-0.625,49.688,49.688,0.486,-0.566,-2.389,100066.06,36.53,-94.773,-96.281,-19.4513,0.7300,-0.5800,9.8200,0.0000,0.0000,0.0000,-18.2500,11.8750,105.1875,0.0000,0.0300,0.0300,0.7100,-0.6200,9.7600,1,1
5298,1440,54096400,8.188,-0.625,49.688,49.688,0.288,-0.085,-1.699,100060.36,36.54,-94.874,-96.315,-19.4385,0.7200,-0.6000,9.8100,0.0625,0.0625,-0.1875,-18.6875,12.1875,104.3750,0.0000,0.0200,0.0500,0.7100,-0.6200,9.7600,1,1
5313,1444,54216835,8.188,-0.625,49.688,49.688,0.356,-0.188,1.000,100061.58,36.54,-94.904,-96.336,-19.4000,0.6900,-0.5900,9.7700,0.0000,0.0000,-0.1250,-18.2500,11.8750,104.0625,0.0100,0.0100,0.0100,0.7100,-0.6200,9.7600,1,1
5327,1448,54336494,8.188,-0.625,49.688,49.688,0.266,0.303,-1.808,100055.76,36.52,-94.994,-96.368,-19.4185,0.7000,-0.6000,9.7900,0.0625,-0.1875,-0.1250,-18.2500,11.8750,105.2500,-0.0100,0.0400,0.0100,0.7100,-0.6200,9.7600,1,1
5342,1452,54458291,8.188,-0.625,49.688,49.688,0.263,0.078,0.560,100058.43,36.54,-95.039,-96.390,-19.4255,0.6900,-0.5500,9.7900,0.0000,0.0625,-0.0625,-19.0625,12.1875,104.7500,-0.0100,0.0600,0.0300,0.7100,-0.6200,9.7600,1,1
5356,1456,54576674,8.188,-0.625,49.688,49.688,0.449,1.088,1.024,100046.45,36.53,-95.063,-96.407,-19.4115,0.7100,-0.5800,9.7800,0.0000,0.0000,-0.1250,-18.6875,11.8750,104.3750,-0.0100,0.0200,0.0200,0.7100,-0.6200,9.7600,1,1
5370,1460,54696389,8.188,-0.625,49.688,49.688,0.528,0.666,1.113,100051.45,36.53,-95.054,-96.418,-19.4316,0.7300,-0.5800,9.8000,0.1250,0.0000,-0.0625,-18.2500,12.1875,105.2500,0.0100,0.0300,0.0400,0.7100,-0.6200,9.7600,1,1
5385,1464,54817039,8.188,-0.625,49.688,49.688,0.165,-0.453,-2.036,100064.72,36.54,-95.134,-96.447,-19.4215,0.7200,-0.5800,9.7900,0.1250,0.1250,-0.1250,-18.2500,11.5000,104.8750,0.0000,0.0300,0.0300,0.7100,-0.6200,9.7600,1,1
5399,1468,54936705,8.188,-0.625,49.688,49.688,0.540,1.526,2.173,100041.25,36.54,-95.137,-96.459,-19.4383,0.7000,-0.6000,9.8100,0.0000,0.1250,0.1250,-17.5625,11.5000,105.2500,0.0100,0.0400,0.0300,0.7100,-0.6200,9.7600,1,1
5414,1472,55059291,8.188,-0.625,49.688,49.688,0.366,-0.644,0.965,100066.98,36.56,-95.127,-96.469,-19.4484,0.7200,-0.6000,9.8200,-0.1250,0.1250,0.0000,-18.6875,11.8750,105.6875,0.0000,0.0100,0.0600,0.7100,-0.6200,9.7600,1,1
5426,1475,55158291,8.188,-0.625,49.688,49.688,0.548,2.496,-2.831,100029.75,36.52,-95.187,-96.491,-19.4527,0.7200,-0.5700,9.8200,-0.0625,-0.1250,0.0000,-17.5625,11.8750,104.8750,0.0000,0.0500,0.0600,0.7100,-0.6200,9.7600,1,1
5440,1479,55277135,8.188,-0.625,49.688,49.688,0.783,1.068,3.254,100046.68,36.53,-95.109,-96.486,-19.4146,0.7300,-0.5600,9.7800,0.0000,-0.0625,0.0000,-19.0625,11.8750,104.8750,0.0000,0.0200,0.0100,0.7100,-0.6200,9.7600,1,1
5454,1483,55397389,8.188,-0.625,49.688,49.688,0.724,0.392,-0.444,100054.70,36.54,-95.100,-96.494,-19.4313,0.7100,-0.5800,9.8000,0.0000,-0.0625,0.1250,-17.8750,12.1875,104.0625,0.0000,0.0200,0.0000,0.7100,-0.6200,9.7600,1,1
5469,1487,55517477,8.188,-0.625,49.688,49.688,0.604,-0.890,0.313,100069.91,36.54,-95.084,-96.501,-19.4231,0.7300,-0.5700,9.7900,0.0000,-0.1250,0.0625,-17.5625,11.5000,104.0625,-0.4900,-0.2900,-0.0300,0.7100,-0.6200,9.7600,1,1
5483,1491,55637313,8.188,-0.688,49.868,50.000,0.807,1.580,-0.731,100040.61,36.55,-95.117,-96.517,-19.4400,0.9000,-0.4700,9.7900,1.6875,-2.2500,-0.0625,-17.5625,12.1875,103.5625,-0.0300,-0.0200,-0.0500,0.7200,-0.6100,9.7600,1,1
5495,1494,55737307,8.250,-0.688,49.963,50.000,0.553,0.379,-0.181,100054.85,36.54,-95.146,-96.529,-19.4031,0.7200,-0.5600,9.7700,0.0000,0.0000,-0.0625,-19.3750,11.8750,102.7500,0.0000,0.0100,0.0500,0.7200,-0.6100,9.7600,1,1
5508,1498,55847493,8.250,-0.688,49.991,50.000,0.511,1.127,-1.573,100045.98,36.55,-95.201,-96.548,-19.4102,0.7200,-0.5800,9.7800,0.0000,0.0625,-0.0625,-17.5625,13.0000,103.1875,0.0000,0.0200,0.0300,0.7200,-0.6100,9.7600,1,1
5520,1501,55947444,8.250,-0.688,49.997,50.000,0.633,0.079,2.990,100058.41,36.54,-95.158,-96.547,-19.4339,0.6900,-0.5500,9.8000,-0.1250,0.0000,0.0000,-17.8750,11.8750,103.5625,-0.0300,0.0500,0.0400,0.7200,-0.6100,9.7600,1,1
5535,1505,56059291,8.250,-0.688,49.999,50.000,0.807,1.316,1.087,100043.75,36.55,-95.155,-96.555,-19.3742,0.7800,-0.5600,9.7400,-0.0625,-0.1250,-0.0625,-18.2500,12.5625,104.3750,0.0500,0.0500,-0.0100,0.7200,-0.6100,9.7600,1,1
5549,1509,56177399,8.250,-0.688,50.000,50.000,0.401,-0.365,-3.183,100063.68,36.56,-95.209,-96.574,-19.4086,0.7100,-0.5900,9.7800,0.0000,0.0000,0.0000,-17.8750,11.8750,104.0625,0.0000,0.0200,0.0000,0.7200,-0.6100,9.7600,1,1
5564,1513,56301291,8.250,-0.688,50.000,50.000,0.625,1.682,0.387,100039.40,36.54,-95.249,-96.591,-19.4736,0.8100,-0.4900,9.8300,1.0625,-1.3750,0.0625,-19.3750,11.8750,103.1875,0.0800,0.1100,0.0700,0.7300,-0.6000,9.7600,1,1
5579,1517,56418188,8.188,-0.688,50.000,50.000,0.719,0.803,1.105,100049.83,36.54,-95.218,-96.592,-19.4319,0.7000,-0.5800,9.8000,-0.5625,0.6875,0.0625,-17.8750,13.0000,103.1875,-0.0400,0.0000,0.0400,0.7200,-0.6100,9.7600,1,1
5593,1521,56537686,8.188,-0.688,49.943,49.812,0.847,2.238,-0.082,100032.80,36.56,-95.230,-96.603,-19.4645,0.6600,0.0000,9.7500,1.1875,-1.6875,1.1250,-18.6875,12.5625,103.1875,0.1100,0.4900,0.0200,0.7200,-0.6100,9.7600,1,1
5608,1525,56659292,8.250,-0.688,49.816,49.688,0.823,1.073,1.041,100046.62,36.54,-95.187,-96.601,-19.4609,0.7300,-0.0200,9.7500,1.0625,-1.8750,2.7500,-18.6875,11.5000,109.0000,0.0000,0.5800,0.0000,0.7300,-0.6000,9.7600,1,1
5621,1528,56760296,8.312,-0.750,49.620,49.500,1.071,1.470,1.131,100041.91,36.55,-95.124,-96.595,-19.4383,0.7200,-0.5800,9.8100,0.3750,-0.6250,1.5000,-17.5625,10.3750,110.2500,-0.0100,0.0200,0.0500,0.7400,-0.6000,9.7500,1,1
5635,1532,56877761,8.250,-0.688,49.528,49.500,0.483,0.255,-4.004,100056.33,36.55,-95.227,-96.624,-19.4926,0.6500,-0.6200,9.8700,0.1250,-0.1250,0.3125,-16.7500,10.0000,111.5000,0.0200,0.0700,0.0500,0.7300,-0.6000,9.7600,1,1
5649,1536,56995118,8.312,-0.750,49.410,49.312,0.473,0.448,-0.479,100054.03,36.54,-95.261,-96.638,-19.2983,0.7300,-0.6600,9.6800,-0.2500,-0.4375,-0.1875,-17.1875,11.0625,112.2500,0.0000,-0.0500,-0.0700,0.7300,-0.6000,9.7600,1,1
5661,1539,57097963,8.250,-0.750,49.340,49.312,0.732,2.059,-0.017,100034.94,36.53,-95.260,-96.644,-19.3822,0.6900,-0.5700,9.7500,-1.0000,1.1250,1.1875,-17.1875,10.6875,111.0625,-0.0400,0.0300,0.0000,0.7300,-0.6000,9.7600,1,1
5675,1543,57210291,8.188,-0.625,49.206,49.250,0.889,0.020,4.139,100059.12,36.55,-95.157,-96.631,-19.4390,0.7700,-0.6000,9.8100,0.1250,-0.8125,-3.6875,-17.1875,11.0625,111.8750,0.0500,0.0000,0.0500,0.7200,-0.6100,9.7600,1,1
5689,1547,57328129,8.062,-0.562,49.239,49.125,0.383,-0.433,-4.011,100064.48,36.56,-95.262,-96.661,-19.3827,0.0700,-1.1900,9.8400,-4.1250,4.6250,3.5000,-18.2500,10.6875,112.3750,-0.0800,-0.0500,-0.2100,0.7100,-0.6200,9.7600,1,1
5703,1551,57448314,8.500,-0.562,48.929,48.875,0.382,0.386,-0.264,100054.77,36.55,-95.320,-96.669,-18.8174,1.6800,-1.0400,9.2500,2.1875,8.6875,-4.6250,-16.7500,10.0000,113.8750,0.9600,0.4900,0.3800,0.7500,-0.6200,9.7500,1,1
5718,1555,57568459,8.500,-0.688,48.965,49.000,0.685,1.642,1.377,100039.88,36.55,-95.312,-96.675,-19.3469,1.8000,-0.1000,9.6400,0.1250,-1.8125,2.6250,-17.8750,4.0000,128.0000,0.5100,-0.0100,-0.1300,0.7700,-0.6100,9.7500,1,1
5732,1559,57688197,8.312,-0.688,48.470,47.750,0.878,1.864,2.114,100037.24,36.56,-95.267,-96.672,-19.3538,0.4800,-0.7300,9.7500,0.4375,-0.1875,17.8750,-17.1875,4.3750,129.2500,0.0500,0.0100,0.0400,0.7400,-0.6100,9.7500,1,1
5748,1563,57810293,8.312,-0.500,46.494,45.062,0.473,-0.492,-2.281,100065.18,36.58,-95.294,-96.683,-19.4308,0.6600,-0.6100,9.8100,-0.3125,-2.4375,15.4375,-21.8750,13.1875,100.1875,-0.0700,0.0300,0.0500,0.7300,-0.6400,9.7500,1,1
5763,1567,57928579,8.312,-0.375,44.449,43.375,0.852,1.108,2.926,100046.20,36.57,-95.256,-96.678,-19.3739,0.8200,-0.6600,9.7600,-0.1250,-1.3750,9.1250,-20.3750,14.0000,97.2500,-0.0500,0.1500,0.0000,0.7300,-0.6600,9.7500,1,1
5778,1571,58048677,8.312,-0.312,42.983,42.250,0.757,0.214,0.594,100056.81,36.57,-95.237,-96.679,-19.4208,0.7700,-0.6700,9.8100,0.1875,-0.8750,7.8125,-18.5625,13.5625,94.5000,-0.0400,-0.0800,0.0400,0.7400,-0.6800,9.7500,1,1
5793,1575,58168858,8.312,-0.250,41.960,41.312,0.705,1.044,-1.008,100046.97,36.57,-95.278,-96.691,-19.4048,0.8400,-0.6400,9.7900,0.3750,-0.3125,5.0000,-18.1875,13.5625,90.2500,0.1100,0.0100,0.0200,0.7400,-0.6900,9.7500,1,1
5807,1579,58288206,8.312,-0.188,41.294,40.938,0.906,1.530,1.513,100041.20,36.56,-95.237,-96.687,-19.3701,0.7600,-0.5300,9.7400,0.2500,-0.1250,6.3750,-17.8750,14.6875,91.1875,0.0200,0.1600,0.0000,0.7300,-0.6900,9.7500,1,1
5819,1582,58388207,8.125,-0.188,40.093,38.562,0.810,-0.342,1.191,100063.41,36.57,-95.201,-96.686,-19.4215,0.7000,-0.4900,9.7800,0.9375,-0.1250,38.0625,-16.3750,14.3750,88.2500,0.0000,0.2000,0.0200,0.7000,-0.7000,9.7500,1,1
5833,1586,58498389,7.688,0.062,35.809,32.625,0.958,1.766,-0.612,100038.40,36.56,-95.225,-96.696,-19.4159,0.4500,-0.6900,9.7900,-0.4375,-1.0000,41.7500,-14.8750,15.5000,80.0000,-0.1800,0.0400,0.0400,0.6300,-0.7400,9.7500,1,1
5846,1589,58599597,7.375,0.312,31.120,27.688,0.815,1.458,-0.074,100042.06,36.55,-95.252,-96.710,-19.5070,0.7000,-0.5000,9.8500,1.1250,-0.6875,53.1875,-11.1875,15.7500,71.0000,0.1100,0.2700,0.0900,0.5800,-0.7800,9.7500,1,1
5861,1593,58719012,7.312,0.625,25.737,22.438,0.585,-0.170,-0.548,100061.37,36.56,-95.261,-96.717,-19.4347,0.8200,-0.2600,9.7500,0.5625,-1.2500,38.4375,-8.1875,14.3750,56.0625,0.4400,0.2700,0.1300,0.5700,-0.8300,9.7500,1,1
5874,1596,58819277,7.000,0.812,20.614,17.312,0.642,0.084,-0.090,100058.36,36.56,-95.274,-96.726,-19.4557,0.3800,-0.7500,9.8200,0.0000,-5.0625,39.3750,-6.2500,12.0625,45.3750,0.2500,0.1400,0.1100,0.5100,-0.8700,9.7500,1,1
5889,1600,58936126,6.938,0.938,16.385,14.875,0.777,1.075,0.332,100046.59,36.55,-95.280,-96.730,-19.3012,0.7100,-0.7600,9.6700,0.0625,-0.1250,5.5000,-6.2500,10.5625,39.5625,0.2100,0.1200,-0.0700,0.5000,-0.8800,9.7500,1,1
5905,1604,59055293,6.812,0.875,14.735,14.062,0.964,1.473,1.359,100041.88,36.57,-95.249,-96.727,-19.6133,0.3100,-0.6500,9.9600,0.5625,-0.0625,10.6875,-5.5625,9.8750,38.2500,-0.1700,0.2200,0.2100,0.4800,-0.8800,9.7500,1,1
5921,1608,59179637,6.312,1.062,12.299,9.375,0.899,0.030,0.817,100058.99,36.56,-95.204,-96.726,-19.3909,0.5600,-0.8600,9.7500,0.8750,0.8750,80.5000,-5.5625,9.8750,35.5000,-0.2400,-0.0100,0.0000,0.4000,-0.9100,9.7500,1,1
5935,1612,59297868,5.750,1.250,6.623,2.625,0.841,1.415,-2.079,100042.57,36.56,-95.253,-96.738,-19.4038,0.6100,-0.8800,9.7500,0.6875,-2.0625,51.3750,1.0000,7.1875,29.6875,0.3000,0.0600,0.0000,0.3000,-0.9400,9.7500,1,1
5947,1615,59399318,5.438,1.375,1.536,357.688,0.808,1.497,-0.085,100041.59,36.57,-95.256,-96.746,-19.5985,0.6800,-1.1000,9.9600,-0.2500,-3.7500,41.2500,3.5000,1.2500,23.5000,0.0000,0.0900,0.1000,0.2500,-0.9700,9.7500,1,1
5962,1619,59511291,5.312,1.562,-5.109,351.062,1.102,1.058,2.952,100046.80,36.57,-95.176,-96.733,-19.2865,1.0600,-1.0400,9.6500,-0.7500,-6.3750,34.0000,3.7500,7.6875,2.5000,0.8300,-0.0400,-0.0900,0.2300,-0.9900,9.7500,1,1
5976,1623,59629324,4.438,1.625,-10.949,345.688,1.017,0.425,0.347,100054.30,36.58,-95.153,-96.727,-19.5243,0.0500,-1.2600,9.8500,-4.3750,-2.2500,30.8125,1.0625,9.5000,7.5000,0.6000,0.4500,0.0700,0.0700,-1.0100,9.7500,1,1
5990,1627,59749502,4.688,1.688,-15.198,343.250,0.972,-0.315,0.850,100063.09,36.59,-95.117,-96.735,-19.4737,0.5000,-0.7500,9.7800,1.2500,-16.6875,-3.0000,-0.6875,10.1875,6.5625,0.7400,0.3700,-0.2000,0.1300,-1.0200,9.7500,1,1
6005,1631,59869668,4.000,1.438,-16.019,344.312,0.876,1.055,-2.203,100046.84,36.58,-95.191,-96.753,-19.1394,0.4600,-1.0000,9.4400,-0.2500,0.7500,-6.8125,-4.0625,11.6875,8.2500,0.5800,0.0300,0.0000,-0.0100,-0.9700,9.7500,1,1
6020,1635,59989579,4.375,1.375,-15.487,344.812,0.848,1.476,-1.642,100041.85,36.58,-95.229,-96.774,-19.4707,0.9200,-0.8200,9.7800,1.8750,-7.6875,-1.0625,-4.3750,12.5000,9.5625,0.3300,-0.0400,0.0600,0.0600,-0.9600,9.7500,1,1
6036,1639,60111293,4.750,1.375,-15.243,344.812,0.967,1.568,0.810,100040.76,36.57,-95.217,-96.783,-19.3379,0.6600,-0.9300,9.6600,0.0625,0.3750,-0.0625,1.5625,16.5625,9.2500,0.5300,0.0200,-0.0800,0.1200,-0.9600,9.7500,1,1
6050,1643,60229523,4.750,1.438,-15.282,344.438,0.921,1.921,-1.494,100036.57,36.59,-95.242,-96.797,-19.5649,0.2100,-1.2000,9.9000,-0.5625,0.0000,12.1250,2.3750,16.5625,7.6875,-1.8500,-0.6400,0.1600,0.1200,-0.9700,9.7500,1,1
6064,1647,60349707,4.625,1.438,-16.111,343.500,1.052,2.187,0.794,100033.41,36.58,-95.216,-96.803,-19.4717,0.4400,-0.9800,9.7900,0.0625,0.0000,0.0000,0.8750,17.0000,13.0625,0.3600,0.0300,0.0200,0.1000,-0.9700,9.7500,1,1
6080,1651,60469835,4.812,1.438,-16.428,343.500,0.888,0.558,0.076,100052.73,36.59,-95.208,-96.811,-19.4650,0.4400,-0.9900,9.7900,0.0000,0.0000,0.1250,0.8750,17.3750,16.0000,0.3200,0.0000,0.0300,0.1400,-0.9700,9.7500,1,1
6095,1655,60589681,4.875,1.438,-17.085,341.562,1.040,0.426,1.340,100054.30,36.59,-95.168,-96.815,-19.5096,0.4000,-1.0400,9.8400,0.3125,-0.1875,51.4375,1.5625,18.0625,16.3750,0.2200,-0.0500,-0.1300,0.1400,-0.9700,9.7500,1,1
6110,1659,60711291,4.188,1.500,-21.891,334.125,0.921,1.093,-1.419,100046.38,36.59,-95.214,-96.834,-19.6004,0.4400,-0.4800,9.8700,0.3125,-0.8125,53.5625,6.5000,10.2500,12.2500,0.4000,0.4900,0.1200,0.0400,-0.9800,9.7500,1,1
6123,1662,60812291,4.000,1.500,-26.243,331.438,0.804,0.520,-1.230,100053.19,36.59,-95.240,-96.847,-19.4952,0.4300,-1.1900,9.8100,0.1250,-0.9375,39.8750,9.5000,6.1875,11.7500,0.4200,-0.2000,0.0500,0.0000,-0.9800,9.7500,1,1
6137,1666,60929953,3.875,1.500,-29.607,328.688,0.673,0.446,-0.982,100054.05,36.58,-95.284,-96.864,-19.4839,0.4900,-0.9500,9.7800,0.3125,-0.1875,31.1875,8.6875,3.5625,10.5625,0.3900,0.1400,-0.0200,-0.0200,-0.9800,9.7500,1,1
6153,1670,61052292,3.625,1.438,-33.126,325.125,0.493,0.149,-0.924,100057.59,36.59,-95.357,-96.893,-19.5219,0.0500,-1.1200,9.8100,0.0625,0.1250,11.8125,19.3750,3.3750,-9.1875,0.1200,-0.1300,0.0600,-0.0700,-0.9800,9.7500,1,1
6169,1674,61169867,3.875,1.500,-34.475,325.562,0.452,-0.146,0.228,100061.08,36.58,-95.399,-96.913,-19.5660,0.2800,-0.8500,9.8500,-0.1875,-0.6250,-25.3125,17.5000,1.5000,-11.2500,0.1600,0.6500,0.1700,-0.0200,-0.9800,9.7500,1,1
6183,1678,61289974,4.312,1.500,-32.366,330.750,0.687,0.585,1.208,100052.41,36.59,-95.402,-96.926,-19.7064,0.6000,-0.5700,9.9900,-0.2500,1.2500,-109.6250,17.0625,4.0625,-10.0000,0.4100,-0.3300,0.1200,0.0700,-0.9800,9.7500,1,1
6198,1682,61412291,4.812,1.375,-25.895,337.812,0.801,1.211,0.915,100044.98,36.59,-95.407,-96.934,-19.4288,1.6700,-0.9600,9.7800,-0.1875,2.0000,-69.7500,13.7500,1.8750,-36.7500,1.5200,0.0000,0.0200,0.1400,-0.9600,9.7500,1,1
6212,1686,61530129,5.812,1.125,-16.066,350.750,0.568,0.713,-1.456,100050.89,36.61,-95.464,-96.949,-19.5144,-0.2400,-1.6200,9.9200,0.0625,1.7500,-88.3750,10.3750,-4.3750,-56.1875,-0.9100,-1.3400,0.1000,0.3300,-0.9100,9.7500,1,1
6226,1690,61650329,6.438,0.812,-5.777,0.750,0.526,-0.405,0.385,100064.16,36.60,-95.463,-96.946,-19.4021,0.5900,-0.5700,9.7300,-0.9375,3.3125,-95.6250,7.3750,-5.1875,-64.5000,0.6500,0.4500,0.0500,0.4300,-0.8500,9.7500,1,1
6242,1694,61770489,7.250,0.188,5.995,13.188,0.807,1.758,0.819,100038.50,36.61,-95.490,-96.960,-19.6738,1.0500,0.0800,9.9400,-0.0625,1.1875,-94.6250,9.2500,0.5625,-62.7500,0.1000,0.4100,0.0000,0.5600,-0.7500,9.7600,1,1
6254,1697,61870648,7.750,-0.312,15.054,21.250,0.728,0.487,0.978,100053.58,36.60,-95.475,-96.952,-19.4771,0.6700,-0.6900,9.8500,0.5625,0.5625,-48.7500,6.2500,5.3750,-61.5000,-0.1600,-0.1200,0.0800,0.6400,-0.6700,9.7600,1,1
6267,1701,61980282,7.875,-0.562,21.491,24.500,0.637,0.124,-0.874,100057.88,36.61,-95.493,-96.954,-19.3073,0.7700,-0.5500,9.6600,0.2500,-0.2500,-17.9375,4.0625,7.1875,-62.3750,-0.1600,0.0400,0.1300,0.6700,-0.6300,9.7600,1,1
6280,1704,62080377,7.875,-0.562,24.272,25.312,0.773,0.234,0.997,100056.58,36.60,-95.482,-96.952,-19.4014,0.6200,-0.7200,9.7800,0.1875,-0.4375,0.0000,12.2500,3.3750,-54.1875,-0.0600,-0.1300,-0.0100,0.6700,-0.6300,9.7600,1,1
6294,1708,62190191,8.125,-0.625,25.051,25.188,0.656,0.192,-0.190,100057.07,36.61,-95.504,-96.956,-19.4509,1.0100,-0.6900,9.8300,-0.7500,1.6250,9.1875,13.3750,3.6875,-54.1875,0.2400,0.0000,0.0500,0.7000,-0.6200,9.7600,1,1
6307,1711,62291291,7.750,-0.312,23.838,22.000,1.023,2.519,0.111,100029.47,36.60,-95.486,-96.951,-19.4814,0.8000,-0.5900,9.8400,1.8125,-5.4375,45.8750,12.5625,3.0000,-55.0000,0.1500,0.0700,0.0700,0.6500,-0.6700,9.7600,1,1
6322,1715,62412291,7.250,0.250,18.495,13.375,0.915,1.461,-0.069,100042.02,36.61,-95.489,-96.949,-19.7136,0.1600,1.1600,9.8400,0.1250,-2.8125,106.6875,15.5625,-0.3750,-56.1875,-0.3900,1.9400,0.0800,0.5600,-0.7700,9.7500,1,1
6336,1719,62530523,6.875,0.625,10.881,6.062,1.276,1.293,3.614,100044.02,36.60,-95.369,-96.924,-19.3602,0.8100,-1.0600,9.7600,0.3125,-3.1250,94.2500,19.2500,-5.5625,-57.5000,-0.3500,0.2000,0.0400,0.4800,-0.8400,9.7500,1,1
6350,1723,62650882,6.250,1.000,2.684,356.875,0.649,-0.635,-4.312,100066.89,36.61,-95.429,-96.940,-19.4310,0.2200,-1.7600,9.8800,0.0625,-1.3750,112.2500,21.1875,-11.0625,-58.2500,-0.0600,-0.8900,0.1000,0.3700,-0.9100,9.7500,1,1
6365,1727,62768291,5.312,1.312,-8.548,345.250,0.897,1.091,0.040,100046.41,36.60,-95.444,-96.950,-19.6242,-0.5000,-1.7100,10.0100,0.3125,-0.9375,87.8125,21.1875,-18.8750,-59.0625,-0.7300,-0.7500,0.2600,0.2200,-0.9500,9.7500,1,1
6378,1730,62871012,4.750,1.438,-16.631,338.125,0.819,1.241,0.235,100044.63,36.61,-95.468,-96.961,-19.4757,0.6500,-0.7000,9.7800,0.1875,-2.0000,60.0625,23.0625,-18.0625,-46.6875,0.4300,0.1700,0.0800,0.1300,-0.9800,9.7500,1,1
6391,1734,62980974,4.312,1.438,-23.265,332.750,0.805,0.867,0.426,100049.07,36.61,-95.461,-96.964,-19.4501,-0.0600,-1.0300,9.7500,2.8125,1.0000,52.6250,23.7500,-20.2500,-45.5000,-0.9100,0.1800,0.1500,0.0500,-0.9700,9.7500,1,1
6405,1738,63099971,3.938,1.438,-29.441,327.062,0.943,1.244,0.514,100044.59,36.61,-95.442,-96.968,-19.4402,0.8100,-1.0200,9.7500,0.2500,-1.9375,31.8750,25.2500,-20.6875,-43.0000,0.8300,-0.0400,0.0000,-0.0100,-0.9700,9.7500,1,1
6420,1742,63221221,3.688,1.438,-33.983,324.188,0.755,0.383,-0.171,100054.81,36.62,-95.447,-96.978,-19.5131,0.3100,-0.9700,9.8000,0.3125,0.0000,-0.3750,24.8750,-21.7500,-37.6875,0.3900,-0.0100,0.0300,-0.0500,-0.9700,9.7500,1,1
6435,1746,63341136,3.875,1.438,-35.448,324.062,0.856,0.485,0.200,100053.59,36.60,-95.438,-96.987,-19.7330,-1.6300,-0.1300,9.9200,0.5000,0.9375,12.8750,25.2500,-17.2500,-33.3750,0.3900,0.1600,0.0800,-0.0300,-0.9700,9.7500,1,1
6450,1750,63463295,3.875,1.438,-37.110,322.188,0.826,-0.008,1.207,100059.45,36.61,-95.426,-96.991,-19.4659,0.3400,-0.9900,9.7600,-0.1875,-0.5625,0.7500,25.5625,-15.7500,-30.5625,0.3700,-0.0100,0.0100,-0.0200,-0.9700,9.7500,1,1
6464,1754,63581112,4.000,1.500,-37.754,321.938,0.894,0.670,0.115,100051.41,36.61,-95.430,-96.999,-19.4788,0.4200,-1.0000,9.7800,-0.2500,-1.3125,-0.1250,25.5625,-15.0625,-30.5625,0.4000,0.0000,0.0400,0.0000,-0.9800,9.7500,1,1
6478,1758,63700989,4.312,1.500,-37.949,322.000,0.946,1.202,-0.651,100045.10,36.62,-95.436,-97.007,-19.4723,0.3100,-1.0000,9.7800,-0.2500,-0.0625,0.0000,25.5625,-15.5000,-29.6875,0.2500,-0.0100,0.0200,0.0500,-0.9800,9.7500,1,1
6493,1762,63821594,4.562,1.500,-37.990,322.000,0.994,2.355,-1.616,100031.42,36.62,-95.469,-97.017,-19.3402,0.5600,-0.9800,9.6600,0.0000,-0.1875,0.0625,26.0000,-16.1875,-30.5625,0.3900,-0.1200,0.1900,0.0900,-0.9900,9.7500,1,1
6507,1766,63941308,4.688,1.562,-37.998,322.000,0.780,0.910,-0.686,100048.55,36.63,-95.473,-97.024,-19.4750,0.1600,-0.9900,9.7900,0.0625,2.3750,-0.0625,26.0000,-16.5625,-29.6875,0.1200,-0.0100,0.0700,0.1200,-0.9900,9.7500,1,1
6522,1770,64063291,4.812,1.562,-38.000,322.000,0.745,0.779,-0.954,100050.11,36.62,-95.494,-97.031,-19.4557,0.3300,-1.0000,9.7800,-0.1875,0.0000,0.0000,26.0000,-16.1875,-30.1875,0.1900,0.0000,0.0200,0.1400,-0.9900,9.7500,1,1
6536,1774,64181513,4.875,1.562,-38.000,322.000,0.388,0.023,-2.318,100059.07,36.63,-95.580,-97.052,-19.4532,0.3500,-1.0000,9.7800,0.2500,0.1875,-0.1875,26.0000,-16.5625,-29.6875,0.1700,0.0000,0.0200,0.1600,-0.9900,9.7500,1,1
6550,1778,64299505,5.000,1.625,-38.000,322.000,0.445,0.565,-0.002,100052.65,36.63,-95.627,-97.064,-19.4629,0.4200,-1.0400,9.8000,0.0625,0.0625,-0.1250,26.3750,-15.5000,-28.8750,0.2400,-0.0400,0.0400,0.1700,-1.0000,9.7500,1,1
6565,1782,64421763,5.125,1.625,-38.000,322.000,0.596,0.442,1.713,100054.10,36.64,-95.611,-97.068,-19.5017,0.3100,-1.0400,9.8400,-0.3750,-0.1875,0.0000,26.0000,-15.0625,-30.5625,0.1600,-0.0600,0.0300,0.1900,-1.0000,9.7500,1,1
6579,1786,64541592,5.188,1.688,-38.000,322.000,0.722,1.245,0.677,100044.59,36.60,-95.623,-97.072,-19.5425,0.3700,-0.9800,9.8800,0.7500,0.2500,0.0625,25.5625,-15.7500,-28.8750,0.2100,-0.0400,0.0800,0.2100,-1.0100,9.7500,1,1
6594,1790,64663297,5.188,1.562,-38.000,322.000,0.952,1.627,0.838,100040.06,36.62,-95.588,-97.067,-19.3845,0.3400,-0.9900,9.7200,0.2500,0.1875,0.1250,26.0000,-15.7500,-30.8750,0.1400,0.0000,-0.0300,0.2000,-0.9900,9.7500,1,1
6606,1793,64763291,5.250,1.562,-37.994,322.062,0.690,0.651,-0.078,100051.62,36.61,-95.619,-97.074,-19.4586,0.3000,-1.0400,9.8000,-0.0625,0.0000,-0.8750,25.5625,-16.1875,-30.1875,0.0900,-0.0400,0.0500,0.2100,-0.9900,9.7500,1,1
6620,1797,64872031,5.562,1.688,-37.043,324.312,0.622,0.022,0.841,100059.09,36.61,-95.621,-97.076,-20.2884,0.7800,-1.1400,10.6700,13.8125,7.9375,-24.3750,26.0000,-15.0625,-28.8750,0.4900,0.1500,1.0800,0.2700,-1.0100,9.7400,1,1
6634,1801,64991861,5.375,1.438,-35.810,324.625,0.731,0.027,1.378,100059.03,36.62,-95.595,-97.057,-19.7263,0.5300,-1.1700,10.0900,-0.1875,-0.2500,0.0000,28.2500,-13.5625,-27.1875,0.0600,0.0600,0.0000,0.2400,-0.9800,9.7500,1,1
6649,1805,65112546,6.312,1.125,-30.608,335.500,0.837,0.266,0.390,100056.20,36.62,-95.578,-97.059,-19.7123,-0.3500,0.1000,9.9500,0.5000,1.1875,-100.7500,27.0625,-8.7500,-30.0625,-0.1200,0.5900,0.0200,0.4000,-0.9200,9.7500,1,1
6663,1809,65231863,7.375,0.500,-19.163,347.875,0.756,-0.760,0.306,100068.37,36.63,-95.558,-97.046,-19.6926,0.2000,-0.1500,9.9900,0.1875,0.2500,-65.2500,18.5625,-8.0000,-46.5625,-0.0300,0.4500,-0.0200,0.5900,-0.8100,9.7500,1,1
6677,1813,65352083,7.812,0.062,-10.053,355.000,0.962,1.254,0.332,100044.48,36.63,-95.569,-97.039,-19.4757,0.9200,-0.8700,9.8800,-0.5625,1.1250,-56.3750,17.0625,-5.7500,-50.6875,0.1300,-0.0300,0.1600,0.6600,-0.7300,9.7500,1,1
6693,1817,65472304,8.188,-0.312,-2.411,1.625,0.807,0.872,-0.624,100049.01,36.63,-95.585,-97.043,-19.4662,1.5600,-0.8300,9.8700,-0.3750,-0.1250,-59.8125,16.2500,-3.0625,-49.1875,-0.4600,-0.1000,-0.3600,0.7200,-0.6700,9.7500,1,1
6707,1821,65592155,8.312,-0.750,4.249,8.562,0.894,0.432,1.480,100054.23,36.62,-95.535,-97.030,-19.3220,1.0500,-0.7300,9.7100,-0.5000,2.6250,-42.5625,16.2500,1.3750,-47.5625,0.1000,-0.5500,-0.0500,0.7400,-0.5900,9.7600,1,1
6722,1825,65714296,8.625,-1.125,10.005,12.688,0.777,-0.163,0.201,100061.28,36.64,-95.530,-97.020,-19.3117,0.8400,-0.9300,9.7400,2.5000,-5.7500,-25.5000,16.2500,5.0000,-43.3750,0.0400,-0.3800,-0.0100,0.7900,-0.5400,9.7500,1,1
6736,1829,65832244,8.938,-1.250,12.916,14.250,0.567,-0.315,-1.813,100063.09,36.62,-95.579,-97.021,-19.3075,1.1000,-0.6000,9.6900,0.8125,-4.5000,-17.3750,17.3750,6.8750,-42.5625,-0.2300,-0.2000,-0.0100,0.8600,-0.5000,9.7500,1,1
6748,1832,65932346,9.062,-1.250,14.275,15.062,0.671,0.357,-0.509,100055.12,36.64,-95.592,-97.015,-19.3503,0.6400,-0.8000,9.7800,-0.0625,0.0000,-8.0625,16.2500,8.0000,-40.8750,-0.1100,-0.2400,0.0200,0.8600,-0.5100,9.7500,1,1
6761,1836,66042032,8.938,-1.125,15.072,15.438,0.479,0.115,-1.704,100057.98,36.63,-95.644,-97.018,-19.3590,0.7200,-0.7800,9.7800,0.1250,0.0000,-5.4375,17.0625,8.0000,-40.8750,-0.0900,-0.2100,0.0100,0.8500,-0.5400,9.7500,1,1
6776,1840,66164291,8.938,-1.000,15.779,16.062,0.444,1.480,-2.105,100041.80,36.64,-95.728,-97.026,-19.3488,0.6800,-0.7700,9.7700,0.0625,-1.0625,-1.3750,16.6875,8.7500,-40.0625,-0.1500,-0.2100,0.0200,0.8400,-0.5500,9.7500,1,1
6790,1844,66282011,9.000,-0.875,15.864,15.625,0.632,0.539,2.099,100052.96,36.65,-95.674,-97.006,-19.3940,0.6400,-0.7700,9.8200,0.1875,0.0625,13.8125,15.8750,8.3750,-41.6875,-0.2100,-0.1900,0.0700,0.8500,-0.5800,9.7500,1,1
6803,1847,66382494,8.812,-0.625,14.815,13.688,0.839,0.988,2.472,100047.62,36.65,-95.639,-96.995,-19.2596,0.9300,-0.6700,9.6600,0.3750,-0.2500,30.6250,15.8750,8.7500,-40.8750,-0.4600,-0.1600,0.0500,0.8200,-0.6200,9.7500,1,1
6816,1851,66492488,8.125,-0.188,11.251,8.000,0.894,1.912,-0.769,100036.68,36.65,-95.645,-96.992,-19.4491,0.0500,-0.7000,9.8400,0.1875,0.1250,56.5625,16.6875,6.1875,-43.7500,-0.2100,-0.4300,0.1000,0.7000,-0.7000,9.7500,1,1
6831,1855,66614291,7.750,0.250,5.321,1.938,1.065,0.098,3.491,100058.20,36.65,-95.509,-96.960,-19.4441,0.6700,-0.7400,9.8300,0.4375,-0.5625,37.8125,17.3750,0.5625,-46.2500,0.0200,0.0200,0.0700,0.6400,-0.7600,9.7500,1,1
6846,1859,66732770,7.375,0.500,0.287,357.312,0.741,0.548,-3.593,100052.85,36.64,-95.583,-96.971,-19.2991,0.4500,-1.1900,9.7300,0.3750,0.0000,43.2500,17.0625,-2.6875,-47.5625,-0.4100,-0.6700,0.0500,0.5800,-0.8100,9.7500,1,1
6859,1862,66832767,7.062,0.750,-4.109,352.938,0.798,1.137,-0.401,100045.87,36.64,-95.590,-96.973,-19.5567,1.2200,-0.2300,9.8700,1.0625,-3.2500,37.3750,17.3750,-4.5625,-47.8750,0.6800,0.2100,-0.1100,0.5300,-0.8600,9.7500,1,1
6874,1866,66952954,6.812,0.938,-8.068,350.000,0.651,1.340,-1.322,100043.45,36.64,-95.631,-96.978,-19.4372,0.1900,-1.3100,9.8600,-0.1250,0.6250,24.1250,18.5625,-5.2500,-46.6875,-0.2000,-0.2200,0.0000,0.4800,-0.8800,9.7500,1,1
6887,1869,67052865,6.750,1.000,-10.120,348.938,0.740,0.601,1.319,100052.23,36.63,-95.588,-96.969,-19.4076,0.7000,-0.8300,9.7800,0.0625,-0.0625,3.1250,17.3750,-6.7500,-46.6875,0.1100,0.0300,0.0200,0.4700,-0.8900,9.7500,1,1
6902,1873,67165298,6.688,1.000,-11.227,348.375,0.620,1.411,-1.655,100042.61,36.64,-95.654,-96.980,-19.3871,0.6600,-0.8600,9.7600,0.0000,-0.1875,4.9375,18.5625,-7.5625,-47.0625,0.1900,0.0300,0.0100,0.4600,-0.9000,9.7500,1,1
6915,1876,67264292,6.688,1.000,-11.739,348.062,0.692,0.065,1.754,100058.59,36.63,-95.592,-96.965,-19.4099,0.5300,-0.9400,9.7900,-0.0625,-0.1875,0.1250,18.5625,-6.5000,-47.0625,0.0700,-0.0400,0.0300,0.4600,-0.9000,9.7500,1,1
6931,1880,67382936,6.688,1.000,-12.026,347.812,0.592,0.384,-0.455,100054.79,36.64,-95.629,-96.972,-19.4412,0.5100,-0.9300,9.8200,0.0000,0.0000,1.4375,18.5625,-7.8750,-46.6875,0.0200,-0.0200,0.0200,0.4600,-0.9000,9.7500,1,1
6945,1883,67482946,6.688,1.062,-12.297,347.562,0.768,0.684,0.341,100051.24,36.63,-95.605,-96.967,-19.4659,0.5200,-0.8800,9.8400,0.0625,-0.1875,0.0625,18.5625,-8.5625,-47.8750,0.0600,-0.0100,-0.0100,0.4600,-0.9000,9.7500,1,1
6960,1887,67602672,6.688,1.062,-12.415,347.500,0.945,1.569,1.578,100040.75,36.64,-95.570,-96.958,-19.3992,0.4000,-0.9600,9.7800,0.0000,0.0000,2.7500,17.3750,-8.2500,-47.8750,-0.0500,-0.0500,0.0300,0.4600,-0.9000,9.7500,1,1
6972,1890,67703023,6.688,1.062,-12.476,347.500,0.827,0.123,0.336,100057.89,36.63,-95.539,-96.950,-19.4104,0.5200,-0.9300,9.7900,0.0000,-0.0625,0.0000,18.5625,-8.2500,-47.5625,0.0400,-0.0200,0.0300,0.4600,-0.9000,9.7500,1,1
6986,1894,67815293,6.688,1.062,-12.495,347.500,0.717,0.326,-1.049,100055.48,36.66,-95.559,-96.954,-19.4318,0.5000,-0.9200,9.8100,0.0625,0.0000,0.0000,18.1875,-8.2500,-47.5000,0.0400,-0.0100,0.0500,0.4600,-0.9000,9.7500,1,1
7000,1898,67933022,6.688,1.062,-12.528,347.375,0.750,1.075,-0.497,100046.59,36.66,-95.572,-96.956,-19.4013,0.5400,-0.9200,9.7800,-0.1875,0.5000,5.0625,17.7500,-7.8750,-47.8750,-0.0400,-0.0300,0.0300,0.4600,-0.9100,9.7500,1,1
7014,1902,68053399,6.562,1.062,-12.869,346.812,0.793,0.004,0.862,100059.30,36.67,-95.519,-96.944,-19.4556,0.4700,-0.9300,9.8300,0.3125,-0.7500,1.8125,17.3750,-7.8750,-47.8750,0.0100,0.0000,0.0600,0.4500,-0.9100,9.7500,1,1
7026,1905,68153500,6.500,1.125,-13.234,346.312,1.160,2.546,0.827,100029.15,36.65,-95.483,-96.936,-19.3487,0.0800,-0.9900,9.7200,0.2500,0.0000,11.6875,17.7500,-9.0000,-46.6875,-0.0700,-0.1000,0.0700,0.4300,-0.9200,9.7500,1,1
7040,1909,68265291,6.375,1.188,-14.064,345.125,1.134,1.767,0.010,100038.40,36.65,-95.452,-96.930,-19.4010,0.3700,-0.9500,9.7700,0.1875,-0.3125,15.4375,18.1875,-9.0000,-49.1875,-0.0300,-0.0300,0.0200,0.4100,-0.9200,9.7500,1,1
7054,1913,68383312,6.250,1.250,-15.616,343.125,1.064,0.968,0.818,100047.88,36.65,-95.405,-96.921,-19.4311,0.6300,-0.9300,9.8000,0.2500,-0.6875,28.5625,18.5625,-9.3750,-47.5000,0.1500,0.0200,0.0300,0.3800,-0.9400,9.7500,1,1
7068,1917,68503019,6.000,1.375,-18.133,340.188,0.963,-0.276,-0.493,100062.62,36.66,-95.365,-96.917,-19.4882,0.5600,-0.9400,9.8500,-0.3125,-0.4375,20.6250,18.8750,-8.2500,-44.1875,0.2100,0.0100,0.1000,0.3400,-0.9600,9.7500,1,1
7083,1921,68623832,5.938,1.375,-20.067,339.375,1.009,0.800,-0.012,100049.86,36.66,-95.372,-96.919,-19.4876,0.4600,-0.9900,9.8500,-0.1250,-0.3125,0.1250,20.3750,-6.7500,-41.3750,0.0900,0.0000,0.0100,0.3300,-0.9600,9.7500,1,1
7095,1924,68723580,5.938,1.375,-20.467,339.375,0.860,0.623,-1.166,100051.96,36.68,-95.396,-96.925,-19.4234,0.4500,-0.9400,9.7800,0.1875,0.1250,-0.1250,20.3750,-6.5000,-40.0625,0.0800,-0.0200,0.0300,0.3400,-0.9600,9.7500,1,1
7109,1928,68843548,6.000,1.375,-20.589,339.375,0.815,0.998,-0.820,100047.51,36.65,-95.417,-96.931,-19.3820,0.4300,-0.9400,9.7400,0.0625,0.1250,-0.2500,20.6875,-6.0625,-40.8750,0.1100,0.0100,0.0200,0.3400,-0.9600,9.7500,1,1
7121,1931,68943226,6.000,1.375,-20.615,339.375,0.711,1.834,-1.510,100037.60,36.65,-95.470,-96.942,-19.4212,0.4500,-0.9400,9.7800,0.1250,0.0000,-0.1875,20.6875,-7.8750,-40.8750,0.1100,0.0100,0.0300,0.3400,-0.9600,9.7500,1,1
7135,1935,69053383,6.062,1.375,-20.590,339.438,0.901,1.421,1.849,100042.49,36.65,-95.430,-96.936,-19.4354,0.3800,-0.9900,9.8000,-0.1875,0.0000,-1.9375,19.5625,-6.5000,-40.5000,0.0300,-0.0300,0.0500,0.3500,-0.9600,9.7500,1,1
7151,1939,69174030,6.312,1.250,-19.382,342.750,0.751,0.900,-0.450,100048.68,36.67,-95.460,-96.944,-19.5006,-0.1800,-0.7100,9.8300,-0.0625,1.3750,-52.0000,20.6875,-6.7500,-41.2500,-0.3500,0.3400,0.0300,0.4000,-0.9400,9.7500,1,1
7165,1943,69293694,6.938,0.875,-13.928,350.812,0.828,0.882,0.845,100048.90,36.67,-95.441,-96.943,-19.4296,0.9400,-0.9900,9.8300,-2.8750,7.5625,-90.5000,19.1875,-6.0625,-43.7500,-0.0400,-0.4200,0.0300,0.5000,-0.8800,9.7500,1,1
7180,1947,69414564,7.500,0.438,-6.066,358.562,0.725,-0.038,0.523,100059.80,36.67,-95.433,-96.936,-19.2375,0.6400,-2.0700,9.7900,-1.1250,3.0625,-54.0000,15.8750,-0.8750,-47.5000,-0.2500,-0.9400,0.0800,0.6000,-0.8000,9.7500,1,1
7195,1951,69534137,7.688,0.312,-0.744,0.938,0.803,0.683,-0.320,100051.25,36.70,-95.447,-96.938,-19.4441,1.0800,-0.6600,9.8200,0.1875,0.7500,3.9375,15.5625,1.3750,-46.2500,0.3400,0.0700,0.0700,0.6200,-0.7800,9.7500,1,1
7209,1955,69654346,7.375,0.375,0.128,0.375,0.829,0.089,1.326,100058.29,36.67,-95.413,-96.920,-19.3962,0.6200,-0.8200,9.7800,-0.2500,0.3125,-0.0625,14.7500,0.5625,-46.6875,-0.0100,-0.0800,0.0100,0.5800,-0.7900,9.7500,1,1
7224,1959,69774486,7.438,0.438,0.313,0.375,0.971,0.640,1.104,100051.77,36.68,-95.386,-96.913,-19.4871,0.1200,-0.6600,9.8500,-3.3125,-9.0000,-0.2500,15.1875,0.5625,-46.2500,-0.3900,0.0000,0.3600,0.5900,-0.8000,9.7500,1,1
7238,1963,69894308,7.688,0.125,2.276,5.500,1.044,1.628,-0.234,100040.04,36.68,-95.383,-96.915,-19.5043,1.2600,-0.1600,9.8100,-0.4375,0.6250,-98.8750,14.0625,1.3750,-46.2500,0.1200,0.4700,-0.1400,0.6400,-0.7300,9.7500,1,1
7253,1967,70016291,8.250,-0.562,10.132,14.938,0.751,-1.012,-0.308,100071.36,36.68,-95.351,-96.901,-19.5131,-0.0900,-0.9700,9.9500,-1.1250,0.1875,-56.3750,12.5625,4.6875,-47.5000,-0.8300,-0.3400,0.1900,0.7300,-0.6300,9.7500,1,1
7267,1971,70134283,8.500,-0.875,16.493,19.875,1.008,2.096,-0.003,100034.49,36.67,-95.382,-96.910,-19.5498,1.8900,-1.4500,10.0400,1.1250,1.5625,-35.1875,12.5625,6.5000,-47.5000,-1.5100,-1.7400,0.1400,0.7600,-0.5700,9.7500,1,1
7281,1975,70254667,8.562,-1.062,20.218,21.688,1.124,2.499,0.086,100029.71,36.68,-95.353,-96.904,-19.3376,1.0100,-0.7900,9.7400,0.6250,-1.5625,-11.3125,12.5625,8.0000,-44.5625,-0.0400,-0.2200,-0.0300,0.7800,-0.5500,9.7500,1,1
7296,1979,70374773,8.875,-1.375,23.052,24.875,1.148,0.614,1.294,100052.07,36.67,-95.269,-96.885,-19.4096,0.4700,-0.7000,9.8200,-1.5000,4.5000,-11.7500,11.8750,8.7500,-44.1875,-0.2600,-0.3100,0.0100,0.8300,-0.4900,9.7500,1,1
7310,1983,70494215,8.938,-1.375,25.117,25.875,0.998,0.220,-1.324,100056.73,36.68,-95.273,-96.884,-19.3685,0.7000,-0.7300,9.7800,-0.1250,2.0625,3.0000,11.5000,9.5000,-45.0625,-0.1300,-0.2400,0.0300,0.8300,-0.4900,9.7500,1,1
7324,1986,70595294,8.625,-1.188,25.586,25.625,0.879,1.596,-1.547,100040.42,36.67,-95.353,-96.897,-19.4076,0.6500,-0.7300,9.8100,0.1250,0.0000,2.8125,11.0625,10.2500,-44.5625,-0.1300,-0.2100,0.0500,0.7900,-0.5200,9.7600,1,1
7339,1990,70715330,8.500,-1.062,25.558,25.500,0.817,1.249,-0.320,100044.53,36.65,-95.377,-96.900,-19.4396,0.6500,-0.7400,9.8400,0.1250,0.0000,3.1250,10.6875,10.2500,-44.1875,-0.1200,-0.1900,0.0800,0.7700,-0.5500,9.7600,1,1
7351,1993,70814460,8.438,-0.938,25.438,25.375,1.230,2.249,2.637,100032.67,36.66,-95.293,-96.880,-19.3882,0.6300,-0.7600,9.7900,-0.0625,-0.5625,0.0000,10.6875,9.8750,-44.1875,-0.1300,-0.1900,0.0300,0.7600,-0.5600,9.7500,1,1
7365,1997,70925186,8.438,-0.875,25.310,25.188,1.139,1.055,-0.509,100046.84,36.66,-95.263,-96.872,-19.3877,0.6300,-0.7600,9.7900,0.4375,-2.0000,-0.1250,10.6875,9.5000,-43.7500,0.0800,-0.1600,0.0300,0.7600,-0.5800,9.7500,1,1
7379,2000,71025115,8.688,-0.812,25.057,24.500,0.994,0.403,-0.192,100054.57,36.64,-95.269,-96.874,-19.4253,0.6800,-0.7100,9.8300,1.8125,-6.5000,24.6250,10.3750,10.2500,-43.3750,0.0500,-0.0300,0.0300,0.8000,-0.5900,9.7500,1,1
7394,2004,71144862,8.062,-0.312,21.729,17.750,1.205,1.750,0.711,100038.60,36.65,-95.248,-96.870,-19.3501,0.3600,-1.0100,9.7800,0.8125,-0.5625,104.0000,12.8750,9.1875,-45.3750,-0.0900,-0.2000,0.0300,0.6900,-0.6800,9.7500,1,1
7408,2008,71261296,7.438,0.375,12.925,6.250,0.859,1.227,-2.941,100044.80,36.67,-95.299,-96.875,-19.5077,0.3600,-0.9500,9.9100,0.3125,-1.3125,85.6875,14.7500,3.5625,-48.3750,-0.2200,-0.1500,0.1500,0.5800,-0.7900,9.7500,1,1
7423,2012,71385132,6.875,0.812,3.416,358.625,1.074,0.829,2.366,100049.52,36.67,-95.228,-96.863,-19.4510,0.3900,-0.7400,9.8100,0.9375,-2.0000,54.9375,17.3750,-2.6875,-49.1875,-0.1700,-0.2000,0.0600,0.4900,-0.8700,9.7500,1,1
7437,2016,71505310,6.562,1.000,-2.777,353.938,1.221,2.323,0.802,100031.80,36.67,-95.219,-96.864,-19.2472,0.4800,-1.0200,9.6300,0.1250,-0.1250,28.3125,15.8750,-5.2500,-51.1875,0.2300,-0.0400,0.0200,0.4300,-0.9000,9.7500,1,1
7452,2020,71625470,6.375,1.062,-6.655,351.938,1.266,1.854,0.320,100037.36,36.68,-95.177,-96.858,-19.4205,0.5200,-0.8500,9.7800,-0.1250,0.0000,6.4375,15.8750,-7.1875,-50.7500,0.2900,0.0300,0.0600,0.4100,-0.9100,9.7500,1,1
7466,2024,71745180,6.375,1.125,-8.226,351.125,1.122,0.031,0.043,100058.98,36.68,-95.126,-96.847,-19.3803,0.5600,-0.9300,9.7500,0.5000,1.1875,0.8750,15.5625,-7.1875,-51.1875,0.0900,0.0200,0.0300,0.4100,-0.9200,9.7500,1,1
7478,2027,71845209,6.375,1.125,-8.673,351.312,1.125,2.144,-2.838,100033.93,36.67,-95.176,-96.859,-19.3992,0.4400,-0.9600,9.7700,0.5000,0.5000,-11.6250,15.8750,-7.1875,-52.0625,0.0400,0.0400,-0.0100,0.4100,-0.9100,9.7500,1,1
7491,2031,71955484,6.500,1.062,-8.208,352.188,1.015,0.310,0.938,100055.67,36.68,-95.141,-96.853,-19.4858,0.5200,-0.8500,9.8500,0.0625,0.5000,-10.1875,15.8750,-6.7500,-50.7500,0.0100,0.0000,0.0500,0.4300,-0.9100,9.7500,1,1
7506,2035,72075666,6.688,0.938,-6.875,354.375,0.807,0.633,-2.048,100051.84,36.68,-95.211,-96.868,-19.4001,0.6700,-0.8400,9.7700,-0.2500,-0.0625,-28.3750,15.5625,-6.5000,-49.5625,0.0200,0.0100,0.0300,0.4600,-0.8900,9.7500,1,1
7519,2038,72175649,6.750,0.938,-5.334,355.500,1.025,1.837,-0.121,100037.57,36.68,-95.207,-96.869,-19.4016,0.4800,-0.9200,9.7800,0.0000,0.1875,-7.8125,16.6875,-6.0625,-50.7500,0.0700,0.0300,0.0100,0.4800,-0.8800,9.7500,1,1
7532,2042,72285425,6.812,0.875,-4.667,355.562,1.498,2.919,2.966,100024.73,36.68,-95.125,-96.853,-19.4213,0.5400,-0.9000,9.8000,-0.1250,0.0625,-0.0625,16.6875,-5.2500,-50.0000,0.0500,0.0000,0.0000,0.4800,-0.8800,9.7500,1,1
7547,2046,72408291,6.812,0.938,-4.485,355.562,1.404,0.543,0.443,100052.91,36.69,-95.025,-96.835,-19.4616,0.5300,-0.8900,9.8400,0.0000,-0.0625,0.0625,15.8750,-5.0000,-50.0000,0.0400,0.0000,0.0900,0.4800,-0.8800,9.7500,1,1
7561,2050,72525764,6.812,0.938,-4.448,355.562,1.276,1.644,-1.930,100039.85,36.69,-95.057,-96.843,-19.4041,0.5500,-0.8700,9.7800,0.1250,-0.0625,0.0625,17.0625,-4.1875,-49.5625,0.0200,0.0000,0.0200,0.4800,-0.8800,9.7500,1,1
7575,2054,72645545,6.812,0.938,-4.440,355.562,1.359,1.361,1.211,100043.21,36.71,-95.004,-96.833,-19.3825,0.5100,-0.8900,9.7600,0.0000,0.0625,-0.1250,17.0625,-4.1875,-48.3750,0.0700,-0.0300,0.0700,0.4800,-0.8800,9.7500,1,1
7587,2057,72745542,6.812,0.938,-4.438,355.562,1.169,0.052,-0.492,100058.73,36.68,-94.990,-96.833,-19.3810,0.5300,-0.9000,9.7600,-0.0625,0.1250,-0.0625,14.7500,-4.5625,-49.5625,0.0300,0.0000,0.0200,0.4800,-0.8800,9.7500,1,1
7602,2061,72867292,6.812,0.938,-4.438,355.562,1.004,0.929,-2.061,100048.34,36.69,-95.063,-96.848,-19.4273,0.5200,-0.9300,9.8100,0.0000,0.1250,-0.0625,15.8750,-5.6875,-48.3750,0.0400,-0.0400,0.0600,0.4800,-0.8800,9.7500,1,1
7614,2064,72967291,6.812,0.938,-4.438,355.562,0.759,-0.382,-0.798,100063.88,36.69,-95.105,-96.858,-19.4344,0.5200,-0.8700,9.8100,0.0000,0.0000,-0.1250,15.5625,-4.5625,-48.6875,0.0400,0.0000,0.0500,0.4800,-0.8800,9.7500,1,1
7627,2068,73076040,6.812,0.938,-4.438,355.562,0.896,1.070,0.489,100046.66,36.69,-95.127,-96.863,-19.4416,0.5400,-0.8900,9.8200,0.0625,-0.1875,0.0000,15.8750,-5.2500,-50.3750,0.0500,0.0000,0.0100,0.4800,-0.8800,9.7500,1,1
7641,2072,73195797,6.812,0.938,-4.438,355.562,1.033,1.992,0.784,100035.73,36.70,-95.136,-96.865,-19.4431,0.5200,-0.8800,9.8200,-0.1250,-0.1875,0.0000,15.8750,-5.0000,-50.0000,0.0300,0.0000,0.0700,0.4800,-0.8800,9.7500,1,1
7657,2076,73318297,6.812,0.938,-4.438,355.562,1.013,0.446,0.803,100054.06,36.70,-95.101,-96.859,-19.4512,0.5600,-0.8900,9.8300,0.0000,0.0625,-0.1875,15.8750,-3.7500,-47.8750,0.0800,0.0000,0.0700,0.4800,-0.8800,9.7500,1,1
7671,2080,73436128,6.875,0.875,-4.109,356.062,1.222,2.371,0.765,100031.23,36.70,-95.112,-96.862,-19.4009,0.5100,-0.8900,9.7800,0.0625,-0.1875,-0.1875,15.5625,-5.6875,-50.0000,0.0500,0.0000,0.0200,0.4900,-0.8800,9.7500,1,1
7685,2084,73556342,6.875,0.875,-3.977,356.062,1.165,0.798,0.496,100049.89,36.72,-95.060,-96.852,-19.4107,0.5200,-0.8900,9.7900,0.0000,-0.1250,-0.1250,16.6875,-6.5000,-50.0000,0.0600,0.0000,0.0200,0.4900,-0.8800,9.7500,1,1
7700,2088,73676486,6.875,0.875,-3.831,356.375,1.152,1.469,-0.664,100041.92,36.70,-95.087,-96.857,-19.3107,1.0000,-1.0000,9.7100,0.0000,-0.5625,-8.1250,15.8750,-5.2500,-50.3750,0.5300,-0.0100,0.0400,0.4900,-0.8700,9.7500,1,1
7714,2092,73796290,6.938,0.875,-3.452,356.688,1.111,1.515,-0.491,100041.38,36.71,-95.093,-96.860,-19.4281,0.5300,-0.8900,9.8100,-0.0625,0.0000,-0.1875,15.8750,-5.6875,-50.0000,0.0600,-0.0100,0.0100,0.5000,-0.8700,9.7500,1,1
7729,2096,73918296,6.938,0.875,-3.341,356.688,1.115,0.175,-0.057,100057.27,36.71,-95.049,-96.853,-19.4403,0.5400,-0.8700,9.8200,0.0000,-0.1250,-0.2500,16.2500,-5.2500,-50.0000,0.0400,0.0000,0.0700,0.5000,-0.8700,9.7500,1,1
7743,2100,74036403,6.938,0.875,-3.319,356.688,1.243,1.775,0.491,100038.30,36.72,-95.058,-96.856,-19.4071,0.5300,-0.9000,9.7900,0.0000,0.0625,-0.2500,17.0625,-5.0000,-50.0000,0.0200,0.0000,0.0300,0.5000,-0.8700,9.7500,1,1
7757,2104,74156683,6.938,0.875,-3.285,356.750,0.944,0.171,-0.877,100057.32,36.72,-95.068,-96.857,-19.4069,0.5400,-0.9000,9.7900,0.0625,0.1875,-0.7500,16.6875,-5.6875,-50.0000,0.0300,-0.0100,0.0600,0.5000,-0.8700,9.7500,1,1
7772,2108,74276826,6.938,0.812,-3.215,356.875,0.784,0.939,-2.545,100048.22,36.71,-95.162,-96.876,-19.4349,0.6300,-0.9100,9.8200,0.1250,0.0000,-1.3125,15.8750,-5.2500,-49.5625,0.3100,-0.0600,0.0300,0.5000,-0.8700,9.7500,1,1
7786,2112,74396197,7.000,0.812,-2.903,357.375,1.011,1.517,1.406,100041.36,36.71,-95.148,-96.872,-19.3818,0.8000,-0.9000,9.7700,0.0625,-0.3750,-5.2500,16.6875,-6.0625,-49.5625,0.2900,-0.0300,0.0200,0.5100,-0.8600,9.7500,1,1
7799,2115,74496499,7.188,0.688,-1.922,359.312,1.044,1.091,0.731,100046.41,36.71,-95.137,-96.869,-19.4284,0.6500,-0.9000,9.8200,-0.0625,-1.6875,-38.2500,17.3750,-5.2500,-50.7500,-0.6500,0.1000,0.0400,0.5500,-0.8400,9.7500,1,1
7812,2119,74606407,7.750,0.375,1.980,5.625,1.156,1.593,0.495,100040.45,36.71,-95.126,-96.873,-19.3582,0.1400,-1.1700,9.8000,-0.5625,2.7500,-64.9375,17.3750,-6.5000,-52.0625,-0.4900,-0.3800,0.0500,0.6500,-0.7800,9.7500,1,1
7827,2123,74726853,8.125,-0.062,8.143,11.688,1.098,1.662,-0.710,100039.64,36.72,-95.141,-96.885,-19.5887,-0.2500,-0.7600,9.9900,0.1250,-2.1250,-40.6250,15.8750,-1.5625,-51.1875,-0.2100,-0.1900,0.0100,0.7000,-0.7200,9.7500,1,1
7841,2127,74846674,8.375,-0.312,12.727,15.250,1.034,0.511,1.109,100053.29,36.70,-95.111,-96.877,-19.4424,0.7200,-0.6400,9.8300,-0.2500,1.1250,-38.3125,14.3750,1.0000,-50.0000,-0.0200,0.0400,0.0800,0.7500,-0.6700,9.7500,1,1
7856,2131,74968291,8.812,-0.688,17.241,20.125,1.036,0.594,0.076,100052.31,36.71,-95.115,-96.876,-19.4530,0.8900,-0.7000,9.8600,0.1875,1.8750,-34.7500,13.0000,3.5625,-51.1875,0.0600,-0.0900,0.1100,0.8300,-0.6100,9.7500,1,1
7871,2135,75086942,9.000,-0.875,20.648,22.188,1.199,2.157,0.543,100033.77,36.71,-95.128,-96.875,-19.4127,0.7100,-0.7200,9.8300,-0.0625,0.3125,-18.3750,12.0625,5.1875,-48.0000,-0.0700,-0.2000,-0.0600,0.8500,-0.5800,9.7500,1,1
7888,2139,75207779,9.000,-0.938,22.891,23.500,1.111,0.536,-0.643,100053.00,36.71,-95.104,-96.867,-19.3368,0.8600,-0.7200,9.7500,-0.3750,-0.1250,0.4375,10.8750,6.3750,-47.1875,1.0000,0.1000,-0.2500,0.8600,-0.5700,9.7500,1,1
7900,2142,75307314,8.500,-0.750,22.688,22.375,0.887,0.423,-1.599,100054.34,36.72,-95.164,-96.877,-19.5076,0.6500,-0.7300,9.9100,-0.5625,1.1875,0.0625,10.5625,7.5000,-47.1875,0.0200,-0.1200,0.0500,0.7700,-0.6000,9.7500,1,1
7915,2146,75427460,8.438,-0.688,22.439,22.375,1.002,2.031,-0.617,100035.27,36.70,-95.204,-96.882,-19.4079,0.6800,-0.7500,9.8100,0.1250,-0.0625,-0.0625,10.8750,6.0000,-48.8750,-0.1100,-0.1200,0.0100,0.7600,-0.6100,9.7500,1,1
7927,2149,75527221,8.500,-0.688,22.337,22.125,0.956,0.769,1.328,100050.23,36.72,-95.183,-96.873,-19.1037,0.9500,-0.7400,9.5000,-0.1875,-0.5625,6.2500,11.6875,6.0000,-48.8750,-0.7700,-0.3300,0.3000,0.7700,-0.6100,9.7500,1,1
7940,2153,75637131,8.375,-0.625,22.191,22.188,0.944,0.549,0.092,100052.84,36.72,-95.182,-96.872,-19.3707,1.1100,-0.7100,9.7600,-0.1250,0.6250,-2.9375,10.5625,6.3750,-48.8750,0.2200,-0.0400,0.1300,0.7500,-0.6200,9.7500,1,1
7954,2157,75757528,8.375,-0.688,22.605,22.812,1.232,1.911,1.831,100036.69,36.72,-95.151,-96.860,-19.4413,0.6700,-0.7400,9.8400,0.1250,-0.1875,-0.0625,11.6875,6.0000,-48.0000,-0.0400,-0.1500,0.0000,0.7500,-0.6100,9.7500,1,1
7969,2161,75877677,8.438,-0.688,22.974,23.125,1.325,1.642,0.274,100039.88,36.73,-95.105,-96.850,-19.4432,0.6900,-0.7800,9.8500,0.5625,-1.6250,-2.6250,12.7500,6.3750,-48.0000,-0.0200,-0.2300,0.0400,0.7600,-0.6100,9.7500,1,1
7984,2165,75997229,8.688,-0.812,24.026,24.938,1.202,0.855,-0.140,100049.20,36.73,-95.086,-96.845,-19.2864,0.8000,-0.7900,9.7000,0.4375,-2.0625,-15.1875,12.3750,7.0625,-46.7500,-0.2700,-0.1100,0.0800,0.8000,-0.5800,9.7500,1,1
7996,2168,76097471,8.750,-0.938,25.804,27.438,1.290,1.602,-0.617,100040.35,36.72,-95.071,-96.840,-19.3004,0.6000,-0.6700,9.7000,-0.9375,1.3750,-25.5625,12.0625,6.6875,-48.8750,0.0300,-0.0900,0.1300,0.8200,-0.5600,9.7500,1,1
8010,2172,76209291,8.938,-1.250,28.870,31.000,1.325,2.243,-0.486,100032.74,36.73,-95.072,-96.839,-19.3346,0.5300,-0.6000,9.7300,-0.0625,0.0000,-22.8750,13.1875,7.5000,-47.6875,-0.3100,-0.0800,-0.0100,0.8400,-0.5200,9.7500,1,1
8025,2176,76327583,8.812,-1.188,30.916,31.562,1.249,1.584,0.191,100040.56,36.73,-95.052,-96.836,-19.4752,0.7000,-0.7000,9.8800,-0.0625,0.3125,-0.8125,11.6875,6.3750,-48.8750,-0.0100,-0.0900,0.0600,0.8200,-0.5200,9.7500,1,1
8039,2180,76447496,8.812,-1.125,31.238,31.125,1.456,2.508,0.963,100029.60,36.72,-95.011,-96.825,-19.3980,0.9700,-0.5900,9.7800,0.5000,-1.3125,1.5000,12.3750,6.3750,-47.6875,-0.1600,-0.1300,0.0600,0.8200,-0.5300,9.7500,1,1
8054,2184,76569295,8.750,-1.062,31.148,31.125,1.384,0.447,0.623,100054.05,36.74,-94.930,-96.808,-19.3651,0.7200,-0.7200,9.7700,0.0000,-0.0625,0.0000,13.5000,7.0625,-48.0000,-0.0900,-0.1700,0.0200,0.8100,-0.5400,9.7500,1,1
8068,2188,76687582,8.688,-1.000,31.130,31.125,1.032,-0.450,-1.836,100064.69,36.73,-94.965,-96.814,-19.3489,0.6500,-0.7000,9.7500,0.0625,0.0625,-0.1250,12.3750,7.5000,-49.2500,0.0200,-0.0700,0.0500,0.8100,-0.5500,9.7500,1,1
8084,2192,76811291,8.562,-0.938,31.071,31.000,1.051,0.665,-0.074,100051.47,36.73,-95.014,-96.825,-19.4080,0.8000,-0.6800,9.8000,-0.5000,2.0000,-0.1875,12.0625,7.0625,-49.2500,0.0200,-0.1000,0.0400,0.7800,-0.5700,9.7500,1,1
8095,2195,76907584,8.688,-1.000,31.422,32.000,1.207,2.100,-0.112,100034.45,36.72,-95.012,-96.826,-19.4074,0.4300,-0.6800,9.8100,0.5000,-1.3750,-10.1250,12.7500,7.5000,-47.6875,-0.3700,-0.1300,0.0500,0.8000,-0.5500,9.7500,1,1
8112,2199,77028388,8.812,-1.125,32.998,34.062,1.068,0.530,-0.487,100053.07,36.72,-95.006,-96.825,-19.4083,0.8800,-0.6400,9.8000,0.0000,0.0000,-15.7500,13.5000,6.3750,-49.2500,-0.2200,-0.1700,0.0500,0.8200,-0.5300,9.7500,1,1
8128,2203,77147853,8.875,-1.375,35.428,37.250,0.962,1.340,-1.569,100043.45,36.74,-95.076,-96.838,-19.3164,0.4300,-0.8500,9.7500,-0.5000,0.4375,-35.3750,13.8750,6.6875,-50.0625,-0.4400,-0.5500,0.0300,0.8300,-0.4900,9.7500,1,1
8143,2207,77270291,8.938,-1.500,38.059,39.062,0.981,1.252,-0.822,100044.50,36.72,-95.092,-96.839,-19.3685,0.6800,-0.6700,9.7700,-0.1875,0.2500,-0.6250,13.1875,7.0625,-49.6875,-0.1600,-0.2000,0.0200,0.8400,-0.4700,9.7500,1,1
8157,2211,77388031,8.875,-1.375,38.617,38.375,0.883,0.714,-0.120,100050.88,36.73,-95.111,-96.841,-19.4251,0.5500,-0.7400,9.8400,-0.6875,0.5625,19.3125,12.7500,8.1875,-49.6875,-0.5000,-0.3400,0.0400,0.8200,-0.4900,9.7500,1,1
8171,2215,77508195,8.812,-1.312,38.287,38.188,0.922,0.154,0.780,100057.52,36.74,-95.097,-96.838,-19.4018,0.7000,-0.6700,9.8000,0.0625,-0.1875,0.3750,13.5000,7.8750,-50.8750,-0.1200,-0.1500,0.0300,0.8200,-0.5000,9.7500,1,1
8186,2219,77628392,8.750,-1.250,38.196,38.125,0.940,0.022,1.100,100059.09,36.74,-95.096,-96.837,-19.3916,0.6700,-0.6800,9.7900,0.0625,0.0000,1.0000,13.8750,7.8750,-49.6875,-0.0700,-0.1100,0.0300,0.8100,-0.5100,9.7500,1,1
8200,2223,77748307,8.688,-1.250,38.141,38.125,0.967,0.516,-0.022,100053.23,36.75,-95.110,-96.839,-19.4335,0.6700,-0.6800,9.8300,-0.6250,0.2500,-0.0625,13.8750,7.0625,-48.8750,-0.0800,-0.1000,0.0000,0.8100,-0.5200,9.7500,1,1
8212,2226,77848217,8.688,-1.125,37.995,37.625,0.821,0.292,-0.894,100055.88,36.73,-95.150,-96.845,-19.3732,0.2400,-0.8200,9.8000,-0.1875,0.2500,11.0625,14.5625,6.3750,-48.8750,0.2000,-0.0200,0.0200,0.8000,-0.5300,9.7500,1,1
8227,2230,77970291,8.562,-1.000,37.118,36.375,0.757,0.228,-0.069,100056.65,36.72,-95.173,-96.849,-19.4200,0.7100,-0.6600,9.8100,0.0000,-0.1875,6.8125,14.2500,6.0000,-50.5000,-0.0600,-0.1000,0.0500,0.7800,-0.5600,9.7500,1,1
8240,2233,78070291,8.500,-0.875,36.238,35.312,0.725,0.131,-0.864,100057.79,36.73,-95.209,-96.858,-19.4170,0.6400,-0.6800,9.8100,0.1875,-0.4375,21.4375,13.8750,6.6875,-50.5000,-0.1300,-0.1000,0.0500,0.7700,-0.5700,9.7500,1,1
8254,2237,78178667,8.375,-0.750,34.728,33.625,0.922,1.604,0.467,100040.32,36.73,-95.235,-96.862,-19.4469,0.6700,-0.5700,9.8200,0.4375,-0.2500,12.2500,15.0000,5.1875,-50.5000,-0.0800,0.0000,0.0300,0.7500,-0.6000,9.7500,1,1
8269,2241,78298400,8.250,-0.500,32.757,31.125,0.982,1.706,0.248,100039.12,36.73,-95.233,-96.860,-19.3468,0.5500,-0.7900,9.7500,0.4375,-0.6250,31.1250,15.7500,4.8750,-49.6875,-0.2700,-0.1500,0.0200,0.7200,-0.6500,9.7500,1,1
8284,2245,78420291,8.125,-0.250,29.803,27.938,0.922,1.281,0.363,100044.16,36.73,-95.236,-96.864,-19.4643,0.6200,-0.4000,9.8100,0.0625,-0.3125,15.5625,17.5625,4.5625,-47.6875,-0.0700,0.2800,0.0600,0.7000,-0.6800,9.7500,1,1
8298,2249,78538377,8.062,-0.188,27.841,27.125,0.967,1.359,-0.359,100043.23,36.74,-95.238,-96.866,-19.3814,0.7300,-0.7200,9.7700,-0.1875,0.6875,0.0000,18.3750,4.8750,-46.7500,0.0300,-0.0300,0.0200,0.6900,-0.6900,9.7500,1,1
8312,2253,78658211,8.000,-0.250,27.433,27.375,0.847,0.310,-0.073,100055.68,36.75,-95.231,-96.864,-19.4718,0.6400,-0.7300,9.8600,0.0000,0.0000,-0.2500,18.0000,4.8750,-49.2500,-0.0400,-0.0400,0.1000,0.6800,-0.6900,9.7500,1,1
8327,2257,78779005,8.000,-0.250,27.387,27.375,0.617,-0.097,-1.274,100060.51,36.74,-95.288,-96.875,-19.4139,0.6700,-0.7200,9.8000,0.0625,0.1875,-0.1875,18.0000,5.5625,-47.1875,0.0000,-0.0300,0.0300,0.6800,-0.6900,9.7500,1,1
8339,2260,78879034,8.000,-0.250,27.378,27.375,0.915,0.727,1.310,100050.73,36.74,-95.262,-96.870,-19.4139,0.6800,-0.7200,9.8000,0.0000,0.0000,-0.1875,16.5000,5.1875,-47.1875,0.0000,-0.0200,0.0500,0.6800,-0.6900,9.7500,1,1
8355,2264,78996509,8.000,-0.250,27.376,27.375,1.161,0.907,2.244,100048.59,36.73,-95.209,-96.860,-19.3672,0.6800,-0.7000,9.7500,0.0625,-0.1250,-0.0625,17.5625,5.1875,-46.7500,0.0000,-0.0100,0.0000,0.6800,-0.6900,9.7500,1,1
8368,2267,79096682,8.000,-0.250,27.375,27.375,1.116,0.529,0.550,100053.09,36.74,-95.197,-96.857,-19.4055,0.7000,-0.7100,9.7900,0.0625,0.0000,0.0625,16.8750,5.5625,-47.1875,0.0200,-0.0200,0.0300,0.6800,-0.6900,9.7500,1,1
8383,2271,79210291,8.000,-0.188,27.375,27.375,1.434,2.265,2.304,100032.48,36.74,-95.151,-96.848,-19.4133,0.6900,-0.7200,9.8000,0.1875,-0.1875,-0.0625,17.5625,4.8750,-47.1875,0.0100,-0.0300,0.0400,0.6800,-0.6900,9.7500,1,1
8396,2274,79310291,8.000,-0.188,27.375,27.375,1.411,1.045,0.551,100046.96,36.75,-95.094,-96.838,-19.3722,0.6600,-0.7300,9.7600,0.0625,-0.1250,0.0000,17.2500,5.5625,-48.5000,-0.0200,-0.0400,0.0000,0.6800,-0.6900,9.7500,1,1
8411,2278,79421291,8.000,-0.188,27.239,27.062,1.233,2.072,-3.267,100034.77,36.74,-95.153,-96.850,-19.3864,0.7100,-0.7000,9.7700,0.0625,-0.1250,1.4375,17.5625,5.5625,-46.7500,0.0200,-0.0100,0.0200,0.6800,-0.6900,9.7500,1,1
8425,2282,79539122,8.000,-0.188,26.960,26.750,0.993,0.580,-1.169,100052.48,36.75,-95.152,-96.851,-19.4119,0.6900,-0.7300,9.8000,0.0625,-0.1250,1.3125,17.2500,4.1875,-46.7500,0.0500,-0.0300,-0.0100,0.6800,-0.7000,9.7500,1,1
8439,2286,79659340,7.938,-0.125,26.651,26.500,1.251,2.726,-0.013,100027.02,36.75,-95.158,-96.852,-19.4275,0.6900,-0.7000,9.8100,-0.0625,0.0000,0.5625,18.7500,5.1875,-47.5625,-0.0400,-0.1200,0.0400,0.6800,-0.7000,9.7500,1,1
8454,2290,79779514,7.875,-0.062,26.057,25.500,0.929,0.265,-0.585,100056.21,36.75,-95.148,-96.850,-19.4132,0.7700,-0.9600,9.8300,0.0000,-0.5625,15.8125,18.0000,4.8750,-46.7500,0.2300,0.0000,0.0500,0.6700,-0.7100,9.7500,1,1
8466,2293,79879484,7.875,-0.062,25.378,25.062,0.885,1.286,-2.391,100044.10,36.75,-95.198,-96.860,-19.4461,0.7000,-0.7200,9.8300,0.0625,0.0000,0.1250,19.0625,4.8750,-48.0000,0.0300,-0.0100,0.1000,0.6600,-0.7200,9.7500,1,1
8479,2297,79989319,7.875,-0.062,25.143,25.062,0.713,-0.165,-0.043,100061.31,36.75,-95.210,-96.862,-19.4262,0.6900,-0.7200,9.8100,0.0000,-0.0625,0.4375,18.7500,4.8750,-48.0000,0.0100,0.0000,0.0100,0.6600,-0.7200,9.7500,1,1
8493,2301,80109405,7.812,0.000,24.947,24.688,0.663,1.189,-1.280,100045.24,36.76,-95.292,-96.879,-19.4394,0.6700,-0.7800,9.8300,0.0625,-0.0625,5.9375,19.0625,5.1875,-47.6875,0.0000,-0.0400,0.0000,0.6600,-0.7200,9.7500,1,1
8508,2305,80229648,7.750,0.062,24.323,23.625,0.501,-0.808,-0.268,100068.93,36.76,-95.301,-96.883,-19.3960,0.5700,-0.8200,9.7900,0.2500,-0.7500,13.3750,18.3750,4.1875,-46.0000,-0.5200,-0.0900,-0.0300,0.6400,-0.7300,9.7500,1,1
8522,2309,80349430,7.688,0.125,23.218,22.375,0.959,2.714,1.930,100027.16,36.75,-95.325,-96.886,-19.4617,0.2000,-0.9400,9.8700,0.1875,-0.7500,15.1875,19.0625,3.7500,-48.0000,0.1500,0.0200,0.0000,0.6300,-0.7500,9.7500,1,1
8537,2313,80471291,7.562,0.250,21.902,20.938,0.842,-0.205,0.730,100061.77,36.75,-95.260,-96.872,-19.4675,0.4700,-0.7700,9.8500,0.0625,0.3750,19.4375,19.5000,2.6875,-47.5625,-0.1400,0.0000,0.0900,0.6100,-0.7600,9.7500,1,1
8551,2317,80589541,7.562,0.250,20.785,20.375,0.957,1.590,-0.862,100040.49,36.75,-95.298,-96.881,-19.4275,1.1300,-0.6000,9.7900,0.0000,0.0625,6.5625,18.7500,3.0625,-47.6875,0.1000,-0.0100,-0.0400,0.6000,-0.7700,9.7500,1,1
8566,2321,80711291,7.438,0.312,19.648,19.062,0.688,1.107,-2.371,100046.22,36.77,-95.359,-96.891,-19.4409,0.6100,-0.7700,9.8200,0.1875,-0.3750,3.8750,19.7500,2.2500,-48.8750,0.0200,0.0100,0.0600,0.5900,-0.7800,9.7500,1,1
8581,2325,80829867,7.438,0.375,18.905,18.500,0.745,0.990,0.765,100047.61,36.76,-95.361,-96.891,-19.3929,0.3900,-0.6100,9.7500,0.0000,-0.2500,2.4375,20.5625,1.1875,-47.6875,0.0300,0.0200,0.0500,0.5900,-0.7900,9.7500,1,1
8595,2329,80949678,7.375,0.438,18.237,17.562,0.980,2.077,0.669,100034.71,36.76,-95.350,-96.893,-19.3682,0.4600,-0.8100,9.7500,0.2500,-0.5000,11.9375,19.5000,1.5625,-47.6875,-0.0800,-0.0400,0.0400,0.5700,-0.8000,9.7500,1,1
8610,2333,81071291,7.188,0.625,15.791,13.500,0.787,-0.079,-0.214,100060.30,36.76,-95.324,-96.889,-19.3713,0.8600,-0.7100,9.7400,0.8125,-2.9375,34.1250,19.7500,0.3750,-46.7500,0.3200,0.1200,-0.0100,0.5400,-0.8300,9.7500,1,1
8624,2337,81189945,6.812,0.875,11.341,8.812,0.957,1.069,0.971,100046.67,36.77,-95.317,-96.891,-19.4775,0.5300,-0.9300,9.8600,0.0000,0.8750,8.7500,21.2500,-1.0625,-47.5625,0.1800,0.0000,0.0700,0.4800,-0.8700,9.7500,1,1
8638,2341,81309883,6.812,0.812,9.988,10.062,1.078,1.305,1.186,100043.88,36.76,-95.282,-96.884,-19.4914,0.5500,-0.9000,9.8700,-0.4375,1.2500,0.1875,20.8750,-1.7500,-46.3750,0.0300,0.0000,0.0800,0.4800,-0.8600,9.7500,1,1
8653,2345,81429563,6.875,0.812,10.047,10.062,1.144,1.817,-0.441,100037.80,36.77,-95.270,-96.882,-19.3973,0.6200,-0.8300,9.7700,0.0000,0.0000,-0.0625,21.6875,-0.6875,-46.0000,0.1300,0.0200,0.0100,0.4900,-0.8600,9.7500,1,1
8667,2348,81530388,6.938,0.812,9.948,9.562,1.172,0.889,2.665,100048.81,36.76,-95.205,-96.871,-19.4357,0.6400,-0.8200,9.8100,0.0000,-0.5625,17.6250,21.2500,-0.2500,-47.6875,0.0400,0.0300,0.0300,0.5000,-0.8600,9.7500,1,1
8681,2352,81650131,6.438,1.000,7.021,3.188,1.065,0.386,-1.182,100054.77,36.77,-95.197,-96.862,-19.4077,0.2500,-0.6400,9.7400,1.4375,-2.0625,92.6250,20.5625,-1.3750,-46.0000,-0.1400,-0.4300,-0.0900,0.4000,-0.9100,9.7500,1,1
8695,2356,81766292,5.250,1.375,-1.739,352.750,0.877,1.001,-2.137,100047.48,36.76,-95.259,-96.878,-19.5066,1.1500,-0.5300,9.8200,-0.3125,0.0000,39.3750,21.6875,-2.0625,-43.5000,0.9300,0.4300,0.0600,0.2100,-0.9600,9.7500,1,1
8710,2360,81890131,5.312,1.375,-5.759,354.125,0.859,0.662,0.285,100051.49,36.76,-95.262,-96.884,-19.2942,1.0600,-1.1100,9.6600,-0.7500,-0.6875,-46.5000,22.0625,-1.7500,-39.3750,-0.1200,0.0000,-0.1400,0.2300,-0.9600,9.7500,1,1
8724,2364,82010302,5.500,1.312,-4.244,356.438,0.747,1.610,-2.323,100040.26,36.77,-95.342,-96.901,-19.3798,0.5400,-0.9100,9.7200,-0.0625,0.1250,-0.1250,22.7500,1.5625,-37.2500,0.2100,0.0500,0.0500,0.2600,-0.9500,9.7500,1,1
8739,2368,82130332,5.875,1.250,-3.703,356.438,0.750,-0.234,2.319,100062.13,36.77,-95.294,-96.896,-19.4034,0.7700,-0.8100,9.7500,3.3750,-9.5625,0.5625,23.1875,1.8750,-35.6875,0.6800,0.2400,0.0200,0.3300,-0.9300,9.7500,1,1
8753,2372,82250315,5.312,1.438,-5.453,352.125,0.782,0.355,-0.032,100055.15,36.78,-95.311,-96.903,-19.4148,0.7100,-1.0700,9.7700,-0.3125,-1.3750,57.5625,22.7500,0.7500,-36.5000,0.5700,0.2400,-0.0600,0.2200,-0.9700,9.7500,1,1
8765,2375,82350314,4.750,1.500,-10.654,344.625,0.738,0.309,-0.571,100055.68,36.78,-95.336,-96.917,-19.5363,1.3400,-0.3400,9.8300,0.8125,-2.3750,85.9375,26.8750,2.6875,-25.6875,0.5200,0.2800,-0.0600,0.1200,-0.9900,9.7500,1,1
8778,2379,82460501,4.188,1.562,-17.715,337.438,0.813,0.596,0.283,100052.28,36.78,-95.336,-96.922,-19.4438,1.3100,-1.0600,9.7800,0.5000,-0.5000,72.1250,29.0625,3.3750,-18.6875,1.1000,-0.0600,0.0300,0.0200,-0.9900,9.7500,1,1
8793,2383,82580648,3.812,1.562,-24.555,331.750,1.069,1.023,2.717,100047.22,36.78,-95.291,-96.922,-19.5083,0.0200,-0.9400,9.7900,-0.2500,-1.0000,28.2500,27.5625,2.2500,-17.5000,0.5900,-0.0200,-0.1100,-0.0400,-0.9900,9.7500,1,1
8807,2387,82699931,3.750,1.562,-27.839,330.625,1.160,1.749,-0.388,100038.60,36.77,-95.281,-96.928,-19.4711,0.6200,-0.9800,9.7700,0.4375,-0.3125,30.1250,27.5625,2.2500,-16.1875,0.6700,0.0000,0.0200,-0.0400,-0.9900,9.7500,1,1
8820,2390,82800207,3.625,1.500,-30.167,328.062,0.938,1.032,-0.403,100047.11,36.78,-95.306,-96.942,-19.4331,0.4300,-1.1000,9.7300,0.1875,-0.4375,40.8750,27.2500,0.3750,-18.2500,0.5000,-0.1100,-0.0200,-0.0700,-0.9900,9.7500,1,1
8834,2394,82910702,3.625,1.500,-32.415,326.750,1.033,0.253,1.323,100056.34,36.79,-95.260,-96.943,-19.4561,0.2200,-0.9800,9.7400,0.2500,0.0625,2.5000,27.2500,-1.7500,-15.8750,0.3900,0.1100,0.0800,-0.0600,-0.9800,9.7500,1,1
8848,2397,83012291,4.000,1.625,-33.428,325.812,1.098,1.895,-1.002,100036.88,36.77,-95.299,-96.956,-19.4037,0.4600,-1.1800,9.7200,-0.8125,-0.8750,10.6875,28.0000,0.0625,-16.6875,0.4600,-0.1800,-0.0200,0.0000,-1.0000,9.7500,1,1
8864,2401,83131018,3.812,1.562,-35.698,321.562,1.317,1.306,2.520,100043.86,36.77,-95.218,-96.947,-19.5824,0.1300,-0.3800,9.8300,0.2500,-1.0625,67.0000,27.2500,-2.5000,-18.2500,0.3500,0.0600,0.0700,-0.0300,-0.9900,9.7500,1,1
8878,2405,83250682,3.312,1.500,-40.717,316.375,1.219,1.900,-1.278,100036.82,36.78,-95.234,-96.960,-19.5254,0.4700,-0.6800,9.7900,0.4375,-0.1250,17.8750,28.0000,-7.7500,-15.3750,0.3800,0.1900,0.1700,-0.1200,-0.9800,9.7500,1,1
8893,2409,83372291,3.188,1.500,-43.986,314.625,0.816,0.748,-3.302,100050.48,36.78,-95.298,-96.987,-19.4908,0.2200,-0.9300,9.7600,0.0000,-0.1875,2.9375,29.0625,-12.5625,-12.5000,0.3600,0.0400,0.0000,-0.1400,-0.9800,9.7500,1,1
8910,2413,83490941,3.562,1.500,-45.173,314.562,1.010,1.679,0.812,100039.44,36.77,-95.314,-97.001,-19.5164,0.2700,-0.9800,9.8000,-0.0625,-0.0625,0.1250,31.0000,-14.2500,-8.8750,0.3500,0.0000,0.0100,-0.0800,-0.9800,9.7500,1,1
8923,2416,83590942,3.750,1.500,-45.370,314.562,1.170,0.794,2.214,100049.94,36.77,-95.250,-96.996,-19.4507,0.2700,-0.9900,9.7400,0.0625,0.0625,-0.0625,31.3750,-14.2500,-8.8750,0.3000,-0.0200,0.0400,-0.0300,-0.9800,9.7500,1,1
8939,2420,83712291,4.000,1.500,-45.425,314.562,1.332,1.917,0.325,100036.62,36.77,-95.238,-97.003,-19.4834,0.2700,-0.9900,9.7800,0.1250,-0.0625,0.0000,30.5625,-13.5625,-9.2500,0.2700,-0.0100,0.0200,0.0000,-0.9800,9.7500,1,1
8951,2423,83810836,4.062,1.500,-45.434,314.562,1.389,2.190,1.092,100033.38,36.77,-95.206,-97.004,-19.4709,0.2700,-1.0000,9.7700,-0.0625,0.0000,0.0000,31.7500,-13.8750,-9.2500,0.2500,-0.0200,0.0100,0.0200,-0.9800,9.7500,1,1
8966,2427,83923291,4.250,1.500,-45.437,314.562,1.238,0.381,0.357,100054.84,36.77,-95.175,-97.006,-19.5059,0.2700,-0.9900,9.8100,0.1250,-0.0625,0.0000,30.2500,-13.5625,-9.2500,0.2200,-0.0100,0.0600,0.0400,-0.9800,9.7500,1,1
8980,2431,84041151,4.375,1.500,-45.437,314.562,1.518,1.569,1.289,100040.74,36.78,-95.122,-97.003,-19.4815,0.2400,-1.0100,9.7900,0.0625,0.0625,0.0625,30.5625,-13.1875,-10.1875,0.2000,0.0000,0.0400,0.0600,-0.9800,9.7500,1,1
8994,2435,84161326,4.438,1.500,-45.437,314.562,1.630,2.082,0.646,100034.66,36.78,-95.072,-96.999,-19.5107,0.2500,-0.9900,9.8200,-0.0625,-0.1875,-0.0625,30.5625,-13.5625,-10.1875,0.1700,-0.0300,0.0800,0.0800,-0.9800,9.7500,1,1
9009,2439,84281487,4.562,1.500,-45.437,314.562,1.621,1.821,0.333,100037.75,36.78,-95.025,-96.996,-19.4749,0.2700,-1.0100,9.7900,0.0625,0.1250,-0.3125,31.3750,-13.1875,-8.8750,0.2000,-0.0100,0.0500,0.0900,-0.9800,9.7500,1,1
9023,2443,84401290,4.688,1.500,-45.138,315.500,1.377,-0.442,0.006,100064.59,36.80,-94.975,-96.990,-19.4300,0.8000,-1.2200,9.7800,0.0625,0.1250,-25.7500,32.0625,-14.2500,-8.8750,0.4700,0.0300,0.0300,0.1200,-0.9800,9.7500,1,1
9038,2447,84523291,5.062,1.438,-43.037,319.188,1.421,1.559,-1.656,100040.86,36.79,-95.021,-97.002,-19.4580,0.4900,-1.1900,9.8100,-0.5000,0.3125,-60.0000,30.5625,-13.5625,-12.5625,0.3100,-0.2200,0.0500,0.1800,-0.9700,9.7500,1,1
9052,2451,84641422,5.312,1.375,-39.363,322.812,1.619,2.697,1.150,100027.37,36.79,-94.991,-97.000,-19.4320,0.9600,-1.2600,9.8100,0.8125,3.3750,-55.3125,29.0625,-15.3750,-20.8750,0.6300,-0.1900,0.0100,0.2400,-0.9600,9.7500,1,1
9066,2455,84761701,5.875,1.188,-33.988,329.938,1.430,0.449,0.137,100054.02,36.79,-94.934,-96.988,-19.3761,0.1800,-1.1100,9.7400,-0.2500,1.6250,-60.3750,26.8750,-17.5625,-28.2500,-0.7200,0.9300,0.1800,0.3300,-0.9200,9.7500,1,1
9081,2459,84881845,6.312,1.062,-28.565,334.188,1.195,2.530,-4.824,100029.35,36.79,-95.068,-97.015,-19.2884,0.3700,-0.6500,9.6200,-0.1875,0.2500,-30.4375,26.8750,-22.0625,-34.5000,-0.0900,0.4500,0.1400,0.3900,-0.9100,9.7500,1,1
9094,2462,84981836,6.438,1.000,-25.575,336.125,1.206,0.475,2.179,100053.71,36.79,-95.018,-97.005,-19.4301,0.4500,-0.9400,9.8000,-0.1875,0.3750,-15.0625,27.2500,-21.3750,-33.1875,-0.0500,-0.1300,0.0700,0.4200,-0.9000,9.7500,1,1
9109,2466,85091052,6.438,1.000,-23.890,336.625,1.048,1.345,-2.345,100043.41,36.80,-95.101,-97.021,-19.4275,0.2800,-0.9900,9.8000,-0.1250,0.1250,-2.5000,29.0625,-20.0625,-32.6875,-0.1400,-0.0900,0.0500,0.4200,-0.8900,9.7500,1,1
9125,2470,85215291,6.500,1.000,-23.277,336.875,0.901,0.196,-0.396,100057.02,36.79,-95.129,-97.025,-19.4133,0.4600,-0.9800,9.7900,0.0625,-0.1250,0.0625,28.6875,-20.0625,-33.0625,0.0300,-0.0800,0.0400,0.4300,-0.8900,9.7500,1,1
9139,2474,85331215,6.500,1.000,-23.160,336.875,1.082,2.613,-1.044,100028.36,36.79,-95.193,-97.035,-19.4296,0.4200,-0.9300,9.8000,-0.1250,-0.1250,0.0000,29.3750,-19.2500,-32.6875,0.0000,-0.0200,0.0500,0.4300,-0.9000,9.7500,1,1
9152,2477,85432482,6.500,1.000,-23.134,336.875,1.295,0.858,4.764,100049.17,36.80,-95.091,-97.012,-19.4247,0.4400,-0.9700,9.8000,0.0000,0.0625,0.0000,29.0625,-20.5000,-33.0625,0.0100,-0.0700,0.0400,0.4300,-0.9000,9.7500,1,1
9167,2481,85551378,6.500,1.000,-23.127,336.875,1.073,0.313,-1.676,100055.64,36.78,-95.132,-97.018,-19.4078,0.4000,-0.9500,9.7800,0.0000,0.1875,0.0625,28.6875,-20.5000,-32.1875,-0.0200,-0.0400,0.0300,0.4300,-0.9000,9.7500,1,1
9180,2484,85652540,6.500,1.000,-23.125,336.875,1.090,1.281,-0.841,100044.16,36.78,-95.170,-97.024,-19.3938,0.4400,-0.9800,9.7700,0.0625,0.1250,0.0625,29.0625,-20.5000,-32.6875,0.0100,-0.0500,0.0500,0.4300,-0.9000,9.7500,1,1
9194,2488,85761936,6.500,1.062,-23.125,336.875,1.241,1.160,1.584,100045.59,36.80,-95.138,-97.015,-19.4023,0.4200,-0.9900,9.7800,-0.0625,0.0625,0.1250,28.6875,-20.0625,-32.1875,-0.0100,-0.0900,0.0300,0.4300,-0.9000,9.7500,1,1
9210,2492,85882201,6.500,1.062,-23.125,336.875,1.095,0.889,-1.006,100048.81,36.79,-95.175,-97.021,-19.4675,0.4200,-0.9400,9.8400,0.0625,-0.1250,0.0625,28.6875,-21.1875,-33.5000,0.0000,-0.0800,0.0500,0.4200,-0.9000,9.7500,1,1
9225,2496,86002126,6.500,1.062,-23.125,336.875,0.891,0.912,-2.541,100048.53,36.80,-95.249,-97.035,-19.4236,0.4000,-0.9800,9.8000,-0.0625,0.0625,0.0625,29.0625,-21.5625,-32.6875,-0.0100,-0.0400,-0.0200,0.4200,-0.9100,9.7500,1,1
9240,2500,86124297,6.500,1.062,-23.125,336.875,0.732,0.794,-1.841,100049.93,36.80,-95.320,-97.047,-19.4465,0.4200,-0.9500,9.8200,0.0000,0.0000,0.0000,27.5625,-20.0625,-32.1875,0.0000,-0.0400,0.0600,0.4200,-0.9100,9.7500,1,1
9254,2504,86242130,6.500,1.062,-23.125,336.875,0.798,2.252,-1.590,100032.64,36.80,-95.394,-97.058,-19.4267,0.4200,-0.9500,9.8000,0.0625,-0.1250,-0.1250,29.3750,-20.7500,-33.5000,-0.0100,-0.0500,0.0300,0.4300,-0.9100,9.7500,1,1
9268,2508,86362495,6.500,1.062,-23.125,336.875,0.882,2.008,0.617,100035.53,36.80,-95.391,-97.055,-19.4038,0.4000,-0.9800,9.7800,0.0000,-0.3750,0.0000,28.6875,-20.5000,-32.6875,-0.0400,-0.0400,0.0500,0.4300,-0.9100,9.7500,1,1
9283,2512,86482650,6.500,1.062,-23.125,336.875,0.961,-0.061,2.513,100060.07,36.80,-95.321,-97.038,-19.4548,0.4500,-0.9600,9.8300,0.1250,-0.2500,0.0000,29.3750,-20.7500,-32.6875,0.0400,-0.0300,0.0800,0.4300,-0.9100,9.7500,1,1
9297,2516,86602332,6.500,1.062,-23.125,336.875,1.000,0.996,-1.009,100047.54,36.81,-95.353,-97.041,-19.4162,0.4500,-0.9500,9.7900,-0.1875,1.0000,-0.1875,29.3750,-21.1875,-32.6875,-0.1300,-0.1100,0.0500,0.4300,-0.9100,9.7500,1,1
9312,2520,86724294,6.500,1.062,-23.125,336.875,1.019,1.449,-0.299,100042.16,36.78,-95.371,-97.041,-19.4244,0.4200,-0.9700,9.8000,0.0625,0.0000,0.0625,29.0625,-19.6875,-33.0625,0.0000,-0.0600,0.0400,0.4300,-0.9100,9.7500,1,1
9326,2524,86842496,6.500,1.062,-23.108,336.938,1.038,1.727,-0.730,100038.88,36.80,-95.379,-97.040,-19.4293,0.5200,-0.9100,9.8000,0.0625,0.0625,-2.8750,28.6875,-20.5000,-32.1875,0.0500,-0.1900,0.0000,0.4300,-0.9000,9.7500,1,1
9341,2528,86962408,6.625,1.000,-22.452,338.625,0.865,0.749,-0.778,100050.46,36.81,-95.400,-97.040,-19.3834,0.1800,-1.0700,9.7700,-0.2500,1.1875,-36.2500,29.3750,-20.0625,-33.5000,-0.2600,-0.1800,0.0100,0.4500,-0.8900,9.7500,1,1
9357,2532,87082829,7.125,0.688,-18.032,344.625,0.905,0.094,1.038,100058.23,36.81,-95.383,-97.036,-19.5784,0.3300,-0.8600,9.9600,0.0000,4.6250,-31.1250,32.0625,-16.6875,-28.8750,-0.1500,-0.0600,0.1000,0.5400,-0.8500,9.7500,1,1
9371,2536,87202407,7.250,0.688,-15.709,345.000,0.968,1.282,0.235,100044.15,36.81,-95.403,-97.035,-19.3918,0.5000,-0.9500,9.7900,0.0625,-0.3125,-0.1250,33.8750,-16.2500,-26.8750,-0.0800,-0.1100,0.0600,0.5600,-0.8400,9.7500,1,1
9384,2539,87302230,7.375,0.688,-15.180,345.000,0.944,0.848,0.262,100049.30,36.81,-95.399,-97.030,-19.3554,0.5500,-0.9600,9.7600,0.0625,-0.5000,0.0000,33.5625,-15.5625,-27.2500,-0.0200,-0.1100,0.0100,0.5700,-0.8500,9.7500,1,1
9399,2543,87415292,7.312,0.750,-15.037,345.000,0.862,0.293,-0.082,100055.88,36.80,-95.407,-97.025,-19.3268,0.4900,-0.9700,9.7300,-0.2500,0.3750,-0.0625,35.3750,-16.2500,-26.5000,-0.0700,-0.1100,-0.0200,0.5700,-0.8500,9.7500,1,1
9414,2547,87533361,7.250,0.750,-15.008,345.000,0.869,1.356,-0.547,100043.27,36.82,-95.451,-97.029,-19.4106,0.5300,-0.9500,9.8100,-0.0625,0.1250,0.0000,33.8750,-15.5625,-27.6875,-0.0700,-0.0900,0.0700,0.5600,-0.8600,9.7500,1,1
9427,2550,87633505,7.250,0.812,-15.002,345.000,0.988,0.958,1.230,100047.98,36.82,-95.413,-97.017,-19.3716,0.5200,-0.9400,9.7700,0.0000,-0.0625,0.0625,34.5625,-15.5625,-28.0625,-0.0400,-0.0800,0.0200,0.5600,-0.8600,9.7500,1,1
9442,2554,87753539,7.250,0.812,-15.000,345.000,0.959,1.755,-1.303,100038.54,36.80,-95.446,-97.017,-19.3906,0.4900,-0.9500,9.7900,0.1250,0.0000,0.0000,34.1875,-16.2500,-26.8750,-0.0500,-0.0800,0.0500,0.5600,-0.8600,9.7500,1,1
9459,2558,87875297,7.250,0.812,-15.000,345.000,1.011,0.651,1.774,100051.62,36.81,-95.401,-97.004,-19.4226,0.5100,-0.9300,9.8200,0.0000,-0.1250,0.0000,34.1875,-15.5625,-26.8750,-0.0400,-0.0600,0.0700,0.5600,-0.8700,9.7500,1,1
9474,2562,87993101,7.250,0.812,-15.000,345.000,1.092,1.211,-0.165,100044.98,36.82,-95.390,-96.996,-19.3999,0.5300,-0.9500,9.8000,0.0625,0.0000,0.0000,34.5625,-16.0000,-27.6875,-0.0600,-0.1000,0.0500,0.5500,-0.8700,9.7500,1,1
9488,2566,88113072,7.250,0.875,-15.000,345.000,1.170,1.752,-1.193,100038.58,36.82,-95.378,-96.988,-19.4009,0.5000,-0.9400,9.8000,0.1250,0.0625,-0.1250,33.8750,-16.0000,-28.0625,-0.0500,-0.0900,0.0500,0.5500,-0.8700,9.7500,1,1
9503,2570,88233489,7.188,0.875,-15.000,345.000,0.895,0.333,-1.186,100055.41,36.82,-95.388,-96.986,-19.3920,0.5100,-0.9500,9.7900,0.0625,0.3125,0.0625,34.1875,-16.0000,-27.2500,-0.0400,-0.0800,0.0500,0.5500,-0.8700,9.7500,1,1
9517,2574,88353313,7.188,0.875,-15.000,345.000,0.794,-0.161,-1.025,100061.27,36.82,-95.403,-96.983,-19.3746,0.5100,-0.9300,9.7700,0.0625,0.0000,0.0000,33.5625,-16.2500,-27.2500,-0.0400,-0.0600,0.0400,0.5500,-0.8800,9.7500,1,1
9532,2578,88475291,7.188,0.875,-15.000,345.000,0.837,0.016,-0.192,100059.16,36.82,-95.404,-96.979,-19.3920,0.5100,-0.9500,9.7900,0.0000,0.0625,-0.0625,34.1875,-15.5625,-27.2500,-0.0400,-0.0700,0.0400,0.5500,-0.8800,9.7500,1,1
9546,2582,88593311,7.188,0.875,-15.000,345.000,0.863,1.135,-0.213,100045.88,36.81,-95.429,-96.980,-19.4119,0.5000,-0.9500,9.8100,0.0000,-0.1250,-0.1250,34.1875,-15.5625,-27.6875,-0.0500,-0.0900,0.0400,0.5500,-0.8800,9.7500,1,1
9560,2586,88713554,7.188,0.875,-15.000,345.000,0.912,0.644,0.342,100051.71,36.82,-95.402,-96.970,-19.3794,0.5200,-0.9700,9.7800,0.0625,-0.1875,0.0000,34.1875,-16.0000,-27.6875,-0.0200,-0.0500,0.0400,0.5500,-0.8800,9.7500,1,1
9575,2590,88833668,7.188,0.875,-15.000,345.000,0.907,1.707,-0.572,100039.11,36.82,-95.434,-96.973,-19.4002,0.5400,-0.9600,9.8000,0.0000,0.0625,0.0000,34.5625,-16.0000,-26.8750,-0.0400,-0.1000,0.0400,0.5500,-0.8800,9.7500,1,1
9589,2594,88953476,7.188,0.875,-15.000,345.000,0.853,1.414,-0.374,100042.58,36.81,-95.436,-96.968,-19.3760,0.5000,-0.9200,9.7700,0.0000,-0.0625,0.0625,35.3750,-16.0000,-27.6875,-0.0500,-0.0700,0.0600,0.5500,-0.8800,9.7500,1,1
9604,2598,89075291,7.188,0.875,-15.000,345.000,0.778,1.304,-1.525,100043.88,36.82,-95.465,-96.970,-19.4208,0.4900,-0.9600,9.8200,0.0000,-0.1250,0.0625,33.8750,-16.0000,-26.8750,-0.0600,-0.0800,0.0700,0.5500,-0.8800,9.7500,1,1
9618,2602,89193605,7.188,0.875,-15.000,345.000,0.879,0.257,2.560,100056.30,36.83,-95.402,-96.955,-19.3921,0.5000,-0.9500,9.7900,0.0625,0.0000,0.1250,35.3750,-16.0000,-27.6875,0.0000,-0.0700,0.0200,0.5500,-0.8800,9.7500,1,1
9632,2606,89313333,7.188,0.875,-15.000,345.000,1.309,2.077,2.426,100034.71,36.82,-95.341,-96.938,-19.3792,0.5300,-0.9700,9.7800,0.0625,0.0625,0.0000,35.3750,-15.5625,-26.8750,-0.0200,-0.0900,0.0300,0.5500,-0.8800,9.7500,1,1
9647,2610,89434030,7.188,0.875,-15.000,345.000,1.190,1.314,-0.925,100043.77,36.83,-95.314,-96.930,-19.3951,0.4700,-0.9300,9.7900,-0.0625,-0.1875,0.1250,33.5625,-15.5625,-27.6875,-0.0500,-0.1000,0.0300,0.5500,-0.8800,9.7500,1,1
9661,2614,89553677,7.188,0.875,-15.000,345.000,1.251,0.795,1.064,100049.92,36.81,-95.248,-96.913,-19.3995,0.5000,-0.9700,9.8000,0.0000,0.1875,-0.1250,34.1875,-15.2500,-27.2500,-0.0200,-0.1000,0.0500,0.5500,-0.8800,9.7500,1,1
9676,2618,89675291,7.188,0.875,-15.000,345.000,1.083,0.655,-1.739,100051.59,36.83,-95.260,-96.913,-19.4033,0.5000,-0.9400,9.8000,-0.0625,-0.0625,0.0625,33.8750,-16.0000,-27.6875,-0.0400,-0.0600,0.0500,0.5500,-0.8800,9.7500,1,1
9690,2622,89793942,7.188,0.875,-15.000,345.000,1.057,1.167,-0.901,100045.52,36.83,-95.269,-96.913,-19.4023,0.4800,-0.9500,9.8000,0.0625,0.0000,-0.0625,35.0000,-16.0000,-28.0625,-0.0300,-0.0600,0.0200,0.5500,-0.8800,9.7500,1,1
9702,2625,89893945,7.188,0.875,-15.000,345.000,0.920,0.905,-0.515,100048.61,36.82,-95.290,-96.914,-19.4006,0.5100,-0.9600,9.8000,0.0000,-0.0625,0.0625,34.1875,-16.2500,-26.0000,-0.0200,-0.0800,0.0100,0.5500,-0.8800,9.7500,1,1
9716,2629,90004132,7.188,0.875,-15.000,345.000,0.728,0.616,-1.307,100052.05,36.82,-95.336,-96.922,-19.3904,0.5300,-0.9600,9.7900,-0.0625,-0.3125,0.0000,33.5625,-16.2500,-26.5000,-0.0600,-0.0600,-0.0100,0.5500,-0.8800,9.7500,1,1
9731,2633,90126292,7.188,0.875,-15.000,345.000,0.672,0.295,-0.216,100055.86,36.82,-95.363,-96.924,-19.4416,0.5100,-0.9500,9.8400,0.1250,0.5000,0.0000,35.0000,-15.5625,-26.5000,-0.0400,-0.0700,0.0900,0.5500,-0.8800,9.7500,1,1
9745,2637,90244136,7.188,0.875,-15.000,345.000,0.635,0.704,-0.525,100051.00,36.83,-95.408,-96.932,-19.3949,0.4800,-0.9300,9.7900,0.2500,0.0000,0.0000,35.0000,-16.0000,-28.0625,-0.0800,-0.0500,0.0500,0.5500,-0.8800,9.7500,1,1
9759,2641,90364450,7.188,0.875,-15.000,345.000,1.031,1.989,2.127,100035.76,36.84,-95.367,-96.921,-19.3833,0.5100,-0.9400,9.7800,0.0625,0.0625,-0.1250,34.1875,-16.0000,-27.2500,-0.0600,-0.0600,0.0100,0.5500,-0.8800,9.7500,1,1
9774,2645,90484653,7.188,0.875,-15.000,345.000,0.859,1.117,-1.162,100046.10,36.82,-95.383,-96.921,-19.3822,0.5000,-0.9500,9.7800,0.0625,-0.1250,0.1875,33.8750,-16.0000,-26.8750,-0.0200,-0.0700,0.0300,0.5500,-0.8800,9.7500,1,1
9788,2649,90604308,7.188,0.875,-15.000,345.000,0.961,1.248,0.372,100044.55,36.82,-95.363,-96.915,-19.3830,0.5300,-0.9400,9.7800,0.0625,-0.1875,0.1250,34.5625,-14.8750,-26.8750,-0.0600,-0.0500,0.0600,0.5500,-0.8800,9.7500,1,1
9803,2653,90725291,7.250,0.938,-15.000,345.000,1.023,1.589,-0.135,100040.51,36.83,-95.355,-96.907,-19.3145,0.5700,-1.0600,9.7300,-1.4375,-1.6875,0.0625,33.8750,-15.5625,-27.2500,0.0200,-0.1800,-0.0100,0.5500,-0.8800,9.7500,1,1
9817,2657,90844489,7.250,0.875,-15.000,345.000,1.083,1.363,1.006,100043.19,36.84,-95.316,-96.899,-19.1681,0.5500,-1.0500,9.5800,-0.8750,-1.2500,0.1875,34.5625,-16.0000,-27.6875,0.2000,-0.0100,-0.0500,0.5600,-0.8800,9.7500,1,1
9831,2661,90964684,7.250,0.875,-15.000,345.000,0.899,0.532,-1.073,100053.04,36.84,-95.317,-96.895,-19.3896,0.5100,-0.9500,9.7900,-0.1250,-0.5000,0.0625,33.8750,-16.2500,-26.8750,-0.0500,-0.0900,0.0400,0.5600,-0.8800,9.7500,1,1
9846,2665,91084849,7.250,0.875,-15.000,345.000,1.082,0.952,1.022,100048.05,36.83,-95.276,-96.884,-19.4270,0.4900,-0.9700,9.8300,-0.1250,-0.1875,0.0000,35.0000,-16.0000,-27.6875,-0.0300,-0.0600,0.0700,0.5600,-0.8800,9.7500,1,1
9860,2669,91204677,7.250,0.875,-15.000,345.000,1.108,1.547,0.047,100041.01,36.84,-95.268,-96.879,-19.3724,0.5000,-0.9300,9.7700,-0.0625,-0.1250,0.0000,34.5625,-14.8750,-27.2500,-0.0400,-0.0700,0.0500,0.5600,-0.8800,9.7500,1,1
9875,2673,91326291,7.250,0.875,-15.000,345.000,0.679,-0.112,-2.516,100060.68,36.84,-95.319,-96.888,-19.4324,0.4700,-0.9300,9.8300,0.1250,0.1250,-0.0625,33.8750,-16.2500,-27.6875,-0.0800,-0.0400,0.0800,0.5600,-0.8800,9.7500,1,1
9889,2677,91444954,7.250,0.875,-15.000,345.000,1.016,1.753,1.582,100038.55,36.85,-95.303,-96.882,-19.3894,0.5200,-0.9500,9.7900,0.0625,-0.0625,0.1250,33.8750,-15.5625,-27.6875,-0.0500,-0.0900,0.0000,0.5600,-0.8800,9.7500,1,1
9903,2681,91564883,7.250,0.875,-15.000,345.000,0.943,0.197,0.859,100057.02,36.84,-95.254,-96.870,-19.3590,0.4800,-0.9600,9.7600,0.0000,0.1875,-0.0625,34.5625,-15.5625,-28.0625,-0.0400,-0.0700,0.0600,0.5600,-0.8800,9.7500,1,1
9918,2685,91685039,7.250,0.875,-15.000,345.000,0.966,0.977,-0.322,100047.76,36.84,-95.269,-96.872,-19.3685,0.5100,-0.9600,9.7700,0.0625,0.1250,-0.1250,34.1875,-15.5625,-26.8750,-0.0200,-0.0800,0.0000,0.5600,-0.8800,9.7500,1,1
9930,2688,91785304,7.250,0.875,-15.000,345.000,1.121,1.741,0.131,100038.70,36.85,-95.243,-96.864,-19.3701,0.4900,-0.9500,9.7700,-0.1250,-0.3125,0.0000,33.5625,-16.0000,-27.2500,-0.0400,-0.0800,0.0200,0.5600,-0.8800,9.7500,1,1
9943,2692,91895127,7.250,0.875,-15.000,345.000,1.145,2.887,-1.175,100025.11,36.85,-95.273,-96.867,-19.3762,0.4900,-0.9800,9.7800,-0.1875,-0.4375,0.0625,34.1875,-15.5625,-27.6875,-0.0400,-0.0900,0.0200,0.5600,-0.8800,9.7500,1,1
9957,2696,92015315,7.250,0.875,-15.000,345.000,1.102,1.453,0.377,100042.12,36.85,-95.218,-96.855,-19.3883,0.5100,-0.9600,9.7900,-0.0625,0.0000,-0.0625,34.1875,-16.0000,-26.5000,-0.0700,-0.0500,0.0400,0.5600,-0.8800,9.7500,1,1
9972,2700,92135511,7.250,0.875,-15.000,345.000,1.037,1.336,-0.583,100043.51,36.84,-95.226,-96.855,-19.3794,0.5300,-0.9500,9.7800,-0.0625,-0.1250,0.0000,35.0000,-16.0000,-27.6875,-0.0500,-0.1000,0.0000,0.5600,-0.8800,9.7500,1,1
9986,2704,92255151,7.250,0.875,-15.000,345.000,0.913,1.065,-0.564,100046.72,36.84,-95.237,-96.854,-19.4256,0.5000,-0.9800,9.8300,0.0625,0.3125,-0.1875,35.0000,-15.5625,-27.2500,-0.0500,-0.1000,0.0200,0.5600,-0.8800,9.7500,1,1
10001,2708,92377291,7.250,0.875,-15.000,345.000,1.119,0.172,2.954,100057.31,36.85,-95.146,-96.835,-19.4200,0.4700,-0.9500,9.8200,0.1875,0.3750,0.0625,34.5625,-15.2500,-28.0625,-0.0900,-0.0700,0.0700,0.5600,-0.8800,9.7500,1,1
10015,2712,92495308,7.250,0.875,-15.000,345.000,1.163,1.912,-1.046,100036.67,36.85,-95.173,-96.840,-19.3683,0.5200,-0.9600,9.7700,0.0000,0.0625,0.1250,34.5625,-15.5625,-27.2500,-0.0700,-0.0800,0.0600,0.5600,-0.8800,9.7500,1,1
10029,2716,92615609,7.250,0.875,-15.000,345.000,1.078,0.549,0.038,100052.84,36.85,-95.131,-96.830,-19.3901,0.5600,-0.9400,9.7900,0.0000,0.0625,0.0625,35.0000,-16.0000,-27.2500,-0.0500,-0.0800,0.0000,0.5600,-0.8800,9.7500,1,1
10044,2720,92735667,7.250,0.875,-15.000,345.000,1.063,0.682,0.498,100051.26,36.85,-95.129,-96.828,-19.3984,0.5000,-0.9600,9.8000,0.0000,0.0000,0.1250,33.5625,-16.0000,-26.8750,-0.0500,-0.0900,0.0000,0.5600,-0.8800,9.7500,1,1
10058,2724,92855520,7.250,0.875,-15.000,345.000,0.734,0.007,-2.196,100059.27,36.86,-95.183,-96.836,-19.3491,0.4800,-0.9600,9.7500,0.0625,0.1250,0.0000,35.3750,-16.6875,-26.5000,0.0000,-0.0800,0.0200,0.5600,-0.8800,9.7500,1,1
10073,2728,92977292,7.250,0.875,-15.000,345.000,1.099,0.724,3.282,100050.76,36.85,-95.124,-96.822,-19.3554,0.5500,-0.9800,9.7600,0.0000,0.0000,0.0000,34.1875,-15.2500,-27.6875,-0.0100,-0.1000,0.0100,0.5600,-0.8800,9.7500,1,1
10087,2732,93095475,7.250,0.875,-15.000,345.000,1.151,1.770,-1.048,100038.35,36.85,-95.137,-96.822,-19.3485,0.5200,-0.9600,9.7500,-0.1250,0.0625,0.0000,33.8750,-15.2500,-26.8750,-0.0200,-0.0800,0.0300,0.5600,-0.8800,9.7500,1,1
10101,2736,93215545,7.250,0.875,-15.000,345.000,1.334,1.004,3.069,100047.45,36.85,-95.040,-96.802,-19.4195,0.5000,-0.9500,9.8200,0.0000,0.1250,0.0000,33.5625,-15.2500,-28.0625,-0.0600,-0.0700,0.0700,0.5600,-0.8800,9.7500,1,1
10116,2740,93335858,7.250,0.875,-15.000,345.000,1.054,0.727,-2.200,100050.73,36.82,-95.080,-96.810,-19.4085,0.4900,-0.9600,9.8100,0.0625,0.1875,0.0625,33.8750,-16.2500,-27.2500,-0.0300,-0.0900,0.0400,0.5600,-0.8800,9.7500,1,1
10130,2744,93455696,7.250,0.875,-15.000,345.000,0.772,-0.727,-0.659,100067.98,36.86,-95.095,-96.811,-19.3486,0.5100,-0.9600,9.7500,0.0000,0.0625,-0.0625,34.1875,-16.0000,-26.0000,-0.0600,-0.0600,0.0300,0.5600,-0.8800,9.7500,1,1
10145,2748,93577292,7.250,0.875,-15.000,345.000,0.746,0.386,-1.365,100054.77,36.85,-95.161,-96.822,-19.4064,0.5400,-0.9700,9.8100,0.0625,0.1250,-0.2500,34.1875,-15.2500,-26.5000,-0.0100,-0.0900,0.0600,0.5600,-0.8800,9.7500,1,1
10159,2752,93695948,7.250,0.875,-15.000,345.000,0.954,1.607,0.834,100040.30,36.84,-95.174,-96.823,-19.3586,0.5100,-0.9600,9.7600,0.1875,0.1875,0.0625,33.8750,-14.8750,-28.0625,-0.0100,-0.0600,0.0200,0.5600,-0.8800,9.7500,1,1
10171,2755,93795958,7.250,0.875,-15.000,345.000,0.904,0.235,2.330,100056.56,36.84,-95.151,-96.817,-19.4373,0.4700,-0.9700,9.8400,0.0625,0.2500,0.0000,34.1875,-15.2500,-27.6875,-0.0700,-0.1000,0.0200,0.5600,-0.8800,9.7500,1,1
10185,2759,93908291,7.250,0.875,-15.000,345.000,0.794,0.029,-0.518,100059.01,36.85,-95.174,-96.820,-19.3900,0.4800,-0.9500,9.7900,-0.0625,0.1250,-0.1250,34.5625,-14.8750,-27.2500,-0.0700,-0.0700,0.0400,0.5600,-0.8800,9.7500,1,1
10200,2763,94028291,7.250,0.875,-15.000,345.000,0.925,0.711,1.443,100050.92,36.83,-95.171,-96.819,-19.3688,0.4900,-0.9600,9.7700,0.0000,0.0000,0.0000,33.8750,-16.6875,-27.2500,-0.0700,-0.0800,0.0200,0.5600,-0.8800,9.7500,1,1
10214,2767,94146136,7.250,0.875,-15.000,345.000,0.921,0.176,0.877,100057.27,36.85,-95.151,-96.813,-19.3879,0.5400,-0.9600,9.7900,-0.0625,-0.0625,0.1250,33.8750,-16.0000,-26.0000,-0.0700,-0.0800,0.0500,0.5600,-0.8800,9.7500,1,1
10228,2771,94266315,7.250,0.875,-15.000,345.000,0.985,0.328,0.300,100055.45,36.84,-95.141,-96.810,-19.3657,0.5300,-0.9800,9.7700,0.0625,0.0000,-0.0625,34.1875,-16.0000,-27.2500,-0.0300,-0.0600,0.0700,0.5600,-0.8800,9.7500,1,1
10243,2775,94386460,7.250,0.875,-15.000,345.000,1.041,0.799,1.109,100049.88,36.85,-95.133,-96.807,-19.3883,0.5100,-0.9600,9.7900,-0.1250,-0.1875,0.0625,34.1875,-14.8750,-26.8750,-0.0200,-0.0900,0.0400,0.5600,-0.8800,9.7500,1,1
10257,2779,94506312,7.250,0.875,-15.000,345.000,1.195,2.265,-0.409,100032.48,36.86,-95.138,-96.806,-19.3483,0.5300,-0.9600,9.7500,0.2500,0.0625,-0.0625,33.8750,-15.2500,-26.8750,-0.0600,-0.1000,0.0000,0.5600,-0.8800,9.7500,1,1
10272,2783,94628291,7.250,0.875,-15.000,345.000,1.263,0.676,2.189,100051.33,36.84,-95.045,-96.787,-19.4113,0.4700,-0.9400,9.8100,0.1250,-0.2500,0.0625,35.0000,-15.5625,-26.5000,-0.0800,-0.0600,0.0600,0.5600,-0.8800,9.7500,1,1
10286,2787,94746496,7.250,0.875,-15.000,345.000,1.374,2.683,-0.937,100027.53,36.84,-95.061,-96.790,-19.4214,0.4600,-0.9400,9.8200,-0.0625,0.1250,0.0625,34.1875,-16.2500,-27.6875,0.0000,-0.1000,0.0200,0.5600,-0.8800,9.7500,1,1
10300,2791,94866682,7.250,0.875,-15.000,345.000,1.040,1.135,-1.928,100045.88,36.84,-95.068,-96.790,-19.3974,0.4800,-0.9700,9.8000,0.0000,0.0625,-0.0625,34.5625,-15.2500,-27.6875,-0.0400,-0.0800,0.0600,0.5600,-0.8800,9.7500,1,1
10315,2795,94986833,7.250,0.875,-15.000,345.000,1.146,1.269,-0.339,100044.30,36.85,-95.053,-96.787,-19.3603,0.4800,-0.9500,9.7600,0.0000,-0.0625,0.0000,34.1875,-15.5625,-27.2500,-0.0400,-0.0900,0.0000,0.5600,-0.8800,9.7500,1,1
10329,2799,95106678,7.250,0.875,-15.000,345.000,1.178,1.084,0.909,100046.50,36.84,-95.023,-96.780,-19.4310,0.4800,-0.9400,9.8300,0.0625,0.1875,-0.0625,35.0000,-16.0000,-27.2500,-0.0400,-0.1000,0.0000,0.5600,-0.8800,9.7500,1,1
10344,2803,95228292,7.250,0.875,-15.000,345.000,1.320,1.482,1.077,100041.77,36.84,-94.986,-96.770,-19.4030,0.5200,-1.0000,9.8100,0.0625,0.3125,0.0000,34.5625,-16.2500,-27.2500,-0.0400,-0.1100,0.0600,0.5600,-0.8800,9.7500,1,1
10358,2807,95346927,7.250,0.875,-15.000,345.000,1.144,0.237,-1.640,100056.54,36.85,-94.974,-96.768,-19.3968,0.5200,-0.9700,9.8000,0.0000,0.1250,0.0625,34.1875,-16.0000,-26.8750,-0.0300,-0.0900,-0.0300,0.5600,-0.8800,9.7500,1,1
10372,2811,95466863,7.250,0.875,-15.000,345.000,1.016,0.770,-1.824,100050.22,36.85,-95.020,-96.777,-19.4064,0.5400,-0.9700,9.8100,0.0625,-0.1250,-0.1250,34.5625,-15.5625,-26.8750,-0.0300,-0.0700,0.0600,0.5600,-0.8800,9.7500,1,1
10387,2815,95587039,7.250,0.875,-15.000,345.000,1.046,1.577,0.274,100040.65,36.85,-95.050,-96.782,-19.4107,0.5100,-0.9400,9.8100,0.0625,0.0625,0.0625,34.1875,-16.0000,-27.2500,-0.0500,-0.1100,0.0200,0.5600,-0.8800,9.7500,1,1
10399,2818,95687279,7.250,0.875,-15.000,345.000,1.161,0.911,1.835,100048.55,36.84,-95.001,-96.772,-19.3562,0.5000,-0.9800,9.7600,0.1250,0.1250,0.0625,34.5625,-16.2500,-28.0625,-0.0400,-0.0900,0.0500,0.5600,-0.8800,9.7500,1,1
10412,2822,95796951,7.250,0.875,-15.000,345.000,1.306,2.346,-0.236,100031.52,36.84,-95.002,-96.772,-19.4130,0.5100,-1.0000,9.8200,0.0000,0.1250,0.0000,35.0000,-15.5625,-27.6875,-0.0600,-0.0500,0.0400,0.5600,-0.8800,9.7500,1,1
10425,2826,95907129,7.250,0.875,-15.000,345.000,1.263,0.681,0.969,100051.27,36.86,-94.936,-96.760,-19.4079,0.5300,-0.9600,9.8100,0.0625,0.1875,-0.1250,34.5625,-15.5625,-26.8750,-0.0400,-0.0700,0.0100,0.5600,-0.8800,9.7500,1,1
10440,2830,96037486,7.250,0.875,-15.000,345.000,1.190,2.220,-1.766,100033.02,36.85,-95.000,-96.773,-19.4017,0.5200,-1.0100,9.8100,0.0000,0.1875,0.1250,34.5625,-16.0000,-26.5000,-0.0500,-0.1200,0.0700,0.5600,-0.8800,9.7500,1,1
10454,2834,96157107,7.250,0.875,-15.000,345.000,0.903,0.205,-1.073,100056.91,36.84,-95.006,-96.777,-19.4600,0.7300,-1.2300,9.9000,0.1875,-0.3125,0.1250,34.5625,-16.0000,-26.8750,-0.3700,0.1900,-0.0900,0.5600,-0.8800,9.7500,1,1
10469,2838,96279291,7.250,0.875,-15.000,345.000,1.050,0.271,0.992,100056.14,36.84,-94.981,-96.771,-19.3774,0.4900,-0.9700,9.7800,0.0625,0.0625,-0.1250,35.0000,-16.0000,-27.2500,-0.0500,-0.0900,0.0300,0.5500,-0.8800,9.7500,1,1
10483,2842,96397330,7.188,0.938,-15.000,345.000,1.019,1.521,-1.187,100041.31,36.84,-95.035,-96.778,-19.2953,0.0900,-0.8200,9.6700,-0.2500,3.0625,0.4375,34.1875,-15.5625,-27.6875,-0.6100,0.2400,-0.4300,0.5500,-0.8800,9.7500,1,1
10497,2846,96517026,7.188,0.938,-15.000,345.000,1.306,2.253,2.527,100032.63,36.86,-94.983,-96.761,-19.5262,0.7400,-1.1100,9.9500,0.0000,-0.5000,-0.1250,34.1875,-15.5625,-26.5000,0.1800,-0.2200,0.2000,0.5500,-0.8800,9.7500,1,1
10513,2850,96637579,7.188,0.938,-15.000,345.000,1.073,0.481,-0.988,100053.65,36.83,-94.977,-96.761,-19.3940,0.4900,-1.0100,9.8000,-0.0625,-0.1250,0.0625,35.1875,-14.7500,-24.8750,-0.0300,-0.0600,0.0300,0.5500,-0.8900,9.7500,1,1
10527,2854,96757338,7.188,0.938,-15.000,345.000,0.894,0.854,-2.588,100049.23,36.85,-95.046,-96.774,-19.3155,0.4400,-0.9300,9.7100,0.1875,0.1250,0.0000,35.1875,-14.7500,-24.5000,0.1500,-0.1200,0.1000,0.5500,-0.8900,9.7500,1,1
10539,2857,96857495,7.188,0.938,-15.000,345.000,0.924,0.177,1.481,100057.25,36.85,-95.021,-96.770,-19.3686,0.4500,-0.9800,9.7700,0.1875,0.1875,-0.1250,36.0000,-15.0625,-25.2500,-0.0300,-0.0700,0.0200,0.5400,-0.8900,9.7500,1,1
10554,2861,96979297,7.188,1.000,-15.000,345.000,0.895,0.046,-0.710,100058.80,36.85,-95.040,-96.774,-19.4071,0.5500,-0.9700,9.8100,0.0000,0.0625,0.0000,34.8750,-15.0625,-24.8750,0.0000,-0.0800,0.0600,0.5400,-0.8900,9.7500,1,1
10566,2864,97079291,7.188,1.000,-15.000,345.000,1.072,2.376,-0.067,100031.17,36.83,-95.065,-96.779,-19.3802,0.5300,-0.9500,9.7800,0.0000,-0.2500,-0.0625,36.0000,-15.7500,-23.5625,-0.0100,-0.0500,0.0300,0.5400,-0.8900,9.7500,1,1
10580,2868,97187830,7.188,1.000,-15.043,344.938,1.204,1.191,1.749,100045.23,36.84,-95.001,-96.765,-19.4383,0.5400,-0.9600,9.8400,0.1250,0.0625,0.1250,34.8750,-15.0625,-24.0000,0.0300,-0.0600,0.0000,0.5400,-0.9000,9.7400,1,1
10595,2872,97307634,7.188,1.000,-15.058,344.938,1.251,2.188,-0.309,100033.40,36.85,-95.011,-96.768,-19.2512,0.3900,-0.9700,9.6500,0.1250,0.5625,-0.1250,36.0000,-15.0625,-25.6875,-0.0500,-0.0700,-0.0900,0.5400,-0.9000,9.7400,1,1
10610,2876,97429291,7.188,1.000,-15.062,344.938,1.215,0.959,0.484,100047.98,36.85,-94.966,-96.761,-19.3788,0.5400,-0.9600,9.7800,0.0625,0.2500,-0.0625,35.5625,-15.5000,-24.0000,0.0000,-0.0600,0.0300,0.5400,-0.9000,9.7400,1,1
10624,2880,97547770,7.188,1.000,-15.062,344.938,0.743,-0.325,-3.257,100063.21,36.86,-95.041,-96.777,-19.4185,0.5400,-0.9600,9.8200,-0.1250,-0.1250,0.1875,35.1875,-15.0625,-24.5000,-0.0300,-0.0600,0.0500,0.5400,-0.9000,9.7400,1,1
10638,2884,97667864,7.188,1.000,-15.062,344.938,0.734,0.618,-0.497,100052.02,36.85,-95.102,-96.788,-19.3506,0.5200,-0.9500,9.7500,-0.0625,0.0000,0.0625,35.5625,-16.1875,-25.6875,0.0000,-0.0700,0.0800,0.5400,-0.9000,9.7400,1,1
10650,2887,97768042,7.188,1.000,-15.062,344.938,0.724,0.365,0.156,100055.02,36.85,-95.121,-96.792,-19.3960,0.5500,-0.9800,9.8000,-0.0625,0.0625,0.0000,35.1875,-15.5000,-25.2500,-0.0400,-0.0600,0.0200,0.5400,-0.9000,9.7400,1,1
10665,2891,97888304,7.188,1.000,-15.062,344.938,0.986,0.373,3.574,100054.93,36.83,-95.073,-96.782,-19.4116,0.5100,-0.9400,9.8100,-0.0625,0.0000,0.0625,35.5625,-14.0000,-25.6875,-0.0400,-0.0700,0.0400,0.5400,-0.9000,9.7400,1,1
10677,2894,97988200,7.188,1.000,-15.062,344.938,1.150,1.342,0.047,100043.43,36.85,-95.064,-96.779,-19.3799,0.4800,-0.9600,9.7800,0.0000,0.2500,-0.0625,35.5625,-15.5000,-24.8750,-0.0500,-0.0700,0.0600,0.5400,-0.9000,9.7400,1,1
10690,2898,98098128,7.188,1.000,-15.062,344.938,1.246,1.801,0.070,100037.99,36.84,-95.049,-96.774,-19.4194,0.5600,-0.9500,9.8200,0.0625,0.0000,0.0000,36.0000,-14.3750,-26.0625,-0.0300,-0.0300,0.0500,0.5400,-0.9000,9.7400,1,1
10702,2901,98198131,7.125,1.000,-15.062,344.938,0.989,0.247,-0.115,100056.42,36.85,-95.057,-96.775,-19.3725,0.5400,-0.9500,9.7700,0.0625,-0.1250,0.0625,35.1875,-14.7500,-25.6875,-0.0400,-0.0800,0.0600,0.5400,-0.9000,9.7400,1,1
10715,2905,98308132,7.125,1.000,-15.062,344.938,1.116,1.444,0.616,100042.23,36.85,-95.050,-96.773,-19.4290,0.4300,-0.9100,9.8200,0.1250,0.1250,0.0625,35.1875,-15.0625,-25.2500,-0.0900,-0.1100,0.0000,0.5400,-0.9000,9.7400,1,1
10730,2909,98430291,7.125,1.000,-15.062,344.938,1.097,1.378,-0.084,100043.00,36.86,-95.049,-96.771,-19.4134,0.5400,-0.9400,9.8100,0.0000,-0.3750,0.0625,34.5625,-14.7500,-24.0000,0.0000,-0.0400,0.0600,0.5400,-0.9000,9.7400,1,1
10744,2913,98548127,7.125,1.000,-15.062,344.938,0.908,0.922,-0.808,100048.42,36.87,-95.079,-96.777,-19.3721,0.4900,-0.9600,9.7700,-0.0625,-0.1250,0.0000,35.5625,-14.7500,-25.2500,-0.0200,-0.1100,0.0600,0.5400,-0.9000,9.7400,1,1
10758,2917,98668501,7.125,1.000,-15.062,344.938,0.976,1.493,-0.147,100041.65,36.87,-95.092,-96.781,-19.4024,0.4600,-0.9600,9.8000,0.0625,0.0625,0.0625,36.0000,-15.5000,-25.2500,0.0000,-0.0600,0.0400,0.5400,-0.9000,9.7400,1,1
10773,2921,98788649,7.125,1.000,-15.062,344.938,1.003,1.034,0.177,100047.09,36.87,-95.081,-96.780,-19.4127,0.5100,-0.9500,9.8100,0.0000,0.1250,-0.0625,34.8750,-15.0625,-24.5000,-0.0200,-0.0500,0.0300,0.5400,-0.9000,9.7400,1,1
10787,2925,98908307,7.125,1.000,-15.062,344.938,0.916,-0.166,0.458,100061.32,36.86,-95.063,-96.775,-19.3638,0.4700,-0.9500,9.7600,0.1250,-0.0625,0.0000,35.1875,-15.7500,-26.0625,-0.0100,-0.0700,0.0000,0.5400,-0.9000,9.7400,1,1
10799,2928,99008334,7.125,1.000,-15.062,344.938,1.006,1.889,-1.492,100036.95,36.86,-95.109,-96.784,-19.3627,0.5300,-0.9500,9.7600,0.0000,-0.1875,0.1250,35.5625,-15.5000,-26.5000,-0.0400,-0.0600,0.0400,0.5400,-0.9000,9.7400,1,1
10812,2932,99118211,7.125,1.000,-15.062,344.938,1.164,1.949,0.831,100036.23,36.86,-95.082,-96.779,-19.4134,0.4700,-0.9500,9.8100,0.0000,0.0625,0.0625,35.1875,-15.5000,-24.5000,-0.0700,-0.0500,0.0600,0.5400,-0.9000,9.7400,1,1
10827,2936,99238667,7.125,1.000,-15.062,344.938,1.203,0.849,1.970,100049.28,36.87,-95.018,-96.768,-19.4134,0.4700,-0.9500,9.8100,0.0625,-0.1250,-0.0625,35.1875,-16.1875,-24.5000,-0.0300,-0.0700,0.0500,0.5400,-0.9000,9.7400,1,1
10841,2940,99358487,7.125,1.000,-15.062,344.938,1.209,0.171,1.046,100057.32,36.86,-94.970,-96.757,-19.3932,0.4900,-0.9500,9.7900,-0.1250,-0.0625,0.0625,35.5625,-15.0625,-25.2500,-0.0400,-0.0500,0.0700,0.5400,-0.9000,9.7400,1,1
10856,2944,99480291,7.125,1.000,-15.062,344.938,1.304,1.833,-0.826,100037.61,36.86,-94.987,-96.760,-19.3999,0.5300,-0.9700,9.8000,0.0000,0.1250,-0.0625,36.3750,-15.0625,-24.8750,-0.0100,-0.0600,0.0500,0.5400,-0.9000,9.7400,1,1
10870,2948,99598675,7.125,1.000,-15.062,344.938,1.596,0.686,4.278,100051.21,36.87,-94.841,-96.731,-19.3907,0.4900,-0.9700,9.7900,0.0000,-0.0625,0.0000,35.5625,-14.7500,-25.6875,-0.0200,-0.0700,0.0300,0.5400,-0.9000,9.7400,1,1
10884,2952,99717598,7.125,1.000,-15.062,344.938,1.437,2.257,-3.133,100032.59,36.87,-94.893,-96.743,-19.4207,0.4800,-0.9700,9.8200,0.0000,-0.3750,0.0000,35.1875,-15.0625,-24.5000,-0.0500,-0.0700,0.0700,0.5400,-0.9000,9.7400,1,1
10899,2956,99838927,7.125,1.000,-15.062,344.938,1.255,1.520,-1.248,100041.32,36.88,-94.903,-96.747,-19.4320,0.4700,-0.9600,9.8300,-0.0625,-0.0625,0.0625,35.1875,-14.7500,-25.6875,-0.0600,-0.0400,0.0700,0.5400,-0.9000,9.7400,1,1
10911,2959,99939104,7.125,1.000,-15.062,344.938,1.075,0.736,-1.497,100050.62,36.87,-94.927,-96.754,-19.4293,0.4800,-0.9800,9.8300,0.0625,0.1875,-0.0625,34.8750,-14.7500,-24.8750,0.0000,-0.0800,0.0400,0.5400,-0.9000,9.7400,1,1
10925,2963,100058767,7.125,1.000,-15.062,344.938,1.005,1.419,-1.302,100042.52,36.85,-94.975,-96.764,-19.3214,0.4800,-0.9700,9.7200,0.0000,-0.1250,0.0000,36.0000,-14.7500,-24.8750,-0.0300,-0.0500,0.0500,0.5400,-0.9000,9.7400,1,1
10940,2967,100181291,7.125,1.000,-15.062,344.938,1.327,2.786,1.489,100026.31,36.87,-94.951,-96.761,-19.3735,0.4800,-0.9500,9.7700,-0.0625,-0.1250,0.0625,36.0000,-15.7500,-24.8750,-0.0500,-0.0500,0.0200,0.5400,-0.9000,9.7400,1,1
10952,2970,100281291,7.125,1.000,-15.062,344.938,1.393,2.699,2.021,100027.34,36.87,-94.909,-96.753,-19.3941,0.5100,-0.9400,9.7900,-0.0625,0.0000,0.0000,35.1875,-15.7500,-25.6875,-0.0200,-0.0300,0.0400,0.5400,-0.9000,9.7400,1,1
10965,2974,100389290,7.125,1.000,-15.062,344.938,1.314,0.439,0.606,100054.14,36.86,-94.851,-96.744,-19.4852,0.4800,-0.9300,9.8800,0.5625,0.5000,-0.1875,35.5625,-16.1875,-25.2500,-0.1000,-0.0200,0.0000,0.5400,-0.9000,9.7400,1,1
10979,2978,100509151,7.125,1.000,-15.062,344.938,1.190,-0.119,-0.597,100060.77,36.87,-94.849,-96.755,-19.3137,0.5700,-0.9400,9.7100,0.0000,-0.1875,-0.0625,35.1875,-15.5000,-25.6875,0.0100,-0.0500,0.0700,0.5400,-0.9000,9.7500,1,1
10994,2982,100631291,7.125,1.000,-15.062,344.938,1.050,0.898,-2.116,100048.70,36.88,-94.922,-96.770,-19.4187,0.5200,-0.9800,9.8200,0.0000,-0.1250,0.1250,35.5625,-14.3750,-25.2500,-0.0100,-0.0800,0.0700,0.5400,-0.9000,9.7500,1,1
11008,2986,100749311,7.125,1.000,-15.062,344.938,1.153,1.891,0.064,100036.92,36.88,-94.940,-96.775,-19.4106,0.4900,-0.9700,9.8100,-0.1250,0.0000,0.0625,35.1875,-14.7500,-24.8750,-0.0200,-0.0600,0.0600,0.5400,-0.9000,9.7500,1,1
11022,2990,100869500,7.125,1.000,-15.062,344.938,0.783,0.607,-2.094,100052.16,36.87,-94.999,-96.791,-19.4717,0.4000,-0.9700,9.8700,-0.0625,0.9375,-0.0625,35.5625,-15.0625,-25.6875,0.0500,-0.0400,-0.0500,0.5400,-0.9000,9.7500,1,1
11034,2993,100969533,7.125,1.000,-15.062,344.938,0.730,0.439,-1.698,100054.15,36.86,-95.043,-96.803,-19.4035,0.4700,-0.9500,9.8000,0.0000,0.0625,0.0625,35.1875,-15.5000,-24.8750,-0.0300,-0.0400,0.0600,0.5400,-0.9000,9.7500,1,1
11048,2997,101081297,7.125,1.000,-15.062,344.938,0.849,0.970,0.976,100047.85,36.88,-95.064,-96.808,-19.3849,0.4700,-0.9400,9.7800,0.0000,-0.0625,0.1250,35.5625,-15.5000,-24.0000,-0.0600,-0.0400,0.0300,0.5400,-0.9000,9.7500,1,1
11062,3001,101199496,7.125,1.000,-15.062,344.938,1.122,1.349,2.391,100043.35,36.87,-95.026,-96.799,-19.3243,0.4600,-0.9500,9.7200,-0.1875,-0.2500,0.1250,36.3750,-15.5000,-24.0000,-0.0500,-0.0500,0.0000,0.5400,-0.9000,9.7500,1,1
11076,3005,101319383,7.125,1.000,-15.062,344.938,1.236,1.668,1.359,100039.57,36.88,-94.998,-96.795,-19.4503,0.4900,-0.9700,9.8500,-0.1875,-0.3125,0.1875,34.8750,-15.5000,-25.6875,-0.0400,-0.0700,0.1000,0.5400,-0.9000,9.7500,1,1
11091,3009,101439835,7.125,1.000,-15.062,344.938,0.818,0.682,-3.662,100051.26,36.88,-95.079,-96.810,-19.4031,0.4900,-0.9500,9.8000,-0.2500,-0.4375,0.0000,35.5625,-14.3750,-24.8750,-0.0100,-0.0500,-0.0200,0.5400,-0.9000,9.7500,1,1
11105,3013,101559675,7.125,1.000,-15.062,344.938,0.873,0.710,1.090,100050.93,36.88,-95.081,-96.809,-19.3843,0.5000,-0.9400,9.7800,0.0000,-0.0625,-0.1250,34.5625,-15.0625,-25.2500,-0.0600,-0.0600,0.0100,0.5400,-0.9000,9.7400,1,1
11120,3017,101681297,7.188,1.000,-15.062,344.938,1.145,1.201,1.849,100045.10,36.90,-95.043,-96.802,-19.3777,0.4600,-0.9800,9.7800,0.4375,0.3750,0.0000,35.1875,-15.7500,-24.8750,-0.0700,-0.0800,0.0300,0.5400,-0.9000,9.7400,1,1
11134,3021,101799764,7.188,1.000,-15.062,344.938,1.152,2.020,-1.061,100035.39,36.89,-95.067,-96.806,-19.4394,0.4800,-0.9600,9.8400,0.2500,0.0625,0.0000,34.8750,-15.5000,-25.2500,-0.0200,-0.0600,0.0000,0.5400,-0.9000,9.7400,1,1
11149,3025,101921291,7.125,1.000,-15.062,344.938,1.141,1.951,-1.123,100036.22,36.87,-95.070,-96.806,-19.4327,0.5000,-0.9500,9.8300,0.3125,0.1875,0.0000,36.0000,-15.7500,-24.8750,-0.0300,-0.0500,0.0800,0.5400,-0.9000,9.7400,1,1
11165,3029,102049728,7.125,1.000,-15.062,344.938,0.840,0.419,-1.872,100054.38,36.89,-95.106,-96.813,-19.3624,0.4800,-0.9600,9.7600,0.6250,0.6250,0.0000,35.5625,-14.0000,-25.6875,-0.0400,-0.0200,0.0000,0.5400,-0.9000,9.7500,1,1
11177,3032,102149919,7.125,1.000,-15.062,344.938,0.823,2.334,-2.276,100031.66,36.88,-95.180,-96.827,-19.4219,0.4800,-0.9600,9.8200,0.3750,0.5000,0.0000,35.1875,-14.3750,-24.8750,-0.0500,-0.0600,0.0000,0.5400,-0.9000,9.7500,1,1
11190,3036,102259873,7.125,1.000,-15.062,344.938,0.906,1.630,1.054,100040.02,36.87,-95.173,-96.825,-19.3533,0.5000,-0.9500,9.7500,0.0625,-0.0625,0.1250,36.0000,-14.7500,-25.6875,-0.0300,-0.0700,0.0400,0.5400,-0.9000,9.7500,1,1
11205,3040,102382291,7.125,1.000,-15.062,344.938,1.414,1.761,4.780,100038.46,36.88,-95.043,-96.799,-19.4049,0.4600,-0.9400,9.8000,0.3750,0.7500,-0.0625,34.5625,-15.5000,-24.8750,-0.0600,-0.0500,0.0500,0.5300,-0.8900,9.7500,1,1
11219,3044,102500126,7.062,0.938,-15.014,345.000,1.159,0.438,-0.773,100054.16,36.89,-95.031,-96.799,-19.3599,0.5100,-0.9200,9.7500,0.8125,0.8750,0.0000,34.8750,-15.0625,-24.5000,-0.0600,-0.0400,-0.0700,0.5200,-0.8900,9.7500,1,1
11233,3048,102620320,7.062,0.938,-15.003,345.000,1.005,-0.311,-0.332,100063.04,36.90,-95.030,-96.795,-19.4025,0.4900,-0.9800,9.8000,-0.5625,-0.3750,-0.0625,35.5625,-15.5000,-25.6875,0.0000,-0.0800,0.0600,0.5200,-0.8900,9.7500,1,1
11248,3052,102740470,7.062,0.938,-15.036,344.938,0.979,1.141,-1.549,100045.82,36.87,-95.097,-96.813,-19.6338,0.5200,-0.8700,10.0200,0.2500,0.8750,-0.0625,34.8750,-15.5000,-25.6875,-0.0500,-0.1100,0.2200,0.5200,-0.8800,9.7500,1,1
11262,3056,102860317,7.000,0.875,-15.010,345.000,1.163,2.498,-0.277,100029.73,36.89,-95.107,-96.813,-19.3706,0.5000,-0.9400,9.7600,0.1875,0.1875,-0.0625,34.5625,-15.0625,-24.8750,0.0000,-0.1000,0.0200,0.5200,-0.8800,9.7500,1,1
11277,3060,102982291,7.000,0.875,-15.002,345.000,1.391,2.225,2.262,100032.95,36.88,-95.032,-96.798,-19.4097,0.4600,-0.9500,9.8000,0.2500,0.3750,0.0000,35.5625,-15.5000,-24.8750,-0.0500,-0.0700,0.0500,0.5200,-0.8800,9.7500,1,1
11291,3064,103100319,7.000,0.875,-15.000,345.000,1.396,3.175,-1.551,100021.70,36.88,-95.043,-96.802,-19.4498,0.5100,-0.9400,9.8400,0.3750,0.1875,0.0625,35.1875,-14.7500,-25.6875,-0.0300,-0.0900,0.0400,0.5200,-0.8800,9.7500,1,1
11305,3068,103220397,7.000,0.875,-15.000,345.000,1.545,1.896,2.306,100036.87,36.88,-94.928,-96.781,-19.3990,0.5100,-0.9500,9.7900,0.3750,0.1875,0.0000,35.2500,-15.5000,-25.6875,0.0000,-0.0700,0.0400,0.5200,-0.8800,9.7500,1,1
11320,3072,103340828,7.000,0.875,-15.000,345.000,1.148,-0.067,-1.008,100060.14,36.90,-94.923,-96.782,-19.4104,0.4900,-0.9400,9.8000,0.0000,-0.1250,-0.0625,34.1875,-14.7500,-26.5000,-0.0300,-0.0600,0.0600,0.5200,-0.8800,9.7500,1,1
11334,3076,103460651,7.062,0.875,-15.009,344.938,0.915,1.043,-3.430,100046.98,36.90,-95.023,-96.803,-19.3536,0.4900,-0.9800,9.7500,-0.3750,-0.8750,-0.0625,35.5625,-14.3750,-26.0625,0.0100,-0.0700,0.0000,0.5200,-0.8800,9.7500,1,1
11349,3080,103582297,7.062,0.875,-15.051,344.938,1.160,2.269,0.063,100032.44,36.89,-95.028,-96.808,-19.3748,0.4800,-0.9700,9.7700,0.1250,0.1875,0.1250,34.8750,-14.7500,-25.2500,-0.0300,-0.0900,0.0200,0.5200,-0.8800,9.7500,1,1
11363,3084,103700763,7.062,0.875,-15.060,344.938,1.105,1.347,0.464,100043.38,36.89,-95.011,-96.804,-19.3632,0.5100,-0.9800,9.7600,0.3750,0.2500,-0.0625,35.2500,-15.0625,-25.2500,0.0100,-0.0600,0.0500,0.5200,-0.8800,9.7500,1,1
11378,3088,103822291,7.000,0.875,-15.014,345.000,1.350,0.958,3.050,100047.98,36.89,-94.930,-96.790,-19.4387,0.5100,-0.9500,9.8300,0.4375,0.6250,0.0625,34.8750,-15.5000,-25.2500,-0.0100,-0.0700,0.0700,0.5200,-0.8800,9.7500,1,1
11391,3091,103922291,7.000,0.875,-15.004,345.000,1.035,0.148,-1.796,100057.59,36.90,-94.985,-96.801,-19.3483,0.5000,-0.9600,9.7400,0.1875,0.1250,-0.1250,34.8750,-15.7500,-25.2500,-0.0100,-0.0800,0.0000,0.5100,-0.8700,9.7500,1,1
11405,3095,104031371,7.062,0.875,-15.018,344.938,1.354,1.990,0.742,100035.75,36.89,-94.965,-96.794,-19.2968,0.5500,-0.9500,9.6900,-0.4375,-0.5000,0.0000,35.5625,-15.0625,-25.2500,0.0400,-0.1000,0.2200,0.5200,-0.8800,9.7500,1,1
11419,3099,104151131,7.062,0.875,-15.052,344.938,1.590,1.422,2.907,100042.48,36.91,-94.858,-96.779,-19.3060,0.5200,-0.9600,9.7000,0.8125,0.4375,0.1250,34.8750,-15.7500,-25.6875,0.0000,-0.0600,-0.0300,0.5200,-0.8700,9.7500,1,1
11433,3103,104271345,7.000,0.875,-15.060,344.938,1.530,1.631,-0.757,100040.00,36.89,-94.841,-96.776,-19.4279,0.4900,-0.9600,9.8200,0.5625,0.4375,0.0000,35.1875,-15.0625,-26.5000,-0.0300,-0.1000,0.0400,0.5200,-0.8700,9.7500,1,1
11448,3107,104391485,7.000,0.875,-15.062,344.938,1.756,2.313,1.008,100031.91,36.90,-94.783,-96.765,-19.4056,0.4900,-0.9800,9.8000,0.3125,0.3750,0.0625,34.1875,-15.7500,-25.6875,-0.0100,-0.0700,0.0500,0.5200,-0.8700,9.7500,1,1
11462,3111,104511308,7.000,0.875,-15.033,345.000,1.726,2.238,-0.301,100032.80,36.91,-94.742,-96.757,-19.3585,0.4800,-0.9600,9.7500,0.1875,0.1250,0.0000,35.1875,-14.7500,-25.6875,-0.0200,-0.0800,0.0600,0.5100,-0.8700,9.7500,1,1
11477,3115,104633291,7.000,0.875,-15.007,345.000,1.586,0.938,-0.193,100048.23,36.90,-94.696,-96.751,-19.4494,0.4600,-0.9500,9.8400,0.2500,0.1875,0.0000,34.5625,-15.5000,-25.6875,-0.0500,-0.0700,0.0800,0.5100,-0.8700,9.7500,1,1
11491,3119,104751312,7.000,0.875,-15.002,345.000,1.508,1.403,-0.170,100042.71,36.90,-94.696,-96.755,-19.4017,0.4900,-0.9300,9.7900,0.1875,0.1250,0.0000,34.8750,-15.0625,-25.2500,-0.0400,-0.0900,0.0300,0.5100,-0.8700,9.7500,1,1
11505,3123,104871676,7.000,0.875,-15.000,345.000,1.457,0.953,-0.042,100048.05,36.90,-94.676,-96.752,-19.3869,0.4900,-0.9700,9.7800,-0.0625,0.1250,-0.0625,35.2500,-14.7500,-25.6875,-0.0400,-0.0700,0.0500,0.5100,-0.8700,9.7500,1,1
11518,3126,104971682,7.000,0.875,-15.000,345.000,1.228,0.661,-2.190,100051.52,36.89,-94.733,-96.766,-19.3779,0.5100,-0.9600,9.7700,-0.1250,-0.1875,0.1250,35.5625,-14.7500,-24.8750,-0.0300,-0.0500,0.0600,0.5100,-0.8700,9.7500,1,1
11532,3130,105083295,7.000,0.875,-15.006,344.938,1.097,0.363,-0.519,100055.04,36.91,-94.765,-96.774,-19.3313,0.5500,-0.9300,9.7200,-0.3125,-0.6875,-0.1250,34.8750,-15.5000,-24.0000,0.0200,-0.0600,-0.0200,0.5200,-0.8700,9.7500,1,1
11546,3134,105201490,7.062,0.875,-15.050,344.938,1.339,1.683,1.162,100039.39,36.89,-94.762,-96.777,-19.3600,0.4700,-0.9300,9.7500,-0.0625,-0.1875,-0.1250,34.1875,-15.5000,-24.8750,-0.0500,-0.0600,0.1100,0.5200,-0.8700,9.7500,1,1
11561,3138,105326292,7.062,0.875,-15.060,344.938,1.716,2.705,2.923,100027.27,36.90,-94.693,-96.764,-19.3907,0.4900,-0.9200,9.7800,-0.0625,0.0000,-0.0625,36.3750,-15.7500,-24.8750,-0.0200,-0.0400,0.0300,0.5200,-0.8700,9.7500,1,1
11573,3141,105426297,7.062,0.875,-15.062,344.938,1.417,0.523,0.540,100053.14,36.88,-94.671,-96.759,-19.5230,0.5200,-0.9700,9.9200,-0.2500,-0.3750,-0.1250,35.1875,-15.0625,-25.2500,0.0000,-0.0900,0.1600,0.5200,-0.8700,9.7500,1,1
11587,3145,105541763,7.062,0.875,-15.062,344.938,1.475,1.885,-1.180,100037.00,36.90,-94.695,-96.768,-19.3991,0.5100,-0.9300,9.7900,0.0625,-0.2500,-0.0625,35.5625,-15.5000,-25.2500,-0.0500,-0.0700,0.0500,0.5200,-0.8700,9.7500,1,1
11601,3149,105661745,7.062,0.875,-15.062,344.938,1.416,1.315,-0.611,100043.76,36.91,-94.689,-96.768,-19.3562,0.4800,-0.9600,9.7500,-0.3125,-0.4375,-0.0625,36.3750,-15.0625,-25.6875,-0.0300,-0.1100,0.0500,0.5200,-0.8700,9.7500,1,1
11616,3153,105783297,7.062,0.875,-15.062,344.938,1.506,1.938,-0.664,100036.37,36.90,-94.691,-96.771,-19.3654,0.5300,-0.9600,9.7600,0.1875,0.1250,0.0625,34.5625,-15.5000,-24.8750,0.0000,-0.0900,0.0100,0.5200,-0.8700,9.7500,1,1
11630,3157,105901947,7.062,0.875,-15.062,344.938,1.519,1.995,0.578,100035.70,36.90,-94.679,-96.769,-19.4190,0.5100,-0.9300,9.8100,-0.0625,-0.1875,-0.0625,35.5625,-15.0625,-25.2500,-0.0300,-0.1000,0.0400,0.5200,-0.8700,9.7500,1,1
11644,3160,106002052,7.125,0.875,-15.062,344.938,1.450,0.923,-0.033,100048.40,36.90,-94.669,-96.756,-19.0677,0.5400,-1.0200,9.4700,-1.5000,-2.1250,0.0000,34.5625,-14.7500,-25.6875,0.0400,-0.0500,-0.0400,0.5300,-0.8800,9.7500,1,1
11658,3164,106122038,7.125,0.938,-15.062,344.938,1.738,1.925,2.228,100036.52,36.90,-94.606,-96.746,-19.3327,0.5200,-0.9600,9.7300,0.5625,0.0625,0.0625,34.5625,-14.7500,-25.1875,-0.0200,-0.0500,0.0000,0.5400,-0.8900,9.7500,1,1
11673,3168,106242484,7.125,0.938,-15.062,344.938,1.592,1.328,-1.452,100043.60,36.89,-94.602,-96.745,-19.4458,0.5000,-0.9300,9.8400,0.0000,-0.1250,-0.0625,34.8750,-14.7500,-25.2500,-0.0100,-0.2300,-0.0700,0.5400,-0.8900,9.7500,1,1
11687,3172,106362127,7.062,0.938,-15.062,344.938,1.290,0.691,-2.544,100051.16,36.91,-94.649,-96.753,-19.3764,0.4900,-0.9500,9.7700,0.3750,0.5000,0.0625,34.5625,-15.0625,-25.6875,-0.0300,-0.0800,0.0600,0.5200,-0.8900,9.7500,1,1
11701,3176,106478292,7.062,0.938,-15.062,344.938,1.404,2.801,-0.794,100026.13,36.91,-94.703,-96.761,-19.4041,0.4700,-0.9700,9.8000,-0.6250,-0.6250,0.0000,34.8750,-15.7500,-25.6875,-0.0400,-0.0800,0.0500,0.5200,-0.8900,9.7500,1,1
11713,3179,106578292,7.125,1.000,-15.062,344.938,1.124,0.846,0.252,100049.32,36.92,-94.714,-96.765,-20.2116,1.3500,-1.1100,10.6500,1.4375,0.8750,-0.2500,35.1875,-15.5000,-25.2500,0.8200,-0.2100,0.9000,0.5300,-0.9000,9.7500,1,1
11727,3183,106692648,7.062,1.000,-15.062,344.938,1.293,1.553,1.127,100040.93,36.91,-94.718,-96.777,-19.2290,0.5100,-0.9300,9.6200,0.1875,0.5625,0.1875,35.5625,-15.7500,-24.0000,-0.0200,-0.0600,-0.1300,0.5200,-0.8900,9.7500,1,1
11741,3187,106812382,7.062,1.000,-15.062,344.938,1.354,0.796,1.797,100049.91,36.92,-94.678,-96.766,-19.3379,0.4500,-0.9400,9.7300,-0.8125,-0.8750,0.0000,34.8750,-15.5000,-25.6875,-0.0200,-0.0600,0.0700,0.5300,-0.9000,9.7400,1,1
11753,3190,106912500,7.125,1.062,-15.062,344.938,1.615,2.707,0.008,100027.24,36.91,-94.663,-96.757,-18.6478,0.3200,-1.2200,9.0700,-1.3125,-1.7500,0.1250,34.5625,-14.7500,-25.2500,0.4900,0.0600,-0.1900,0.5400,-0.9100,9.7400,1,1
11767,3194,107025291,7.125,1.062,-15.062,344.938,1.618,1.483,0.589,100041.76,36.92,-94.618,-96.745,-19.3602,0.5600,-0.9600,9.7600,-0.1875,-0.5625,0.0000,34.1875,-14.3750,-24.8750,0.0200,-0.0500,0.0100,0.5300,-0.9000,9.7400,1,1
11781,3198,107142760,7.125,1.062,-15.062,344.938,1.523,2.307,-1.399,100031.99,36.91,-94.657,-96.753,-19.3934,0.5100,-0.9400,9.7900,-0.0625,-0.1250,-0.0625,35.5625,-15.7500,-25.2500,-0.0200,-0.0800,0.1100,0.5300,-0.9000,9.7400,1,1
11795,3202,107262630,7.125,1.062,-15.062,344.938,1.277,0.624,-0.899,100051.95,36.92,-94.657,-96.753,-19.4233,0.5000,-0.9400,9.8200,-0.3750,-0.4375,0.0000,35.1875,-14.7500,-24.5000,-0.0600,-0.0400,0.0300,0.5300,-0.9100,9.7400,1,1
11811,3206,107384297,7.125,1.125,-15.062,344.938,0.707,-0.320,-4.460,100063.15,36.93,-94.805,-96.783,-19.4645,0.5100,-1.0000,9.8700,-0.3125,-0.3750,0.0000,34.5625,-14.7500,-25.2500,-0.0300,-0.0800,0.1300,0.5400,-0.9200,9.7400,1,1
11826,3210,107502921,7.125,1.125,-15.062,344.938,1.242,2.394,2.867,100030.95,36.92,-94.812,-96.786,-19.3670,0.5500,-0.9800,9.7700,0.0000,-0.1250,-0.0625,35.1875,-15.7500,-25.2500,-0.0300,-0.0700,0.0500,0.5400,-0.9200,9.7400,1,1
11842,3214,107623661,7.125,1.125,-15.062,344.938,1.404,2.157,1.428,100033.77,36.92,-94.779,-96.780,-19.4095,0.4700,-0.9700,9.8100,-0.0625,-0.1250,0.0625,34.5625,-14.7500,-24.8750,-0.0600,-0.0500,0.0600,0.5400,-0.9200,9.7400,1,1
11855,3217,107725291,7.125,1.125,-15.062,344.938,1.542,1.502,2.196,100041.53,36.91,-94.712,-96.769,-19.4143,0.6700,-1.1400,9.8400,0.0000,-0.1875,0.0000,36.0000,-13.5625,-24.5000,0.1300,-0.2200,0.0900,0.5400,-0.9200,9.7400,1,1
11871,3221,107843530,7.125,1.125,-15.062,344.938,1.470,1.501,-0.174,100041.55,36.91,-94.722,-96.772,-19.4006,0.4800,-0.9600,9.8000,0.1250,0.3750,0.0000,35.1875,-14.7500,-25.6875,-0.0900,-0.0500,0.0400,0.5300,-0.9200,9.7400,1,1
11886,3225,107962394,7.062,1.125,-15.062,344.938,1.388,1.647,-0.363,100039.82,36.91,-94.740,-96.776,-19.3743,0.4900,-0.9500,9.7700,-0.1250,-0.3125,0.0000,35.5625,-15.7500,-25.2500,-0.0400,-0.0300,0.0300,0.5300,-0.9200,9.7400,1,1
11901,3229,108084292,7.062,1.125,-15.062,344.938,1.296,1.289,-0.204,100044.07,36.92,-94.748,-96.777,-19.3444,0.5600,-1.0200,9.7500,-0.1875,-0.5000,-0.0625,35.5625,-15.0625,-24.0000,0.0300,-0.0900,0.0000,0.5300,-0.9200,9.7400,1,1
11915,3233,108203102,7.125,1.125,-15.062,344.938,1.439,0.914,1.738,100048.52,36.93,-94.696,-96.762,-19.3591,0.5100,-0.9700,9.7600,-0.8125,-0.8125,0.0625,35.5625,-14.3750,-25.2500,-0.0400,-0.0600,0.1400,0.5400,-0.9200,9.7400,1,1
11929,3237,108323315,7.125,1.125,-15.062,344.938,1.637,2.710,0.502,100027.21,36.92,-94.693,-96.765,-19.4674,0.4900,-0.9800,9.8700,0.3750,0.3125,-0.0625,34.5625,-14.0000,-26.0625,-0.0300,-0.0400,0.1000,0.5400,-0.9200,9.7400,1,1
11944,3241,108443484,7.125,1.125,-15.062,344.938,1.533,2.318,-0.668,100031.86,36.92,-94.689,-96.756,-18.8236,0.7500,-0.9300,9.2200,-0.0625,-1.5000,-0.1250,34.1875,-15.0625,-24.8750,0.2000,-0.0200,0.0700,0.5400,-0.9200,9.7400,1,1
11958,3245,108563311,7.250,1.250,-15.062,344.938,1.558,2.185,-0.040,100033.45,36.92,-94.667,-96.764,-19.2696,0.5700,-0.9900,9.6800,0.5625,0.1875,-0.0625,35.1875,-15.7500,-24.5000,-0.0500,-0.0100,0.0200,0.5500,-0.9300,9.7400,1,1
11973,3249,108685292,7.125,1.188,-15.062,344.938,1.585,2.040,0.132,100035.16,36.93,-94.646,-96.755,-19.6208,0.7100,-0.9800,10.0300,0.2500,0.4375,-0.0625,34.8750,-14.7500,-24.8750,0.1600,-0.0500,0.2900,0.5400,-0.9200,9.7400,1,1
11987,3253,108803313,7.250,1.250,-15.062,344.938,1.297,1.585,-2.756,100040.55,36.93,-94.703,-96.756,-19.5719,0.5200,-1.0400,9.9900,-0.5000,0.2500,0.0000,34.8750,-15.0625,-25.2500,-0.0800,-0.0100,0.0500,0.5600,-0.9400,9.7400,1,1
12001,3257,108923503,7.188,1.188,-15.062,344.938,1.275,0.779,0.251,100050.12,36.93,-94.690,-96.756,-19.4349,0.4700,-0.9800,9.8400,0.5625,0.6875,-0.0625,34.5625,-15.5000,-26.0625,-0.0300,0.0000,-0.0200,0.5500,-0.9300,9.7400,1,1
12013,3260,109023005,7.250,1.188,-15.062,344.938,0.971,-0.829,-1.033,100069.19,36.94,-94.744,-96.766,-19.4930,0.3700,-0.9100,9.8900,-0.1875,0.0625,0.0625,35.2500,-14.7500,-25.2500,-0.1800,0.0200,0.1400,0.5500,-0.9300,9.7400,1,1
12027,3264,109135296,7.250,1.250,-15.062,344.938,0.854,0.359,-1.679,100055.09,36.94,-94.829,-96.786,-19.3739,0.5100,-0.9600,9.7800,-0.0625,-0.0625,0.0000,35.5625,-14.3750,-25.2500,-0.0500,-0.0200,0.0300,0.5600,-0.9300,9.7400,1,1
12041,3268,109253516,7.312,1.250,-15.062,344.938,1.344,2.427,2.794,100030.57,36.93,-94.808,-96.783,-19.3977,0.5000,-0.9900,9.8100,-0.5000,-0.5000,0.1250,35.1875,-15.7500,-24.0000,-0.0700,-0.0500,0.0300,0.5600,-0.9400,9.7400,1,1
12055,3272,109373675,7.312,1.250,-15.062,344.938,1.440,1.427,2.073,100042.43,36.93,-94.743,-96.772,-19.4808,0.5600,-0.9500,9.8900,0.3750,0.6250,0.0000,34.8750,-15.5000,-25.6875,-0.0200,-0.0200,0.1100,0.5600,-0.9400,9.7400,1,1
12070,3276,109493849,7.250,1.250,-15.062,344.938,1.117,0.778,-2.849,100050.12,36.95,-94.804,-96.779,-19.2465,0.4400,-0.9600,9.6500,-0.1250,-0.1875,0.0000,34.5625,-13.2500,-25.6875,0.0100,-0.0400,-0.0300,0.5600,-0.9300,9.7400,1,1
12084,3280,109613675,7.312,1.250,-15.062,344.938,1.293,2.023,0.718,100035.36,36.93,-94.810,-96.787,-19.4110,0.4600,-0.9700,9.8200,-0.3750,-0.1250,-0.1250,35.5625,-14.7500,-24.8750,-0.0700,-0.0700,0.0400,0.5600,-0.9300,9.7400,1,1
12099,3284,109735294,7.312,1.250,-15.062,344.938,1.043,0.316,-0.304,100055.60,36.93,-94.825,-96.789,-19.3394,0.5000,-0.9800,9.7500,-0.3125,-0.4375,0.0000,34.8750,-16.1875,-24.8750,-0.0600,-0.0400,0.0100,0.5700,-0.9300,9.7400,1,1
12113,3288,109853733,7.312,1.250,-15.062,344.938,1.425,2.891,0.486,100025.07,36.93,-94.836,-96.792,-19.4002,0.5000,-0.9700,9.8100,0.3125,0.1875,0.0000,34.8750,-15.0625,-24.8750,-0.0100,-0.0500,0.1200,0.5700,-0.9300,9.7400,1,1
12126,3292,109973950,7.250,1.188,-15.062,344.938,1.448,0.958,2.380,100047.99,36.94,-94.748,-96.771,-19.2476,0.4800,-0.9500,9.6500,-0.1875,-0.1250,0.0000,35.1875,-15.0625,-25.6875,-0.1200,-0.0800,-0.2200,0.5600,-0.9300,9.7400,1,1
12141,3296,110094289,7.375,1.250,-15.062,344.938,1.259,1.757,-3.419,100038.51,36.93,-94.821,-96.793,-19.3465,0.5800,-0.9700,9.7600,-0.8750,-0.2500,0.1250,34.5625,-15.0625,-26.0625,-0.1100,-0.0300,0.1300,0.5800,-0.9400,9.7400,1,1
12153,3299,110194277,7.375,1.250,-15.062,344.938,0.920,0.365,-1.300,100055.02,36.94,-94.876,-96.808,-19.4032,0.5900,-0.9900,9.8200,0.8125,0.8125,0.0000,35.2500,-14.3750,-24.8750,-0.0800,-0.0400,0.0800,0.5800,-0.9400,9.7400,1,1
12166,3303,110304153,7.312,1.188,-15.062,344.938,0.892,0.659,-0.375,100051.53,36.94,-94.919,-96.813,-19.3514,0.5000,-0.9700,9.7600,0.4375,0.3750,-0.1250,36.0000,-15.7500,-25.1875,-0.0800,-0.0600,0.0000,0.5700,-0.9300,9.7400,1,1
12180,3307,110424318,7.312,1.250,-15.062,344.938,0.941,0.065,1.167,100058.58,36.94,-94.916,-96.807,-19.4758,0.3900,-0.9400,9.8800,-0.6250,-0.1250,0.0625,36.0000,-15.0625,-24.3750,0.0500,0.0000,0.0200,0.5700,-0.9400,9.7400,1,1
12195,3311,110544471,7.375,1.250,-15.062,344.938,1.240,3.332,-1.192,100019.83,36.92,-94.984,-96.823,-19.3967,0.4900,-0.9800,9.8100,0.6250,0.1875,-0.0625,34.8750,-14.3750,-25.6875,-0.0300,-0.0400,0.0000,0.5800,-0.9400,9.7400,1,1
12209,3315,110664311,7.375,1.250,-15.062,344.938,1.178,1.100,1.759,100046.30,36.95,-94.923,-96.804,-19.2176,0.4600,-0.9900,9.6300,-0.3125,-0.1875,-0.0625,35.1875,-16.1875,-24.8750,0.1000,-0.0500,0.0900,0.5700,-0.9300,9.7400,1,1
12224,3319,110786292,7.375,1.250,-15.062,344.938,1.419,2.335,0.742,100031.66,36.94,-94.906,-96.798,-19.4282,0.4700,-0.9700,9.8400,-0.3750,-0.1875,0.0000,34.8750,-15.5000,-24.8750,-0.1000,-0.0300,0.0900,0.5800,-0.9400,9.7400,1,1
12238,3323,110904308,7.375,1.250,-15.062,344.938,1.455,1.830,-0.026,100037.64,36.94,-94.870,-96.794,-19.4444,0.4600,-1.0000,9.8600,0.5000,0.4375,-0.1250,36.3750,-15.0625,-24.3750,-0.0100,-0.0400,0.0400,0.5800,-0.9400,9.7400,1,1
12252,3327,111024029,7.375,1.188,-15.062,344.938,1.462,2.239,-0.427,100032.80,36.93,-94.860,-96.785,-19.1563,0.4300,-0.8600,9.5500,-0.5625,-0.5625,0.0625,34.8750,-15.7500,-24.8750,-0.1400,0.0700,-0.1900,0.5800,-0.9300,9.7400,1,1
12267,3331,111144564,7.375,1.250,-15.062,344.938,1.326,0.934,-0.434,100048.28,36.93,-94.841,-96.780,-19.4549,0.4900,-0.9900,9.8700,-0.6250,-0.1250,0.0625,35.5625,-15.7500,-24.5000,-0.0200,-0.0400,0.0900,0.5800,-0.9400,9.7400,1,1
12279,3334,111244578,7.375,1.250,-15.062,344.938,1.406,0.763,0.880,100050.30,36.93,-94.809,-96.776,-19.4618,0.5300,-0.9300,9.8700,0.5625,0.5625,0.0625,34.5625,-15.0625,-24.8750,-0.0700,-0.0200,0.0000,0.5800,-0.9400,9.7400,1,1
12292,3338,111354508,7.375,1.250,-15.062,344.938,1.282,0.396,-0.890,100054.66,36.94,-94.810,-96.772,-19.3790,0.5100,-0.9600,9.7900,-0.0625,-0.0625,-0.0625,34.8750,-15.7500,-25.6875,-0.0700,-0.0200,0.0600,0.5800,-0.9400,9.7400,1,1
12307,3342,111474736,7.375,1.250,-15.062,344.938,1.295,0.842,0.507,100049.36,36.94,-94.815,-96.772,-19.3792,0.5000,-0.9600,9.7900,-0.3750,-0.4375,0.0625,35.5625,-15.0625,-26.5000,-0.0500,-0.0100,0.0800,0.5700,-0.9400,9.7400,1,1
12319,3345,111574409,7.312,1.250,-15.062,344.938,1.126,0.342,-0.911,100055.30,36.94,-94.844,-96.783,-19.5833,0.2900,-0.9700,9.9900,0.0625,1.6250,-0.0625,34.8750,-15.5000,-25.2500,-0.2700,-0.0300,0.2500,0.5700,-0.9400,9.7400,1,1
12334,3349,111694960,7.312,1.250,-15.062,344.938,1.155,0.293,0.230,100055.88,36.94,-94.846,-96.785,-19.3842,0.5000,-0.9400,9.7900,0.1875,0.0000,0.0000,34.8750,-15.0625,-25.6875,-0.0600,-0.0300,0.0200,0.5700,-0.9400,9.7400,1,1
12349,3353,111814574,7.312,1.250,-15.062,344.938,1.099,0.550,-0.726,100052.82,36.93,-94.882,-96.792,-19.3766,0.5000,-1.0000,9.7900,0.1875,0.1250,0.1250,34.8750,-14.7500,-24.8750,-0.0600,-0.0500,0.0500,0.5600,-0.9400,9.7400,1,1
12361,3356,111913428,7.312,1.250,-15.062,344.938,1.456,2.096,1.239,100034.50,36.93,-94.843,-96.781,-19.3266,0.4700,-0.9300,9.7300,-0.0625,0.1875,0.1250,36.0000,-15.5000,-24.8750,-0.0800,0.0100,-0.0100,0.5600,-0.9400,9.7400,1,1
12376,3360,112025746,7.250,1.250,-15.062,344.938,1.458,1.542,-0.292,100041.06,36.95,-94.822,-96.776,-19.5641,0.4300,-0.9600,9.9700,-0.3750,-0.5000,0.0000,35.2500,-15.0625,-25.1875,-0.1300,-0.0200,0.2300,0.5600,-0.9400,9.7400,1,1
12392,3364,112144794,7.312,1.312,-15.062,344.938,1.274,1.095,-1.558,100046.37,36.94,-94.846,-96.780,-19.3671,0.5000,-0.9900,9.7800,-0.3125,-0.2500,0.0000,35.2500,-15.5000,-25.2500,-0.0600,-0.0400,0.0400,0.5600,-0.9500,9.7400,1,1
12408,3368,112265134,7.312,1.312,-15.062,344.938,1.281,1.753,-0.388,100038.55,36.95,-94.870,-96.786,-19.4007,0.5000,-0.9600,9.8100,0.0625,-0.0625,0.0000,34.8750,-15.0625,-24.8750,-0.0300,-0.0200,0.0300,0.5600,-0.9500,9.7400,1,1
12423,3372,112387291,7.250,1.250,-15.062,344.938,1.012,0.687,-1.622,100051.20,36.95,-94.908,-96.795,-19.4155,0.4800,-0.9500,9.8200,0.3125,0.3125,0.0625,34.8750,-14.7500,-25.1875,-0.0700,-0.0100,0.0700,0.5600,-0.9400,9.7400,1,1
12437,3376,112505130,7.250,1.312,-15.062,344.938,0.914,1.309,-1.698,100043.83,36.96,-94.979,-96.806,-19.3885,0.4900,-0.9200,9.7900,-0.2500,-0.3750,-0.1250,35.2500,-14.7500,-26.0625,-0.0600,0.0000,0.0200,0.5600,-0.9400,9.7400,1,1
12451,3380,112625205,7.250,1.312,-15.062,344.938,0.886,-0.272,1.451,100062.58,36.97,-94.955,-96.799,-19.2959,0.4700,-0.9500,9.7000,-0.0625,-0.2500,-0.0625,34.5625,-14.7500,-26.0625,-0.0300,-0.0100,0.0200,0.5500,-0.9400,9.7400,1,1
12466,3384,112745459,7.250,1.312,-15.062,344.938,0.978,1.717,-0.752,100038.98,36.96,-95.027,-96.813,-19.4168,0.5000,-0.9300,9.8200,-0.0625,0.1250,0.0625,35.2500,-15.5000,-24.3750,-0.0700,-0.0500,0.1000,0.5500,-0.9400,9.7400,1,1
12480,3388,112865310,7.188,1.312,-15.062,344.938,1.225,1.725,1.972,100038.88,36.95,-94.977,-96.803,-19.3204,0.4800,-0.9300,9.7200,0.4375,-0.0625,0.0000,35.2500,-15.7500,-25.2500,-0.0300,0.0400,0.0200,0.5500,-0.9500,9.7400,1,1
12495,3392,112987294,7.188,1.312,-15.062,344.938,1.375,1.923,1.338,100036.55,36.96,-94.938,-96.793,-19.3675,0.4800,-0.9500,9.7700,-0.2500,-0.4375,0.0625,35.5625,-15.0625,-25.1875,-0.0700,0.0000,0.0300,0.5500,-0.9500,9.7400,1,1
12509,3396,113105307,7.188,1.312,-15.062,344.938,1.436,1.145,0.408,100045.77,36.97,-94.880,-96.782,-19.3630,0.4600,-0.9900,9.7700,0.1250,0.1875,-0.1250,34.8750,-15.7500,-26.0625,-0.0300,0.0000,0.0100,0.5500,-0.9500,9.7400,1,1
12523,3400,113225378,7.188,1.312,-15.062,344.938,1.305,1.368,-1.621,100043.13,36.96,-94.899,-96.785,-19.3772,0.4900,-0.9500,9.7800,-0.1250,-0.0625,0.0625,34.5625,-15.7500,-24.8750,-0.0600,0.0000,0.0300,0.5500,-0.9500,9.7400,1,1
12538,3404,113345682,7.188,1.312,-15.062,344.938,1.483,2.223,0.360,100032.99,36.96,-94.874,-96.781,-19.4174,0.5200,-0.9400,9.8200,-0.1250,-0.1250,-0.0625,35.5625,-15.7500,-26.8750,-0.0500,-0.0300,0.0300,0.5500,-0.9500,9.7400,1,1
12552,3408,113465496,7.188,1.312,-15.062,344.938,1.061,-0.525,-1.127,100065.58,36.96,-94.867,-96.778,-19.3842,0.5100,-0.9700,9.7900,-0.0625,-0.1875,0.0000,34.8750,-15.0625,-25.2500,-0.0600,0.0000,0.0600,0.5500,-0.9500,9.7400,1,1
12567,3412,113587291,7.188,1.312,-15.062,344.938,1.129,0.707,0.138,100050.97,36.97,-94.899,-96.784,-19.3742,0.5100,-0.9700,9.7800,-0.1250,-0.1875,0.0625,35.2500,-15.0625,-24.3750,-0.0300,-0.0200,0.0400,0.5500,-0.9500,9.7400,1,1
12581,3416,113705515,7.188,1.312,-15.062,344.938,0.834,0.573,-2.396,100052.55,36.96,-94.978,-96.799,-19.3635,0.4900,-0.9800,9.7700,-0.0625,0.0625,-0.0625,36.0000,-14.7500,-25.6875,-0.0300,-0.0100,0.0300,0.5500,-0.9500,9.7400,1,1
12595,3420,113825397,7.188,1.312,-15.062,344.938,0.895,0.923,0.559,100048.41,36.96,-95.003,-96.804,-19.4164,0.5100,-0.9500,9.8200,0.0000,-0.0625,0.0000,35.5625,-14.7500,-25.6875,-0.0400,0.0000,0.0700,0.5500,-0.9500,9.7400,1,1
12610,3424,113945964,7.188,1.312,-15.062,344.938,1.204,1.285,3.136,100044.11,36.97,-94.948,-96.792,-19.3960,0.4800,-0.9600,9.8000,-0.0625,0.0000,-0.0625,34.8750,-15.7500,-25.6875,-0.0700,-0.0300,0.0400,0.5500,-0.9500,9.7400,1,1
12624,3428,114065674,7.188,1.312,-15.062,344.938,1.240,0.714,1.159,100050.88,36.96,-94.911,-96.784,-19.3964,0.5200,-0.9500,9.8000,-0.1250,-0.3125,0.1875,36.3750,-15.7500,-24.8750,-0.0400,-0.0400,0.0300,0.5500,-0.9500,9.7400,1,1
12639,3432,114187291,7.188,1.250,-15.062,344.938,1.223,1.964,-0.945,100036.05,36.96,-94.951,-96.795,-19.5543,0.4800,-0.8900,9.9500,0.7500,0.5000,-0.1250,34.8750,-16.1875,-25.1875,-0.0600,0.0500,0.2100,0.5500,-0.9400,9.7400,1,1
12653,3436,114305947,7.188,1.250,-15.062,344.938,1.242,1.402,0.377,100042.72,36.96,-94.925,-96.790,-19.4301,0.4300,-0.9400,9.8300,0.1875,0.4375,0.0000,35.5625,-15.7500,-24.5000,-0.0200,-0.0100,0.0000,0.5500,-0.9400,9.7400,1,1
12665,3439,114405953,7.188,1.250,-15.062,344.938,1.086,1.208,-1.135,100045.02,36.96,-94.957,-96.796,-19.4223,0.4500,-0.9200,9.8200,0.0625,0.1875,0.1250,34.8750,-14.7500,-24.3750,0.0600,0.0000,0.0800,0.5500,-0.9400,9.7400,1,1
12678,3443,114515615,7.188,1.250,-15.062,344.938,0.694,-0.030,-3.078,100059.70,36.98,-95.036,-96.810,-19.3774,0.6300,-0.9300,9.7800,-0.2500,-0.6875,0.0000,36.0000,-15.7500,-23.5625,0.0800,0.0000,0.0300,0.5500,-0.9400,9.7400,1,1
12693,3447,114638291,7.312,1.375,-15.062,344.938,0.527,0.670,-1.906,100051.41,36.96,-95.151,-96.828,-19.4523,0.5300,-1.0100,9.8700,-0.5000,-0.5625,0.0000,35.2500,-15.0625,-24.3750,-0.0400,-0.0400,0.1300,0.5700,-0.9600,9.7400,1,1
12707,3451,114756134,7.312,1.375,-15.062,344.938,0.553,0.738,-0.150,100050.59,36.97,-95.201,-96.840,-19.4350,0.5300,-0.9900,9.8500,0.9375,1.0625,-0.1250,35.5625,-15.0625,-25.6875,-0.0200,-0.0300,0.0500,0.5600,-0.9500,9.7400,1,1
12721,3455,114876314,7.250,1.312,-15.062,344.938,0.663,0.319,1.940,100055.56,36.97,-95.198,-96.817,-18.8676,0.8600,-1.1300,9.3000,-1.8125,-2.0000,0.1250,35.5625,-16.1875,-25.1875,0.2500,0.1600,0.1500,0.5600,-0.9500,9.7400,1,1
12736,3459,114996484,7.375,1.375,-15.062,344.938,0.798,0.610,1.546,100052.12,36.96,-95.196,-96.817,-19.4104,0.5200,-1.0100,9.8300,-0.0625,-0.6875,0.0000,35.2500,-15.7500,-24.3750,0.0200,-0.0500,0.0400,0.5700,-0.9600,9.7400,1,1
12750,3463,115116314,7.250,1.250,-15.062,344.938,0.935,1.120,0.711,100046.07,36.97,-95.191,-96.816,-19.2592,0.4300,-0.9400,9.6600,1.3750,1.6875,-0.0625,35.5625,-15.5000,-24.3750,-0.0900,-0.0100,-0.0900,0.5500,-0.9400,9.7400,1,1
12765,3467,115238296,7.250,1.250,-15.062,344.938,0.922,1.404,-0.650,100042.70,36.98,-95.212,-96.815,-19.4992,0.6200,-0.9700,9.9100,-0.1875,-0.8750,-0.1250,36.3750,-15.0625,-26.0625,0.0600,-0.0200,0.1700,0.5500,-0.9400,9.7400,1,1
12779,3471,115356332,7.250,1.312,-15.062,344.938,1.199,1.596,2.019,100040.42,36.98,-95.146,-96.805,-19.3663,0.5300,-1.0100,9.7800,-0.0625,0.0000,0.0625,33.7500,-15.0625,-25.1875,0.0100,-0.0200,0.0700,0.5600,-0.9500,9.7400,1,1
12793,3475,115476681,7.250,1.250,-15.062,344.938,1.293,1.589,0.991,100040.50,36.98,-95.094,-96.795,-19.3866,0.5000,-0.9400,9.7900,0.5000,0.3750,0.0000,36.0000,-15.5000,-24.8750,-0.0600,-0.0100,0.0200,0.5600,-0.9400,9.7400,1,1
12808,3479,115596830,7.250,1.250,-15.062,344.938,1.330,1.011,1.388,100047.35,36.98,-95.031,-96.783,-19.6871,0.4700,-1.0000,10.1000,-0.2500,0.1250,0.0000,34.8750,-15.7500,-24.8750,-0.1600,0.0200,0.1700,0.5600,-0.9400,9.7400,1,1
12822,3483,115716495,7.312,1.312,-15.062,344.938,1.337,2.150,-1.554,100033.85,36.98,-95.043,-96.787,-19.3289,0.5500,-0.9700,9.7400,-0.1250,-0.3750,0.0625,34.5625,-15.7500,-24.8750,-0.0300,-0.0100,0.0400,0.5600,-0.9400,9.7400,1,1
12837,3487,115838291,7.312,1.312,-15.062,344.938,1.524,1.935,1.894,100036.40,36.98,-94.960,-96.772,-19.4015,0.5200,-0.9500,9.8100,0.4375,0.1875,0.0000,36.0000,-15.0625,-25.1875,-0.0400,0.0000,0.0600,0.5600,-0.9400,9.7400,1,1
12851,3491,115956678,7.312,1.312,-15.062,344.938,1.516,1.087,0.981,100046.46,36.97,-94.885,-96.756,-19.4112,0.5300,-0.9500,9.8200,0.0000,0.1250,0.0625,35.2500,-15.0625,-24.8750,-0.0700,-0.0100,0.0400,0.5600,-0.9400,9.7400,1,1
12864,3494,116056677,7.312,1.312,-15.062,344.938,1.424,1.536,-1.151,100041.13,36.98,-94.908,-96.760,-19.3804,0.5200,-0.9600,9.7900,-0.2500,-0.3125,-0.0625,35.2500,-14.7500,-24.0000,-0.0700,0.0000,0.0300,0.5600,-0.9400,9.7400,1,1
12878,3498,116176885,7.250,1.250,-15.062,344.938,1.583,1.862,0.205,100037.27,36.97,-94.850,-96.737,-19.7468,0.2200,-1.1200,10.1700,0.3125,2.6250,-0.0625,35.1875,-15.7500,-24.8750,0.1000,-0.0600,-0.2000,0.5600,-0.9400,9.7400,1,1
12893,3502,116297044,7.188,1.188,-15.062,344.938,1.598,1.023,0.832,100047.21,36.96,-94.777,-96.721,-19.3314,0.5000,-0.9300,9.7300,0.5625,0.8125,0.0625,35.5625,-15.5000,-25.6875,-0.0100,-0.0300,-0.0600,0.5500,-0.9300,9.7400,1,1
12905,3505,116397284,7.188,1.188,-15.062,344.938,1.668,2.634,-1.624,100028.11,36.97,-94.774,-96.717,-19.3678,0.4800,-0.9600,9.7700,-0.6875,-0.7500,0.0625,35.2500,-15.0625,-25.2500,-0.0400,-0.0200,0.0600,0.5500,-0.9300,9.7400,1,1
12918,3509,116506940,7.250,1.250,-15.062,344.938,1.254,0.484,-1.427,100053.61,36.96,-94.786,-96.724,-19.3826,0.4500,-0.9800,9.7900,-0.1250,-0.1250,0.0000,36.0000,-15.7500,-25.2500,0.0700,-0.0500,0.1600,0.5500,-0.9400,9.7400,1,1
12930,3512,116607131,7.188,1.250,-15.062,344.938,1.238,0.465,-1.565,100053.84,36.97,-94.793,-96.727,-19.3660,0.4700,-0.9700,9.7700,0.8750,0.8125,0.0625,34.8750,-15.7500,-25.6875,-0.0600,-0.0200,0.0000,0.5500,-0.9300,9.7400,1,1
12943,3516,116717131,7.188,1.188,-15.062,344.938,1.274,1.500,-0.284,100041.56,36.98,-94.805,-96.727,-19.3316,0.4900,-0.9300,9.7300,-0.3125,-0.4375,0.1250,35.5625,-15.0625,-24.8750,-0.0500,-0.0200,-0.0300,0.5400,-0.9300,9.7400,1,1
12958,3520,116839291,7.188,1.188,-15.062,344.938,1.155,1.111,-1.619,100046.17,36.97,-94.829,-96.731,-19.3570,0.4600,-0.9700,9.7600,-0.2500,-0.3125,0.1250,34.5625,-14.3750,-24.8750,-0.0700,-0.0300,0.0200,0.5400,-0.9300,9.7400,1,1
12972,3524,116957122,7.188,1.188,-15.062,344.938,1.227,0.993,1.421,100047.57,36.96,-94.808,-96.734,-19.6660,0.3300,-0.9000,10.0600,0.3125,0.8125,0.1250,34.8750,-14.7500,-24.8750,-0.1300,-0.1100,-0.2100,0.5400,-0.9300,9.7400,1,1
12985,3528,117077474,7.125,1.188,-15.062,344.938,0.914,0.708,-2.789,100050.95,36.98,-94.884,-96.747,-19.3608,0.5100,-0.9500,9.7600,0.3750,0.1250,-0.0625,34.8750,-14.7500,-26.5000,-0.0500,-0.0100,0.0300,0.5400,-0.9300,9.7400,1,1
13000,3532,117197464,7.125,1.188,-15.062,344.938,1.019,1.108,0.704,100046.21,36.97,-94.898,-96.750,-19.4193,0.5000,-0.9600,9.8200,-0.5625,-0.6250,0.1250,36.0000,-15.5000,-24.8750,-0.0400,-0.0400,0.1400,0.5400,-0.9300,9.7400,1,1
13014,3536,117317314,7.188,1.188,-15.062,344.938,1.331,1.644,2.134,100039.86,36.98,-94.849,-96.742,-19.5686,0.7200,-0.9800,9.9800,-0.6250,-0.8750,0.0625,36.0000,-15.5000,-24.8750,-0.2100,-0.0100,0.2200,0.5400,-0.9300,9.7400,1,1
13029,3540,117439291,7.188,1.188,-15.062,344.938,1.158,1.235,-1.210,100044.70,36.97,-94.876,-96.752,-19.3483,0.4600,-0.9600,9.7500,0.2500,0.3750,-0.1250,34.5625,-14.3750,-25.2500,-0.0800,-0.0200,0.0100,0.5400,-0.9300,9.7400,1,1
13043,3544,117557522,7.188,1.188,-15.062,344.938,1.253,1.142,0.972,100045.80,36.97,-94.850,-96.746,-19.4167,0.5100,-0.9600,9.8200,0.0625,0.0000,0.0000,34.8750,-14.7500,-26.0625,-0.0500,-0.0500,0.0400,0.5400,-0.9300,9.7400,1,1
13057,3548,117677675,7.188,1.188,-15.062,344.938,1.088,0.580,-1.094,100052.47,36.99,-94.871,-96.750,-19.2812,0.4700,-0.9400,9.6800,0.5625,0.5000,-0.0625,34.8750,-15.5000,-25.2500,-0.0800,-0.0100,0.0100,0.5400,-0.9300,9.7400,1,1
13072,3552,117797830,7.188,1.188,-15.062,344.938,1.046,1.653,-1.227,100039.74,36.97,-94.931,-96.762,-19.4157,0.5000,-0.9700,9.8200,-0.5625,-0.6250,0.1250,36.6875,-15.0625,-24.5000,-0.0600,-0.0400,0.0800,0.5500,-0.9300,9.7400,1,1
13086,3556,117917516,7.188,1.188,-15.062,344.938,1.283,2.507,1.837,100029.62,36.98,-94.902,-96.757,-19.3334,0.5200,-0.9900,9.7400,-0.1875,-0.3750,0.0625,35.5625,-15.5000,-25.6875,-0.0300,0.0000,0.1300,0.5500,-0.9300,9.7400,1,1
13101,3560,118039291,7.250,1.250,-15.062,344.938,1.103,0.567,-1.072,100052.62,36.97,-94.886,-96.754,-19.4553,0.5800,-1.0100,9.8700,-1.1250,-1.0000,0.1875,36.6875,-14.7500,-25.6875,0.0300,-0.0700,0.1200,0.5500,-0.9400,9.7400,1,1
13115,3564,118157698,7.312,1.250,-15.062,344.938,1.370,2.326,0.553,100031.77,36.98,-94.882,-96.756,-19.4003,0.5400,-1.0400,9.8200,0.0000,-0.1875,-0.1250,35.1875,-15.0625,-25.6875,0.0100,-0.0300,0.0500,0.5600,-0.9400,9.7400,1,1
13129,3568,118277779,7.188,1.188,-15.062,344.938,1.329,0.804,0.894,100049.81,36.98,-94.825,-96.746,-19.3475,0.5000,-0.9600,9.7500,0.7500,1.0000,-0.2500,35.1875,-14.3750,-25.2500,-0.0400,-0.0600,0.0700,0.5500,-0.9300,9.7400,1,1
13144,3572,118398029,7.188,1.188,-15.062,344.938,1.438,2.252,-0.771,100032.64,36.98,-94.837,-96.749,-19.4237,0.5300,-0.9800,9.8300,0.3125,0.3750,-0.1875,34.5625,-15.7500,-26.5000,-0.0300,-0.0300,0.0200,0.5500,-0.9200,9.7400,1,1
13158,3576,118517758,7.188,1.188,-15.062,344.938,1.267,0.499,-0.599,100053.43,36.98,-94.811,-96.747,-19.4023,0.6700,-0.8900,9.8000,-0.3125,-1.7500,0.0000,35.5625,-15.5000,-24.0000,-0.2200,-0.0400,0.0900,0.5500,-0.9200,9.7400,1,1
13173,3580,118638561,7.250,1.188,-15.062,344.938,1.306,0.806,0.029,100049.79,36.98,-94.808,-96.748,-19.4441,0.4500,-0.9700,9.8500,-0.1250,-0.4375,-0.1250,35.5625,-15.7500,-25.6875,0.0000,-0.0500,0.0200,0.5600,-0.9200,9.7400,1,1
13185,3583,118738364,7.250,1.188,-15.062,344.938,1.586,1.586,2.186,100040.54,36.98,-94.746,-96.738,-19.4454,0.5100,-0.9500,9.8500,0.4375,0.6250,0.0000,35.1875,-14.7500,-24.8750,-0.0600,-0.0500,0.0800,0.5500,-0.9200,9.7400,1,1
13198,3587,118848302,7.250,1.188,-15.062,344.938,1.360,0.948,-0.280,100048.11,36.98,-94.745,-96.737,-19.3662,0.5000,-0.9500,9.7700,0.0000,0.1875,0.0000,35.5625,-15.0625,-25.6875,-0.0700,-0.0200,0.0100,0.5500,-0.9200,9.7400,1,1
13212,3591,118968125,7.250,1.188,-15.062,344.938,1.576,1.755,1.005,100038.53,36.98,-94.695,-96.723,-19.2580,0.4600,-0.9500,9.6600,-0.5000,-0.7500,-0.0625,36.0000,-15.5000,-25.2500,0.0200,-0.0600,-0.0400,0.5600,-0.9300,9.7400,1,1
13224,3594,119078319,7.250,1.188,-15.062,344.938,1.423,1.260,0.387,100044.41,36.96,-94.694,-96.725,-19.4234,0.4900,-0.9700,9.8300,-0.0625,0.1875,0.1250,35.5625,-14.3750,-24.8750,-0.0300,-0.0400,0.0300,0.5600,-0.9300,9.7400,1,1
13238,3598,119190291,7.312,1.188,-15.062,344.938,1.538,1.671,0.162,100039.54,36.98,-94.669,-96.719,-19.4792,0.4900,-0.9800,9.8900,-0.5625,-0.7500,0.0625,36.3750,-15.0625,-24.3750,-0.0700,-0.0400,0.1400,0.5600,-0.9300,9.7400,1,1
13252,3602,119308316,7.312,1.188,-15.062,344.938,1.366,1.509,-0.751,100041.46,36.98,-94.692,-96.728,-19.3858,0.5200,-0.9300,9.7900,0.5625,0.5625,0.0000,34.8750,-15.5000,-25.6875,-0.0800,-0.0100,-0.0200,0.5600,-0.9300,9.7400,1,1
13266,3606,119428400,7.250,1.188,-15.062,344.938,1.300,0.961,-0.312,100047.95,36.98,-94.689,-96.737,-19.5414,0.4200,-0.9900,9.9500,1.1875,-0.7500,-0.1250,34.8750,-16.1875,-26.0625,-0.2700,-0.0800,0.2900,0.5600,-0.9300,9.7400,1,1
13281,3610,119548652,7.188,1.125,-15.062,344.938,1.216,0.143,0.309,100057.66,36.97,-94.690,-96.739,-19.4143,0.4800,-0.9900,9.8200,-0.0625,0.1875,0.0000,34.8750,-14.7500,-25.2500,-0.0400,-0.0200,0.0900,0.5500,-0.9200,9.7400,1,1
13295,3614,119668425,7.188,1.125,-15.062,344.938,1.091,1.044,-2.003,100046.97,36.98,-94.766,-96.753,-19.3719,0.5000,-0.9300,9.7700,-0.0625,-0.2500,0.0000,35.5625,-15.0625,-25.2500,-0.0400,-0.0600,0.0500,0.5500,-0.9200,9.7400,1,1
13310,3618,119790291,7.188,1.125,-15.062,344.938,1.294,1.479,0.977,100041.80,36.98,-94.754,-96.751,-19.4653,0.5400,-0.9700,9.8700,-0.2500,-0.3125,-0.0625,35.1875,-14.7500,-25.2500,0.0000,-0.0500,0.1200,0.5500,-0.9200,9.7400,1,1
13324,3622,119908496,7.188,1.125,-15.062,344.938,1.544,1.736,1.926,100038.77,36.99,-94.702,-96.744,-19.3774,0.4700,-0.9700,9.7800,0.2500,0.6250,-0.0625,35.1875,-15.0625,-25.2500,-0.0700,-0.0700,0.0000,0.5500,-0.9100,9.7400,1,1
13337,3626,120028380,7.188,1.125,-15.062,344.938,1.471,1.762,-0.792,100038.46,36.99,-94.704,-96.745,-19.3490,0.4600,-0.9600,9.7500,0.2500,0.4375,-0.1875,36.0000,-15.0625,-25.6875,-0.0800,-0.0400,0.0000,0.5500,-0.9100,9.7400,1,1
13352,3630,120148824,7.188,1.125,-15.062,344.938,1.168,0.330,-1.058,100055.44,36.97,-94.726,-96.748,-19.4080,0.4900,-0.9600,9.8100,-0.1250,-0.3125,-0.1250,36.3750,-16.1875,-25.2500,-0.0700,-0.0600,0.0700,0.5500,-0.9100,9.7400,1,1
13366,3634,120268676,7.188,1.125,-15.062,344.938,1.383,2.429,-0.439,100030.54,36.98,-94.757,-96.755,-19.3290,0.4700,-0.9600,9.7300,-0.1250,-0.1875,-0.0625,34.8750,-15.5000,-24.5000,0.1300,-0.1900,0.0000,0.5500,-0.9100,9.7400,1,1
13381,3638,120390291,7.188,1.125,-15.062,344.938,1.252,0.801,0.681,100049.85,36.99,-94.736,-96.751,-19.4454,0.4800,-0.9800,9.8500,-0.1875,0.0625,-0.0625,35.1875,-14.7500,-26.5000,-0.0700,-0.0600,0.1000,0.5500,-0.9200,9.7400,1,1
13395,3642,120508763,7.188,1.125,-15.062,344.938,1.306,1.698,-0.356,100039.21,36.98,-94.758,-96.758,-19.4664,0.4200,-0.9800,9.8700,0.4375,0.1250,0.0625,35.5625,-15.0625,-26.0625,-0.0300,-0.0300,0.0500,0.5500,-0.9200,9.7400,1,1
13409,3646,120627786,7.188,1.125,-15.062,344.938,1.077,1.126,-1.189,100046.00,36.98,-94.801,-96.766,-19.4163,0.5100,-0.9700,9.8200,-0.0625,-0.0625,0.1250,35.5625,-15.0625,-25.6875,-0.0300,-0.0500,0.0700,0.5500,-0.9200,9.7400,1,1
13424,3650,120749020,7.250,1.125,-15.062,344.938,1.452,2.084,1.610,100034.64,36.98,-94.764,-96.756,-19.1203,0.1800,-0.9900,9.5200,0.3125,1.1875,0.0000,36.0000,-16.1875,-25.2500,0.1800,-0.1000,-0.2000,0.5500,-0.9200,9.7400,1,1
13436,3653,120848943,7.250,1.125,-15.062,344.938,1.378,0.473,3.047,100053.74,37.00,-94.726,-96.747,-19.4446,0.4600,-0.9700,9.8500,-0.1875,-0.2500,0.1250,36.0000,-15.7500,-25.2500,-0.0200,-0.0400,0.1100,0.5600,-0.9200,9.7400,1,1
13449,3657,120958926,7.250,1.125,-15.062,344.938,1.040,0.740,-3.516,100050.57,36.99,-94.815,-96.768,-19.4166,0.5000,-0.9500,9.8200,0.5625,0.4375,0.0625,36.0000,-15.5000,-26.0625,-0.0800,-0.0300,0.0000,0.5500,-0.9200,9.7400,1,1
13461,3660,121059125,7.250,1.125,-15.062,344.938,1.174,1.698,-0.252,100039.21,36.98,-94.835,-96.768,-19.3571,0.5000,-0.9500,9.7600,-0.1250,-0.2500,0.0000,36.0000,-14.7500,-25.2500,-0.0400,-0.0500,-0.0100,0.5500,-0.9200,9.7400,1,1
13475,3664,121179314,7.250,1.125,-15.062,344.938,0.908,0.354,-1.209,100055.15,36.98,-94.882,-96.768,-19.3285,0.5500,-1.0900,9.7500,-0.1250,-0.1875,0.1250,35.1875,-14.7500,-24.8750,-0.1800,-0.0400,0.0000,0.5500,-0.9200,9.7400,1,1
13490,3668,121299485,7.250,1.125,-15.062,344.938,1.185,3.060,-1.047,100023.06,36.99,-94.941,-96.779,-19.3582,0.4400,-0.9500,9.7600,-0.0625,0.0000,0.0000,35.5625,-15.5000,-24.8750,-0.0100,-0.0600,0.0700,0.5500,-0.9200,9.7400,1,1
13504,3672,121419130,7.250,1.125,-15.062,344.938,1.138,0.867,1.692,100049.06,36.99,-94.886,-96.768,-19.3866,0.5100,-0.9500,9.7900,0.0000,-0.0625,0.0625,35.1875,-15.0625,-25.6875,-0.0600,-0.0300,0.0200,0.5500,-0.9200,9.7400,1,1
13518,3676,121535291,7.250,1.125,-15.062,344.938,1.162,0.944,-0.932,100048.15,37.00,-94.899,-96.770,-19.4069,0.4900,-0.9500,9.8100,0.0625,-0.1250,0.0625,34.8750,-15.5000,-26.0625,-0.0600,-0.0300,0.0700,0.5500,-0.9200,9.7400,1,1
13533,3680,121659315,7.250,1.125,-15.062,344.938,1.135,0.098,0.983,100058.20,36.99,-94.880,-96.766,-19.3547,0.4900,-0.9700,9.7600,0.0000,-0.2500,0.0625,34.5625,-15.0625,-26.0625,-0.0500,-0.0300,0.0300,0.5500,-0.9200,9.7400,1,1
13547,3684,121779498,7.250,1.125,-15.062,344.938,1.237,1.112,0.447,100046.16,37.00,-94.872,-96.765,-19.3926,0.5200,-0.9800,9.8000,-0.0625,-0.1875,-0.1250,35.5625,-15.0625,-25.6875,-0.0700,-0.0800,0.0600,0.5500,-0.9200,9.7400,1,1
13559,3687,121879524,7.250,1.125,-15.062,344.938,1.251,0.897,-0.401,100048.71,36.98,-94.868,-96.767,-19.4765,0.4800,-0.9500,9.8800,0.3125,1.0000,0.0625,35.2500,-15.0625,-26.0625,0.0100,-0.1200,-0.0300,0.5500,-0.9200,9.7400,1,1
13573,3691,121991296,7.188,1.062,-15.062,344.938,1.393,1.865,0.587,100037.23,36.97,-94.856,-96.763,-19.3957,0.5200,-0.9800,9.8000,-0.1875,-0.3750,-0.1250,34.8750,-15.5000,-25.6875,-0.0200,-0.0700,0.0500,0.5400,-0.9100,9.7400,1,1
13587,3695,122109488,7.188,1.062,-15.062,344.938,1.304,1.614,-1.385,100040.21,37.00,-94.862,-96.766,-19.4312,0.4800,-0.9400,9.8300,0.0625,0.3125,0.0000,34.5625,-15.0625,-25.6875,-0.0300,-0.0300,0.0300,0.5400,-0.9100,9.7400,1,1
13601,3699,122229392,7.188,1.062,-15.062,344.938,1.349,0.663,1.796,100051.48,36.99,-94.802,-96.754,-19.4120,0.4500,-0.9400,9.8100,0.0000,0.0000,0.0625,35.1875,-15.0625,-25.2500,-0.0800,-0.0300,0.0600,0.5400,-0.9100,9.7400,1,1
13616,3703,122349857,7.188,1.062,-15.062,344.938,1.701,2.788,0.596,100026.29,36.99,-94.772,-96.749,-19.3730,0.4800,-0.9300,9.7700,-0.1250,-0.0625,-0.1875,36.0000,-14.3750,-26.0625,-0.0500,-0.0300,0.0300,0.5400,-0.9100,9.7400,1,1
13630,3707,122469514,7.188,1.062,-15.062,344.938,1.369,1.058,-1.549,100046.80,37.00,-94.766,-96.748,-19.3605,0.4800,-0.9500,9.7600,-0.1250,-0.2500,0.1250,34.8750,-15.5000,-25.2500,-0.0100,-0.0500,0.0400,0.5400,-0.9100,9.7400,1,1
13645,3711,122591297,7.188,1.062,-15.062,344.938,1.304,1.657,-1.438,100039.70,37.00,-94.800,-96.756,-19.4298,0.4900,-0.9500,9.8300,0.0625,0.0000,0.0625,35.5625,-14.3750,-25.2500,-0.0400,-0.0400,0.0800,0.5400,-0.9100,9.7400,1,1
13659,3715,122709680,7.188,1.062,-15.062,344.938,1.604,1.893,2.221,100036.90,36.99,-94.724,-96.742,-19.3791,0.4800,-0.9600,9.7800,0.1250,0.1250,-0.0625,35.2500,-14.7500,-24.8750,-0.0500,-0.0500,0.0200,0.5400,-0.9100,9.7400,1,1
13671,3718,122809926,7.188,1.062,-15.062,344.938,1.373,1.320,-0.657,100043.69,36.98,-94.753,-96.748,-19.4101,0.4800,-0.9500,9.8100,-0.1875,-0.1250,0.2500,35.2500,-15.0625,-25.1875,-0.0500,-0.0200,0.0100,0.5400,-0.9100,9.7400,1,1
13685,3722,122928792,7.188,1.062,-15.062,344.938,1.544,2.713,0.528,100027.17,36.98,-94.747,-96.743,-19.3808,0.4600,-0.9500,9.7800,-0.2500,0.0625,-0.0625,35.2500,-15.0625,-25.1875,-0.0800,-0.0400,0.0300,0.5400,-0.9100,9.7400,1,1
13697,3725,123027671,7.188,1.062,-15.062,344.938,1.176,0.664,-0.513,100051.48,36.98,-94.772,-96.749,-19.3370,0.4800,-0.9800,9.7400,0.3750,0.3125,-0.0625,35.5625,-15.0625,-25.1875,-0.0500,-0.0700,0.0000,0.5400,-0.9100,9.7400,1,1
13712,3729,123149954,7.188,1.062,-15.062,344.938,1.335,1.592,0.941,100040.48,36.98,-94.767,-96.746,-19.4006,0.4600,-0.9500,9.8000,-0.0625,-0.0625,0.0000,34.1875,-15.0625,-26.0625,-0.0500,-0.0600,0.0400,0.5400,-0.9100,9.7400,1,1
13726,3733,123269883,7.188,1.062,-15.062,344.938,1.355,1.693,-0.086,100039.27,36.99,-94.763,-96.752,-19.2475,0.2800,-1.0900,9.6600,0.6250,1.8750,-0.0625,35.5625,-15.0625,-25.6875,0.0000,-0.1000,-0.1800,0.5400,-0.9100,9.7400,1,1
13738,3736,123369751,7.188,1.062,-15.062,344.938,1.642,1.949,2.077,100036.23,36.99,-94.690,-96.738,-19.4183,0.5100,-0.9600,9.8200,-0.0625,-0.3125,0.0625,36.0000,-14.3750,-25.2500,-0.0500,-0.0300,0.0600,0.5400,-0.9100,9.7400,1,1
13751,3740,123480342,7.188,1.062,-15.062,344.938,1.514,0.799,0.321,100049.88,37.00,-94.658,-96.734,-19.3822,0.4500,-0.9400,9.7800,0.1875,-0.0625,-0.1250,35.2500,-15.0625,-24.3750,-0.0500,-0.0500,0.0300,0.5400,-0.9100,9.7400,1,1
13766,3744,123600303,7.188,1.062,-15.062,344.938,1.534,1.611,0.008,100040.24,37.00,-94.660,-96.735,-19.3683,0.4600,-0.9700,9.7700,0.0625,-0.1250,-0.0625,36.3750,-15.7500,-26.0625,-0.0600,-0.0200,0.0200,0.5400,-0.9100,9.7400,1,1
13780,3748,123720107,7.188,1.062,-15.062,344.938,1.547,2.133,-0.256,100034.05,36.99,-94.654,-96.735,-19.3827,0.4900,-0.9300,9.7800,0.0000,-0.0625,0.0000,35.1875,-15.5000,-25.6875,-0.0800,-0.0300,0.0100,0.5400,-0.9100,9.7400,1,1
13795,3752,123842291,7.188,1.062,-15.062,344.938,1.740,2.291,1.610,100032.19,36.99,-94.595,-96.724,-19.3781,0.4700,-0.9700,9.7800,0.0625,0.1875,0.0000,35.5625,-15.0625,-25.2500,-0.0600,-0.0600,0.0300,0.5400,-0.9100,9.7400,1,1
13809,3756,123960149,7.188,1.062,-15.062,344.938,1.745,2.401,-0.035,100030.88,37.01,-94.575,-96.722,-19.3867,0.4700,-0.9800,9.7900,0.0625,-0.3125,0.0625,34.8750,-15.5000,-26.0625,-0.0600,-0.0500,0.0400,0.5400,-0.9100,9.7400,1,1
13821,3759,124060262,7.188,1.062,-15.062,344.938,1.957,1.830,1.973,100037.65,37.00,-94.476,-96.703,-19.3907,0.4600,-0.9500,9.7900,0.1250,-0.1250,-0.1250,36.0000,-16.1875,-25.2500,-0.0500,-0.0500,0.0300,0.5400,-0.9100,9.7400,1,1
13834,3763,124170308,7.188,1.062,-15.062,344.938,1.863,0.842,0.480,100049.37,37.01,-94.421,-96.694,-19.3806,0.4700,-0.9500,9.7800,0.0000,0.0000,0.0625,35.5625,-15.5000,-25.1875,-0.0700,-0.0600,0.0600,0.5400,-0.9100,9.7400,1,1
13849,3767,124292292,7.188,1.062,-15.062,344.938,1.728,1.472,-1.858,100041.88,37.00,-94.443,-96.701,-19.4323,0.4900,-0.9300,9.8300,-0.0625,-0.1875,0.0000,34.5625,-15.5000,-26.5000,-0.0400,-0.0100,0.0800,0.5400,-0.9100,9.7400,1,1
13863,3771,124410311,7.188,1.062,-15.062,344.938,1.713,1.550,0.636,100040.97,37.01,-94.427,-96.700,-19.4078,0.4700,-0.9700,9.8100,0.0000,-0.2500,0.0000,35.2500,-15.0625,-24.8750,-0.0300,-0.0400,0.0600,0.5400,-0.9100,9.7400,1,1
13877,3775,124530590,7.188,1.062,-15.062,344.938,1.530,1.816,-2.748,100037.80,37.02,-94.474,-96.711,-19.4091,0.4700,-0.9600,9.8100,-0.1875,-0.1875,0.1875,34.5625,-14.7500,-24.5000,-0.0600,-0.0400,0.0900,0.5400,-0.9100,9.7400,1,1
13892,3779,124650648,7.188,1.062,-15.062,344.938,1.458,1.440,-0.185,100042.27,37.01,-94.485,-96.715,-19.4668,0.5000,-0.9700,9.8700,-0.0625,-0.1250,-0.1250,35.5625,-14.7500,-25.1875,-0.0300,-0.0700,0.0600,0.5400,-0.9100,9.7400,1,1
13906,3783,124770491,7.188,1.062,-15.062,344.938,1.709,2.918,-0.045,100024.75,37.01,-94.486,-96.717,-19.4062,0.4900,-0.9800,9.8100,0.1875,0.3125,-0.1250,36.0000,-15.0625,-26.5000,-0.0400,-0.0500,0.0700,0.5400,-0.9100,9.7400,1,1
13921,3787,124892291,7.188,1.062,-15.062,344.938,1.877,2.711,2.646,100027.20,37.01,-94.421,-96.705,-19.3649,0.5100,-0.9900,9.7700,-0.0625,-0.1875,0.0625,35.2500,-15.0625,-25.1875,-0.0300,-0.0800,0.0200,0.5400,-0.9100,9.7400,1,1
13935,3791,125010512,7.188,1.062,-15.062,344.938,1.710,2.291,-1.679,100032.18,37.01,-94.434,-96.709,-19.3970,0.5200,-0.9700,9.8000,0.0000,-0.0625,-0.2500,35.2500,-14.7500,-26.0625,-0.0400,-0.0400,0.0300,0.5400,-0.9100,9.7400,1,1
13949,3795,125130590,7.188,1.062,-15.062,344.938,1.623,1.244,0.320,100044.59,37.01,-94.409,-96.705,-19.3703,0.4900,-0.9500,9.7700,0.0625,0.0000,0.0625,34.5625,-14.3750,-24.3750,-0.0500,-0.0400,0.0300,0.5400,-0.9100,9.7400,1,1
13964,3799,125250852,7.188,1.062,-15.062,344.938,1.794,3.273,-0.192,100020.54,37.03,-94.426,-96.710,-19.4078,0.4700,-0.9700,9.8100,0.1250,0.2500,0.1250,34.8750,-15.5000,-26.0625,-0.0300,-0.0700,0.0400,0.5400,-0.9100,9.7400,1,1
13978,3803,125370675,7.188,1.062,-15.062,344.938,1.564,2.740,-2.257,100026.85,37.02,-94.463,-96.720,-19.3490,0.5000,-0.9600,9.7500,0.3125,0.3125,0.1250,36.0000,-15.0625,-25.6875,-0.0600,-0.0500,0.0100,0.5400,-0.9100,9.7400,1,1
13993,3807,125492291,7.188,1.062,-15.062,344.938,1.395,0.348,-0.095,100055.22,37.02,-94.440,-96.716,-19.3559,0.4600,-0.9900,9.7600,0.1875,0.3125,-0.1250,35.5625,-14.3750,-25.6875,-0.0700,-0.0800,0.0200,0.5400,-0.9100,9.7400,1,1
14007,3811,125610950,7.188,1.062,-15.062,344.938,1.230,-0.333,-0.400,100063.30,37.02,-94.467,-96.723,-19.3853,0.4800,-0.9900,9.7900,0.0000,-0.0625,0.0000,34.5625,-15.0625,-25.2500,-0.0500,-0.0300,0.0200,0.5400,-0.9100,9.7400,1,1
14021,3815,125729971,7.188,1.062,-15.062,344.938,1.438,2.005,-0.342,100035.57,37.02,-94.521,-96.733,-19.3791,0.4800,-0.9600,9.7800,0.0000,-0.0625,-0.1250,35.5625,-15.5000,-25.6875,-0.0500,-0.0500,0.0300,0.5400,-0.9100,9.7400,1,1
14036,3819,125851029,7.188,1.062,-15.062,344.938,1.264,0.843,-0.383,100049.36,37.03,-94.546,-96.739,-19.3573,0.5200,-0.9700,9.7600,0.0000,-0.1250,0.0625,35.5625,-15.5000,-24.8750,-0.0400,-0.0600,0.0600,0.5400,-0.9100,9.7400,1,1
14050,3823,125970738,7.188,1.062,-15.062,344.938,1.261,1.427,-1.163,100042.42,37.02,-94.595,-96.751,-19.4108,0.5100,-0.9400,9.8100,0.0000,-0.3125,0.1875,35.5625,-15.5000,-25.1875,-0.0600,-0.0600,0.0300,0.5400,-0.9100,9.7400,1,1
14062,3826,126070915,7.188,1.062,-15.062,344.938,1.207,0.436,0.738,100054.18,37.00,-94.595,-96.751,-19.3947,0.5100,-0.9900,9.8000,0.0000,0.2500,-0.1250,35.5625,-15.0625,-24.8750,-0.0600,-0.0600,0.0500,0.5400,-0.9100,9.7400,1,1
14077,3830,126193291,7.188,1.062,-15.062,344.938,1.271,1.424,-0.972,100042.46,37.00,-94.641,-96.761,-19.4066,0.4700,-0.9800,9.8100,0.1875,0.0625,-0.1250,35.1875,-15.0625,-25.2500,-0.0600,-0.0700,0.0600,0.5400,-0.9100,9.7400,1,1
14091,3834,126311151,7.188,1.062,-15.062,344.938,1.339,1.909,-0.110,100036.72,37.00,-94.664,-96.771,-19.5000,0.2500,-0.9000,9.8900,0.1250,0.1250,0.0000,34.8750,-14.0000,-24.8750,-0.0500,-0.2000,-0.3000,0.5400,-0.9100,9.7400,1,1
14105,3838,126431211,7.188,1.062,-15.062,344.938,1.458,2.340,0.363,100031.60,37.01,-94.659,-96.767,-19.3840,0.5500,-0.9900,9.7900,-0.1875,-0.4375,0.0000,34.8750,-14.7500,-25.1875,-0.0400,-0.0500,0.0800,0.5400,-0.9100,9.7400,1,1
14120,3842,126551457,7.188,1.062,-15.062,344.938,1.619,1.425,1.891,100042.45,37.03,-94.594,-96.754,-19.3519,0.4800,-0.9400,9.7500,-0.0625,-0.0625,0.1250,36.0000,-15.5000,-26.5000,-0.0500,-0.0500,0.0400,0.5400,-0.9100,9.7400,1,1
14134,3846,126671127,7.188,1.062,-15.062,344.938,1.409,0.964,-1.480,100047.92,37.03,-94.621,-96.762,-19.1782,0.3400,-1.0800,9.5900,0.0000,1.1875,0.0625,35.5625,-15.5000,-24.8750,0.0000,-0.0800,0.0500,0.5400,-0.9100,9.7400,1,1
14149,3850,126793291,7.188,1.062,-15.062,344.938,1.348,0.862,-0.261,100049.12,37.02,-94.640,-96.767,-19.3881,0.5300,-0.9600,9.7900,-0.0625,0.1250,0.0000,35.5625,-14.0000,-24.8750,-0.0100,-0.0500,0.0400,0.5400,-0.9100,9.7400,1,1
14163,3854,126911314,7.188,1.062,-15.062,344.938,1.408,2.171,-0.743,100033.60,37.02,-94.676,-96.775,-19.3858,0.5200,-0.9800,9.7900,0.0000,0.2500,-0.0625,35.5625,-15.0625,-25.6875,-0.0200,-0.0400,0.0500,0.5400,-0.9100,9.7400,1,1
14177,3858,127031415,7.188,1.062,-15.062,344.938,1.360,1.004,0.007,100047.45,37.04,-94.654,-96.771,-19.3791,0.4800,-0.9600,9.7800,-0.0625,0.0000,0.0000,35.5625,-15.0625,-25.6875,-0.0400,-0.0500,0.0200,0.5400,-0.9100,9.7400,1,1
14192,3862,127151650,7.188,1.062,-15.062,344.938,1.213,0.907,-1.669,100048.59,37.02,-94.701,-96.783,-19.3447,0.5300,-0.9900,9.7500,0.1875,0.0000,0.0625,35.5625,-15.7500,-25.2500,-0.1000,-0.0500,0.0700,0.5400,-0.9100,9.7400,1,1
14206,3866,127271520,7.188,1.062,-15.062,344.938,1.244,1.115,0.102,100046.12,37.04,-94.720,-96.784,-19.3678,0.4900,-0.9700,9.7700,-0.0625,0.0000,0.1250,35.5625,-15.5000,-25.6875,-0.0200,-0.0700,0.0300,0.5400,-0.9100,9.7400,1,1
14221,3870,127393292,7.188,1.062,-15.062,344.938,1.202,0.701,0.321,100051.03,37.03,-94.731,-96.786,-19.3869,0.5300,-0.9700,9.7900,0.1250,-0.0625,-0.1250,36.0000,-14.7500,-25.2500,-0.0100,-0.0600,0.0400,0.5400,-0.9100,9.7400,1,1
14235,3874,127511491,7.188,1.062,-15.062,344.938,1.322,0.805,1.940,100049.80,37.04,-94.708,-96.778,-19.4114,0.6800,-0.9100,9.8100,-0.3750,-0.8750,0.0625,35.5625,-15.0625,-26.0625,-0.2100,-0.0500,0.1200,0.5400,-0.9100,9.7400,1,1
14249,3878,127631393,7.188,1.062,-15.062,344.938,1.275,0.957,-0.203,100048.01,37.03,-94.727,-96.783,-19.3375,0.5200,-0.9700,9.7400,-0.0625,-0.3125,0.0625,35.5625,-15.5000,-25.6875,-0.0200,-0.0600,0.0000,0.5400,-0.9100,9.7400,1,1
14264,3882,127751829,7.188,1.062,-15.062,344.938,1.203,1.348,-1.360,100043.36,37.03,-94.775,-96.792,-19.4041,0.4700,-1.0000,9.8100,-0.0625,-0.0625,0.0000,34.8750,-14.7500,-24.3750,0.0000,-0.0500,0.0600,0.5400,-0.9100,9.7400,1,1
14278,3886,127871694,7.188,1.062,-15.062,344.938,1.317,1.716,0.841,100039.00,37.04,-94.770,-96.793,-19.3157,0.6900,-0.9600,9.7200,0.0625,-0.9375,0.0625,35.2500,-15.5000,-25.6875,-0.1400,-0.0400,0.0300,0.5400,-0.9100,9.7400,1,1
14293,3890,127992184,7.188,1.062,-15.062,344.938,1.293,0.659,1.290,100051.53,37.03,-94.744,-96.789,-19.4083,0.5100,-0.9600,9.8100,0.0000,-0.0625,0.1250,35.5625,-14.7500,-24.8750,-0.0500,-0.0800,0.0500,0.5400,-0.9100,9.7400,1,1
14307,3894,128111945,7.188,1.062,-15.062,344.938,1.392,1.809,-0.586,100037.90,37.03,-94.761,-96.791,-19.4010,0.4400,-0.9500,9.8000,0.1250,0.1250,0.0625,35.5625,-15.0625,-24.3750,0.0200,-0.1000,-0.0200,0.5400,-0.9100,9.7400,1,1
14319,3897,128211919,7.188,1.062,-15.062,344.938,1.410,2.275,0.200,100032.37,37.01,-94.777,-96.793,-19.3572,0.4600,-0.9800,9.7600,-0.0625,-0.1250,-0.0625,35.5625,-14.3750,-24.3750,-0.0500,-0.0500,0.0300,0.5400,-0.9100,9.7400,1,1
14333,3901,128331400,7.188,1.062,-15.062,344.938,1.370,1.143,0.787,100045.79,37.03,-94.745,-96.788,-19.4217,0.5200,-1.0100,9.8300,-0.0625,0.0000,0.1250,35.2500,-15.0625,-24.0000,-0.0100,-0.0900,0.0800,0.5400,-0.9100,9.7400,1,1
14348,3905,128451950,7.188,1.062,-15.062,344.938,1.349,1.787,-1.303,100038.15,37.04,-94.775,-96.793,-19.3862,0.5000,-0.9800,9.7900,0.0625,0.0000,-0.0625,34.8750,-15.7500,-24.3750,-0.0200,-0.0500,0.0500,0.5400,-0.9100,9.7400,1,1
14362,3909,128571939,7.188,1.062,-15.062,344.938,1.337,0.990,0.759,100047.61,37.03,-94.751,-96.787,-19.3858,0.5200,-0.9800,9.7900,0.0000,0.0000,0.0000,35.5625,-16.1875,-26.5000,-0.0400,-0.0600,0.0300,0.5400,-0.9100,9.7400,1,1
14374,3912,128672127,7.188,1.062,-15.062,344.938,1.395,1.995,-0.162,100035.69,37.04,-94.762,-96.789,-19.3670,0.5300,-0.9700,9.7700,-0.0625,0.0000,0.0000,35.5625,-15.5000,-26.0625,-0.0300,-0.0500,0.0500,0.5400,-0.9100,9.7400,1,1
14387,3916,128782311,7.188,1.062,-15.062,344.938,1.338,1.243,0.770,100044.60,37.04,-94.748,-96.784,-19.3557,0.4700,-0.9900,9.7600,0.0625,0.1875,0.0625,35.5625,-14.3750,-24.8750,-0.0200,-0.0500,0.0500,0.5400,-0.9100,9.7400,1,1
14402,3920,128902457,7.188,1.062,-15.062,344.938,1.505,2.140,-0.073,100033.97,37.04,-94.746,-96.784,-19.5350,0.5000,-0.9800,9.9400,0.0625,0.2500,0.0625,34.8750,-15.0625,-25.1875,-0.1400,-0.0400,0.0300,0.5400,-0.9100,9.7400,1,1
14416,3924,129022135,7.125,1.062,-15.062,344.938,1.472,1.426,0.670,100042.44,37.04,-94.714,-96.779,-19.5123,0.3800,-0.9600,9.9100,0.2500,1.0000,-0.0625,34.8750,-13.5625,-24.8750,-0.0600,-0.0900,0.0000,0.5400,-0.9100,9.7400,1,1
14431,3928,129144291,7.125,1.062,-15.062,344.938,1.488,1.592,-0.466,100040.47,37.03,-94.711,-96.777,-19.3592,0.4800,-0.9800,9.7600,-0.0625,-0.1250,0.0000,35.2500,-15.5000,-25.6875,-0.0600,-0.0700,0.0200,0.5400,-0.9100,9.7400,1,1
14445,3932,129262148,7.125,1.062,-15.062,344.938,1.443,1.058,0.354,100046.80,37.03,-94.694,-96.771,-19.4086,0.4900,-0.9800,9.8100,-0.0625,-0.1875,0.0625,36.0000,-14.7500,-26.5000,0.0000,-0.0700,0.0300,0.5400,-0.9100,9.7400,1,1
14459,3936,129382494,7.125,1.062,-15.062,344.938,1.207,1.326,-2.878,100043.62,37.06,-94.763,-96.784,-19.5382,0.3900,-0.9100,9.9300,0.0625,0.6875,-0.1250,34.1875,-15.5000,-24.8750,0.0500,-0.1400,-0.1000,0.5400,-0.9100,9.7400,1,1
14474,3940,129502505,7.125,1.062,-15.062,344.938,0.965,0.421,-1.679,100054.36,37.03,-94.820,-96.795,-19.3902,0.4800,-0.9700,9.7900,0.0625,0.0625,0.0625,35.5625,-15.5000,-24.5000,-0.0400,-0.0800,0.0300,0.5400,-0.9100,9.7400,1,1
14488,3944,129622311,7.125,1.062,-15.062,344.938,1.310,1.506,1.848,100041.49,37.04,-94.798,-96.789,-19.3473,0.5200,-0.9900,9.7500,0.0000,0.0625,0.0625,35.2500,-15.5000,-25.6875,-0.0300,-0.0600,0.0300,0.5400,-0.9100,9.7400,1,1
14503,3948,129744292,7.125,1.062,-15.062,344.938,1.407,1.747,0.681,100038.63,37.04,-94.781,-96.787,-19.3725,0.5000,-0.9500,9.7700,0.0000,-0.2500,0.1250,34.8750,-15.0625,-26.0625,-0.0300,-0.0400,0.0200,0.5400,-0.9100,9.7400,1,1
14517,3952,129862286,7.125,1.062,-15.062,344.938,1.297,1.660,-1.426,100039.66,37.04,-94.808,-96.792,-19.4217,0.5200,-0.9500,9.8200,0.0000,0.3750,-0.1250,35.2500,-15.5000,-25.2500,0.0000,-0.0600,0.0200,0.5400,-0.9100,9.7400,1,1
14531,3956,129982205,7.125,1.062,-15.062,344.938,1.159,1.113,-0.265,100046.15,37.04,-94.826,-96.795,-19.3264,0.5100,-1.0000,9.7300,-0.0625,-0.1250,0.0000,34.8750,-15.5000,-25.2500,-0.0300,-0.0900,-0.0100,0.5400,-0.9100,9.7400,1,1
14546,3960,130102672,7.125,1.062,-15.062,344.938,1.264,0.642,0.293,100051.74,37.05,-94.801,-96.791,-19.3586,0.5800,-0.9700,9.7600,0.0625,-0.1875,-0.1250,34.8750,-15.5000,-25.2500,-0.0600,-0.0500,0.0500,0.5400,-0.9100,9.7400,1,1
14560,3964,130222492,7.125,1.062,-15.062,344.938,1.213,1.351,-0.124,100043.33,37.04,-94.834,-96.799,-19.3705,0.5400,-0.9600,9.7700,-0.1250,-0.2500,0.0000,35.2500,-14.7500,-24.3750,-0.0500,-0.1000,0.0500,0.5400,-0.9100,9.7400,1,1
14575,3968,130344291,7.125,1.062,-15.062,344.938,1.210,1.062,-0.243,100046.76,37.04,-94.834,-96.799,-19.4462,0.4700,-1.0000,9.8500,0.0625,0.0000,-0.1250,35.2500,-15.0625,-26.0625,-0.0600,-0.0900,0.1000,0.5400,-0.9100,9.7400,1,1
14589,3972,130462493,7.125,1.062,-15.062,344.938,1.598,1.707,3.011,100039.11,37.05,-94.756,-96.783,-19.4041,0.5300,-1.0100,9.8100,0.1250,-0.0625,0.0000,34.5625,-15.7500,-26.0625,-0.0300,-0.0700,0.0100,0.5400,-0.9100,9.7400,1,1
14603,3976,130582663,7.125,1.062,-15.062,344.938,1.368,0.614,-0.642,100052.06,37.05,-94.749,-96.782,-19.3485,0.5900,-0.9700,9.7500,0.0000,-0.1875,-0.1250,36.0000,-16.1875,-26.0625,-0.0100,-0.0800,0.0300,0.5400,-0.9100,9.7400,1,1
14618,3980,130702829,7.125,1.062,-15.062,344.938,1.138,0.468,-1.345,100053.80,37.04,-94.797,-96.792,-19.4068,0.5200,-0.9900,9.8100,0.1250,0.0000,-0.0625,35.1875,-14.7500,-26.0625,0.0000,-0.0700,0.0600,0.5400,-0.9100,9.7400,1,1
14632,3984,130822586,7.125,1.062,-15.062,344.938,1.409,2.590,0.650,100028.62,37.04,-94.805,-96.793,-19.3900,0.4900,-0.9700,9.7900,0.1250,0.3125,-0.0625,35.5625,-14.7500,-25.2500,-0.0200,-0.0600,0.0500,0.5400,-0.9100,9.7400,1,1
14644,3987,130922575,7.125,1.062,-15.062,344.938,1.413,1.679,1.022,100039.45,37.04,-94.771,-96.784,-19.4295,0.5000,-0.9700,9.8300,0.0000,0.4375,-0.0625,35.2500,-14.7500,-25.2500,-0.0100,-0.0700,0.0000,0.5400,-0.9100,9.7400,1,1
14659,3991,131035291,7.125,1.062,-15.062,344.938,1.323,0.848,-0.042,100049.29,37.04,-94.767,-96.784,-19.4212,0.4800,-0.9600,9.8200,0.2500,0.0625,0.0000,35.5625,-14.3750,-24.3750,-0.0500,-0.0500,0.0700,0.5400,-0.9100,9.7400,1,1
14673,3995,131152762,7.125,1.062,-15.062,344.938,1.335,1.527,-0.363,100041.23,37.05,-94.782,-96.786,-19.3996,0.5100,-0.9700,9.8000,0.1875,0.0625,-0.0625,35.5625,-15.5000,-24.8750,-0.0400,-0.0900,0.0700,0.5400,-0.9100,9.7400,1,1
14687,3999,131272567,7.125,1.062,-15.062,344.938,1.398,0.458,1.323,100053.91,37.04,-94.728,-96.775,-19.3467,0.5500,-0.9900,9.7500,-0.0625,-0.1875,0.0000,35.5625,-14.7500,-24.3750,0.0000,-0.0800,0.0400,0.5400,-0.9100,9.7400,1,1
14702,4003,131394291,7.125,1.062,-15.062,344.938,1.488,1.636,-0.671,100039.95,37.04,-94.746,-96.779,-19.3992,0.5300,-0.9700,9.8000,-0.0625,0.1250,0.1875,34.8750,-14.7500,-24.8750,-0.0100,-0.0600,0.0500,0.5400,-0.9100,9.7400,1,1
14716,4007,131512955,7.125,1.062,-15.062,344.938,1.563,1.789,1.200,100038.12,37.04,-94.713,-96.771,-19.3386,0.5200,-0.9800,9.7400,0.0625,0.0625,-0.0625,35.2500,-15.0625,-24.8750,-0.0100,-0.0800,0.0200,0.5400,-0.9100,9.7400,1,1
14731,4011,131635298,7.125,1.062,-15.062,344.938,1.494,0.800,1.282,100049.86,37.06,-94.674,-96.763,-19.4005,0.4600,-0.9700,9.8000,0.1250,0.2500,0.0000,34.8750,-14.0000,-25.6875,-0.0700,-0.0600,0.0500,0.5400,-0.9100,9.7400,1,1
14744,4014,131734291,7.125,1.062,-15.062,344.938,1.600,1.765,-1.250,100038.42,37.04,-94.675,-96.764,-19.4075,0.5500,-0.9800,9.8100,0.0625,0.0000,-0.1875,34.8750,-15.5000,-23.5625,0.0000,-0.0700,0.0600,0.5400,-0.9100,9.7400,1,1
14760,4018,131853632,7.125,1.062,-15.062,344.938,1.681,1.685,2.013,100039.37,37.04,-94.631,-96.755,-19.3857,0.5200,-1.0000,9.7900,0.0625,0.0625,0.0625,35.5625,-15.7500,-24.8750,-0.0200,-0.0700,0.0400,0.5400,-0.9100,9.7400,1,1
14774,4022,131973130,7.125,1.062,-15.062,344.938,1.711,2.176,-0.177,100033.54,37.03,-94.611,-96.751,-19.3909,0.5100,-0.9600,9.7900,0.0000,0.1250,0.0625,34.8750,-15.5000,-24.8750,0.0000,-0.0900,0.0600,0.5400,-0.9100,9.7400,1,1
14789,4026,132095292,7.125,1.062,-15.062,344.938,1.616,2.939,-1.949,100024.49,37.05,-94.646,-96.759,-19.3873,0.5000,-0.9900,9.7900,0.0000,0.0625,0.1250,35.2500,-15.0625,-25.6875,-0.0300,-0.0800,0.0400,0.5400,-0.9100,9.7400,1,1
14803,4030,132213131,7.125,1.062,-15.062,344.938,1.494,0.982,0.478,100047.70,37.04,-94.600,-96.752,-19.3873,0.5000,-0.9900,9.7900,0.1250,0.0625,0.0000,34.8750,-14.3750,-24.8750,-0.0200,-0.0800,0.0300,0.5400,-0.9100,9.7400,1,1
14817,4034,132333210,7.125,1.062,-15.062,344.938,1.638,1.219,1.186,100044.89,37.04,-94.562,-96.745,-19.3863,0.4900,-1.0000,9.7900,-0.0625,-0.0625,0.0625,36.0000,-15.0625,-26.0625,0.0100,-0.0600,0.0000,0.5400,-0.9100,9.7400,1,1
14832,4038,132453460,7.125,1.062,-15.062,344.938,1.717,0.580,1.498,100052.47,37.05,-94.495,-96.733,-19.3994,0.5200,-0.9700,9.8000,0.0000,0.0625,-0.0625,35.2500,-15.5000,-25.2500,-0.0300,-0.0900,0.0700,0.5400,-0.9100,9.7400,1,1
14846,4042,132573313,7.125,1.062,-15.062,344.938,1.453,1.676,-2.824,100039.47,37.04,-94.577,-96.750,-19.3891,0.4700,-0.9800,9.7900,0.0000,0.2500,0.0000,35.2500,-15.5000,-24.8750,0.0000,-0.0800,0.0500,0.5400,-0.9100,9.7400,1,1
14861,4046,132695291,7.125,1.062,-15.062,344.938,1.424,1.487,0.056,100041.71,37.06,-94.584,-96.752,-19.3960,0.5000,-1.0000,9.8000,0.0000,0.0000,0.0000,36.0000,-15.0625,-24.8750,-0.0300,-0.0900,0.0500,0.5400,-0.9100,9.7400,1,1
14875,4050,132813311,7.125,1.062,-15.062,344.938,1.516,1.560,0.371,100040.85,37.05,-94.571,-96.750,-19.3871,0.5100,-0.9900,9.7900,0.0000,0.0000,-0.0625,34.8750,-15.7500,-25.6875,0.0000,-0.0900,0.0500,0.5400,-0.9100,9.7400,1,1
14889,4054,132933207,7.125,1.062,-15.062,344.938,1.294,0.727,-1.597,100050.73,37.06,-94.603,-96.757,-19.3785,0.5100,-0.9800,9.7800,0.0000,-0.0625,0.0625,34.5625,-15.0625,-24.0000,-0.0200,-0.0700,0.0300,0.5400,-0.9100,9.7400,1,1
14904,4058,133053583,7.125,1.062,-15.062,344.938,1.246,1.497,-1.127,100041.59,37.06,-94.665,-96.769,-19.3886,0.5000,-0.9800,9.7900,-0.0625,0.1250,0.0625,34.8750,-15.5000,-24.3750,-0.0200,-0.0800,0.0100,0.5400,-0.9100,9.7400,1,1
14918,4062,133173514,7.125,1.062,-15.062,344.938,1.398,0.669,1.208,100051.42,37.06,-94.624,-96.760,-19.3646,0.5200,-1.0100,9.7700,-0.0625,0.0625,0.0000,34.5625,-15.5000,-24.3750,-0.0100,-0.0800,0.0300,0.5400,-0.9100,9.7400,1,1
14933,4066,133295291,7.125,1.062,-15.062,344.938,1.498,1.846,-0.331,100037.46,37.06,-94.644,-96.764,-19.3967,0.5300,-0.9900,9.8000,0.1875,-0.1875,0.0625,35.2500,-15.5000,-25.1875,0.0000,-0.0800,0.0500,0.5400,-0.9100,9.7400,1,1
14947,4070,133413559,7.125,1.062,-15.062,344.938,1.361,1.274,-0.915,100044.24,37.05,-94.659,-96.767,-19.3636,0.5100,-1.0200,9.7700,-0.0625,-0.0625,0.0000,34.8750,-15.5000,-26.0625,-0.0200,-0.0600,0.0400,0.5400,-0.9100,9.7400,1,1
14961,4074,133531290,7.125,1.062,-15.062,344.938,1.118,1.411,-2.558,100042.62,37.06,-94.740,-96.784,-19.4403,0.5200,-0.9600,9.8400,0.1250,0.1250,0.0000,35.5625,-15.7500,-25.6875,-0.0200,-0.0500,0.0900,0.5400,-0.9100,9.7400,1,1
14976,4078,133653768,7.125,1.062,-15.062,344.938,1.293,2.272,0.705,100032.41,37.06,-94.761,-96.789,-19.3549,0.5100,-1.0100,9.7600,-0.0625,0.0000,-0.1250,36.0000,-15.5000,-24.3750,0.0000,-0.0800,0.0300,0.5400,-0.9100,9.7400,1,1
14990,4082,133773569,7.125,1.062,-15.062,344.938,1.474,1.652,2.097,100039.76,37.06,-94.701,-96.775,-19.3478,0.5600,-0.9800,9.7500,0.0000,-0.0625,-0.0625,34.5625,-14.7500,-25.2500,-0.0400,-0.0800,0.0400,0.5400,-0.9100,9.7400,1,1
15002,4085,133873782,7.125,1.062,-15.062,344.938,1.139,0.500,-1.212,100053.42,37.06,-94.753,-96.787,-19.3693,0.4700,-0.9800,9.7700,0.1875,0.2500,0.0000,35.2500,-15.0625,-24.8750,0.0200,-0.1100,0.0400,0.5400,-0.9100,9.7400,1,1
15016,4089,133985295,7.125,1.000,-15.062,344.938,1.174,1.323,-1.517,100043.66,37.07,-94.793,-96.795,-19.3624,0.5500,-0.9500,9.7600,0.8125,0.6875,-0.0625,35.2500,-15.0625,-25.6875,0.0100,-0.0400,0.0100,0.5300,-0.9000,9.7400,1,1
15028,4092,134083985,7.125,1.000,-15.062,344.938,1.426,2.201,1.741,100033.24,37.05,-94.763,-96.787,-19.3792,0.5100,-0.9800,9.7800,0.1875,0.1875,-0.0625,35.2500,-14.7500,-25.1875,-0.0200,-0.0700,0.0500,0.5300,-0.9000,9.7400,1,1
15043,4096,134204305,7.125,1.062,-15.062,344.938,1.934,2.795,4.013,100026.20,37.05,-94.638,-96.761,-19.3588,0.5000,-0.9800,9.7600,-0.8750,-1.1250,0.0000,36.0000,-15.7500,-24.3750,-0.1800,0.1200,-0.3200,0.5300,-0.9000,9.7400,1,1
15058,4100,134323394,7.125,1.062,-15.062,344.938,1.876,1.435,0.838,100042.33,37.04,-94.559,-96.734,-19.3527,0.6300,-0.9300,9.7500,-0.2500,-1.0625,-0.0625,36.6875,-15.0625,-25.6875,0.0900,-0.0100,0.0000,0.5400,-0.9100,9.7400,1,1
15073,4104,134443385,7.125,1.062,-15.062,344.938,1.886,2.203,-0.779,100033.22,37.06,-94.546,-96.733,-19.3129,0.5000,-0.9500,9.7100,0.1250,0.3750,0.0000,35.2500,-14.7500,-24.8750,-0.0300,-0.0400,-0.0300,0.5300,-0.9100,9.7400,1,1
15088,4108,134564126,7.125,1.062,-15.062,344.938,1.877,1.083,0.701,100046.50,37.05,-94.472,-96.719,-19.3788,0.4900,-0.9800,9.7800,0.1250,0.1875,-0.1250,35.2500,-15.0625,-25.6875,-0.0200,-0.0300,0.0500,0.5300,-0.9100,9.7400,1,1
15102,4112,134684322,7.125,1.062,-15.062,344.938,1.688,1.014,-1.334,100047.32,37.06,-94.479,-96.721,-19.3712,0.5000,-0.9600,9.7700,-0.0625,-0.1875,0.0000,34.8750,-15.5000,-25.6875,0.0000,-0.0800,0.0300,0.5300,-0.9100,9.7400,1,1
15117,4116,134804483,7.125,1.125,-15.062,344.938,1.780,2.210,-0.212,100033.13,37.07,-94.478,-96.723,-19.3878,0.5000,-0.9800,9.7900,0.0000,-0.0625,-0.1875,34.5625,-15.5000,-26.0625,0.0000,-0.0400,0.0000,0.5300,-0.9100,9.7400,1,1
15131,4120,134924151,7.125,1.125,-15.062,344.938,1.766,1.924,0.077,100036.53,37.06,-94.451,-96.718,-19.4671,0.5700,-0.9700,9.8700,-0.2500,-0.3750,0.0625,35.2500,-15.0625,-26.5000,-0.0800,-0.0500,0.1600,0.5300,-0.9100,9.7400,1,1
15146,4124,135045291,7.125,1.125,-15.062,344.938,1.712,2.172,-1.475,100033.59,37.06,-94.463,-96.725,-19.3463,0.5300,-0.9900,9.7500,0.6875,0.4375,-0.0625,34.5625,-15.5000,-25.1875,0.0000,-0.0700,0.0000,0.5300,-0.9100,9.7400,1,1
15160,4128,135164353,7.125,1.125,-15.062,344.938,1.837,2.191,0.410,100033.37,37.06,-94.423,-96.717,-19.3517,0.5100,-0.9500,9.7500,0.4375,0.3125,0.0000,35.2500,-14.3750,-26.0625,-0.0500,-0.0400,0.0300,0.5300,-0.9100,9.7400,1,1
15174,4132,135284497,7.125,1.125,-15.062,344.938,1.882,2.127,-0.176,100034.13,37.08,-94.388,-96.712,-19.4085,0.5200,-0.9700,9.8100,-0.1875,0.0000,0.0625,34.8750,-15.7500,-25.6875,-0.0300,-0.0200,0.0400,0.5300,-0.9100,9.7400,1,1
15189,4136,135404646,7.125,1.125,-15.062,344.938,1.652,0.978,-0.901,100047.76,37.07,-94.389,-96.710,-19.3465,0.5200,-0.9900,9.7500,-0.1250,-0.5000,0.0000,35.5625,-15.0625,-25.6875,0.0000,-0.0500,0.0200,0.5400,-0.9100,9.7400,1,1
15203,4140,135524318,7.125,1.125,-15.062,344.938,1.497,1.200,-1.379,100045.12,37.06,-94.430,-96.721,-19.4010,0.4600,-0.9600,9.8000,0.1250,0.3125,0.0625,34.8750,-16.1875,-25.6875,-0.0100,-0.0600,0.0600,0.5400,-0.9100,9.7400,1,1
15218,4144,135646296,7.125,1.125,-15.062,344.938,1.277,0.749,-1.329,100050.47,37.08,-94.485,-96.733,-19.3891,0.5000,-0.9700,9.7900,0.0000,0.0000,-0.0625,35.5625,-14.7500,-25.1875,-0.0300,-0.0500,0.0400,0.5400,-0.9100,9.7400,1,1
15232,4148,135764496,7.125,1.125,-15.062,344.938,1.287,1.138,0.438,100045.86,37.08,-94.517,-96.740,-19.4197,0.5200,-0.9600,9.8200,-0.0625,0.0000,0.0000,35.2500,-14.7500,-25.1875,0.0000,-0.0700,0.0400,0.5400,-0.9100,9.7400,1,1
15246,4152,135884681,7.125,1.125,-15.062,344.938,1.472,3.372,-1.033,100019.37,37.07,-94.575,-96.753,-19.3889,0.5100,-0.9700,9.7900,0.0000,-0.1250,0.0000,35.5625,-15.0625,-24.8750,-0.0400,-0.0500,0.0500,0.5400,-0.9100,9.7400,1,1
15261,4156,136004830,7.125,1.125,-15.062,344.938,1.554,2.741,0.795,100026.84,37.07,-94.550,-96.749,-19.4255,0.5400,-0.9900,9.8300,-0.0625,-0.3125,0.0000,35.2500,-15.5000,-24.8750,-0.0600,-0.0600,0.0700,0.5400,-0.9100,9.7400,1,1
15275,4160,136124679,7.125,1.125,-15.062,344.938,1.479,0.479,1.760,100053.66,37.08,-94.488,-96.738,-19.3293,0.5100,-0.9700,9.7300,-0.0625,-0.1250,0.1250,34.5625,-15.5000,-26.5000,-0.0500,-0.0500,0.0700,0.5400,-0.9100,9.7400,1,1
15290,4164,136246292,7.125,1.125,-15.062,344.938,1.811,3.419,0.061,100018.80,37.07,-94.506,-96.744,-19.4180,0.4800,-0.9800,9.8200,-0.0625,0.0625,0.0625,34.5625,-15.7500,-25.1875,-0.0500,-0.0600,0.0700,0.5400,-0.9100,9.7400,1,1
15304,4168,136364658,7.125,1.125,-15.062,344.938,1.527,1.041,-0.048,100047.01,37.07,-94.480,-96.740,-19.3777,0.5100,-0.9800,9.7800,0.0625,-0.0625,0.1250,34.8750,-15.0625,-24.3750,0.0000,-0.0500,0.0100,0.5400,-0.9100,9.7400,1,1
15318,4172,136485041,7.125,1.125,-15.062,344.938,1.722,2.170,-0.329,100033.62,37.09,-94.472,-96.738,-19.3887,0.5200,-0.9700,9.7900,0.0625,-0.1250,0.0625,36.3750,-16.1875,-24.0000,-0.0600,-0.0800,0.0500,0.5400,-0.9100,9.7400,1,1
15333,4176,136605306,7.125,1.125,-15.062,344.938,1.501,1.690,-1.408,100039.31,37.08,-94.510,-96.746,-19.3769,0.4900,-0.9900,9.7800,0.0625,0.1875,0.0000,34.8750,-16.1875,-26.0625,-0.0100,-0.0700,0.0300,0.5400,-0.9100,9.7400,1,1
15345,4179,136705148,7.125,1.125,-15.062,344.938,1.475,1.720,-1.361,100038.95,37.08,-94.521,-96.749,-19.3796,0.5400,-0.9600,9.7800,-0.1250,-0.0625,-0.0625,36.0000,-16.1875,-24.8750,-0.0500,-0.0700,0.0400,0.5400,-0.9100,9.7400,1,1
15358,4183,136814955,7.125,1.125,-15.062,344.938,1.426,1.767,-0.273,100038.40,37.09,-94.549,-96.755,-19.4002,0.5000,-0.9600,9.8000,0.0000,0.0000,0.0625,35.2500,-15.5000,-25.1875,0.0000,-0.0500,0.0200,0.5400,-0.9100,9.7400,1,1
15372,4187,136935318,7.125,1.125,-15.062,344.938,1.666,2.385,1.824,100031.06,37.08,-94.517,-96.749,-19.3698,0.4700,-0.9700,9.7700,-0.0625,0.0000,0.0625,36.0000,-15.7500,-25.6875,0.0000,-0.0500,0.0400,0.5400,-0.9100,9.7400,1,1
15387,4191,137055303,7.125,1.125,-15.062,344.938,1.665,1.568,1.293,100040.75,37.08,-94.483,-96.744,-19.3986,0.5200,-0.9700,9.8000,0.1250,0.1875,-0.1250,35.5625,-15.5000,-25.2500,0.0000,-0.0500,0.0200,0.5400,-0.9100,9.7400,1,1
15401,4195,137175127,7.125,1.125,-15.062,344.938,1.757,1.979,0.648,100035.88,37.07,-94.458,-96.740,-19.3981,0.4800,-0.9800,9.8000,-0.1875,-0.0625,0.0000,35.2500,-14.7500,-25.1875,-0.0200,-0.0600,0.0600,0.5400,-0.9100,9.7400,1,1
15416,4199,137297291,7.125,1.125,-15.062,344.938,1.473,0.649,-1.119,100051.66,37.09,-94.476,-96.745,-19.3986,0.5200,-0.9700,9.8000,-0.0625,0.1250,0.0625,35.5625,-15.5000,-25.6875,-0.0100,-0.0500,0.0500,0.5400,-0.9100,9.7400,1,1
15430,4203,137415309,7.125,1.125,-15.062,344.938,1.737,2.198,0.779,100033.28,37.09,-94.462,-96.744,-19.3887,0.5200,-0.9700,9.7900,-0.0625,-0.0625,0.0000,35.2500,-14.7500,-25.1875,-0.0400,-0.0500,0.0400,0.5400,-0.9100,9.7400,1,1
15444,4207,137535391,7.125,1.125,-15.062,344.938,1.724,1.673,0.774,100039.52,37.09,-94.431,-96.738,-19.3667,0.5000,-0.9900,9.7700,-0.0625,0.1250,0.0000,34.8750,-14.3750,-25.6875,-0.0200,-0.0400,0.0300,0.5400,-0.9100,9.7400,1,1
15459,4211,137655648,7.125,1.125,-15.062,344.938,1.888,2.885,0.081,100025.14,37.06,-94.417,-96.736,-19.4205,0.4800,-0.9600,9.8200,-0.0625,-0.1875,0.0000,36.6875,-15.7500,-25.2500,-0.0400,-0.0400,0.0200,0.5400,-0.9100,9.7400,1,1
15473,4215,137775307,7.125,1.125,-15.062,344.938,2.033,2.173,1.977,100033.58,37.09,-94.327,-96.719,-19.2643,0.4100,-0.9500,9.6600,-0.0625,0.0625,0.0000,36.3750,-15.0625,-25.6875,0.0300,-0.1000,0.0000,0.5400,-0.9100,9.7400,1,1
15488,4219,137897291,7.125,1.125,-15.062,344.938,1.847,1.427,-1.236,100042.42,37.08,-94.319,-96.717,-19.4105,0.4800,-0.9600,9.8100,0.0625,0.0625,0.0000,35.2500,-15.7500,-25.6875,-0.0500,-0.0400,0.0600,0.5300,-0.9100,9.7400,1,1
15502,4223,138015492,7.125,1.125,-15.062,344.938,1.682,1.186,-1.992,100045.28,37.08,-94.344,-96.724,-19.4170,0.5300,-0.9800,9.8200,0.0000,0.3125,-0.1875,35.2500,-15.7500,-25.6875,-0.0500,-0.0700,0.0500,0.5300,-0.9100,9.7400,1,1
15516,4227,138135412,7.125,1.125,-15.062,344.938,1.578,1.528,-1.060,100041.23,37.07,-94.384,-96.734,-19.3581,0.5000,-0.9800,9.7600,0.2500,0.1250,0.0625,36.0000,-15.7500,-26.5000,-0.0300,-0.0600,0.0200,0.5300,-0.9100,9.7400,1,1
15531,4231,138255847,7.125,1.125,-15.062,344.938,1.501,0.758,0.114,100050.37,37.09,-94.384,-96.720,-19.3915,0.6300,-0.8500,9.7800,-0.3750,0.5000,0.0000,34.1875,-15.5000,-25.6875,0.0400,-0.2000,-0.1600,0.5400,-0.9200,9.7400,1,1
15543,4234,138355766,7.188,1.125,-15.062,344.938,1.645,2.129,-0.602,100034.10,37.07,-94.397,-96.723,-19.3699,0.5300,-1.0200,9.7800,-0.0625,0.0625,0.0625,36.3750,-15.5000,-26.0625,-0.0300,-0.0600,0.1600,0.5400,-0.9200,9.7400,1,1
15556,4238,138465391,7.188,1.125,-15.062,344.938,1.743,1.218,1.807,100044.91,37.08,-94.345,-96.714,-19.3753,0.5100,-0.9800,9.7800,0.2500,0.1875,-0.0625,35.2500,-14.3750,-25.1875,0.0000,-0.0600,0.0500,0.5400,-0.9200,9.7400,1,1
15571,4242,138585898,7.125,1.125,-15.062,344.938,2.023,1.577,2.168,100040.65,37.08,-94.274,-96.701,-19.3901,0.5100,-0.9600,9.7900,0.0625,0.1250,0.0000,34.8750,-14.7500,-24.8750,-0.0400,-0.0600,0.0500,0.5400,-0.9200,9.7400,1,1
15586,4246,138706013,7.125,1.125,-15.062,344.938,1.574,1.904,-4.694,100036.77,37.08,-94.385,-96.723,-19.4190,0.4900,-0.9700,9.8200,-0.0625,0.0000,0.0625,35.1875,-15.7500,-26.0625,-0.0400,-0.0600,0.0600,0.5400,-0.9200,9.7400,1,1
15600,4250,138825576,7.125,1.188,-15.062,344.938,1.315,1.703,-1.902,100039.16,37.09,-94.456,-96.739,-19.3707,0.5100,-0.9500,9.7700,0.0625,0.0625,0.0000,34.5625,-17.0000,-24.0000,-0.0200,-0.0300,0.0200,0.5400,-0.9200,9.7400,1,1
15614,4253,138930292,7.125,1.188,-15.062,344.938,1.494,1.009,0.694,100047.38,37.09,-94.413,-96.731,-19.4201,0.5200,-0.9500,9.8200,-0.0625,-0.0625,0.1250,35.2500,-16.1875,-24.3750,-0.0200,-0.0200,0.0700,0.5400,-0.9200,9.7400,1,1
15630,4257,139044295,7.125,1.188,-15.062,344.938,1.388,0.632,-0.509,100051.86,37.07,-94.454,-96.742,-19.4088,0.5300,-0.9600,9.8100,0.0625,-0.1875,0.1250,35.5625,-15.0625,-24.8750,-0.0100,-0.0300,0.0700,0.5400,-0.9300,9.7400,1,1
15646,4261,139165942,7.125,1.188,-15.062,344.938,1.309,0.901,-0.786,100048.67,37.07,-94.516,-96.754,-19.3552,0.4800,-1.0000,9.7600,-0.1250,0.0625,0.0625,36.0000,-15.0625,-25.2500,-0.0200,-0.0500,0.0200,0.5400,-0.9300,9.7400,1,1
15660,4264,139266105,7.125,1.188,-15.062,344.938,1.474,1.921,0.398,100036.56,37.07,-94.534,-96.758,-19.3854,0.5200,-0.9900,9.7900,0.0625,0.0000,0.0000,36.3750,-15.0625,-24.8750,-0.0300,-0.0300,0.0400,0.5400,-0.9300,9.7400,1,1
15673,4268,139376131,7.125,1.188,-15.062,344.938,1.545,1.489,1.179,100041.69,37.08,-94.512,-96.755,-19.3867,0.5200,-0.9800,9.7900,0.0625,0.0625,0.0000,35.2500,-15.5000,-25.6875,-0.0100,-0.0500,0.0200,0.5400,-0.9300,9.7400,1,1
15688,4272,139498292,7.125,1.188,-15.062,344.938,1.804,1.737,2.373,100038.76,37.08,-94.448,-96.742,-19.3676,0.5400,-0.9700,9.7700,-0.0625,0.0000,-0.0625,35.5625,-15.7500,-24.8750,0.0000,-0.0400,0.0300,0.5400,-0.9300,9.7400,1,1
15702,4276,139616130,7.125,1.188,-15.062,344.938,1.595,0.652,-1.566,100051.62,37.09,-94.449,-96.743,-19.4181,0.5000,-0.9700,9.8200,0.0000,0.0000,0.0000,35.5625,-15.7500,-24.3750,-0.0500,-0.0300,0.0600,0.5400,-0.9300,9.7400,1,1
15716,4280,139736193,7.125,1.188,-15.062,344.938,1.701,2.059,-0.378,100034.93,37.09,-94.466,-96.746,-19.3984,0.4900,-0.9700,9.8000,0.0000,0.1250,0.0625,35.5625,-15.0625,-24.3750,-0.0300,-0.0600,0.0500,0.5400,-0.9300,9.7400,1,1
15731,4284,139856485,7.125,1.188,-15.062,344.938,1.747,2.340,0.596,100031.60,37.08,-94.455,-96.745,-19.4038,0.5300,-1.0000,9.8100,0.1250,0.2500,-0.1875,34.8750,-14.7500,-24.8750,-0.0400,-0.0400,0.0700,0.5400,-0.9300,9.7400,1,1
15745,4288,139976282,7.125,1.188,-15.062,344.938,1.856,1.476,1.971,100041.85,37.11,-94.377,-96.730,-19.3493,0.5300,-0.9600,9.7500,0.0000,0.0625,0.0625,35.2500,-14.3750,-25.1875,-0.0300,-0.0300,0.0400,0.5400,-0.9300,9.7400,1,1
15760,4292,140098296,7.125,1.188,-15.062,344.938,1.414,1.728,-4.606,100038.86,37.08,-94.493,-96.755,-19.4067,0.5100,-0.9800,9.8100,-0.0625,-0.0625,-0.0625,34.8750,-15.7500,-25.2500,-0.0200,-0.0500,0.0700,0.5400,-0.9300,9.7400,1,1
15774,4296,140216311,7.125,1.188,-15.062,344.938,1.889,2.901,3.049,100024.94,37.08,-94.424,-96.742,-19.3840,0.5300,-1.0000,9.7900,-0.1250,0.1250,-0.0625,35.5625,-16.1875,-25.2500,-0.0600,-0.0600,0.0600,0.5400,-0.9300,9.7400,1,1
15788,4300,140336178,7.125,1.188,-15.062,344.938,1.579,1.770,-1.745,100038.36,37.09,-94.445,-96.746,-19.3656,0.5200,-0.9900,9.7700,-0.1250,-0.0625,0.0000,35.1875,-15.5000,-25.2500,-0.0100,-0.0600,0.0200,0.5400,-0.9300,9.7400,1,1
15803,4304,140456667,7.125,1.188,-15.062,344.938,1.970,2.404,3.097,100030.84,37.09,-94.367,-96.732,-19.3608,0.5100,-0.9500,9.7600,0.1875,0.0625,-0.1875,35.1875,-15.0625,-24.8750,-0.0100,0.0000,0.0600,0.5400,-0.9300,9.7400,1,1
15817,4308,140576476,7.125,1.188,-15.062,344.938,1.588,1.577,-3.569,100040.65,37.08,-94.423,-96.742,-19.4158,0.5500,-1.0600,9.8300,-0.1875,-0.2500,-0.1250,35.5625,-15.5000,-24.8750,-0.0500,-0.1100,0.0300,0.5400,-0.9300,9.7400,1,1
15832,4312,140698291,7.125,1.188,-15.062,344.938,1.270,0.019,-1.634,100059.13,37.09,-94.466,-96.755,-19.5206,0.5200,-0.7800,9.9000,0.5000,-0.5625,0.0000,34.5625,-15.5000,-24.8750,-0.0100,0.1400,0.1500,0.5400,-0.9300,9.7400,1,1
15846,4316,140816487,7.125,1.188,-15.062,344.938,1.301,1.077,-0.755,100046.58,37.10,-94.524,-96.766,-19.3478,0.4800,-0.9800,9.7500,0.0625,0.0000,0.0625,34.8750,-15.5000,-24.8750,0.0000,-0.0400,0.0100,0.5400,-0.9300,9.7400,1,1
15860,4320,140936499,7.125,1.188,-15.062,344.938,1.592,2.642,1.495,100028.02,37.09,-94.524,-96.765,-19.3660,0.5000,-0.9900,9.7700,0.0625,0.3125,-0.1250,34.8750,-15.0625,-24.5000,-0.0300,-0.0600,0.0200,0.5400,-0.9300,9.7400,1,1
15875,4324,141056857,7.125,1.188,-15.062,344.938,1.935,1.635,3.995,100039.96,37.08,-94.394,-96.739,-19.4183,0.4900,-0.9700,9.8200,0.0000,-0.0625,-0.0625,36.3750,-15.5000,-25.2500,-0.0100,-0.0400,0.0300,0.5400,-0.9300,9.7400,1,1
15889,4328,141176699,7.125,1.188,-15.062,344.938,1.705,1.504,-1.784,100041.52,37.08,-94.417,-96.744,-19.3832,0.4500,-0.9400,9.7800,-0.0625,-0.0625,0.0625,36.0000,-14.7500,-25.6875,-0.0100,-0.0500,0.0600,0.5400,-0.9300,9.7400,1,1
15904,4332,141298291,7.125,1.188,-15.062,344.938,1.771,2.108,-1.082,100034.35,37.09,-94.418,-96.745,-19.3695,0.5100,-0.9600,9.7700,-0.0625,-0.1875,0.0625,35.5625,-15.7500,-25.6875,-0.0200,-0.0300,0.0300,0.5400,-0.9300,9.7400,1,1
15918,4336,141416953,7.125,1.188,-15.062,344.938,1.436,0.749,-1.547,100050.47,37.08,-94.452,-96.753,-19.4086,0.4800,-0.9700,9.8100,0.0000,0.1250,0.1250,36.0000,-15.7500,-25.2500,-0.0100,-0.0600,0.0200,0.5400,-0.9300,9.7400,1,1
15932,4340,141535771,7.125,1.188,-15.062,344.938,1.158,0.616,-2.261,100052.04,37.09,-94.538,-96.771,-19.3966,0.5200,-0.9800,9.8000,-0.1250,-0.1250,-0.1250,35.5625,-15.5000,-24.8750,-0.0100,-0.0500,0.0600,0.5400,-0.9300,9.7400,1,1
15947,4344,141656928,7.125,1.188,-15.062,344.938,1.552,2.025,2.463,100035.34,37.08,-94.516,-96.767,-19.3887,0.4800,-0.9700,9.7900,0.0625,0.1250,-0.0625,35.5625,-15.5000,-25.1875,-0.0400,-0.0700,0.0400,0.5400,-0.9300,9.7400,1,1
15961,4348,141776754,7.125,1.188,-15.062,344.938,1.650,1.913,0.827,100036.66,37.07,-94.491,-96.762,-19.3643,0.5200,-1.0000,9.7700,0.1250,0.0625,0.0000,36.0000,-15.0625,-26.0625,-0.0100,-0.0400,0.0600,0.5400,-0.9300,9.7400,1,1
15977,4352,141899291,7.062,1.125,-15.062,344.938,1.550,1.775,-1.237,100038.30,37.08,-94.518,-96.771,-19.2375,0.4400,-0.9400,9.6300,0.4375,0.8125,0.0625,35.5625,-15.5000,-24.8750,-0.0800,-0.0200,-0.1100,0.5200,-0.9100,9.7400,1,1
15990,4356,142017130,7.062,1.125,-15.062,344.938,1.631,2.383,-0.619,100031.09,37.10,-94.526,-96.770,-19.4385,0.4400,-1.0000,9.8400,0.0625,0.5625,0.1250,35.2500,-14.3750,-26.0625,-0.0600,-0.0300,-0.0300,0.5200,-0.9100,9.7400,1,1
16004,4360,142137340,7.062,1.125,-15.062,344.938,1.607,1.674,0.766,100039.50,37.09,-94.500,-96.763,-19.4052,0.4900,-0.9400,9.8000,0.1250,0.1875,-0.0625,36.3750,-14.3750,-24.3750,-0.0400,-0.0200,0.0300,0.5200,-0.9100,9.7400,1,1
16019,4364,142257484,7.062,1.125,-15.062,344.938,1.344,0.108,-0.266,100058.07,37.09,-94.513,-96.767,-19.3615,0.5100,-0.9700,9.7600,0.0625,-0.1875,0.0000,35.2500,-15.7500,-26.0625,-0.0300,-0.0400,0.0300,0.5200,-0.9100,9.7400,1,1
16033,4368,142377125,7.062,1.125,-15.062,344.938,1.556,2.417,-0.165,100030.69,37.10,-94.551,-96.775,-19.3621,0.4800,-0.9700,9.7600,-0.1250,0.0000,0.0625,35.1875,-15.5000,-25.2500,-0.0100,-0.0100,0.0400,0.5200,-0.9100,9.7400,1,1
16048,4372,142499293,6.750,1.188,-15.062,344.938,1.457,0.908,1.038,100048.58,37.09,-94.529,-96.767,-19.4116,0.5000,-1.0600,9.8100,-1.4375,10.0625,1.8750,35.1875,-15.0625,-25.6875,0.0200,-0.1300,0.0600,0.4700,-0.9300,9.7500,1,1
16062,4376,142617310,6.812,1.125,-14.767,345.625,1.472,2.105,-1.249,100034.38,37.09,-94.574,-96.772,-18.8015,0.8200,-0.7800,9.1700,2.0625,0.6250,-7.5000,35.1875,-15.7500,-24.8750,0.6500,-0.5700,0.1600,0.4800,-0.9100,9.7500,1,1
16076,4380,142737567,7.250,0.875,-12.233,351.000,1.441,0.973,0.137,100047.81,37.10,-94.553,-96.774,-19.3466,0.6200,-1.1200,9.7700,-0.9375,1.9375,-82.0000,35.2500,-16.5625,-27.3750,0.1600,-0.5100,-0.1200,0.5600,-0.8700,9.7500,1,1
16091,4384,142857648,8.188,0.125,-2.624,3.625,1.610,1.836,1.273,100037.57,37.10,-94.544,-96.763,-19.3220,0.4600,-1.3600,9.8100,0.0000,1.0625,-56.3125,31.5625,-17.2500,-39.6875,-0.4200,-0.6800,0.0900,0.7200,-0.7400,9.7500,1,1
16105,4388,142977313,8.438,-0.250,4.608,8.688,1.831,1.834,1.800,100037.60,37.10,-94.476,-96.748,-19.2796,1.1400,-0.7300,9.6800,-0.2500,1.0625,-56.0000,30.0625,-15.5000,-41.7500,-0.4400,-0.5900,0.1100,0.7700,-0.6800,9.7500,1,1
16119,4392,143099291,8.750,-0.688,10.773,14.875,2.000,2.267,1.720,100032.47,37.09,-94.414,-96.733,-19.3403,0.8000,-0.8000,9.7600,-0.2500,0.7500,-58.3125,29.2500,-12.5000,-44.6875,0.0000,-0.1900,0.0100,0.8100,-0.6100,9.7500,1,1
16133,4396,143217496,9.250,-1.250,16.720,20.438,1.672,1.971,-3.095,100035.97,37.08,-94.461,-96.742,-19.3178,2.0800,-0.2900,9.6400,3.2500,-6.1250,-51.2500,30.0625,-9.0625,-43.3750,0.7100,-0.2100,-0.0300,0.9000,-0.5100,9.7500,1,1
16147,4400,143337569,9.375,-1.500,21.341,23.875,1.631,1.773,0.095,100038.32,37.09,-94.455,-96.736,-19.3354,0.5600,-0.7500,9.7700,-0.6250,0.6875,-26.7500,29.2500,-8.0625,-44.2500,0.1100,-0.2700,-0.0500,0.9200,-0.4600,9.7500,1,1
16161,4403,143439291,9.438,-1.625,24.489,26.438,1.578,2.030,-0.717,100035.27,37.08,-94.475,-96.737,-19.3048,0.6500,-0.7000,9.7300,-0.4375,1.1875,-24.6250,27.0000,-6.6875,-41.0000,-0.2700,-0.2500,-0.0100,0.9300,-0.4500,9.7500,1,1
16176,4407,143551291,9.375,-1.688,27.916,30.125,1.848,2.057,2.027,100034.96,37.09,-94.413,-96.723,-19.2844,0.6900,-0.7900,9.7200,-0.3750,-1.0625,-35.6875,27.7500,-3.2500,-40.8750,-0.2200,-0.3400,-0.0200,0.9200,-0.4400,9.7500,1,1
16188,4410,143649291,9.438,-1.938,31.038,33.688,1.643,1.683,-0.630,100039.40,37.09,-94.439,-96.727,-19.1908,0.6200,-0.8600,9.6400,0.5000,-0.1875,-47.0000,26.2500,-1.0625,-40.8750,-0.3100,-0.4600,-0.1000,0.9300,-0.4000,9.7500,1,1
16202,4414,143767603,9.562,-2.188,34.710,36.625,1.717,1.545,0.125,100041.02,37.09,-94.414,-96.717,-19.3521,0.5200,-0.7900,9.8000,-0.5000,-0.3750,-10.0625,26.2500,0.6875,-41.3750,-0.0500,-0.4700,-0.0200,0.9500,-0.3500,9.7500,1,1
16217,4418,143887869,9.438,-2.000,36.375,36.812,1.671,2.313,-0.523,100031.92,37.09,-94.443,-96.722,-19.3451,0.7500,-0.6700,9.7600,-0.1875,-0.3750,0.1875,25.8750,3.0000,-41.7500,-0.1400,-0.3100,0.0200,0.9300,-0.3800,9.7500,1,1
16230,4421,143987575,9.312,-1.812,36.598,36.438,1.896,2.549,1.000,100029.12,37.08,-94.385,-96.712,-19.4525,0.6100,-0.6100,9.8600,-0.0625,0.2500,10.6875,25.8750,1.8750,-41.0000,-0.2900,-0.1900,0.1100,0.9100,-0.4200,9.7500,1,1
16243,4425,144098387,9.188,-1.438,35.368,34.125,2.109,3.428,0.109,100018.70,37.08,-94.353,-96.707,-19.3894,0.7600,-0.5500,9.7800,-0.5625,0.0625,20.0625,27.7500,1.8750,-40.0625,-0.1200,-0.0700,0.0300,0.8900,-0.4800,9.7500,1,1
16256,4428,144198190,9.000,-1.188,33.833,32.312,2.012,1.434,3.523,100042.34,37.09,-94.287,-96.692,-19.2031,1.4700,-0.9800,9.6400,5.9375,-6.9375,59.7500,27.3750,0.3750,-40.0625,0.2900,-0.5200,0.3400,0.8500,-0.5200,9.7500,1,1
16269,4432,144308029,8.875,-1.000,31.488,29.562,2.102,1.966,0.393,100036.03,37.10,-94.236,-96.688,-19.4685,1.0300,-0.6900,9.8700,-0.8125,1.9375,39.1250,28.8750,-1.5000,-39.2500,-0.1900,-0.3200,0.0400,0.8300,-0.5600,9.7500,1,1
16284,4436,144427694,8.250,-0.375,26.798,22.750,2.034,1.650,0.484,100039.78,37.10,-94.203,-96.681,-19.3821,0.6700,-0.6800,9.7700,1.1250,-0.2500,93.3125,30.3750,-4.0625,-39.6875,-0.1200,-0.1600,0.0100,0.7200,-0.6700,9.7500,1,1
16299,4440,144548554,7.625,0.375,18.323,12.750,1.695,1.636,-3.266,100039.95,37.08,-94.269,-96.699,-19.1901,0.8200,-0.9500,9.6000,-1.0000,-0.4375,72.3750,28.5000,-12.5625,-40.5000,0.1900,-0.1600,-0.1500,0.6200,-0.7900,9.7500,1,1
16312,4443,144648562,7.062,0.812,11.262,6.000,1.574,1.560,-1.806,100040.85,37.09,-94.310,-96.712,-19.8781,1.5500,-0.3100,10.2100,-3.2500,5.2500,85.0000,27.3750,-18.1875,-43.8750,-1.8300,-0.8500,-0.4000,0.5300,-0.8600,9.7500,1,1
16326,4447,144767917,6.562,1.125,3.872,359.500,1.735,2.291,1.109,100032.18,37.09,-94.308,-96.709,-19.5444,1.1600,-0.8100,9.9200,0.1250,-1.3125,61.0625,27.3750,-20.7500,-41.3750,0.0000,0.0200,0.0000,0.4400,-0.9200,9.7500,1,1
16339,4450,144867849,6.312,1.375,-1.636,355.188,1.707,2.417,0.638,100030.69,37.08,-94.319,-96.716,-19.4283,-0.3900,-0.6900,9.7500,0.3125,-1.1250,28.6875,27.7500,-22.2500,-38.8750,-0.8300,0.2800,0.1700,0.4000,-0.9600,9.7500,1,1
16352,4454,144978124,6.188,1.375,-6.052,351.188,1.677,1.615,0.224,100040.20,37.09,-94.311,-96.724,-19.5457,0.2200,-1.1600,9.9300,0.3750,-2.3125,35.1875,25.1875,-24.8750,-40.0625,-0.2800,-0.2200,-0.3000,0.3600,-0.9700,9.7500,1,1
16367,4458,145100291,5.688,1.562,-11.128,345.312,1.937,2.985,1.617,100023.95,37.10,-94.296,-96.725,-19.3528,1.6200,-0.9900,9.7400,0.6250,-1.2500,52.8125,27.0000,-25.5625,-37.5625,1.3300,0.0000,-0.0100,0.2900,-1.0000,9.7500,1,1
16381,4462,145218133,5.188,1.750,-16.080,341.375,1.719,1.669,-1.039,100039.56,37.10,-94.303,-96.732,-19.2133,0.3700,-1.3100,9.5800,-2.1875,4.0000,19.0625,25.1875,-25.5625,-37.1875,0.4300,-0.1800,-0.3100,0.2100,-1.0300,9.7400,1,1
16395,4466,145338319,5.500,1.625,-18.422,341.250,1.465,1.469,-2.551,100041.93,37.10,-94.370,-96.745,-19.3617,0.9300,-1.2500,9.7500,3.1875,0.4375,-15.9375,25.1875,-24.5000,-34.6875,-0.1000,0.1000,0.6500,0.2500,-0.9900,9.7500,1,1
16410,4470,145458484,5.812,1.438,-18.105,342.125,1.710,2.096,1.735,100034.50,37.11,-94.339,-96.745,-19.4091,0.2600,-0.1800,9.6800,0.5000,0.6875,-6.0000,26.5625,-24.5000,-33.8750,0.0300,0.9600,0.0800,0.3100,-0.9700,9.7500,1,1
16424,4474,145578028,5.562,1.500,-17.809,342.375,1.486,1.007,-1.084,100047.41,37.10,-94.369,-96.757,-19.3915,0.9100,-0.9500,9.7500,-0.1250,-0.3750,-2.8750,26.5625,-24.5000,-33.0625,0.0000,0.0000,0.1700,0.2600,-0.9900,9.7500,1,1
16439,4478,145700292,5.562,1.500,-17.663,342.375,1.561,1.170,0.787,100045.47,37.11,-94.374,-96.767,-19.4497,0.4400,-0.9900,9.8000,0.0000,0.0000,-0.1250,27.3750,-24.5000,-33.5000,0.1600,0.0000,0.0500,0.2700,-0.9900,9.7500,1,1
16453,4482,145818205,5.625,1.500,-17.617,342.438,1.622,1.275,-0.359,100044.23,37.10,-94.380,-96.775,-19.4386,0.4400,-0.9800,9.7900,0.1875,0.0625,0.0625,27.3750,-24.0625,-33.5000,0.1600,-0.0100,0.0500,0.2800,-0.9900,9.7500,1,1
16467,4486,145937037,5.688,1.500,-17.575,342.438,1.816,1.468,1.753,100041.94,37.11,-94.344,-96.775,-19.3641,0.4700,-1.0000,9.7200,0.2500,0.6250,0.0000,27.0000,-23.7500,-33.0625,0.1800,-0.0100,-0.0300,0.2900,-0.9900,9.7500,1,1
16481,4490,146058666,5.750,1.500,-17.565,342.438,1.923,1.684,1.330,100039.38,37.12,-94.309,-96.773,-19.4145,0.4400,-0.9800,9.7700,0.0625,0.1250,-0.1250,27.7500,-24.8750,-33.0625,0.1300,0.0100,0.0400,0.3000,-0.9900,9.7500,1,1
16495,4494,146178315,5.875,1.500,-17.259,343.688,1.875,2.317,-1.737,100031.87,37.12,-94.333,-96.783,-19.4246,0.0900,-1.2200,9.8000,-0.6250,-1.5625,-44.1250,26.6875,-25.2500,-33.5000,0.2100,-0.2000,0.0200,0.3300,-0.9800,9.7500,1,1
16510,4498,146300291,6.250,1.312,-14.407,348.062,1.832,2.531,-1.364,100029.34,37.11,-94.352,-96.792,-19.3570,-0.1100,-1.8500,9.8100,0.1875,3.0000,-26.3125,25.1875,-23.0000,-36.3750,-0.4900,-0.9000,0.0600,0.3800,-0.9500,9.7500,1,1
16524,4502,146418489,6.312,1.250,-12.263,348.875,1.779,2.403,-0.284,100030.85,37.12,-94.364,-96.797,-19.3223,0.8100,-0.9600,9.7000,-0.2500,2.3750,-32.3750,24.0625,-21.5625,-38.5000,-0.3700,0.1200,0.0400,0.4000,-0.9400,9.7500,1,1
16538,4506,146538591,6.500,1.188,-9.895,351.500,1.781,2.003,0.230,100035.59,37.12,-94.348,-96.796,-19.5263,0.8700,-0.5900,9.8700,-0.1875,0.8750,-15.8125,24.3750,-20.7500,-40.0625,0.3100,0.3000,0.0500,0.4300,-0.9200,9.7500,1,1
16553,4510,146658681,6.875,0.812,-5.786,358.250,1.883,2.226,0.876,100032.95,37.11,-94.329,-96.798,-19.4621,0.6100,-0.8700,9.8400,-0.3125,2.9375,-89.8125,22.5625,-20.5000,-43.0000,0.1700,-0.1700,-0.0400,0.5000,-0.8700,9.7500,1,1
16567,4514,146778515,7.438,0.375,1.893,6.750,1.791,1.463,-0.409,100042.00,37.11,-94.320,-96.784,-19.3232,-0.5100,-1.7300,9.8200,0.5625,-0.5625,-37.7500,20.6875,-19.0000,-46.6875,-0.8100,-1.5100,-0.0800,0.5900,-0.7900,9.7500,1,1
16582,4518,146900291,7.812,0.250,5.849,6.875,1.632,0.508,-0.799,100053.33,37.12,-94.329,-96.782,-19.4159,0.5900,-0.8600,9.8200,-0.1875,0.0625,0.0000,20.6875,-17.7500,-49.1875,-0.0500,-0.0900,0.0700,0.6500,-0.7700,9.7500,1,1
16596,4522,147018933,7.812,0.250,6.640,6.875,1.843,1.473,1.114,100041.88,37.10,-94.314,-96.777,-19.4075,0.5700,-0.8500,9.8100,-0.0625,-1.2500,0.1250,21.3750,-17.7500,-48.7500,-0.0300,-0.0800,0.0600,0.6500,-0.7700,9.7500,1,1
16609,4525,147118492,7.750,0.312,6.815,6.875,1.829,2.534,-1.055,100029.30,37.11,-94.345,-96.784,-19.6201,0.6200,-0.6800,10.0000,-2.1875,9.9375,0.0000,23.3750,-15.0000,-45.1875,-1.0200,-0.6300,0.0700,0.6200,-0.7900,9.7500,1,1
16622,4529,147228651,7.750,0.312,6.990,7.125,1.625,0.296,0.367,100055.84,37.12,-94.326,-96.782,-19.4415,0.8400,-1.0400,9.8700,-0.8125,1.0000,0.2500,22.2500,-14.5625,-44.0000,0.1900,0.0600,-0.1800,0.6400,-0.7800,9.7500,1,1
16637,4533,147350291,8.375,-0.125,9.036,13.625,1.647,0.148,1.153,100057.60,37.11,-94.315,-96.780,-19.3042,-0.4700,-1.4200,9.8100,-2.0000,4.3125,-125.3125,24.0625,-14.5625,-44.3750,-1.2300,-0.7100,0.0600,0.7500,-0.7000,9.7500,1,1
16651,4537,147468766,8.688,-0.812,18.230,24.250,1.578,2.336,-2.961,100031.64,37.12,-94.417,-96.796,-19.4774,0.3200,-0.9200,9.9200,1.3750,-2.8750,-80.7500,25.5625,-11.2500,-44.7500,-0.5300,-0.2800,0.1600,0.8200,-0.5700,9.7500,1,1
16666,4541,147593291,9.375,-1.500,26.934,31.625,1.792,1.922,3.121,100036.56,37.12,-94.359,-96.782,-19.3865,0.8200,-0.7200,9.8100,-0.0625,0.7500,-52.6875,25.5625,-7.8750,-45.1875,-0.0900,-0.2500,0.0600,0.9200,-0.4700,9.7500,1,1
16678,4544,147689671,9.438,-1.562,31.313,33.250,1.951,2.587,0.047,100028.67,37.11,-94.339,-96.778,-19.4054,0.7400,-0.7000,9.8300,-0.0625,0.5000,0.0625,26.0000,-4.5625,-42.6875,-0.1800,-0.2400,0.0800,0.9300,-0.4600,9.7500,1,1
16694,4548,147816321,9.312,-1.375,32.821,33.000,1.953,1.993,1.020,100035.72,37.11,-94.309,-96.770,-19.3393,0.7900,-0.7100,9.7600,-0.1875,-0.1875,8.3750,25.1875,-3.0625,-43.1875,-0.1100,-0.2200,0.0100,0.9100,-0.4900,9.7500,1,1
16707,4551,147918916,9.125,-1.312,32.555,32.375,1.791,1.594,-1.264,100040.45,37.10,-94.329,-96.774,-19.3980,0.6900,-0.6800,9.8100,0.1250,0.8125,-0.0625,26.3750,-4.5625,-43.5625,-0.3900,-0.1900,0.0000,0.8800,-0.5000,9.7500,1,1
16722,4555,148028398,9.188,-1.188,32.342,32.250,1.869,1.645,0.914,100039.84,37.10,-94.309,-96.769,-19.3540,0.7800,-0.7600,9.7800,0.3125,0.1250,0.7500,26.0000,-3.5000,-42.6875,-0.1000,-0.2300,0.0300,0.8800,-0.5300,9.7500,1,1
16735,4558,148128401,9.125,-1.062,32.256,32.188,2.032,1.963,0.923,100036.06,37.11,-94.270,-96.759,-19.3682,0.7800,-0.7400,9.7900,0.0000,-0.1875,0.3125,26.0000,-3.8750,-43.1875,-0.0900,-0.1900,0.0400,0.8700,-0.5400,9.7500,1,1
16749,4562,148238828,9.062,-1.000,32.203,32.188,2.247,1.747,2.692,100038.63,37.11,-94.180,-96.740,-19.3602,0.7800,-0.7400,9.7800,0.0625,0.0000,0.1875,26.0000,-4.2500,-44.0000,-0.0700,-0.1900,0.0300,0.8600,-0.5500,9.7500,1,1
16764,4566,148359210,9.000,-0.938,32.191,32.188,2.091,1.461,-0.546,100042.02,37.11,-94.167,-96.735,-19.3759,0.7400,-0.7100,9.7900,0.2500,0.1875,0.6250,26.0000,-4.5625,-44.0000,-0.0900,-0.1500,0.0400,0.8500,-0.5700,9.7500,1,1
16778,4570,148479153,8.938,-0.875,32.145,32.125,1.836,1.070,-1.894,100046.66,37.12,-94.194,-96.740,-19.3691,0.7600,-0.6400,9.7700,0.5000,0.2500,2.0625,26.0000,-3.8750,-44.0000,-0.0700,-0.0800,0.0400,0.8400,-0.5800,9.7500,1,1
16794,4574,148601291,8.875,-0.812,31.770,31.375,1.663,1.252,-1.630,100044.49,37.11,-94.257,-96.753,-19.3626,0.8400,-0.7000,9.7700,-0.5000,-1.3125,13.0625,25.5625,-4.5625,-43.1875,0.0000,-0.1000,0.0200,0.8300,-0.5900,9.7500,1,1
16808,4578,148719204,8.750,-0.625,30.802,30.188,1.648,0.896,0.707,100048.73,37.13,-94.256,-96.750,-19.3519,0.8200,-0.7200,9.7600,0.0625,0.1875,9.0000,25.1875,-5.7500,-44.0000,-0.0700,-0.1500,0.0300,0.8100,-0.6200,9.7500,1,1
16821,4581,148819211,8.562,-0.500,29.282,28.000,1.657,2.045,-1.412,100035.09,37.11,-94.309,-96.761,-19.3990,0.7100,-0.7000,9.8000,0.1250,-0.2500,25.8750,26.0000,-5.7500,-44.3750,-0.2700,-0.0400,0.0300,0.7800,-0.6500,9.7500,1,1
16835,4585,148939491,7.938,0.000,25.872,23.250,1.804,2.967,0.888,100024.16,37.11,-94.309,-96.756,-19.7213,0.5800,-0.5700,10.0900,-0.1250,0.8750,38.4375,24.8750,-7.1875,-44.3750,0.0900,0.0800,-0.0500,0.6800,-0.7300,9.7500,1,1
16847,4588,149039490,7.562,0.312,21.893,18.812,1.695,1.013,0.465,100047.34,37.12,-94.280,-96.747,-19.3373,0.8800,-1.0600,9.7600,-0.5625,-1.1875,41.6875,24.8750,-9.3750,-44.0000,0.3100,-0.3900,0.0700,0.6100,-0.7800,9.7500,1,1
16861,4592,149151291,7.062,0.750,15.600,10.688,1.582,0.993,-1.171,100047.57,37.11,-94.316,-96.762,-19.7259,0.9500,-0.9000,10.1200,-0.2500,-1.5000,101.3750,24.8750,-12.3750,-42.3750,0.4200,-0.0400,0.3700,0.5300,-0.8600,9.7500,1,1
16875,4596,149269316,6.500,1.125,6.543,2.438,1.646,2.424,-0.529,100030.61,37.12,-94.366,-96.771,-19.2696,0.5800,-0.9000,9.6400,-0.8125,0.2500,4.1250,25.5625,-15.7500,-39.8750,0.0500,-0.0200,0.0400,0.4300,-0.9100,9.7500,1,1
16889,4600,149389702,6.938,1.000,3.610,3.312,1.457,1.327,-1.238,100043.61,37.11,-94.394,-96.777,-18.7369,2.0600,-1.1200,9.1700,-0.5000,-4.5625,-22.1250,26.3750,-15.7500,-40.2500,1.4000,0.2800,-0.1800,0.5000,-0.8900,9.7500,1,1
16904,4604,149509853,6.812,1.000,3.586,3.562,1.681,1.949,1.295,100036.23,37.12,-94.381,-96.774,-19.2910,-0.6500,-1.2400,9.6900,-2.9375,10.4375,-0.3125,26.0000,-14.5625,-40.6875,1.1700,0.6800,0.4300,0.4900,-0.9000,9.7500,1,1
16918,4608,149629519,6.750,1.062,2.958,1.688,1.802,0.947,1.106,100048.12,37.14,-94.327,-96.757,-18.5925,1.3500,-1.1500,9.0100,0.0000,2.5625,45.1250,26.3750,-14.2500,-40.2500,-2.1100,0.0300,1.4800,0.4400,-0.9100,9.7500,1,1
16933,4612,149751294,5.688,1.500,-3.193,350.938,1.563,1.144,-1.724,100045.79,37.12,-94.391,-96.788,-19.8419,1.0100,0.0500,10.1100,0.3750,-3.5000,103.2500,28.5625,-14.2500,-32.3750,0.7100,1.0400,0.3600,0.2900,-0.9800,9.7500,1,1
16947,4616,149869760,5.500,1.562,-11.418,344.938,1.913,2.680,1.225,100027.57,37.12,-94.362,-96.796,-19.5469,0.4700,-1.0200,9.9000,-1.6250,4.5625,16.6875,27.5000,-18.0000,-32.3750,0.3700,0.0300,0.0400,0.2500,-0.9900,9.7500,1,1
16960,4619,149969876,5.438,1.562,-14.389,344.688,2.025,1.706,4.192,100039.12,37.12,-94.293,-96.787,-19.4456,0.5600,-0.9300,9.7900,-0.6875,3.6875,-5.8125,27.0625,-18.0000,-31.5625,0.1800,0.0900,0.0400,0.2400,-1.0000,9.7500,1,1
16975,4623,150079394,5.438,1.562,-15.024,344.812,1.828,0.899,-1.090,100048.69,37.12,-94.302,-96.795,-19.4242,0.4400,-0.9800,9.7700,0.0625,0.1250,-0.1250,26.3750,-18.0000,-31.1875,0.1800,0.0100,0.0200,0.2500,-1.0000,9.7500,1,1
16990,4627,150201291,5.562,1.562,-15.154,344.812,1.990,1.511,1.629,100041.43,37.13,-94.271,-96.795,-19.4277,0.4900,-0.9900,9.7800,-0.0625,-0.3125,0.0625,26.6875,-18.7500,-31.5625,0.2200,0.0000,0.0300,0.2600,-1.0000,9.7500,1,1
17003,4630,150301291,5.625,1.562,-15.150,344.875,2.036,1.581,0.192,100040.60,37.12,-94.241,-96.791,-19.7569,0.3800,-0.9900,10.1100,0.1250,0.4375,0.0625,27.0625,-18.7500,-30.3750,0.1000,0.0000,0.3600,0.2800,-0.9900,9.7500,1,1
17018,4634,150420128,5.688,1.562,-15.130,344.875,1.851,1.348,-1.514,100043.36,37.10,-94.268,-96.809,-19.4237,0.4800,-0.9900,9.7800,0.0625,0.2500,0.0000,26.6875,-18.0000,-32.0000,0.1500,-0.0100,0.0700,0.2900,-0.9900,9.7500,1,1
17032,4638,150540035,5.750,1.562,-15.126,344.875,1.638,2.180,-2.938,100033.49,37.12,-94.356,-96.829,-19.3061,0.4100,-0.9700,9.6600,0.0000,0.2500,-0.0625,27.8750,-18.7500,-31.5625,0.2300,-0.0200,0.1300,0.3000,-0.9900,9.7500,1,1
17047,4642,150660487,5.812,1.562,-15.085,344.938,1.612,0.904,0.703,100048.63,37.13,-94.342,-96.832,-19.4516,0.4300,-0.9800,9.8100,0.0000,0.0625,-0.1875,27.5000,-18.7500,-31.5625,0.1400,0.0000,0.0500,0.3100,-0.9900,9.7500,1,1
17061,4646,150780233,5.875,1.562,-14.981,345.125,1.629,1.916,-0.546,100036.62,37.13,-94.389,-96.845,-19.4147,0.5000,-1.0100,9.7800,0.0000,0.0000,-4.8125,27.5000,-18.7500,-32.0000,0.2100,0.0200,0.0400,0.3200,-0.9900,9.7500,1,1
17076,4650,150902297,6.000,1.500,-14.452,345.938,1.763,1.706,1.401,100039.12,37.14,-94.363,-96.843,-19.4545,0.4400,-0.9900,9.8200,-0.1250,-0.1875,-0.6875,27.8750,-18.3750,-32.3750,0.0900,0.0000,0.0700,0.3400,-0.9900,9.7500,1,1
17088,4653,151002291,6.062,1.500,-14.151,346.000,1.998,1.863,2.549,100037.26,37.15,-94.306,-96.834,-19.4534,0.5200,-0.9600,9.8200,0.0625,-0.1875,-2.4375,28.1875,-18.0000,-31.1875,0.1600,0.0200,0.0700,0.3500,-0.9800,9.7500,1,1
17101,4657,151110488,6.125,1.500,-13.951,346.125,1.493,0.868,-3.983,100049.05,37.12,-94.399,-96.854,-19.4101,0.4900,-0.9800,9.7800,-0.1250,-0.1875,0.0000,28.1875,-17.5625,-32.3750,0.1100,0.0100,0.0800,0.3600,-0.9800,9.7400,1,1
17115,4661,151230332,6.125,1.500,-13.892,346.125,1.625,1.383,0.499,100042.95,37.14,-94.410,-96.858,-19.4499,0.4900,-0.9800,9.8200,-0.0625,-0.1875,-0.0625,27.5000,-18.7500,-31.1875,0.1300,0.0000,0.0500,0.3700,-0.9800,9.7400,1,1
17130,4665,151352291,6.125,1.500,-13.879,346.125,1.480,2.116,-2.502,100034.25,37.14,-94.499,-96.878,-19.4012,0.4500,-0.9800,9.7700,0.0000,-0.1250,-0.1875,27.5000,-16.8750,-30.3750,0.0800,0.0000,0.0200,0.3700,-0.9800,9.7400,1,1
17144,4669,151470412,6.125,1.500,-13.876,346.125,1.609,2.273,0.848,100032.39,37.12,-94.497,-96.879,-19.4407,0.4600,-0.9800,9.8100,0.1250,0.0000,-0.1875,27.8750,-17.5625,-31.5625,0.1100,0.0100,0.0000,0.3700,-0.9800,9.7400,1,1
17158,4673,151590681,6.125,1.500,-13.875,346.125,1.510,0.976,0.630,100047.77,37.14,-94.490,-96.879,-19.4217,0.4700,-0.9700,9.7900,0.1250,0.0625,-0.1250,27.8750,-17.2500,-29.8750,0.1100,0.0100,0.0300,0.3700,-0.9800,9.7400,1,1
17173,4677,151710829,6.125,1.500,-13.875,346.125,1.752,2.426,1.145,100030.58,37.14,-94.488,-96.880,-19.4407,0.4600,-0.9800,9.8100,0.0000,0.0000,-0.0625,28.1875,-17.2500,-31.5625,0.0900,0.0000,0.0300,0.3700,-0.9800,9.7400,1,1
17187,4681,151830494,6.125,1.500,-13.875,346.125,2.188,2.423,3.541,100030.62,37.14,-94.368,-96.858,-19.4287,0.4600,-1.0000,9.8000,0.0000,0.0000,-0.1250,27.5000,-17.5625,-32.0000,0.1300,0.0100,0.1400,0.3700,-0.9800,9.7400,1,1
17202,4685,151952297,6.125,1.500,-13.875,346.125,2.193,2.720,1.002,100027.09,37.15,-94.331,-96.858,-19.4115,0.5600,-0.9500,9.7800,-0.0625,0.1875,-0.0625,27.8750,-16.8750,-30.3750,0.1900,0.0300,0.0300,0.3700,-0.9800,9.7400,1,1
17216,4689,152070673,6.125,1.500,-13.875,346.125,2.080,1.848,-0.735,100037.44,37.14,-94.300,-96.858,-19.5600,0.4200,-0.9900,9.9300,0.0000,-0.3750,0.0000,27.8750,-17.5625,-31.5625,0.1000,0.0100,-0.0800,0.3700,-0.9800,9.7400,1,1
17230,4693,152190879,6.125,1.500,-13.875,346.125,2.049,3.009,-1.963,100023.66,37.15,-94.328,-96.865,-19.4287,0.4600,-1.0000,9.8000,-0.1250,-0.1250,-0.1250,28.1875,-17.5625,-32.0000,0.1100,0.0000,0.0100,0.3700,-0.9800,9.7400,1,1
17245,4697,152311038,6.250,1.500,-13.875,346.125,1.979,0.911,2.103,100048.55,37.15,-94.253,-96.852,-19.4170,0.4800,-0.9700,9.7900,-0.1875,-0.6875,0.0000,27.0625,-17.5625,-30.6875,0.0900,0.0000,0.0200,0.3800,-0.9800,9.7400,1,1
17257,4700,152411014,6.250,1.500,-13.875,346.125,1.985,2.210,-2.200,100033.14,37.13,-94.289,-96.862,-19.4662,0.5000,-0.9700,9.8400,0.0625,0.1875,-0.0625,27.5000,-17.5625,-30.6875,0.1000,0.0000,0.0300,0.3800,-0.9800,9.7400,1,1
17271,4704,152530614,6.250,1.500,-13.875,346.125,1.780,1.851,-1.688,100037.40,37.13,-94.323,-96.869,-19.4973,0.4900,-0.9600,9.8700,0.1250,-0.3125,0.1875,27.8750,-18.3750,-30.3750,0.1000,0.0100,0.1300,0.3800,-0.9800,9.7400,1,1
17286,4708,152651522,6.250,1.438,-13.585,347.625,1.856,2.454,-0.569,100030.24,37.13,-94.341,-96.872,-19.3239,0.0300,-1.4800,9.7400,0.4375,1.3750,-52.0625,27.8750,-17.2500,-30.7500,-0.3400,-0.5100,0.0000,0.3800,-0.9700,9.7500,1,1
17300,4712,152770792,6.312,1.312,-11.764,349.812,1.774,1.394,0.800,100042.82,37.14,-94.326,-96.874,-19.4103,1.9800,-0.8100,9.8000,-0.5000,2.7500,-60.1875,26.3750,-16.5000,-34.0625,1.8500,-0.2100,-0.0700,0.4100,-0.9500,9.7500,1,1
17314,4716,152891055,6.938,0.938,-6.608,357.750,1.674,1.758,-0.628,100038.51,37.15,-94.370,-96.880,-19.5188,0.7100,-0.9300,9.9100,0.8125,0.2500,-95.6250,24.5000,-16.0625,-38.1875,0.5100,-0.0900,0.0000,0.5100,-0.8800,9.7500,1,1
17329,4720,153011299,7.562,0.500,1.760,7.250,1.822,2.325,0.853,100031.77,37.14,-94.363,-96.880,-19.6770,0.3200,-1.4300,10.1500,0.0000,0.6875,-91.6875,24.8750,-14.2500,-40.6875,-0.1800,-0.2700,-0.1500,0.6100,-0.8100,9.7500,1,1
17343,4724,153131133,7.938,0.125,9.249,13.375,1.860,1.881,0.741,100037.05,37.14,-94.340,-96.871,-19.3919,-0.4400,-0.8100,9.7900,-1.0000,3.1250,-57.9375,26.0000,-11.2500,-40.6875,-0.6100,-0.3400,-0.0900,0.6800,-0.7300,9.7500,1,1
17358,4728,153253291,8.125,-0.062,14.347,15.750,1.830,2.738,-1.599,100026.88,37.15,-94.384,-96.874,-19.1870,-0.3000,-0.7300,9.5800,-0.3125,0.4375,4.8750,26.0000,-9.0625,-41.0625,-1.0100,-0.0100,-0.1600,0.7000,-0.7100,9.7500,1,1
17372,4732,153371134,8.312,-0.125,15.417,15.688,1.856,2.608,-0.457,100028.42,37.16,-94.383,-96.872,-19.4231,0.2600,-1.0400,9.8700,3.7500,-12.3125,5.6875,25.5625,-8.6875,-41.8750,0.4700,0.1100,-0.0400,0.7700,-0.6900,9.7500,1,1
17386,4736,153491501,8.500,-0.188,15.577,15.625,1.651,0.855,-0.731,100049.22,37.15,-94.376,-96.864,-19.3107,0.6800,-0.8200,9.7300,-0.0625,-0.2500,0.0625,26.0000,-9.0625,-41.5000,-0.0400,-0.1100,-0.0300,0.7700,-0.6900,9.7500,1,1
17401,4740,153611671,8.250,-0.125,15.720,16.188,1.641,1.091,-0.253,100046.41,37.15,-94.400,-96.862,-19.1388,-0.4300,-1.0300,9.5800,-2.7500,7.8750,-10.7500,26.3750,-8.2500,-41.8750,-0.5800,0.1500,-0.2300,0.7300,-0.7000,9.7500,1,1
17415,4744,153731334,8.750,-0.500,18.057,20.188,1.762,2.581,0.539,100028.74,37.15,-94.421,-96.859,-19.3378,1.0400,-0.7500,9.7500,-0.0625,0.0000,-27.3750,26.3750,-7.5625,-42.3750,0.0200,-0.0100,0.0800,0.8200,-0.6300,9.7500,1,1
17430,4748,153853291,8.375,-0.375,19.840,20.125,1.469,0.230,-0.395,100056.62,37.14,-94.428,-96.858,-19.4185,0.0700,-0.4400,9.7800,0.0000,-0.7500,12.6875,26.0000,-5.7500,-41.0625,-0.6800,0.2100,0.0300,0.7500,-0.6600,9.7500,1,1
17444,4752,153971496,8.688,-0.438,19.981,20.000,1.785,2.121,1.366,100034.20,37.15,-94.423,-96.849,-19.2705,0.8100,-0.8000,9.6900,-0.0625,-0.3125,0.0000,26.3750,-5.7500,-40.6875,-0.1200,-0.1300,0.0500,0.8100,-0.6500,9.7500,1,1
17456,4755,154071530,8.688,-0.438,19.982,19.875,1.561,0.442,0.140,100054.10,37.16,-94.436,-96.848,-19.4300,0.5600,-0.9100,9.8700,0.5625,-0.0625,7.5000,26.0000,-5.7500,-40.6875,-0.0100,0.0000,0.0500,0.8000,-0.6600,9.7500,1,1
17469,4759,154181495,8.562,-0.375,19.864,19.875,1.662,0.957,0.346,100048.01,37.15,-94.425,-96.843,-19.5802,0.4200,-0.5900,9.9700,-0.3750,1.1250,-3.2500,26.0000,-6.0625,-39.8750,-0.0400,0.7900,0.0700,0.7800,-0.6600,9.7500,1,1
17484,4763,154303291,8.312,-0.438,20.827,21.938,1.721,2.159,0.043,100033.75,37.16,-94.454,-96.841,-18.1420,-0.4600,-1.5900,8.6600,-4.5000,4.3125,-15.6250,23.6875,-7.5625,-43.1875,-1.2000,-0.9300,-1.0800,0.7400,-0.6500,9.7500,1,1
17498,4767,154421679,8.375,-0.625,22.205,22.750,1.955,2.194,1.904,100033.34,37.14,-94.389,-96.807,-19.2694,0.9800,-1.2600,9.7400,1.3750,-0.9375,4.0625,23.0000,-6.3750,-45.1875,0.6400,0.1200,0.1400,0.7600,-0.6200,9.7500,1,1
17513,4771,154544290,8.375,-0.625,22.719,22.875,1.869,2.787,-1.369,100026.30,37.14,-94.415,-96.811,-19.3410,0.6000,-0.7400,9.7400,0.8125,-0.9375,0.0625,21.1875,-5.7500,-45.5625,-0.1500,-0.1100,-0.0100,0.7500,-0.6200,9.7500,1,1
17528,4775,154661572,8.438,-0.562,22.843,22.875,1.982,1.400,2.672,100042.75,37.16,-94.324,-96.795,-19.3904,0.5900,-0.7200,9.7900,0.3750,-0.3750,0.0000,22.5625,-5.3750,-43.5625,-0.0700,-0.1300,0.0800,0.7500,-0.6200,9.7500,1,1
17541,4778,154762210,8.312,-0.500,22.867,22.875,1.830,2.261,-2.510,100032.53,37.16,-94.380,-96.807,-19.4547,0.6900,-0.7200,9.8500,-1.1875,1.1250,0.0000,21.8750,-6.0625,-43.5625,0.0100,-0.1400,-0.0600,0.7400,-0.6400,9.7500,1,1
17554,4782,154871945,8.250,-0.375,22.441,22.000,1.830,1.070,1.633,100046.66,37.16,-94.328,-96.796,-19.3726,-0.3500,-0.7000,9.7700,-0.0625,-0.6250,8.7500,21.8750,-6.3750,-44.3750,-0.2000,-0.2700,-0.0400,0.7300,-0.6600,9.7500,1,1
17569,4786,154992558,8.125,-0.312,21.844,21.625,1.460,0.924,-3.078,100048.39,37.16,-94.419,-96.808,-19.4896,0.7300,-0.7900,9.8900,0.3750,-0.1250,-0.4375,23.0000,-7.1875,-44.0000,-0.1400,-0.0700,0.0500,0.7100,-0.6800,9.7500,1,1
17585,4790,155119664,8.125,-0.250,21.665,21.625,1.515,1.234,0.788,100044.71,37.16,-94.444,-96.813,-19.3555,0.6400,-0.8200,9.7600,0.1875,-0.3750,-0.1250,23.0000,-7.5625,-43.5625,-0.0600,-0.1300,0.0100,0.7100,-0.6800,9.7500,1,1
17599,4793,155221972,8.125,-0.188,21.634,21.625,1.430,1.880,-2.156,100037.05,37.14,-94.514,-96.829,-19.3708,0.7600,-0.7100,9.7600,-0.5000,1.3750,-0.1250,23.0000,-7.1875,-44.7500,1.7000,0.8000,-0.0300,0.7000,-0.6900,9.7500,1,1
17617,4798,155362370,8.062,-0.250,22.058,22.188,1.650,1.349,2.493,100043.35,37.15,-94.475,-96.821,-19.3505,0.5700,-0.8000,9.7500,-0.0625,0.1250,-0.4375,23.3750,-6.7500,-44.7500,-0.0700,-0.1000,0.0700,0.7000,-0.6900,9.7500,1,1
17629,4801,155462277,8.062,-0.188,22.151,22.188,1.703,2.701,0.030,100027.32,37.16,-94.501,-96.826,-19.3600,0.6200,-0.8000,9.7600,0.1875,-0.3125,0.1250,22.2500,-7.1875,-44.0000,-0.0500,-0.1000,0.0100,0.7000,-0.6900,9.7500,1,1
17642,4805,155572123,8.062,-0.188,22.099,22.000,1.760,2.291,0.859,100032.18,37.17,-94.479,-96.818,-19.4093,0.5700,-0.8000,9.8100,0.1875,-1.1250,1.0000,23.6875,-7.1875,-46.0625,-0.1300,-0.0900,0.0200,0.7000,-0.7000,9.7500,1,1
17656,4809,155692338,8.062,-0.125,22.023,22.000,1.532,0.714,-0.081,100050.88,37.16,-94.473,-96.818,-19.2985,0.6100,-0.8100,9.7000,-0.0625,0.1875,-0.0625,23.3750,-7.1875,-46.0625,-0.0300,-0.0800,0.1000,0.7000,-0.7000,9.7500,1,1
17671,4813,155812471,8.062,-0.125,22.005,22.000,1.474,1.651,-1.854,100039.77,37.17,-94.535,-96.831,-19.4697,0.6500,-0.7900,9.8700,-0.4375,0.8750,-0.1250,21.8750,-8.2500,-44.3750,-0.1200,-0.1100,-0.0600,0.6900,-0.7000,9.7500,1,1
17685,4817,155932315,8.125,-0.125,22.143,22.312,1.530,1.904,0.554,100036.77,37.17,-94.540,-96.829,-19.3907,-0.7800,-1.3100,9.8700,-0.3750,-0.0625,1.3125,23.0000,-7.5625,-45.1875,-0.0300,-0.0600,0.1000,0.7100,-0.7000,9.7500,1,1
17700,4821,156053291,8.125,-0.125,22.278,22.312,1.704,1.638,1.639,100039.92,37.18,-94.498,-96.820,-19.3839,0.6400,-0.8200,9.7900,-0.1875,0.1875,-0.1875,23.3750,-8.6875,-44.0000,-0.0600,-0.1100,0.0300,0.7000,-0.7000,9.7500,1,1
17714,4825,156172307,8.062,-0.125,22.305,22.312,1.456,1.288,-1.248,100044.08,37.17,-94.543,-96.829,-19.4821,0.5600,-0.7000,9.8700,0.1250,-0.3750,-0.5625,23.6875,-8.6875,-44.3750,-0.5400,0.2800,0.2200,0.7000,-0.7100,9.7500,1,1
17728,4829,156292499,7.750,1.375,22.223,22.188,1.268,1.075,-2.067,100046.60,37.17,-94.607,-96.900,-19.9443,-0.2000,-0.3000,10.2700,-48.2500,-1.0625,1.7500,23.0000,-7.8750,-44.7500,-0.9200,0.9200,0.6300,0.6600,-1.0500,9.7200,1,1
17743,4833,156412672,13.125,1.625,21.016,18.875,1.585,2.022,2.381,100035.37,37.17,-94.607,-97.086,-20.0687,1.0500,3.1400,9.8400,46.1875,-31.1875,48.6250,18.5625,-19.7500,-52.1875,-0.4500,3.7000,-0.1000,1.5600,-0.9900,9.6200,1,1
17757,4837,156532495,11.250,-0.188,17.153,14.125,1.465,0.349,0.488,100055.20,37.17,-94.597,-96.908,-18.4829,0.9800,0.8700,8.6700,33.6250,23.4375,71.0000,13.3750,-33.8750,-58.8750,-0.7700,-0.1200,-2.1000,1.2200,-0.6500,9.7000,1,1
17772,4841,156654290,6.688,-2.438,9.447,3.938,1.522,0.849,0.253,100049.28,37.17,-94.594,-96.786,-19.8844,0.0400,-4.7400,10.7100,-28.2500,71.4375,74.8125,7.7500,-36.1875,-59.2500,-0.4100,-4.4200,0.9200,0.4600,-0.3100,9.7900,1,1
17787,4845,156772491,3.312,-2.312,1.888,358.312,1.488,1.371,-0.132,100043.09,37.18,-94.619,-96.803,-19.0822,-0.8100,-2.7400,9.4900,-15.8750,23.5625,28.4375,6.0625,-32.2500,-50.3750,-0.9300,-2.1900,0.1100,-0.1600,-0.3700,9.7900,1,1
17801,4849,156892677,4.875,-0.812,-1.388,357.500,1.626,2.626,-0.263,100028.20,37.17,-94.646,-97.065,-19.6476,0.5300,0.4700,9.8300,0.8125,-2.3125,13.5625,6.0625,-34.0625,-52.7500,0.2800,-0.1100,0.0200,0.1500,-0.5900,9.7800,1,1
17816,4853,157012847,4.750,-0.812,-3.912,354.375,1.614,1.727,1.131,100038.87,37.17,-94.639,-97.074,-19.5700,0.6100,-0.4900,9.8300,0.1250,-1.5625,9.7500,4.1875,-34.0625,-52.7500,0.3100,0.0900,0.0600,0.1300,-0.5900,9.7800,1,1
17830,4857,157132516,5.188,-1.000,-5.590,353.688,1.287,1.226,-2.655,100044.81,37.18,-94.730,-97.106,-19.4649,0.6400,-0.7900,9.7600,2.6250,-6.4375,-5.7500,2.3750,-33.6875,-51.1875,-0.0100,-0.0500,0.0300,0.2000,-0.5600,9.7800,1,1
17845,4861,157254293,4.812,-0.812,-5.262,355.188,1.954,2.255,5.338,100032.61,37.17,-94.622,-97.093,-19.6890,0.3700,-1.2700,10.0200,0.1250,-0.2500,-5.7500,3.8750,-33.0000,-53.1875,0.2300,-0.6800,0.2300,0.1400,-0.5900,9.7800,1,1
17859,4865,157372764,4.812,-0.812,-4.419,355.812,2.030,2.391,0.497,100030.99,37.18,-94.591,-97.092,-19.4941,-0.0800,-0.4300,9.7600,0.1250,0.0000,8.9375,4.1875,-33.6875,-52.0000,0.1400,0.4100,-0.0300,0.1400,-0.5900,9.7800,1,1
17873,4869,157492896,4.812,-0.812,-4.212,355.938,2.032,2.726,-0.046,100027.02,37.18,-94.577,-97.099,-19.5156,0.2800,-0.5900,9.7900,-0.3750,0.1250,-0.0625,4.5625,-33.6875,-52.0000,0.1500,0.0000,0.0400,0.1400,-0.5900,9.7800,1,1
17889,4873,157613270,4.750,-0.812,-4.800,354.438,1.938,1.825,-1.016,100037.71,37.19,-94.570,-97.109,-19.5544,0.3300,-0.6300,9.8300,0.0000,-0.4375,15.0000,3.0625,-33.6875,-52.0000,0.1000,0.0000,0.0500,0.1300,-0.5900,9.7800,1,1
17905,4877,157732385,4.750,-0.812,-5.867,353.812,1.934,3.218,-1.214,100021.19,37.18,-94.619,-97.130,-19.5565,0.3000,-0.6000,9.8300,0.1250,-0.2500,0.0000,3.0625,-34.0625,-51.1875,0.1600,0.0000,0.0400,0.1300,-0.5900,9.7800,1,1
17920,4881,157853338,4.812,-0.812,-6.122,353.812,1.708,1.654,-1.118,100039.73,37.19,-94.631,-97.141,-19.4851,0.3800,-1.0900,9.8000,0.2500,-0.3750,0.5000,2.6875,-33.6875,-52.0000,0.3800,-0.9600,-0.0300,0.1400,-0.5900,9.7800,1,1
17932,4884,157954291,4.812,-0.750,-6.419,353.188,1.620,1.545,-0.673,100041.02,37.18,-94.663,-97.153,-19.4984,0.1300,-0.7700,9.7900,0.1875,-0.4375,7.3750,2.0000,-33.6875,-52.0000,0.0000,-0.1600,0.0000,0.1400,-0.6000,9.7800,1,1
17945,4888,158063154,4.750,-0.688,-7.324,351.812,1.806,2.631,0.864,100028.15,37.17,-94.667,-97.159,-19.5490,0.1900,-0.6700,9.8300,0.0625,-1.3750,15.8750,2.0000,-33.6875,-52.3750,0.5300,0.2600,0.0600,0.1300,-0.6100,9.7800,1,1
17959,4892,158183107,4.562,-0.625,-9.913,346.812,1.770,1.263,0.866,100044.38,37.18,-94.634,-97.162,-19.5343,0.8700,-0.1300,9.7600,-1.5625,0.3125,96.4375,0.5000,-33.2500,-52.3750,0.1700,-0.0800,0.0100,0.0900,-0.6200,9.7800,1,1
17974,4896,158305291,3.312,-0.688,-25.047,319.250,1.673,1.582,-1.191,100040.59,37.17,-94.682,-97.168,-19.7987,-0.2600,-2.2000,10.1400,-6.5000,17.0000,369.0000,-11.3750,-30.3750,-50.7500,-0.1400,-1.5800,0.3500,-0.1200,-0.6100,9.7800,1,1
17988,4900,158423131,2.375,-1.438,-52.462,291.438,1.966,2.947,2.009,100024.40,37.18,-94.662,-97.188,-19.5699,1.7100,-0.4400,9.7500,-0.1250,-2.0625,188.6875,-25.5000,-19.5625,-51.1875,1.4100,-0.3600,-0.0300,-0.3100,-0.4800,9.7800,1,1
18002,4904,158543524,1.875,-2.250,-73.610,272.062,1.857,1.910,-0.010,100036.70,37.18,-94.645,-97.201,-19.7237,-2.1500,-4.7500,10.1700,1.7500,-2.8125,251.4375,-29.1875,-11.5000,-51.1875,0.8500,-4.3800,0.4600,-0.3700,-0.3300,9.7900,1,1
18017,4908,158663579,1.812,-2.500,-89.048,266.250,1.692,1.201,-0.522,100045.11,37.19,-94.675,-97.218,-19.6050,0.2800,-0.6200,9.8200,0.1875,-0.0625,16.8750,-31.5000,-1.0000,-50.7500,0.9300,-0.1900,0.0200,-0.3800,-0.3000,9.7900,1,1
18030,4911,158763665,2.000,-2.438,-93.195,264.750,1.704,2.289,-1.337,100032.20,37.17,-94.729,-97.241,-19.5664,0.3800,-0.6200,9.7800,0.3750,-0.5625,19.3125,-31.7500,0.0000,-52.0000,-0.2700,0.1500,0.0700,-0.3400,-0.3100,9.7900,1,1
18044,4915,158883205,2.312,-2.375,-96.160,262.125,1.979,2.356,1.859,100031.41,37.17,-94.677,-97.243,-19.5740,0.5700,-0.9900,9.8000,0.4375,0.0625,21.6250,-31.0625,0.7500,-51.1875,0.5900,-0.5300,0.0300,-0.2700,-0.3400,9.7900,1,1
18056,4918,158983207,2.688,-2.188,-98.270,260.375,1.755,1.429,0.204,100042.41,37.18,-94.701,-97.258,-19.5727,0.1800,-0.4900,9.8000,0.0625,0.2500,15.5625,-31.0625,2.2500,-51.1875,0.4000,-0.2100,0.0200,-0.2200,-0.3600,9.7900,1,1
18069,4922,159093562,3.062,-2.000,-99.748,259.688,1.691,1.884,-1.670,100037.01,37.18,-94.746,-97.278,-19.5739,0.3100,-0.6300,9.8100,-0.1250,0.0000,0.0000,-31.5000,3.3750,-49.5625,0.5100,-0.2300,0.0000,-0.1500,-0.3900,9.7900,1,1
18084,4926,159213665,3.562,-1.750,-100.216,259.750,1.836,2.223,1.203,100032.99,37.19,-94.743,-97.286,-19.5975,0.6700,-0.5800,9.8300,0.7500,1.1250,-3.5000,-30.6875,3.7500,-49.8750,1.2900,0.0700,-0.0400,-0.0800,-0.4300,9.7900,1,1
18099,4930,159334291,3.812,-1.688,-99.380,261.750,1.791,1.143,0.394,100045.80,37.18,-94.726,-97.291,-19.4491,1.3100,-0.7600,9.6800,0.9375,0.9375,-29.3750,-30.6875,3.0000,-50.3750,1.3400,-0.3100,-0.1000,-0.0300,-0.4400,9.7900,1,1
18114,4934,159455291,4.000,-1.625,-97.051,264.000,1.888,1.345,1.624,100043.40,37.18,-94.709,-97.297,-19.5538,0.7800,-0.8200,9.8100,-0.1875,0.1250,-11.5625,-31.0625,0.3750,-51.1875,0.7800,-0.3600,0.0100,0.0000,-0.4500,9.7900,1,1
18128,4938,159573613,4.000,-1.625,-95.652,264.938,1.733,1.636,-1.373,100039.95,37.19,-94.758,-97.314,-19.5487,0.7800,-0.7500,9.8000,-0.1875,0.4375,-6.5625,-30.6875,0.3750,-50.3750,0.3800,-0.2700,0.0100,0.0000,-0.4500,9.7900,1,1
18142,4942,159693863,4.062,-1.625,-94.371,266.562,1.629,1.170,-0.306,100045.48,37.18,-94.783,-97.327,-19.6006,-0.3200,-0.5400,9.8700,0.1875,-0.0625,-9.6250,-31.3750,-0.5625,-49.8750,0.1900,-0.1700,0.0200,0.0100,-0.4500,9.7900,1,1
18157,4946,159814029,4.188,-1.562,-93.580,266.625,1.738,2.864,-0.362,100025.38,37.19,-94.841,-97.342,-19.5479,0.2600,-0.6300,9.8100,0.0625,0.0000,0.0000,-31.3750,-1.3750,-51.1875,0.2800,-0.1400,0.0200,0.0300,-0.4600,9.7900,1,1
18170,4949,159914026,4.375,-1.438,-93.427,266.625,1.784,1.269,1.937,100044.30,37.20,-94.796,-97.337,-19.5375,0.3900,-0.6200,9.8000,-0.0625,0.0625,-0.9375,-31.0625,-1.0000,-48.6875,0.4600,-0.2700,0.0000,0.0600,-0.4800,9.7900,1,1
18183,4953,160023950,4.312,-1.438,-92.753,267.812,1.871,1.485,0.650,100041.73,37.19,-94.779,-97.339,-19.5985,0.1000,-0.6600,9.8700,-0.1250,0.4375,-16.2500,-30.6875,-0.5625,-49.8750,0.4300,-0.0500,-0.0100,0.0600,-0.4800,9.7900,1,1
18200,4957,160144488,4.688,-1.500,-87.941,277.062,1.796,2.902,-1.671,100024.93,37.18,-94.862,-97.359,-19.4816,0.4600,-0.8700,9.7700,-0.5000,1.6250,-149.5625,-30.2500,-2.5000,-50.3750,-0.6900,-0.4300,0.0400,0.1200,-0.4800,9.7900,1,1
18216,4961,160273865,6.125,-2.938,-55.223,335.500,1.744,1.651,0.430,100039.77,37.20,-94.855,-97.369,-19.5354,1.4400,-0.5300,9.7800,0.8750,7.1875,-607.0625,-22.8750,-22.1875,-52.0000,0.2400,-1.5000,0.0000,0.3700,-0.1900,9.7900,1,1
18230,4965,160394048,5.812,-4.938,-0.623,30.938,1.898,1.777,0.858,100038.28,37.18,-94.828,-97.362,-19.5463,0.7400,-0.4700,9.8100,1.2500,0.3750,-270.8125,8.2500,-33.2500,-52.7500,0.9700,-0.3000,0.0300,0.3000,0.1300,9.8000,1,1
18245,4969,160514285,5.438,-5.250,31.010,41.688,1.862,2.164,-0.393,100033.68,37.18,-94.849,-97.365,-19.3544,-0.4300,-0.8300,9.7500,0.8125,0.6875,-50.2500,28.0000,-23.6875,-51.5625,0.1400,-0.5400,0.0200,0.2400,0.1700,9.8000,1,1
18259,4973,160634149,5.438,-5.500,41.723,46.750,1.820,1.609,0.380,100040.27,37.19,-94.838,-97.361,-19.4110,-0.6600,-0.4600,9.8000,-0.5625,2.3125,-48.4375,29.0625,-20.6875,-51.5625,0.2500,-0.5500,0.0400,0.2400,0.2200,9.8000,1,1
18273,4977,160750291,5.375,-5.250,47.217,49.312,1.778,1.951,-0.455,100036.22,37.18,-94.860,-97.368,-19.5314,0.2300,-0.4500,9.8300,-0.3125,0.8750,-5.4375,31.3750,-18.8750,-52.0000,0.0000,-0.6200,0.0300,0.2300,0.1700,9.8000,1,1
18288,4981,160874302,5.438,-4.938,49.556,50.375,1.822,1.868,0.788,100037.20,37.18,-94.846,-97.366,-19.5202,0.2900,-0.5400,9.8200,-0.7500,1.2500,-0.1250,32.3750,-17.3750,-52.3750,0.0000,-0.6400,0.0000,0.2500,0.1000,9.8000,1,1
18300,4984,160974315,5.562,-4.250,50.108,50.312,1.717,1.596,-1.359,100040.41,37.18,-94.869,-97.371,-19.5018,0.3300,-0.4800,9.7900,-0.1875,0.5000,-0.1250,31.3750,-17.7500,-51.5625,0.0500,-0.5300,-0.0200,0.2600,0.0000,9.8000,1,1
18314,4988,161084208,5.562,-3.812,50.600,51.188,1.696,1.222,0.490,100044.85,37.18,-94.876,-97.374,-19.4796,0.2800,-0.6000,9.7800,-0.0625,0.2500,-18.3750,31.3750,-17.7500,-51.5625,0.1100,-0.3600,0.0100,0.2700,-0.0800,9.8000,1,1
18329,4992,161206291,5.562,-3.625,51.998,53.000,1.845,2.099,0.726,100034.46,37.18,-94.876,-97.376,-19.5622,0.4000,-0.3500,9.8300,2.1250,-4.5000,-18.8750,32.3750,-17.7500,-50.7500,0.1300,-0.2400,0.0200,0.2700,-0.1100,9.8000,1,1
18343,4996,161324018,5.562,-3.500,53.135,53.375,1.994,1.953,1.201,100036.19,37.18,-94.832,-97.369,-19.5572,0.2700,-0.5300,9.8500,-0.0625,-1.1250,14.1250,32.7500,-16.5625,-52.7500,0.0000,-0.4000,0.0400,0.2700,-0.1300,9.8000,1,1
18356,4999,161424588,5.625,-3.125,49.891,43.250,1.802,0.587,0.063,100052.39,37.18,-94.840,-97.374,-19.6747,0.8700,0.1300,9.8700,1.0000,-4.3750,189.7500,32.3750,-16.5625,-52.3750,-0.0600,-0.8900,0.0100,0.2700,-0.1900,9.8000,1,1
18369,5003,161534516,5.375,-2.500,31.808,13.625,1.829,2.042,-0.339,100035.14,37.18,-94.863,-97.388,-19.5881,0.4800,-0.5000,9.8600,1.8750,-1.8750,406.0000,25.0625,-24.7500,-51.5625,1.8300,0.3300,-0.0800,0.2200,-0.3100,9.7900,1,1
18384,5007,161656290,3.188,-2.250,-18.864,299.875,1.845,2.128,-0.147,100034.12,37.19,-94.869,-97.394,-19.3461,-0.2800,-1.0300,9.6300,0.3125,-4.1875,588.5000,-13.5625,-30.7500,-51.5625,-0.1400,-0.6800,-0.1600,-0.1400,-0.3400,9.7900,1,1
18398,5011,161774515,2.625,-2.938,-70.769,265.562,1.719,0.749,0.198,100050.47,37.19,-94.857,-97.407,-19.5291,-0.8500,-1.1100,9.8400,-0.1875,-2.8750,178.6875,-30.2500,-6.2500,-52.0000,0.4700,0.7800,0.0000,-0.2300,-0.2200,9.8000,1,1
18412,5015,161894693,2.812,-3.312,-95.161,255.062,1.951,2.367,1.396,100031.28,37.19,-94.855,-97.415,-19.5728,-0.7500,-0.8600,9.8800,1.1250,-1.9375,69.8750,-31.7500,3.7500,-50.7500,0.1600,-0.5600,-0.0600,-0.2100,-0.1600,9.8000,1,1
18427,5019,162014848,2.562,-3.312,-105.576,250.438,1.740,1.334,-1.039,100043.53,37.20,-94.877,-97.430,-19.6770,2.2700,0.3400,9.7500,-0.9375,0.7500,29.0000,-30.6875,7.5000,-50.7500,0.5200,0.2100,0.0200,-0.2500,-0.1600,9.8000,1,1
18442,5023,162135396,2.812,-3.125,-109.371,249.125,1.853,2.495,-0.096,100029.77,37.18,-94.904,-97.442,-19.6103,0.3400,-0.5800,9.8400,1.2500,-1.7500,0.8125,-30.6875,8.5625,-51.1875,0.5500,-0.3800,0.0400,-0.2000,-0.2000,9.8000,1,1
18455,5026,162240662,3.312,-2.688,-110.633,248.750,1.518,0.330,-0.060,100055.44,37.18,-94.939,-97.455,-19.5623,0.2200,-0.6500,9.8100,1.1250,-2.1875,0.3750,-30.2500,9.6875,-52.0000,0.3500,-0.3800,0.0100,-0.1200,-0.2600,9.8000,1,1
18472,5030,162357291,3.750,-2.438,-111.198,248.625,1.767,2.386,0.449,100031.05,37.19,-94.973,-97.467,-19.5628,0.1700,-0.6300,9.8200,1.1875,-2.1875,1.3125,-31.0000,10.0625,-51.1875,0.2100,-0.3100,0.0200,-0.0400,-0.3100,9.8000,1,1
18488,5034,162474946,4.000,-2.188,-111.342,248.625,2.090,3.133,2.301,100022.20,37.18,-94.933,-97.463,-19.5745,0.3000,-0.6100,9.8300,0.1875,-0.4375,0.3750,-31.0000,10.0625,-50.7500,0.3100,-0.2300,0.0100,0.0000,-0.3500,9.8000,1,1
18504,5038,162594574,4.250,-2.000,-111.369,248.625,2.022,1.057,0.887,100046.81,37.18,-94.869,-97.454,-19.5398,0.3000,-0.6000,9.8000,0.3125,-0.3125,-0.0625,-31.3750,9.3750,-50.3750,0.2600,-0.2100,0.0000,0.0400,-0.3800,9.7900,1,1
18517,5041,162695051,4.062,-1.688,-110.830,251.750,1.695,0.435,-2.567,100054.20,37.18,-94.940,-97.469,-19.5474,-0.6500,-0.3000,9.8100,-5.1250,6.6250,-159.8125,-30.6875,9.0000,-49.5625,-0.2500,0.4000,0.0700,0.0100,-0.4400,9.7900,1,1
18531,5045,162807291,5.312,-2.375,-91.601,289.188,1.907,1.514,1.846,100041.39,37.19,-94.910,-97.470,-19.7184,0.0400,-0.2000,9.9800,2.3750,-5.3125,-439.0625,-31.0000,-5.5000,-50.3750,-0.1900,0.1200,0.1800,0.2300,-0.3200,9.7900,1,1
18545,5049,162925134,5.938,-4.062,-44.917,349.438,1.887,2.249,-1.125,100032.68,37.19,-94.936,-97.468,-19.6650,0.5800,1.0100,9.7900,-2.5000,5.7500,-621.5625,-16.1875,-27.7500,-52.3750,2.7500,1.0100,-0.0800,0.3200,0.0000,9.8000,1,1
18559,5053,163045339,5.062,-5.312,8.557,34.312,2.022,2.372,0.733,100031.22,37.17,-94.902,-97.472,-19.3741,0.1300,-1.4200,9.7600,-0.8125,0.8125,-147.1875,15.3750,-30.3750,-52.0000,-0.0900,-2.3000,0.0000,0.1800,0.1900,9.8000,1,1
18574,5057,163165484,4.750,-5.438,34.003,43.250,1.636,0.253,-1.132,100056.34,37.19,-94.922,-97.475,-19.5506,0.6800,-0.5200,9.8000,0.8750,0.0000,-52.1875,28.6875,-23.2500,-51.1875,0.3300,-0.5800,0.0000,0.1300,0.2000,9.8000,1,1
18588,5061,163285335,5.062,-5.125,41.592,43.875,1.826,2.424,-0.886,100030.60,37.19,-94.967,-97.483,-19.4145,1.0600,-1.8200,9.7500,-7.6875,-7.2500,2.9375,29.8750,-21.7500,-52.3750,-0.1800,-1.0200,-0.0900,0.1800,0.1400,9.8000,1,1
18603,5065,163407291,5.125,-4.562,36.850,28.250,1.979,2.856,1.577,100025.48,37.17,-94.944,-97.481,-19.3659,1.7100,-0.2100,9.5100,0.1250,-1.1250,185.0000,25.6875,-24.5000,-52.7500,1.5100,-0.2700,-0.2900,0.1900,0.0600,9.8000,1,1
18617,5069,163525032,5.312,-4.375,23.105,16.250,2.218,2.347,2.449,100031.51,37.19,-94.853,-97.458,-19.5646,0.0400,-0.3700,9.8600,0.2500,-1.0000,33.7500,18.0000,-29.5625,-52.7500,-0.1800,-0.4000,0.0500,0.2200,0.0100,9.8000,1,1
18631,5073,163645041,5.250,-4.000,17.957,16.500,2.194,2.853,-1.706,100025.52,37.17,-94.854,-97.457,-19.5040,0.3200,-0.5500,9.7900,0.0625,0.0625,-0.0625,16.0625,-29.5625,-53.1875,0.1000,-0.5000,0.0000,0.2200,-0.0400,9.8000,1,1
18646,5077,163765573,5.375,-3.562,16.753,16.438,2.380,2.677,2.095,100027.61,37.20,-94.769,-97.440,-19.5321,0.3200,-0.5600,9.8200,0.0000,-0.1875,0.0000,16.5000,-31.0625,-52.7500,0.1400,-0.4100,-0.0100,0.2300,-0.1200,9.8000,1,1
18660,5081,163885519,5.438,-3.562,16.988,18.062,2.319,2.262,0.049,100032.52,37.17,-94.726,-97.442,-19.4268,-0.4200,-1.1700,9.8200,1.5000,-2.0625,-78.4375,16.8750,-31.0625,-52.3750,-0.8500,-0.5800,0.0600,0.2500,-0.1000,9.8000,1,1
18675,5085,164007291,5.188,-4.750,42.181,67.812,2.126,1.192,-0.838,100045.22,37.18,-94.710,-97.440,-19.3674,2.0400,-1.7300,9.6200,-3.5625,6.7500,-473.0625,32.0625,-17.3750,-52.0000,1.8300,-1.8200,-0.1700,0.2100,0.0800,9.8000,1,1
18689,5089,164125514,4.500,-5.062,80.595,100.250,1.978,0.859,-0.018,100049.16,37.18,-94.712,-97.434,-19.5604,0.3700,-0.3900,9.8200,-0.4375,0.6250,-151.9375,36.8750,4.5000,-52.0000,0.2900,-0.9700,-0.0400,0.0800,0.1400,9.8000,1,1
18704,5093,164249292,4.500,-4.750,100.405,106.938,2.081,3.011,-1.712,100023.64,37.17,-94.764,-97.446,-19.5426,0.3300,-0.4800,9.8100,-0.2500,0.2500,-2.1875,36.1875,13.0000,-51.1875,0.2400,-0.5700,0.0000,0.0900,0.0900,9.8000,1,1
18719,5097,164366392,4.688,-4.250,105.592,106.938,2.261,3.408,1.437,100018.93,37.16,-94.734,-97.443,-19.5387,0.2600,-0.4600,9.8100,-0.1250,-0.2500,0.0000,35.0625,14.8750,-50.7500,0.1400,-0.4600,0.0100,0.1200,0.0000,9.8000,1,1
18732,5100,164466438,4.812,-3.938,106.596,106.938,2.454,2.672,2.266,100027.66,37.16,-94.635,-97.425,-19.5312,0.3000,-0.4600,9.8000,0.0625,0.0000,0.1250,34.6875,14.5000,-52.0000,0.1500,-0.4000,0.0000,0.1400,-0.0500,9.8000,1,1
18746,5104,164585674,4.875,-3.812,105.108,103.000,2.376,1.225,1.377,100044.83,37.17,-94.560,-97.413,-19.4931,1.1000,-1.0600,9.7600,0.0000,-0.5625,38.3750,35.3750,14.5000,-51.5625,0.2900,-0.6400,0.0100,0.1500,-0.0800,9.8000,1,1
18761,5108,164707291,4.875,-3.688,99.940,93.875,2.219,1.791,-2.135,100038.10,37.18,-94.593,-97.422,-19.4804,-0.2500,-0.7600,9.8100,1.0000,-1.5625,151.0625,36.1875,10.0625,-52.0000,-0.4000,-0.6600,0.0000,0.1500,-0.1000,9.8000,1,1
18775,5112,164825943,4.625,-3.250,74.645,48.062,2.106,1.302,-0.063,100043.91,37.18,-94.590,-97.411,-19.4971,2.6100,0.3600,9.5600,2.7500,-2.0000,621.3750,37.6875,-3.5625,-53.1875,3.6500,-0.5400,-0.3500,0.1000,-0.1800,9.8000,1,1
18789,5116,164944610,3.750,-3.062,21.360,346.500,2.239,2.627,-0.282,100028.19,37.18,-94.601,-97.427,-19.9510,2.9200,-0.7000,10.0700,-0.1250,-5.5000,439.3750,17.5625,-30.3750,-52.3750,2.9600,-0.4800,0.2600,-0.0400,-0.2100,9.8000,1,1
18804,5120,165066286,3.438,-3.250,-22.085,320.625,2.422,1.917,3.006,100036.62,37.18,-94.515,-97.405,-19.3695,-1.0300,-1.9300,9.7700,-0.4375,-1.4375,97.1250,-14.0000,-30.0000,-52.3750,0.0700,-1.0500,-0.0700,-0.0900,-0.1800,9.8000,1,1
18818,5124,165186170,3.500,-3.188,-39.212,313.750,2.195,2.292,-1.671,100032.17,37.19,-94.554,-97.416,-19.5370,0.2000,-0.4500,9.7800,0.6250,-1.4375,43.8125,-17.6875,-25.8750,-52.3750,0.3900,-0.1800,0.0000,-0.0800,-0.1800,9.8000,1,1
18833,5128,165308298,3.500,-3.250,-47.380,309.000,1.946,1.919,-3.083,100036.59,37.17,-94.616,-97.431,-19.5161,0.2000,-0.9500,9.7900,-0.3125,-0.0625,35.8750,-20.2500,-24.5000,-52.3750,0.2900,-0.7700,0.0000,-0.0800,-0.1800,9.8000,1,1
18848,5132,165426047,3.750,-2.875,-51.240,307.312,2.241,3.075,2.065,100022.88,37.17,-94.597,-97.432,-19.5638,0.3100,-0.6900,9.8200,0.0000,0.3750,7.4375,-21.3750,-23.2500,-50.7500,0.3100,-0.4000,0.0100,-0.0300,-0.2400,9.8000,1,1
18863,5136,165545830,4.000,-2.562,-52.970,306.500,2.174,1.584,0.978,100040.57,37.18,-94.560,-97.429,-19.5530,0.2800,-0.6100,9.8100,0.1875,0.3125,0.3125,-22.5000,-22.1875,-51.5625,0.2800,-0.3200,0.0100,0.0000,-0.2900,9.8000,1,1
18878,5140,165666402,4.125,-2.312,-53.391,306.500,2.091,1.959,-1.153,100036.11,37.18,-94.597,-97.441,-19.5525,0.2700,-0.5800,9.8100,-0.1250,0.3750,-0.2500,-22.5000,-22.1875,-51.5625,0.2400,-0.2700,0.0200,0.0300,-0.3300,9.8000,1,1
18891,5143,165767291,4.188,-2.250,-52.791,308.438,1.961,2.285,-1.743,100032.25,37.18,-94.653,-97.456,-19.5652,0.2600,-0.5200,9.8200,0.2500,-0.1250,-37.3125,-22.5000,-23.0000,-51.5625,0.2300,-0.1700,0.0200,0.0300,-0.3500,9.8000,1,1
18904,5147,165876488,4.438,-2.250,-49.634,313.875,1.994,1.062,1.299,100046.76,37.18,-94.626,-97.454,-19.5070,-0.4500,-0.9700,9.8300,0.5000,-0.1875,-117.6250,-21.0000,-24.0625,-50.7500,-0.3200,-0.5700,-0.1000,0.0800,-0.3400,9.8000,1,1
18918,5151,165996682,5.000,-2.562,-37.356,336.875,2.117,2.817,-0.584,100025.95,37.18,-94.664,-97.458,-19.3048,-0.7600,-1.0500,9.6700,-1.5000,3.8750,-398.3750,-17.0000,-28.0625,-52.3750,3.2600,-0.2700,-0.0400,0.1900,-0.2800,9.8000,1,1
18933,5155,166116848,5.438,-3.688,-2.230,24.562,2.158,1.089,2.890,100046.44,37.18,-94.592,-97.448,-19.6771,0.1900,-0.2800,9.9500,-3.1250,11.8125,-446.1250,9.7500,-33.0000,-52.3750,-0.8600,-0.2900,-0.0100,0.2400,-0.0900,9.8000,1,1
18947,5159,166236681,5.188,-4.312,33.567,50.875,2.328,2.180,0.215,100033.49,37.17,-94.579,-97.445,-19.6295,0.4000,-0.1000,9.8700,-0.1875,1.6875,-130.1250,28.3750,-21.5000,-52.7500,0.0000,-0.6800,0.0000,0.2000,0.0100,9.8000,1,1
18962,5163,166358291,4.938,-4.562,54.458,64.625,2.345,1.435,1.415,100042.33,37.17,-94.529,-97.435,-19.4080,-0.2500,-0.7200,9.7500,-0.8750,3.1250,-100.0625,35.3750,-12.1875,-52.3750,-0.4200,-0.7800,-0.0400,0.1600,0.0500,9.8000,1,1
18977,5167,166476944,5.000,-4.250,65.154,68.312,2.247,1.888,-0.816,100036.96,37.18,-94.550,-97.439,-19.5480,0.2700,-0.5100,9.8300,0.1250,-0.1875,0.0625,36.5625,-8.0625,-51.5625,0.0900,-0.4700,0.0000,0.1800,-0.0100,9.8000,1,1
18991,5171,166597017,5.000,-4.125,68.255,69.562,2.220,2.968,-1.410,100024.16,37.17,-94.587,-97.447,-19.5317,0.1800,-0.5200,9.8200,-0.3125,1.4375,-8.5000,36.8750,-8.0625,-51.5625,-0.0600,-0.3500,0.0200,0.1700,-0.0200,9.8000,1,1
19006,5175,166717285,4.938,-4.250,73.202,78.125,2.125,2.058,-0.520,100034.94,37.16,-94.590,-97.449,-19.6161,0.6000,-0.2500,9.8500,-0.3125,1.1875,-69.3125,37.2500,-4.0000,-52.0000,-0.1500,-0.6900,0.0100,0.1600,0.0000,9.8000,1,1
19019,5178,166817289,4.938,-4.125,79.165,82.125,2.074,0.477,1.407,100053.70,37.18,-94.567,-97.444,-19.5395,0.4300,-0.5400,9.8100,0.1250,0.0625,-3.0000,36.8750,0.0625,-52.0000,0.0700,-0.4600,0.0100,0.1600,-0.0300,9.8000,1,1
19032,5182,166927150,5.000,-3.688,81.372,82.125,2.073,3.043,-2.817,100023.27,37.17,-94.650,-97.461,-19.5406,0.2200,-0.4900,9.8200,0.0000,0.2500,-0.0625,37.2500,0.7500,-50.7500,0.0600,-0.4100,0.0100,0.1700,-0.1000,9.8000,1,1
19045,5186,167046824,5.062,-3.375,81.934,82.125,2.290,1.962,3.268,100036.08,37.18,-94.560,-97.444,-19.5391,0.2300,-0.5200,9.8200,-0.1250,0.0000,-0.0625,38.0625,1.1875,-51.5625,0.0500,-0.3600,0.0200,0.1800,-0.1500,9.8000,1,1
19060,5190,167167461,5.125,-3.062,79.700,73.188,2.294,1.294,1.158,100044.00,37.19,-94.518,-97.439,-19.6454,0.5500,-0.0800,9.8700,0.6875,-4.3750,231.5000,38.0625,0.0625,-50.7500,1.2500,0.1600,0.0000,0.1900,-0.2100,9.8000,1,1
19074,5194,167287315,4.812,-2.500,54.406,31.750,2.067,3.058,-3.826,100023.08,37.18,-94.631,-97.464,-19.9134,-0.6500,1.6700,10.0400,4.0625,-8.1875,401.5000,32.7500,-15.0625,-51.5625,1.6100,1.7700,-0.0100,0.1300,-0.3000,9.8000,1,1
19089,5198,167409291,4.000,-2.438,15.401,351.562,2.586,3.795,3.224,100014.35,37.17,-94.532,-97.453,-19.6004,1.3500,-0.7300,9.8200,3.5625,-1.8125,348.0000,8.6875,-32.1875,-52.7500,1.3600,-0.4200,0.0200,0.0000,-0.3100,9.8000,1,1
19103,5202,167527308,2.938,-2.688,-18.093,324.875,2.684,3.057,2.135,100023.09,37.17,-94.446,-97.440,-19.6908,0.3200,-0.7200,9.9300,0.6250,1.0000,156.0000,-7.5625,-31.0625,-53.1875,0.1600,-0.3300,-0.1100,-0.1900,-0.2600,9.8000,1,1
19117,5206,167647507,2.875,-2.750,-35.472,318.062,2.281,1.005,-1.336,100047.42,37.17,-94.438,-97.445,-19.6098,0.2900,-0.5400,9.8400,0.3750,-1.6250,36.6250,-16.1875,-27.3750,-52.3750,0.6300,-0.5500,0.0000,-0.1900,-0.2500,9.8000,1,1
19132,5210,167767651,2.875,-2.875,-42.859,314.250,2.259,3.023,-2.460,100023.50,37.17,-94.514,-97.469,-19.7816,0.7100,-0.3100,9.9800,0.2500,-1.3125,13.4375,-18.3750,-25.8750,-52.3750,0.3100,-0.3900,0.0100,-0.1900,-0.2400,9.8000,1,1
19144,5213,167867582,3.188,-2.625,-45.060,314.062,2.400,3.214,1.929,100021.23,37.18,-94.479,-97.466,-19.5831,0.3200,-0.5900,9.8200,0.0625,-0.0625,-0.0625,-18.7500,-25.5000,-51.1875,0.3900,-0.3300,0.0200,-0.1400,-0.2700,9.8000,1,1
19159,5217,167982292,3.438,-2.375,-45.281,315.250,2.465,3.556,0.326,100017.18,37.16,-94.480,-97.471,-19.5929,0.3700,-0.5500,9.8300,-0.0625,1.0000,-17.1875,-18.7500,-25.1875,-52.3750,0.4800,-0.2200,0.0300,-0.1000,-0.3200,9.8000,1,1
19173,5220,168087489,3.750,-2.250,-43.563,319.062,2.259,2.610,-0.454,100028.39,37.15,-94.492,-97.477,-19.5225,-0.0600,-1.1200,9.8200,0.1250,-1.0000,-110.6250,-18.0625,-26.5625,-52.7500,-0.4400,-0.5200,-0.1200,-0.0400,-0.3400,9.8000,1,1
19186,5224,168197856,4.250,-2.250,-33.325,337.875,2.107,1.424,-0.485,100042.45,37.17,-94.500,-97.477,-19.4688,0.2200,-0.5700,9.7300,0.3750,-0.6875,-266.6875,-13.5625,-28.5000,-52.3750,0.2800,-0.2100,0.0100,0.0600,-0.3400,9.8000,1,1
19201,5228,168317877,4.938,-2.750,-2.871,21.062,2.125,2.523,-1.671,100029.43,37.17,-94.558,-97.485,-19.0480,0.1100,-0.4500,9.3200,1.6875,4.0000,-351.7500,9.0625,-32.1875,-53.1875,0.9800,-0.8300,-0.0900,0.1600,-0.2500,9.8000,1,1
19215,5232,168437676,5.562,-3.625,31.633,51.250,1.963,1.170,0.778,100045.48,37.17,-94.561,-97.489,-19.1347,0.7900,-1.4300,9.4800,2.1250,-6.8750,-212.6250,26.0625,-23.2500,-53.1875,0.2000,-0.4000,0.1500,0.2800,-0.0900,9.8000,1,1
19230,5236,168559291,5.312,-4.000,56.634,68.062,2.129,3.307,-0.382,100020.12,37.17,-94.617,-97.501,-19.6609,1.0400,-0.1300,9.8600,-1.6875,5.2500,-126.0625,33.8750,-9.5625,-51.5625,0.8100,-0.0700,0.0600,0.2200,-0.0500,9.8000,1,1
19244,5240,168677955,5.125,-4.250,73.397,83.375,2.270,1.844,2.836,100037.48,37.17,-94.541,-97.481,-19.4935,0.1300,-0.0800,9.7500,-0.0625,1.6250,-114.9375,38.0625,-3.5625,-51.1875,0.3300,-1.1400,-0.0300,0.1800,0.0000,9.8000,1,1
19258,5244,168798005,4.812,-4.562,89.792,101.375,2.174,2.610,-2.461,100028.40,37.18,-94.596,-97.499,-19.6148,0.1100,-0.5300,9.9100,0.0000,3.2500,-143.6875,36.8750,4.8750,-51.5625,-1.0400,-0.8000,0.0300,0.1300,0.0600,9.8000,1,1
19273,5248,168918276,4.562,-4.750,104.814,113.250,2.039,2.462,-1.480,100030.15,37.17,-94.644,-97.525,-19.8546,0.8700,-0.3500,10.0700,-0.7500,5.2500,-116.3125,34.2500,15.2500,-52.0000,-0.5400,-0.6900,-0.2400,0.1000,0.0900,9.8000,1,1
19287,5252,169037873,4.375,-4.875,116.791,123.750,2.120,1.847,1.050,100037.45,37.18,-94.623,-97.516,-19.4281,-0.1300,-0.7100,9.7500,0.5000,-0.3125,-90.2500,31.6875,20.0625,-52.3750,-0.0800,-1.1600,-0.0500,0.0700,0.1100,9.8000,1,1
19302,5256,169160291,4.250,-5.000,127.222,134.250,2.100,2.396,0.120,100030.94,37.18,-94.659,-97.517,-19.4372,-0.3000,-0.1300,9.7300,-0.7500,3.0625,-121.6875,26.5000,25.3750,-51.1875,-0.3500,-0.2600,-0.0700,0.0400,0.1300,9.8000,1,1
19316,5260,169278126,3.875,-4.938,137.600,143.500,2.344,1.950,2.568,100036.22,37.18,-94.587,-97.509,-19.5603,-1.4900,-0.5700,9.9800,0.1250,2.8750,-75.3125,21.2500,29.0000,-51.5625,2.9300,-1.0400,0.3800,-0.0200,0.1100,9.8000,1,1
19330,5264,169398337,3.812,-4.938,144.581,148.500,2.293,1.910,0.272,100036.70,37.19,-94.581,-97.514,-19.6395,-0.4000,-0.9600,9.9900,0.3125,-0.0625,-43.4375,19.0625,30.8750,-51.1875,-0.2800,-0.6100,-0.0800,-0.0400,0.1100,9.8000,1,1
19345,5268,169518465,3.750,-4.875,149.801,152.188,2.284,2.253,-0.579,100032.62,37.18,-94.591,-97.521,-19.6429,2.8100,-0.2600,9.6700,0.9375,-0.5000,-52.1250,15.6875,31.6875,-52.0000,1.9400,0.3200,0.1200,-0.0400,0.1100,9.8000,1,1
19359,5272,169638317,3.562,-4.875,154.004,156.688,1.873,1.247,-2.771,100044.55,37.17,-94.665,-97.531,-19.4688,0.6700,-0.0200,9.6600,-1.1875,3.3750,-38.3125,13.8750,32.0000,-50.7500,1.8100,-0.4200,0.1600,-0.0800,0.1100,9.8000,1,1
19374,5276,169760296,3.438,-4.562,158.336,160.688,2.004,2.316,0.181,100031.88,37.18,-94.698,-97.546,-19.4768,-0.6800,-0.6200,9.8100,-4.8750,0.0625,-27.8750,10.5625,31.5625,-50.3750,-0.5800,-0.6900,0.0100,-0.0900,0.0600,9.8000,1,1
19388,5280,169878316,3.438,-4.562,160.495,161.062,1.954,1.129,0.700,100045.96,37.18,-94.690,-97.526,-20.4403,-0.7000,1.2100,10.6700,12.0000,7.7500,6.0000,10.8750,32.6875,-49.8750,0.7400,-1.2800,-0.3800,-0.0900,0.0500,9.8000,1,1
19402,5284,169998494,3.562,-4.812,156.369,152.562,2.100,3.070,-0.657,100022.95,37.18,-94.735,-97.535,-19.5762,0.1300,-1.2500,9.8900,0.4375,-3.5625,52.8750,13.1875,32.6875,-51.1875,-1.1900,-0.3200,0.3900,-0.0600,0.1100,9.8000,1,1
19417,5288,170118673,4.000,-4.312,151.622,149.875,2.181,1.544,2.149,100041.03,37.18,-94.671,-97.535,-19.8687,-0.1400,-0.0600,10.1300,-4.5000,-5.7500,12.5625,16.8750,30.8750,-49.8750,0.7700,-0.7600,-0.1100,0.0000,0.0100,9.8000,1,1
19431,5292,170238489,4.062,-4.250,150.178,149.938,2.093,1.786,-0.252,100038.17,37.19,-94.690,-97.532,-18.9142,-0.2800,-0.1900,9.1900,0.2500,-2.0000,0.9375,17.5625,30.5000,-49.0625,-1.1800,0.1600,0.3600,0.0100,0.0100,9.8000,1,1
19446,5296,170360291,3.812,-4.625,154.624,160.000,1.953,1.899,-2.190,100036.84,37.18,-94.745,-97.540,-19.4761,-0.4700,-0.2900,9.7800,-4.8125,2.0000,-101.4375,13.8750,31.6875,-49.8750,-0.4300,-0.3500,-0.0200,-0.0400,0.0600,9.8000,1,1
19460,5300,170478494,4.000,-4.938,160.047,160.875,1.937,1.770,1.011,100038.35,37.18,-94.757,-97.538,-19.6527,0.2700,0.0500,9.8800,0.4375,-3.8125,32.1250,9.0625,32.0000,-49.8750,-3.2600,-0.8900,0.4400,0.0000,0.1100,9.8000,1,1
19474,5304,170598682,4.438,-5.062,150.612,138.062,1.868,2.001,-1.196,100035.62,37.18,-94.801,-97.540,-19.2907,-0.6800,-0.7700,9.6700,1.6875,-1.3750,279.5000,13.8750,32.3750,-51.1875,-0.3700,0.3700,0.0500,0.0900,0.1400,9.8000,1,1
19489,5308,170718847,6.625,-4.250,119.238,97.562,1.968,1.778,1.132,100038.27,37.18,-94.790,-97.544,-19.5394,0.3000,0.1100,9.7900,1.3750,-14.6250,263.5625,33.8750,16.3750,-53.5625,-0.4500,0.0300,-0.7300,0.4500,0.0000,9.7900,1,1
19503,5312,170838674,5.812,-4.250,95.268,83.750,2.324,3.283,2.156,100020.41,37.17,-94.751,-97.522,-19.1460,0.4500,-2.8500,9.6700,1.0625,-3.0000,126.0000,37.6875,4.8750,-52.3750,-0.0900,-2.3100,0.1100,0.3100,0.0000,9.8000,1,1
19519,5316,170960291,5.688,-3.938,77.520,67.750,2.291,1.683,1.583,100039.39,37.18,-94.682,-97.497,-19.4406,0.5600,-1.9500,9.8600,0.8125,0.5625,138.1875,30.1875,-15.6875,-44.3750,0.2600,-1.8900,0.0600,0.2900,-0.0500,9.8000,1,1
19533,5320,171078774,5.688,-3.562,63.093,50.812,2.431,3.248,-0.746,100020.83,37.19,-94.678,-97.505,-19.2763,1.8000,1.7300,9.2500,5.8125,-7.3750,221.3750,27.8750,-20.0625,-44.7500,-0.6800,-0.8100,-0.2000,0.2800,-0.1200,9.8000,1,1
19547,5324,171198868,4.938,-2.625,38.875,21.312,2.070,0.778,-0.837,100050.12,37.20,-94.658,-97.478,-19.2109,-0.5400,-3.3100,9.7600,-2.8750,-4.0625,313.6250,20.8750,-31.2500,-44.7500,0.0900,-1.3100,-0.1000,0.1500,-0.2900,9.8000,1,1
19562,5328,171319041,4.500,-2.312,9.603,355.438,2.075,1.921,-0.599,100036.57,37.18,-94.696,-97.476,-19.2946,-1.0900,-0.9000,9.6400,-0.1875,-0.9375,102.3750,2.2500,-42.0000,-44.0000,-0.6300,0.0000,-0.0500,0.0900,-0.3400,9.8000,1,1
19576,5332,171438858,4.250,-2.188,-6.894,344.875,1.941,1.754,-0.702,100038.55,37.19,-94.723,-97.480,-19.8833,-0.9700,1.8700,10.0100,-0.0625,-1.4375,87.1250,-4.7500,-43.0625,-44.3750,-1.4800,2.0800,0.4700,0.0400,-0.3500,9.8000,1,1
19588,5335,171538890,4.188,-2.250,-15.081,340.625,1.965,2.060,0.227,100034.92,37.18,-94.733,-97.476,-19.0036,-0.5200,-1.2400,9.3400,0.9375,-1.4375,66.2500,-10.2500,-42.7500,-43.5625,2.2100,0.3700,0.2000,0.0300,-0.3400,9.8000,1,1
19601,5339,171647404,4.250,-2.375,-22.135,332.312,1.991,1.309,0.755,100043.82,37.19,-94.713,-97.472,-19.7743,2.2600,0.4000,9.8800,1.8750,-4.1250,111.9375,-12.0625,-42.3750,-43.5625,2.2100,0.7300,0.0800,0.0500,-0.3200,9.8000,1,1
19616,5343,171768954,3.750,-2.188,-33.181,319.875,1.941,1.954,-1.231,100036.18,37.18,-94.749,-97.493,-19.6402,-0.0800,-0.2300,9.8800,-1.1250,-1.8125,142.8125,-20.2500,-38.6875,-43.1875,0.5800,-0.1700,0.0000,-0.0500,-0.3500,9.7900,1,1
19630,5347,171888882,3.312,-2.312,-48.898,298.875,1.829,2.449,-1.977,100030.30,37.19,-94.813,-97.501,-19.2852,1.6100,-2.4700,9.5800,-3.6875,2.1875,175.3750,-25.8750,-35.0000,-43.1875,2.1900,-1.5100,0.3100,-0.1300,-0.3300,9.7900,1,1
19645,5351,172011291,2.938,-2.250,-69.003,279.438,2.060,1.571,2.674,100040.72,37.19,-94.742,-97.494,-19.4277,-0.7000,-0.6100,9.7000,0.7500,-2.0000,74.8750,-36.0000,-21.5625,-43.5625,-0.5200,-0.2600,-0.0900,-0.1800,-0.3400,9.7900,1,1
19659,5355,172129135,2.875,-2.438,-78.065,279.375,1.913,1.065,-1.009,100046.72,37.19,-94.761,-97.485,-19.0941,-0.7300,-1.2200,9.4000,-0.9375,0.3125,-4.7500,-36.0000,-18.2500,-43.5625,0.7300,0.6100,0.2800,-0.2000,-0.3100,9.7900,1,1
19673,5359,172249295,3.188,-2.688,-81.895,274.312,2.226,1.993,2.090,100035.71,37.19,-94.717,-97.494,-19.6861,1.9800,-1.3900,9.8900,5.0000,-13.0625,77.8750,-36.2500,-18.5625,-43.5625,-3.7400,-1.5600,-0.1700,-0.1700,-0.2800,9.8000,1,1
19688,5363,172369477,2.688,-3.062,-95.367,250.750,2.370,3.403,-0.005,100019.00,37.19,-94.708,-97.484,-19.5897,-0.3700,-0.6900,9.8600,1.0625,-6.2500,267.2500,-37.3750,-9.0000,-43.5625,-0.6600,-0.3900,0.0500,-0.2200,-0.2000,9.8000,1,1
19702,5367,172489307,3.000,-3.688,-117.139,230.688,2.134,1.304,0.632,100043.88,37.20,-94.665,-97.479,-19.4886,-1.0400,0.8100,9.7400,1.3125,-3.0625,124.3750,-33.6875,4.6875,-41.5625,0.9500,0.5300,0.0300,-0.1700,-0.0900,9.8000,1,1
19717,5371,172611291,3.125,-4.125,-136.616,212.438,2.022,1.323,-0.123,100043.66,37.19,-94.686,-97.489,-19.4825,-0.3300,-0.9300,9.7900,0.5625,0.3750,113.4375,-25.8750,15.5000,-41.0625,-0.1700,-0.9000,0.0000,-0.1600,-0.0200,9.8000,1,1
19731,5375,172729309,3.250,-4.375,-150.884,200.250,2.023,2.348,-1.131,100031.50,37.18,-94.729,-97.502,-19.5203,0.4900,0.1800,9.7100,1.5625,-3.4375,201.3125,-20.2500,18.8750,-41.8750,-0.2800,-0.0400,0.1500,-0.1300,0.0200,9.8000,1,1
19746,5379,172849528,3.562,-4.688,-169.066,181.875,2.172,2.994,0.725,100023.84,37.19,-94.720,-97.498,-19.4473,0.6400,-1.4600,9.7300,0.6875,-0.7500,76.3750,-11.5000,22.5625,-43.1875,0.2800,-1.0000,0.0600,-0.0800,0.0700,9.8000,1,1
19761,5383,172969676,3.562,-4.688,-178.819,177.625,2.129,1.748,-0.151,100038.62,37.18,-94.693,-97.494,-19.5671,0.2000,-0.5500,9.8300,0.2500,-0.2500,-0.0625,0.1875,26.0625,-40.1875,0.3400,-0.6400,0.0000,-0.0700,0.0800,9.8000,1,1
19775,5387,173089516,3.562,-4.688,178.943,178.938,2.122,1.701,0.147,100039.18,37.19,-94.689,-97.496,-19.5159,0.4400,-0.7300,9.7700,0.3750,0.5000,-27.5000,0.5000,24.5625,-39.3750,0.1300,-0.7900,-0.0200,-0.0800,0.0800,9.8000,1,1
19790,5391,173211291,3.688,-4.500,-179.907,181.500,2.294,2.803,1.066,100026.11,37.20,-94.674,-97.495,-19.6471,-0.2400,-0.1500,9.9200,-0.6250,0.4375,-42.6875,-0.5625,25.6875,-39.6875,-0.1800,-0.2000,0.1100,-0.0600,0.0400,9.8000,1,1
19804,5395,173329488,3.938,-4.188,-176.562,186.312,2.017,1.419,-0.934,100042.52,37.19,-94.687,-97.498,-19.6367,0.2900,-0.7500,9.9100,1.3125,3.8125,-76.2500,-1.6875,24.8750,-38.8750,0.4100,-0.8900,0.0600,-0.0100,-0.0200,9.8000,1,1
19818,5399,173449770,3.750,-4.125,-169.918,194.188,2.059,3.109,-2.030,100022.48,37.19,-94.748,-97.519,-19.7564,-0.0900,-0.7100,10.0500,0.8125,5.0625,-62.5625,-5.5000,24.8750,-39.6875,0.2500,-0.5500,0.1200,-0.0400,-0.0200,9.8000,1,1
19833,5403,173569835,3.625,-4.062,-162.161,202.750,2.507,3.042,3.979,100023.27,37.19,-94.632,-97.498,-19.5626,0.0100,-0.6400,9.8400,-0.3750,1.5000,-61.6875,-10.2500,23.0625,-39.6875,0.2100,-0.6000,0.0600,-0.0600,-0.0400,9.8000,1,1
19847,5407,173689675,3.562,-3.938,-154.154,211.250,2.681,3.344,1.316,100019.70,37.19,-94.562,-97.487,-19.6031,0.0400,-0.8700,9.8900,-0.7500,2.4375,-94.8125,-15.0625,21.1875,-40.5625,0.5600,-0.8000,-0.0200,-0.0800,-0.0500,9.8000,1,1
19862,5411,173811291,3.500,-3.750,-142.030,227.500,2.641,3.862,-1.297,100013.55,37.18,-94.552,-97.487,-19.8114,2.1600,-0.9300,9.9600,-0.5625,0.8750,-178.3125,-22.5000,15.6875,-39.3750,2.2500,-0.8300,0.1500,-0.0800,-0.0900,9.8000,1,1
19876,5415,173929681,3.562,-3.438,-124.544,246.000,2.583,3.683,-0.874,100015.67,37.19,-94.532,-97.480,-19.3983,-0.2300,-0.6200,9.6800,-0.3750,2.3125,-124.6250,-28.0625,7.0625,-39.6875,-0.2400,-0.4600,0.1600,-0.0800,-0.1400,9.8000,1,1
19890,5419,174049602,3.188,-3.062,-107.370,262.875,2.414,3.088,-1.701,100022.73,37.20,-94.531,-97.479,-19.7024,1.1600,-1.3800,9.9400,-0.2500,1.6250,-89.6250,-30.6875,-1.0625,-40.5625,1.3100,-1.1700,0.1400,-0.1400,-0.2100,9.8000,1,1
19905,5423,174170016,3.562,-3.062,-93.863,273.250,2.222,0.592,0.445,100052.34,37.22,-94.482,-97.466,-19.5583,-0.2200,-0.3800,9.8200,4.1250,-6.8750,-91.2500,-31.3750,-10.6875,-41.3750,-0.3200,-0.0100,0.2400,-0.0800,-0.2000,9.8000,1,1
19917,5426,174269945,3.625,-3.000,-85.320,280.688,2.281,3.286,-3.008,100020.38,37.20,-94.549,-97.486,-19.9351,0.8400,-0.1800,10.1300,-3.8125,8.1875,-97.6250,-31.0625,-15.0625,-41.0000,0.0800,-0.3000,0.0400,-0.0900,-0.2300,9.8000,1,1
19931,5430,174389887,3.625,-2.812,-74.175,293.188,2.286,2.909,-0.004,100024.85,37.19,-94.541,-97.485,-19.6872,0.5500,-1.1800,9.9600,1.4375,-2.9375,-91.8750,-29.5625,-20.3750,-41.3750,0.6100,-0.9800,-0.2100,-0.0600,-0.2400,9.8000,1,1
19943,5433,174489909,3.875,-2.875,-66.239,298.375,2.214,2.142,0.437,100033.95,37.19,-94.537,-97.480,-19.5625,1.1000,-0.8100,9.7900,2.3750,-6.3750,-41.1875,-27.0000,-25.5625,-41.3750,-0.0100,-0.9900,0.1300,-0.0300,-0.2400,9.8000,1,1
19956,5437,174600135,3.625,-2.688,-60.053,304.750,2.411,2.668,1.127,100027.71,37.21,-94.506,-97.480,-19.5553,0.5800,-0.2900,9.7700,-1.3125,3.6250,-63.2500,-25.0625,-27.7500,-40.5625,0.0900,0.3100,0.0900,-0.0700,-0.2600,9.8000,1,1
19972,5441,174720304,3.812,-2.688,-50.278,315.625,2.093,2.103,-2.706,100034.41,37.20,-94.574,-97.503,-19.6486,0.4800,-1.1700,9.9300,2.3750,-0.9375,-78.3125,-20.5625,-32.5625,-41.3750,0.1100,-1.0900,-0.0900,-0.0300,-0.2600,9.8000,1,1
19986,5445,174840132,4.000,-2.875,-41.653,323.812,2.327,2.978,1.087,100024.03,37.20,-94.557,-97.496,-19.5667,0.6800,-0.4000,9.7900,0.6250,1.3750,-83.5000,-17.6875,-36.2500,-40.1875,1.1400,-0.0200,0.1700,0.0000,-0.2400,9.8000,1,1
20001,5449,174962298,4.250,-3.062,-31.945,333.938,2.255,2.392,-0.299,100030.98,37.20,-94.558,-97.494,-19.5861,0.5500,-0.9300,9.8600,-0.2500,5.5000,-77.4375,-9.8750,-39.5625,-41.3750,0.4900,-0.7200,0.0600,0.0500,-0.2000,9.8000,1,1
20013,5452,175062292,4.312,-3.125,-25.307,338.688,2.189,1.906,0.517,100036.75,37.20,-94.562,-97.501,-19.4941,-0.3400,-1.2200,9.8400,-1.1875,2.7500,-29.1250,-6.5000,-39.5625,-41.3750,-0.3900,-1.0200,0.0300,0.0500,-0.2000,9.8000,1,1
20026,5456,175170477,4.312,-3.062,-20.939,341.188,2.228,3.024,-2.037,100023.48,37.19,-94.604,-97.514,-19.5460,0.2400,0.2400,9.7500,-2.2500,2.6250,-6.8125,-5.0625,-41.0625,-41.7500,0.7100,0.4800,0.1600,0.0600,-0.2000,9.8000,1,1
20040,5460,175290319,4.250,-3.000,-18.927,341.438,2.209,3.443,-1.902,100018.52,37.21,-94.645,-97.530,-19.4673,0.1400,-0.6300,9.7400,-1.0625,0.1250,17.4375,-3.1875,-40.3750,-41.3750,0.3600,-0.1700,0.0200,0.0500,-0.2200,9.8000,1,1
20055,5464,175412291,4.250,-2.875,-19.911,338.562,2.112,1.357,1.483,100043.26,37.21,-94.605,-97.526,-19.5821,0.4500,-0.5100,9.8300,-0.9375,-0.4375,18.5625,-5.5000,-40.3750,-40.1875,0.4100,-0.2700,0.0300,0.0400,-0.2400,9.8000,1,1
20069,5468,175530308,4.375,-2.812,-22.031,336.875,2.162,2.656,-0.868,100027.86,37.21,-94.647,-97.532,-19.4794,-0.0300,-0.7300,9.7700,0.6250,-1.5625,7.3750,-6.8750,-41.0625,-41.3750,0.3500,-0.2600,0.0300,0.0600,-0.2500,9.8000,1,1
20083,5472,175650023,4.375,-2.625,-23.589,335.750,2.390,3.499,0.410,100017.85,37.19,-94.626,-97.528,-19.5588,0.5000,-0.6800,9.8200,0.0000,-0.1250,-5.0625,-7.5625,-40.0000,-40.1875,0.4200,-0.4000,0.0200,0.0700,-0.2800,9.8000,1,1
20098,5476,175770651,4.625,-2.312,-24.114,335.750,2.592,3.726,1.652,100015.16,37.20,-94.571,-97.517,-19.5310,0.2900,-0.5900,9.8000,0.0625,0.0625,-0.1875,-8.7500,-40.0000,-41.7500,0.2000,-0.2600,0.0200,0.1100,-0.3300,9.8000,1,1
20112,5480,175890494,4.750,-2.188,-24.202,335.812,2.470,2.789,-0.082,100026.27,37.21,-94.538,-97.517,-19.3798,0.6400,-1.1000,9.6800,0.3750,2.6250,-0.7500,-8.0000,-40.0000,-41.3750,0.3000,-0.1400,-0.1100,0.1400,-0.3600,9.7900,1,1
20127,5484,176012298,4.938,-2.062,-24.190,335.812,2.319,2.180,-0.694,100033.50,37.20,-94.537,-97.491,-19.4934,0.3500,-0.6200,9.7700,0.0000,0.3125,0.0625,-8.0000,-40.3750,-40.5625,0.1800,-0.2500,-0.0200,0.1600,-0.3700,9.7900,1,1
20139,5487,176112291,5.062,-1.875,-24.188,335.812,2.232,3.288,-2.411,100020.36,37.20,-94.591,-97.507,-19.5962,0.2300,-0.8400,9.9000,0.5000,-0.0625,-0.1250,-7.2500,-40.0000,-41.3750,0.0500,-0.4200,0.1000,0.1800,-0.4100,9.7900,1,1
20153,5491,176230465,5.125,-1.500,-24.188,335.812,2.147,1.373,1.070,100043.07,37.19,-94.555,-97.508,-19.6587,-0.2200,-0.6600,9.9600,-0.0625,-2.4375,-0.6250,-8.0000,-39.5625,-40.5625,-0.8000,-0.2100,0.1200,0.1900,-0.4700,9.7900,1,1
20167,5495,176350404,4.438,-1.562,-24.846,334.375,2.208,2.783,-1.160,100026.34,37.20,-94.598,-97.510,-19.7017,1.3200,-1.0000,9.9700,1.6875,1.2500,8.5625,-7.5625,-40.3750,-41.3750,1.2400,-0.5300,0.1800,0.0700,-0.4600,9.7900,1,1
20182,5499,176470837,4.750,-2.375,-21.734,343.000,2.196,2.261,-0.262,100032.53,37.20,-94.598,-97.509,-19.4657,-0.2300,-0.9600,9.7900,6.2500,-7.4375,-100.0625,-4.6875,-40.3750,-41.7500,-0.3700,-0.4600,0.0700,0.1300,-0.3300,9.8000,1,1
20196,5503,176590651,5.188,-3.188,-9.974,358.562,2.297,2.609,0.520,100028.41,37.21,-94.585,-97.509,-19.7458,0.3600,0.3900,9.9400,0.5000,-2.6875,-123.8125,2.0000,-40.0000,-41.0000,-0.2800,2.0100,0.0100,0.2100,-0.1800,9.8000,1,1
20211,5507,176712291,5.375,-3.375,0.581,7.312,1.946,0.547,-0.512,100052.87,37.20,-94.606,-97.515,-18.9642,0.4800,-1.9600,9.3700,-0.5000,0.6250,-120.6250,8.2500,-40.0000,-41.7500,0.2400,-1.8000,-0.4200,0.2300,-0.1500,9.8000,1,1
20225,5511,176830947,5.500,-3.562,8.351,12.562,2.074,2.418,0.494,100030.67,37.21,-94.650,-97.513,-19.3769,-0.4500,-0.6100,9.7200,0.6875,-0.3750,-55.4375,14.1875,-39.5625,-41.7500,0.3800,-0.2800,-0.0100,0.2600,-0.1200,9.8000,1,1
20239,5515,176949941,5.562,-3.750,15.201,19.000,2.209,1.198,1.844,100045.14,37.21,-94.587,-97.497,-19.5503,0.2100,-0.3400,9.8300,0.7500,1.5000,-29.9375,16.8750,-38.5000,-41.0000,-0.0500,-0.2400,0.0300,0.2700,-0.0900,9.8000,1,1
20254,5519,177071202,5.625,-4.125,22.261,28.438,2.193,2.721,-2.468,100027.09,37.20,-94.651,-97.519,-19.8392,0.1700,-0.6600,10.1600,1.4375,-0.6250,-118.4375,20.1875,-35.8750,-40.5625,-0.9000,-1.4400,0.1000,0.2800,-0.0200,9.8000,1,1
20268,5523,177191102,5.688,-4.250,29.554,32.938,1.904,1.553,-1.859,100040.94,37.20,-94.697,-97.524,-19.4484,-0.4300,-0.6200,9.8100,1.5000,-1.0625,-38.0000,25.0625,-34.0625,-41.3750,0.4100,-0.1800,-0.0200,0.2900,0.0000,9.8000,1,1
20283,5527,177313291,5.688,-4.250,33.012,33.500,2.105,1.256,2.659,100044.45,37.21,-94.651,-97.511,-19.5471,0.6500,-0.2300,9.7900,-0.1875,0.4375,20.7500,25.6875,-32.1875,-41.3750,0.3500,-0.2300,0.0000,0.2900,0.0000,9.8000,1,1
20297,5531,177431198,5.750,-4.250,32.854,32.375,2.042,1.615,0.486,100040.19,37.20,-94.672,-97.513,-19.4826,-0.1600,-0.5600,9.8200,-0.3750,-0.3750,24.6250,25.3750,-32.5625,-41.0000,-0.1100,-0.1400,0.0400,0.2900,0.0000,9.8000,1,1
20311,5535,177551508,5.688,-4.188,31.128,30.000,2.460,3.331,1.868,100019.84,37.20,-94.627,-97.505,-19.4573,0.0300,-0.4800,9.7700,-0.3125,1.3750,9.5000,23.5625,-33.2500,-41.0000,-0.1400,-0.3700,0.0200,0.2900,-0.0100,9.8000,1,1
20326,5539,177671647,5.625,-3.938,28.529,25.125,2.164,1.303,-0.899,100043.90,37.22,-94.617,-97.498,-19.5821,0.3500,-0.4900,9.8700,0.1875,-1.4375,90.1250,22.3750,-34.0625,-41.0000,0.4700,-0.5000,0.0100,0.2800,-0.0600,9.8000,1,1
20340,5543,177791332,5.625,-3.750,22.410,18.438,2.065,2.728,-1.829,100027.00,37.21,-94.687,-97.515,-19.4547,0.1200,-0.4300,9.7500,-1.5625,2.8125,59.0625,19.7500,-36.6875,-41.7500,-1.2600,-0.6100,-0.0700,0.2700,-0.0900,9.8000,1,1
20355,5547,177913297,5.375,-3.312,12.966,6.312,2.077,2.391,-0.018,100031.00,37.22,-94.688,-97.515,-19.8343,2.0600,-0.0100,9.9700,-0.0625,-4.1250,81.2500,13.0625,-40.0000,-41.0000,1.8200,0.1500,0.1600,0.2300,-0.1600,9.8000,1,1
20369,5551,178031495,5.062,-3.000,3.548,358.062,2.451,3.001,3.133,100023.76,37.21,-94.613,-97.505,-19.5400,0.4300,-0.2000,9.7800,-1.7500,3.1875,61.3125,6.7500,-40.3750,-41.3750,0.1500,0.0000,-0.0900,0.1800,-0.2100,9.8000,1,1
20383,5555,178151604,4.875,-2.875,-3.477,353.000,2.314,0.392,2.048,100054.70,37.22,-94.526,-97.487,-19.5095,0.0300,-0.6000,9.8000,-0.2500,1.9375,30.0625,4.5625,-40.3750,-40.5625,0.2400,-0.1500,0.1200,0.1500,-0.2400,9.8000,1,1
20400,5559,178272190,4.875,-2.688,-7.745,350.812,2.534,2.886,-0.037,100025.12,37.20,-94.546,-97.494,-19.5502,-0.0100,-0.3500,9.8200,-0.2500,0.1250,16.3125,0.8750,-41.0625,-40.5625,-0.2200,-0.1000,0.0000,0.1500,-0.2700,9.8000,1,1
20413,5562,178371853,4.688,-2.562,-10.009,347.562,2.479,2.292,0.675,100032.16,37.21,-94.524,-97.493,-19.7922,1.0100,-0.3200,10.0100,-0.3750,-0.5625,52.6875,-0.5625,-41.0625,-40.5625,0.3900,-0.0500,0.0200,0.1200,-0.2900,9.8000,1,1
20426,5566,178481675,4.688,-2.500,-14.120,342.688,2.412,1.899,-0.427,100036.83,37.20,-94.508,-97.498,-19.6169,0.3500,0.2100,9.8200,2.1875,-4.0000,48.2500,-2.7500,-41.5000,-41.3750,0.1100,-1.0200,0.0400,0.1100,-0.3100,9.8000,1,1
20440,5570,178600597,4.188,-2.250,-21.883,331.750,2.126,1.080,-2.549,100046.54,37.23,-94.549,-97.509,-19.5992,0.8800,-0.2500,9.8100,-0.4375,-0.2500,109.3750,-6.5000,-39.5625,-41.7500,0.8400,0.0800,0.0100,0.0300,-0.3400,9.8000,1,1
20455,5574,178722028,3.625,-2.125,-33.123,320.188,2.028,1.277,0.054,100044.20,37.21,-94.591,-97.524,-19.5858,0.3600,-0.4400,9.8200,-1.2500,1.4375,77.8750,-14.6875,-35.8750,-40.1875,-0.0400,-0.1000,-0.0100,-0.0600,-0.3600,9.7900,1,1
20469,5578,178841816,3.375,-2.062,-41.955,313.875,2.027,1.722,-0.197,100038.92,37.21,-94.621,-97.534,-19.5358,0.8500,-0.6500,9.7600,-1.4375,2.0000,13.4375,-18.0625,-33.6875,-41.0000,1.3400,-0.2600,-0.0200,-0.1100,-0.3700,9.7900,1,1
20484,5582,178963292,3.625,-2.062,-42.599,319.188,2.044,1.429,-0.223,100042.41,37.21,-94.633,-97.535,-19.5547,0.3700,-0.7800,9.8100,0.0000,-0.1875,-19.3750,-17.2500,-35.1875,-41.3750,0.4400,-0.3900,0.0100,-0.0700,-0.3800,9.7900,1,1
20499,5586,179082056,3.688,-2.000,-41.131,319.250,2.236,2.582,0.939,100028.73,37.20,-94.637,-97.540,-19.5961,0.1900,-0.4800,9.8400,0.0625,0.0000,-0.1875,-17.2500,-35.5625,-41.7500,0.2400,-0.1400,0.0100,-0.0500,-0.3800,9.7900,1,1
20513,5590,179202325,3.812,-1.938,-40.837,319.250,2.382,1.614,2.695,100040.20,37.21,-94.558,-97.527,-19.5080,-0.4000,-0.2700,9.7600,-0.0625,-0.4375,0.0625,-16.5625,-34.7500,-41.3750,1.0300,-0.0600,0.0700,-0.0300,-0.3900,9.7900,1,1
20528,5594,179322459,3.812,-1.938,-41.572,317.312,2.263,2.002,-1.192,100035.61,37.20,-94.593,-97.537,-19.5738,0.1900,0.1200,9.7800,0.4375,-1.3750,7.6875,-17.2500,-34.3750,-40.5625,0.2600,-0.1900,0.0400,-0.0400,-0.3900,9.7900,1,1
20542,5598,179442155,4.000,-2.000,-42.473,317.438,2.520,1.973,2.980,100035.95,37.21,-94.510,-97.524,-19.5164,-0.4000,-0.3800,9.7800,-0.3750,2.2500,-8.6250,-17.2500,-33.2500,-41.0000,0.5500,-0.4400,0.0200,0.0000,-0.3900,9.7900,1,1
20557,5602,179564291,3.812,-1.000,-42.341,317.750,2.333,1.566,-1.256,100040.78,37.22,-94.526,-97.583,-21.4294,1.1200,0.1600,11.6200,-36.1250,-1.0000,0.5000,-17.6875,-34.7500,-41.0000,1.1500,0.7100,1.8300,-0.0300,-0.5500,9.7900,1,1
20571,5606,179682311,1.688,7.688,-41.330,319.562,2.530,3.358,-0.261,100019.52,37.21,-94.538,-97.619,-19.5334,-0.2700,-3.3000,9.8800,-114.1875,-15.3125,-26.1875,-16.1875,-36.6875,-46.6875,0.3200,-1.4100,0.2700,-0.3400,-2.2300,9.5400,1,1
20585,5610,179802471,4.625,21.250,-39.813,321.125,2.453,1.923,0.445,100036.54,37.22,-94.489,-97.458,-18.1452,0.0400,-3.4400,9.2700,-103.6875,-1.4375,-14.7500,-16.1875,-38.8750,-51.1875,0.1900,0.0300,-0.0700,0.1300,-4.3800,8.7700,1,1
20600,5614,179922666,7.875,32.000,-38.562,321.812,1.968,1.500,-3.479,100041.55,37.22,-94.563,-97.099,-15.0139,0.9100,-5.3300,7.5100,-58.3750,-20.4375,-5.6875,-14.6875,-40.7500,-59.5000,0.1100,0.0600,-0.5900,0.6600,-5.7800,7.8800,1,1
20615,5618,180044291,6.812,33.125,-38.051,322.188,2.140,3.062,-0.568,100023.04,37.21,-94.528,-96.606,-15.6689,0.7900,-5.8700,8.2700,-4.3750,22.7500,5.0625,-15.5000,-40.7500,-61.5625,0.3100,0.0700,0.4900,0.4800,-5.9500,7.7700,1,1
20631,5622,180161297,6.188,33.188,-37.763,322.375,2.381,2.651,2.216,100027.91,37.22,-94.355,-96.146,-15.6577,0.5600,-6.0800,8.0600,-0.0625,5.8125,-3.6875,-7.7500,-36.2500,-56.0625,0.1800,-0.1200,0.2800,0.3800,-5.9500,7.7700,1,1
20648,5626,180281253,5.938,33.688,-37.545,322.500,2.338,2.542,0.011,100029.20,37.22,-94.206,-95.690,-15.4246,0.4500,-6.0600,7.7200,2.2500,-0.3125,0.6875,-9.2500,-36.2500,-57.2500,0.1200,-0.0400,0.0000,0.3300,-6.0200,7.7200,1,1
20665,5630,180402952,4.938,31.750,-37.390,322.812,2.370,2.354,1.214,100031.43,37.21,-93.995,-95.245,-16.2049,0.2600,-5.8600,8.2200,28.6250,6.7500,-2.4375,-8.8750,-36.6875,-56.5000,0.1700,0.0300,0.3300,0.1600,-5.7600,7.9300,1,1
20681,5634,180522849,4.688,25.125,-37.280,322.625,2.237,2.252,-1.687,100032.64,37.22,-93.811,-94.884,-16.6758,-0.1000,-5.3000,8.0000,89.5000,1.3125,0.0000,-9.2500,-36.0000,-53.1875,-0.3500,0.1500,-0.0800,0.1200,-4.8100,8.5400,1,1
20695,5638,180642675,3.688,13.812,-37.079,323.125,2.504,3.800,1.226,100014.29,37.22,-93.569,-94.733,-19.1986,0.3500,-2.6700,9.9500,106.1875,10.3750,2.8750,-9.2500,-34.7500,-48.2500,0.5800,0.1800,0.6900,-0.0700,-2.8800,9.3700,1,1
20710,5642,180764334,1.812,3.438,-37.061,322.625,2.426,2.289,0.297,100032.20,37.22,-93.319,-94.736,-19.3889,-0.4200,-0.6600,9.6000,69.8750,9.1250,18.3125,-9.2500,-32.5625,-40.3750,-0.0500,0.6500,-0.1000,-0.3700,-1.3100,9.7100,1,1
20724,5646,180882945,2.375,-1.438,-38.115,321.312,2.380,2.602,-0.076,100028.49,37.22,-93.151,-94.810,-19.4085,-0.4100,-0.4000,9.6400,22.8750,-2.2500,1.6250,-10.3750,-30.7500,-36.6875,-0.3100,-0.1200,0.1000,-0.2700,-0.4400,9.7900,1,1
20739,5650,181005294,3.875,-2.000,-38.558,321.312,2.269,2.111,0.065,100034.32,37.21,-93.009,-94.860,-19.3973,-0.0500,-0.4400,9.6500,0.1250,-16.2500,0.0625,-10.0000,-30.7500,-35.5000,-0.0300,-0.0500,-0.1300,-0.0200,-0.3800,9.7900,1,1
20756,5654,181123306,4.188,-2.062,-38.666,321.312,2.346,1.637,0.576,100039.94,37.21,-92.867,-94.894,-19.5788,0.2100,-0.4500,9.8300,0.3750,-1.0625,-0.2500,-8.8750,-30.0000,-34.2500,0.1900,-0.0600,0.0000,0.0400,-0.3800,9.7900,1,1
20770,5658,181243122,4.312,-2.062,-38.683,321.312,2.223,1.048,-0.652,100046.91,37.23,-92.769,-94.940,-19.5371,0.2100,-0.4400,9.7900,0.3750,-0.8750,-0.0625,-8.8750,-30.7500,-35.5000,0.1400,-0.0600,0.0300,0.0500,-0.3800,9.7900,1,1
20785,5662,181365291,4.625,-2.125,-38.636,321.438,2.175,1.997,-1.230,100035.66,37.21,-92.728,-94.997,-19.5834,0.2300,-0.4100,9.8400,-0.1250,-0.1875,0.0000,-9.5625,-30.0000,-34.2500,0.1300,-0.0300,0.0400,0.1000,-0.3700,9.7900,1,1
20799,5666,181483127,4.625,-2.125,-38.199,322.375,2.262,2.714,0.508,100027.16,37.23,-92.663,-95.046,-19.6053,0.8800,-0.5600,9.8500,0.5000,0.2500,-19.8750,-8.8750,-30.3750,-35.0625,0.3000,-0.1000,0.0100,0.1100,-0.3700,9.7900,1,1
20813,5670,181603326,4.750,-2.125,-37.471,323.312,2.045,1.319,-0.675,100043.70,37.20,-92.615,-95.099,-19.5836,0.2400,-0.3800,9.8400,0.6250,-1.6875,-17.5625,-8.5000,-30.7500,-35.0625,0.0700,-0.0600,0.0500,0.1300,-0.3600,9.7900,1,1
20828,5674,181723459,4.812,-2.188,-36.900,323.000,2.360,2.165,2.592,100033.67,37.22,-92.528,-95.141,-19.5368,-0.0800,-0.3000,9.8000,0.7500,-0.5000,10.5000,-8.8750,-31.5000,-33.8750,0.1100,-0.0300,0.0300,0.1400,-0.3500,9.7900,1,1
20842,5678,181843334,4.750,-2.688,-37.738,321.500,2.495,1.624,1.516,100040.09,37.22,-92.429,-95.213,-20.4143,0.8300,-0.5200,10.6600,25.8125,-0.1875,13.3750,-8.5000,-30.7500,-34.6875,-0.4300,-0.0600,0.7900,0.1300,-0.2000,9.8000,1,1
20857,5682,181965291,4.625,-11.125,-38.800,320.500,2.422,2.094,-1.027,100034.52,37.23,-92.426,-95.303,-19.7803,0.5600,1.0800,10.0000,96.0000,1.6875,9.8125,-9.5625,-27.5000,-31.3750,0.4400,-0.1000,0.2600,0.1100,1.1800,9.7300,1,1
20871,5686,182083312,5.312,-19.938,-40.240,318.625,2.010,1.493,-2.855,100041.65,37.23,-92.489,-95.283,-18.7961,0.0000,2.3000,9.3900,55.8125,-17.3750,23.6250,-10.3750,-23.2500,-26.8750,-0.1500,-0.1600,-0.2700,0.2800,2.7300,9.4100,1,1
20885,5690,182203681,6.062,-24.188,-41.919,317.250,2.163,3.080,-0.734,100022.82,37.22,-92.510,-95.236,-19.2018,0.6400,3.0900,9.7400,27.4375,1.1250,9.4375,-10.3750,-19.5625,-24.7500,0.2200,-0.2400,0.4900,0.3500,3.4000,9.1800,1,1
20900,5694,182323830,8.562,-29.562,-42.972,316.562,2.350,1.769,3.726,100038.38,37.22,-92.391,-95.108,-17.7911,0.8200,3.6700,8.2600,21.3125,-20.0625,6.3750,-10.0000,-17.3750,-22.6875,0.0500,0.0900,-0.4900,0.7800,4.1800,8.8300,1,1
20914,5698,182443494,9.500,-29.688,-43.690,315.875,2.117,1.386,-2.191,100042.91,37.22,-92.401,-94.996,-17.7124,1.3100,4.3000,7.7500,-21.3750,-2.6250,8.5625,-9.5625,-15.8750,-21.0625,0.0000,0.1000,-1.1000,0.9500,4.1400,8.8300,1,1
20929,5702,182565291,9.562,-15.125,-43.737,317.188,2.109,2.340,-1.476,100031.60,37.23,-92.405,-94.856,-17.6554,1.8000,1.7900,7.4500,-194.3125,19.1875,-24.0625,-10.3750,-20.3750,-23.5625,0.8400,-0.0400,-2.1300,0.9500,1.8400,9.5800,1,1
20943,5706,182683672,4.625,-2.062,-41.763,319.938,2.047,0.267,1.693,100056.18,37.21,-92.311,-94.886,-19.6078,-2.3300,0.5400,9.8800,-0.3750,1.5000,-41.1875,-11.5000,-28.5000,-35.8750,-2.0000,0.9900,0.1000,0.1100,-0.3700,9.7900,1,1
20957,5710,182803867,4.375,-2.000,-39.946,320.812,2.109,2.049,-0.817,100035.05,37.20,-92.333,-94.955,-19.5742,0.2500,-0.4800,9.8300,0.1250,-0.6250,-1.3750,-10.0000,-29.5625,-35.0625,0.1600,-0.0800,0.0400,0.0600,-0.3900,9.7900,1,1
20972,5714,182924038,4.438,-2.000,-38.968,321.500,2.058,1.878,-0.175,100037.08,37.22,-92.329,-95.019,-19.5551,0.2900,-0.4700,9.8100,-0.1250,-0.1875,-0.3125,-9.5625,-30.0000,-35.0625,0.4300,0.0000,0.0000,0.0700,-0.3800,9.7900,1,1
20988,5718,183045291,4.500,-2.000,-37.949,322.625,2.485,3.195,2.384,100021.46,37.22,-92.263,-95.069,-19.5829,0.2700,-0.4700,9.8400,0.4375,-1.0000,-5.4375,-9.5625,-30.0000,-34.6875,0.1800,-0.0800,0.0400,0.0900,-0.3900,9.7900,1,1
21005,5722,183167291,4.625,-2.000,-37.202,323.000,2.409,2.534,-0.203,100029.30,37.21,-92.245,-95.126,-19.5871,0.2300,-0.4900,9.8500,0.4375,-1.2500,-0.1875,-7.7500,-30.3750,-33.8750,0.1200,-0.0900,0.0500,0.1100,-0.3900,9.7900,1,1
21020,5726,183283951,4.875,-2.000,-36.995,323.062,2.415,3.832,-1.854,100013.91,37.21,-92.285,-95.192,-19.5642,0.1300,-0.3000,9.8200,0.5000,-1.5625,0.3750,-9.5625,-30.7500,-33.8750,-0.0400,0.0400,0.0000,0.1600,-0.3800,9.7900,1,1
21036,5730,183403161,5.062,-1.938,-37.194,322.688,2.547,2.473,2.573,100030.02,37.21,-92.198,-95.230,-19.5201,0.3600,-0.5100,9.7900,0.0000,-0.2500,1.3750,-8.8750,-30.3750,-34.2500,0.1700,-0.1100,0.0000,0.1800,-0.3900,9.7900,1,1
21051,5734,183524285,5.125,-1.938,-37.288,322.688,2.383,3.185,-2.392,100021.57,37.22,-92.252,-95.298,-19.5829,0.1000,-0.3600,9.8500,-0.7500,-2.4375,1.1875,-8.0625,-30.7500,-35.8750,-0.3200,0.5100,0.1100,0.1900,-0.4000,9.7900,1,1
21065,5738,183644127,10.750,-1.625,-38.445,320.250,2.207,1.966,-1.030,100036.03,37.22,-92.271,-95.410,-19.8216,0.2100,-0.7800,10.3400,5.6875,-138.8750,23.0000,-8.8750,-31.0625,-34.6875,-0.4400,-0.5000,0.1600,1.4200,-0.4300,9.6900,1,1
21080,5742,183766291,32.750,-2.375,-40.897,317.562,2.201,3.088,-1.528,100022.73,37.21,-92.343,-95.292,-16.8672,4.7400,-0.2200,8.3100,-9.9375,-159.5625,1.5000,-2.8750,-29.2500,-27.1875,0.0300,0.0600,-0.2700,4.7100,-0.2800,8.5900,1,1
21094,5746,183884148,50.500,2.562,-17.099,48.438,2.448,1.664,3.979,100039.62,37.22,-92.209,-94.737,-12.4853,7.2300,-1.0600,6.0100,-33.4375,-123.0625,19.0000,5.1875,-30.3750,-25.5625,0.4200,-0.2300,-0.7500,7.2400,-0.8500,6.5500,1,1
21107,5749,183984316,58.938,8.000,31.567,48.062,2.603,2.736,0.071,100026.91,37.22,-92.108,-93.933,-9.9248,8.6800,-1.3700,4.8700,-6.3750,-50.6875,12.2500,9.3750,-30.2500,-27.1875,-0.0300,-0.0500,-0.3300,8.0600,-1.2100,5.4400,1,1
21122,5753,184104496,60.000,10.562,43.877,47.000,2.450,1.869,-0.464,100037.18,37.20,-91.894,-92.786,-10.2211,7.5500,-1.7500,6.6900,-5.0000,44.6875,-9.5625,9.0000,-30.5625,-26.6875,0.0200,-0.2200,0.7200,8.1000,-1.3800,5.3400,1,1
21134,5756,184204480,57.750,8.188,46.371,47.625,2.277,1.276,-0.924,100044.22,37.19,-91.666,-91.893,-10.2919,8.1000,-1.3800,5.2900,-0.5625,62.2500,-14.3750,9.0000,-30.5625,-27.1875,0.2400,-0.1700,0.0300,7.8400,-1.2200,5.7500,1,1
21148,5760,184316291,40.125,0.375,18.419,322.938,2.642,3.919,1.692,100012.87,37.21,-91.307,-91.135,-15.2857,4.5600,-0.0300,7.2300,-2.5625,265.3125,-74.0625,5.1875,-30.5625,-27.1875,-1.2200,0.6100,-0.6500,5.7800,-0.6400,7.8900,1,1
21162,5764,184434477,21.875,-1.500,-23.170,324.375,2.466,1.776,0.292,100038.29,37.22,-90.896,-90.990,-18.0350,3.3600,-0.6600,9.0400,9.0625,86.1875,28.1250,-1.7500,-30.2500,-27.5625,0.3800,-0.3100,-0.5700,2.8700,-0.4500,9.3600,1,1
21176,5768,184554395,5.062,-2.000,-32.520,325.062,2.400,2.855,-0.966,100025.49,37.22,-90.599,-91.072,-19.5840,0.4800,-0.5100,9.8500,-1.8750,6.2500,-1.3750,-7.0000,-31.0000,-31.2500,-0.2300,-0.0800,0.0200,0.1700,-0.3900,9.7900,1,1
21191,5772,184674828,6.812,-1.625,-34.411,324.625,2.413,2.162,0.460,100033.71,37.22,-90.288,-91.207,-21.0990,-1.2900,-0.9700,11.5300,-20.6250,-55.5625,20.5000,-9.5625,-30.2500,-34.1875,-0.7300,-0.1000,1.2700,0.4800,-0.4500,9.7800,1,1
21205,5776,184794499,36.562,-0.875,-34.239,325.875,2.324,2.137,-0.407,100034.01,37.22,-90.068,-91.116,-13.7546,5.2200,-0.1800,4.9500,24.4375,-278.6875,82.5000,-4.0000,-30.2500,-31.2500,1.9700,0.4900,-2.0600,5.6100,-0.5000,8.0200,1,1
21220,5780,184916298,59.625,2.188,-9.304,44.062,2.467,2.489,0.963,100029.83,37.22,-89.783,-90.507,-17.6149,7.4000,5.3700,6.8500,113.1875,-344.6250,-27.2500,5.1875,-29.0625,-25.8750,-0.6800,5.9900,1.3500,8.0900,-0.6200,5.4900,1,1
21234,5784,185034684,67.375,2.188,32.068,46.250,2.253,2.571,-2.810,100028.85,37.21,-89.534,-89.636,-10.4523,9.1700,-0.3000,3.3100,-73.9375,17.0000,-41.4375,12.2500,-26.5625,-24.6875,-0.6800,-0.3000,0.0100,8.7700,-0.4900,4.3500,1,1
21249,5788,185154402,71.750,3.500,44.339,47.188,2.391,2.080,1.724,100034.68,37.20,-89.108,-88.610,-8.4817,5.9800,-2.4800,4.4500,-0.8750,-35.8125,2.8750,14.5625,-28.3750,-26.6875,-3.0900,-1.9700,0.7800,9.0700,-0.5000,3.6700,1,1
21264,5792,185274950,81.438,9.125,46.104,46.625,2.406,2.951,-0.900,100024.35,37.20,-88.671,-87.492,-7.9045,9.8700,-0.6100,1.7600,-0.5000,-90.0625,0.2500,18.5625,-27.5625,-27.1875,-0.4200,-0.2800,0.2900,9.6000,-0.4900,1.9400,1,1
21278,5796,185394841,90.875,172.625,44.882,42.125,2.434,2.188,0.408,100033.40,37.20,-88.085,-86.181,-3.8701,13.0400,4.3000,0.0800,80.1250,-87.5000,19.7500,22.0000,-28.0000,-28.3750,-1.3400,-0.2700,-0.1600,9.7900,-0.5300,-0.0400,1,1
21293,5800,185515088,90.875,172.625,43.331,43.000,2.593,3.510,-0.298,100017.73,37.22,-87.456,-85.092,-9.0800,9.9100,-0.5500,0.0000,0.2500,-1.9375,0.3750,24.8750,-26.8750,-30.8750,0.2400,-0.0400,-0.0800,9.7900,-0.5200,-0.0200,1,1
21309,5804,185635058,90.938,172.688,43.016,42.750,2.321,2.395,-1.910,100030.95,37.21,-86.814,-84.017,-7.7835,10.1100,0.7400,-0.1500,15.4375,-1.1875,-0.5625,24.1875,-26.5625,-30.5000,0.1700,0.0100,-0.0500,9.7900,-0.5100,-0.0100,1,1
21323,5808,185755346,91.000,172.750,42.701,42.500,2.144,1.676,-1.522,100039.47,37.22,-86.127,-82.998,-9.1054,10.0300,-0.5700,-0.0500,-0.7500,-4.4375,2.6875,24.8750,-27.2500,-30.0625,0.1800,-0.0800,-0.0500,9.7900,-0.5100,-0.0100,1,1
21339,5812,185875556,90.938,172.688,42.537,42.500,2.202,2.105,-0.077,100034.39,37.20,-85.405,-81.958,-9.1138,10.0300,-0.5900,-0.0800,-0.1875,0.1875,0.0625,24.8750,-27.0000,-29.6875,0.0100,-0.0100,0.0400,9.7900,-0.5100,-0.0100,1,1
21354,5816,185995204,90.938,172.688,42.508,42.500,2.428,2.663,1.886,100027.77,37.20,-84.595,-80.928,-9.0434,9.8900,-0.5000,-0.0200,0.0625,0.1250,-0.4375,25.2500,-26.5625,-29.1875,0.1400,0.0000,0.0100,9.7900,-0.5100,-0.0100,1,1
21370,5820,186117300,90.938,172.688,42.501,42.438,2.258,2.182,-1.128,100033.48,37.21,-83.801,-79.913,-9.0796,9.9900,-0.5500,-0.0600,-0.1250,-1.5625,1.0000,24.5625,-27.2500,-29.1875,0.2000,-0.0300,-0.0400,9.7900,-0.5100,-0.0100,1,1
21382,5823,186217291,90.938,172.688,42.455,42.438,2.177,1.831,-1.147,100037.64,37.20,-83.133,-79.093,-9.0438,9.8200,-0.4900,0.0700,0.1875,-1.4375,0.1875,24.5625,-27.2500,-30.5000,0.0200,0.0200,0.0900,9.7900,-0.5100,-0.0100,1,1
21396,5827,186334843,90.938,172.688,42.455,42.438,2.440,3.711,0.465,100015.34,37.20,-82.312,-78.143,-9.0562,9.8700,-0.5100,0.0000,0.0000,-1.4375,0.6875,24.1875,-27.0000,-30.5000,0.0800,0.0000,0.0100,9.7900,-0.5100,-0.0200,1,1
21409,5830,186434829,91.000,172.750,42.468,42.500,2.143,1.129,0.820,100045.97,37.20,-81.598,-77.350,-9.0687,9.9300,-0.5200,-0.0300,0.0625,-0.1875,-0.1250,25.2500,-26.5625,-30.5000,0.1300,-0.0100,-0.0100,9.7900,-0.5100,-0.0100,1,1
21424,5834,186545312,91.000,172.750,42.493,42.500,2.383,2.996,0.429,100023.82,37.21,-80.812,-76.492,-9.0549,9.9600,-0.5100,-0.0400,0.0625,-0.5625,0.1875,24.8750,-27.2500,-29.6875,0.1100,-0.0200,0.0000,9.7900,-0.5100,-0.0100,1,1
21440,5838,186666298,91.000,172.750,42.499,42.500,2.311,2.631,-1.119,100028.15,37.19,-79.949,-75.563,-8.9641,9.8200,-0.4000,0.0000,-0.0625,0.3125,-0.2500,25.6875,-25.7500,-30.0625,0.0300,0.1100,0.0200,9.7900,-0.5100,-0.0100,1,1
21454,5842,186785204,91.000,-1.312,42.500,42.500,2.281,1.356,1.199,100043.27,37.21,-79.048,-74.676,-9.5969,9.9900,-0.4400,-0.0700,-0.8750,5.1875,-1.6875,24.5625,-26.5625,-30.5000,0.1900,0.0600,-0.0800,9.7900,-0.5000,0.0200,1,1
21468,5846,186905697,89.312,-1.375,42.441,42.562,2.076,1.591,-2.385,100040.48,37.21,-78.243,-73.891,-9.6925,10.0900,-0.3600,0.3000,-3.8125,67.3750,-0.1250,24.5625,-27.5625,-29.6875,0.3800,0.1500,-0.4000,9.7600,-0.4900,0.7400,1,1
21483,5850,187025848,76.875,5.250,45.523,49.500,2.291,2.854,1.421,100025.50,37.22,-77.378,-72.961,-8.6944,10.3300,-0.5500,1.6200,-64.8125,136.1875,-18.5000,21.1875,-28.7500,-28.3750,0.5300,0.0200,-0.6600,9.3700,-0.4700,2.8300,1,1
21496,5853,187125848,50.188,-0.562,52.057,57.875,2.194,1.282,1.142,100044.15,37.21,-76.641,-72.368,-12.3135,7.2600,-0.5800,4.5000,-76.2500,401.1875,-63.3125,14.5625,-30.2500,-28.3750,-1.4700,0.0900,-1.1700,7.0700,-0.4300,6.7700,1,1
21509,5857,187235738,4.875,-2.000,-6.202,327.375,2.177,2.849,-1.865,100025.56,37.20,-75.958,-72.454,-18.0715,-6.2400,6.5500,7.9600,47.6250,245.3125,111.8125,1.8750,-33.2500,-31.2500,7.3100,-3.0700,0.9800,0.1500,-0.3900,9.7900,1,1
21523,5861,187355582,5.000,-2.000,-24.310,331.312,2.044,1.389,0.493,100042.88,37.21,-75.273,-72.923,-19.5347,0.0900,-0.4800,9.8100,-0.0625,0.8125,1.3125,-7.7500,-32.0625,-35.0000,-0.0800,-0.0900,0.0100,0.1700,-0.3800,9.7900,1,1
21540,5865,187476360,5.000,-2.000,-28.161,331.062,1.904,1.584,-1.502,100040.57,37.20,-74.797,-73.423,-19.6187,0.1500,-0.3400,9.8800,-0.5625,1.0625,-0.1250,-5.5000,-32.5000,-33.3750,-0.2900,-0.1200,-0.0400,0.1700,-0.3800,9.7900,1,1
21553,5868,187576029,5.062,-1.812,-28.780,330.688,2.391,3.755,1.442,100014.82,37.18,-74.400,-73.831,-19.9386,-0.1900,0.3700,10.1500,-4.8125,-15.5000,16.7500,-6.5625,-31.3750,-34.5625,2.5900,0.0700,0.6100,0.1800,-0.4100,9.7900,1,1
21567,5872,187695572,5.125,-1.750,-29.237,330.625,2.563,2.767,2.709,100026.53,37.20,-73.963,-74.315,-19.5971,0.0700,-0.3100,9.8600,0.0625,0.0000,-0.0625,-6.5625,-32.0625,-35.3750,-0.1200,0.1100,0.0700,0.2000,-0.4300,9.7900,1,1
21582,5876,187818291,5.125,-1.750,-29.347,330.625,2.188,0.981,-1.337,100047.72,37.20,-73.721,-74.835,-19.5818,0.1300,-0.3900,9.8500,0.0625,0.1250,-0.0625,-6.2500,-32.5000,-34.1875,-0.0600,0.0400,0.0600,0.2000,-0.4300,9.7900,1,1
21596,5880,187936122,5.125,-1.750,-29.369,330.625,2.388,2.156,0.662,100033.78,37.21,-73.548,-75.336,-19.5414,0.1400,-0.4000,9.8100,-0.1250,-0.2500,0.0000,-6.2500,-32.5000,-33.7500,-0.0300,0.0300,0.0300,0.1900,-0.4300,9.7900,1,1
21610,5884,188056335,5.250,-2.062,-29.820,329.438,2.244,2.347,-1.970,100031.51,37.21,-73.499,-75.858,-19.7281,0.3100,0.3100,9.9300,2.5625,-9.1250,18.5000,-6.2500,-32.5000,-34.1875,0.2800,1.7400,0.0800,0.2100,-0.3800,9.7900,1,1
21625,5888,188176485,-3.188,0.312,-31.596,326.750,2.250,1.342,1.592,100043.44,37.20,-73.448,-76.516,-23.0632,2.6500,-0.5700,13.2600,-47.8125,355.8125,53.8125,-7.0000,-31.0000,-35.0000,1.2600,-1.2300,1.7000,-1.2300,-0.7700,9.6900,1,1
21639,5892,188296334,-17.188,2.312,-34.373,323.875,2.097,0.772,-0.850,100050.20,37.22,-73.534,-77.075,-18.3083,-3.6600,-0.0700,8.7300,-27.3125,43.9375,-7.6875,-14.3750,-31.0000,-43.1875,0.1900,2.2500,-0.5800,-3.5500,-1.0800,9.0700,1,1
21654,5896,188418291,-22.688,5.625,-35.858,324.438,2.275,3.130,-0.761,100022.23,37.22,-73.685,-77.358,-15.6218,1.5100,-1.4700,5.8800,85.8125,336.5000,-0.3750,-15.0625,-32.5000,-45.6875,5.9200,0.0300,-2.7400,-4.4100,-1.5000,8.6200,1,1
21668,5900,188536312,-67.688,-12.625,-89.056,237.125,2.085,1.034,-0.213,100047.08,37.20,-73.754,-76.987,-10.1132,-6.5600,-1.6200,0.7500,142.9375,451.6250,48.5625,-17.0000,-31.7500,-57.6875,1.9500,-2.0800,-2.7900,-9.5200,0.5400,2.2700,1,1
21682,5904,188656202,-75.625,167.625,-107.913,249.688,2.336,3.015,0.149,100023.59,37.21,-73.784,-76.526,-12.8890,-9.7100,-0.3000,-5.3000,64.3125,-59.5000,47.0625,-11.0625,-31.7500,-66.7500,-0.0600,-0.0500,-3.5600,-9.6400,-0.2400,-1.7400,1,1
21697,5908,188776849,-83.000,-2.312,-108.020,251.938,2.149,1.999,-1.288,100035.64,37.19,-73.778,-76.012,-10.4674,-10.2300,-1.0800,0.0200,-6.1250,-181.3750,-2.3750,-8.0625,-34.6875,-64.6875,0.9800,-0.1000,0.1500,-9.7900,-0.3300,0.3800,1,1
21711,5912,188896406,-82.812,-2.312,-108.170,251.812,2.064,2.017,-1.302,100035.42,37.21,-73.714,-75.356,-9.9115,-9.4200,-0.4400,0.3900,-0.1250,-0.5000,0.1250,-8.7500,-34.6875,-63.0000,0.3100,-0.1400,0.0000,-9.7900,-0.3300,0.4200,1,1
21726,5916,189018295,-82.750,-2.312,-108.031,252.312,2.502,3.377,2.818,100019.30,37.21,-73.491,-74.678,-10.2709,-9.3600,-0.7400,0.8600,11.5625,-0.6875,-0.1250,-8.7500,-34.6875,-62.1875,0.4200,-0.4000,0.4200,-9.7900,-0.3300,0.4400,1,1
21739,5919,189118292,-82.750,-2.375,-107.007,253.938,2.475,1.948,2.627,100036.24,37.22,-73.260,-74.146,-9.9416,-9.5200,-0.4400,0.7400,15.9375,0.5625,0.3750,-8.7500,-35.5000,-61.3750,0.2600,-0.1100,0.2900,-9.7900,-0.3200,0.4500,1,1
21753,5923,189227095,-82.688,-2.438,-105.652,255.062,2.514,2.646,-0.087,100027.97,37.21,-73.017,-73.561,-9.9770,-9.3800,-0.5000,0.5800,9.3750,-0.0625,0.1875,-9.5625,-34.6875,-59.7500,0.3500,-0.3200,0.1100,-9.7900,-0.3100,0.4500,1,1
21770,5927,189349291,-82.688,-2.438,-104.371,256.188,2.234,2.289,-2.598,100032.21,37.22,-72.770,-72.929,-9.9100,-9.4300,-0.4500,0.4600,7.5625,0.3750,-0.0625,-9.1875,-35.0625,-58.0625,0.3500,-0.1300,0.0000,-9.7900,-0.3100,0.4600,1,1
21786,5931,189469291,-82.625,-2.438,-103.111,257.688,2.091,1.534,-0.365,100041.16,37.22,-72.457,-72.311,-10.0975,-9.2200,-0.6000,0.6900,12.8750,0.1250,0.1250,-8.5000,-35.0625,-58.5000,0.5600,-0.2800,0.2200,-9.7900,-0.3100,0.4700,1,1
21802,5935,189586967,-82.688,-2.438,-101.855,258.750,2.547,2.952,2.729,100024.34,37.21,-72.039,-71.693,-9.9117,-9.4800,-0.4500,0.4900,8.0625,0.8750,0.1875,-8.7500,-35.7500,-58.5000,0.3100,-0.0600,-0.1000,-9.7900,-0.3100,0.4700,1,1
21819,5939,189707474,-82.562,-2.438,-100.815,259.812,2.557,2.916,1.156,100024.77,37.20,-71.618,-71.081,-9.6736,-9.5600,-0.2500,0.2000,9.3125,-0.0625,-0.1250,-9.5625,-35.5000,-56.7500,0.3900,-0.2000,0.0600,-9.7800,-0.3100,0.4800,1,1
21831,5942,189807336,-82.500,-2.438,-99.991,260.812,2.563,3.112,-0.341,100022.44,37.21,-71.248,-70.586,-10.0243,-9.4100,-0.5500,0.5600,16.5000,-0.3750,0.1875,-8.5000,-35.7500,-56.0000,0.2400,-0.1200,-0.1100,-9.7800,-0.3100,0.5000,1,1
21846,5946,189927487,-82.500,-2.500,-98.294,262.938,2.422,2.974,-1.712,100024.08,37.20,-70.846,-69.999,-9.8337,-9.4500,-0.4000,0.3300,17.8125,0.6250,0.2500,-8.5000,-35.7500,-54.3750,0.3400,-0.2500,0.1400,-9.7800,-0.3000,0.5000,1,1
21859,5949,190027485,-82.500,-2.625,-96.245,265.688,2.302,1.482,0.370,100041.77,37.21,-70.458,-69.527,-10.2665,-9.1800,-0.7400,1.1300,33.3125,1.8125,0.1250,-8.5000,-35.0625,-52.6875,0.3900,0.3000,-0.7200,-9.7800,-0.2800,0.5100,1,1
21871,5953,190137309,-82.562,-2.750,-93.408,268.688,2.011,2.026,-3.293,100035.33,37.21,-70.131,-69.014,-9.7067,-9.3900,-0.3200,0.2600,27.3750,-0.0625,0.3750,-8.5000,-34.6875,-51.0625,0.3300,-0.2100,-0.0300,-9.7800,-0.2500,0.5200,1,1
21887,5957,190256848,-82.562,-2.812,-90.529,270.562,2.179,2.694,0.816,100027.40,37.21,-69.673,-68.452,-9.7564,-9.3800,-0.3800,0.2600,6.3125,0.1875,0.2500,-9.1875,-35.7500,-49.3750,0.4000,-0.1300,-0.2500,-9.7800,-0.2500,0.5100,1,1
21903,5961,190378292,-82.562,-2.688,-89.560,270.688,2.371,3.030,0.953,100023.42,37.22,-69.157,-67.885,-9.8770,-9.4300,-0.4600,0.4400,-0.3750,0.0000,0.0000,-7.7500,-35.5000,-49.3750,0.3500,-0.1900,-0.0600,-9.7800,-0.2700,0.5100,1,1
21917,5965,190497382,-82.562,-2.625,-89.331,270.750,2.212,0.725,1.481,100050.74,37.23,-68.620,-67.340,-9.8684,-9.4100,-0.4400,0.4400,-0.6250,0.0000,0.0000,-9.1875,-35.0625,-49.3750,0.3400,-0.1500,-0.0500,-9.7800,-0.2800,0.5000,1,1
21932,5969,190619291,-82.562,-2.562,-89.302,270.688,2.361,2.568,-0.124,100028.90,37.20,-68.146,-66.813,-9.9084,-9.4400,-0.4700,0.4500,-1.0625,-0.1875,0.0000,-9.5625,-35.7500,-48.1875,0.3300,-0.1700,-0.0400,-9.7800,-0.2900,0.5000,1,1
21945,5972,190719291,-82.500,-2.500,-89.310,270.688,2.202,2.063,-0.640,100034.88,37.22,-67.761,-66.392,-9.8799,-9.4300,-0.4300,0.4500,-0.1875,0.1875,0.0625,-9.5625,-36.1875,-49.0000,0.3500,-0.1300,-0.0400,-9.7800,-0.3000,0.5000,1,1
21959,5976,190827830,-82.500,-2.438,-89.442,270.188,2.339,3.787,-0.490,100014.45,37.21,-67.349,-65.944,-9.9002,-9.3300,-0.4200,0.5700,-11.3750,-0.2500,0.0625,-8.7500,-35.0625,-49.3750,0.2900,-0.2500,-0.0400,-9.7800,-0.3100,0.4900,1,1
21972,5979,190927849,-82.438,-2.375,-89.841,270.000,2.447,2.018,2.738,100035.41,37.21,-66.840,-65.520,-9.9195,-9.4600,-0.4500,0.4500,0.0625,0.0000,0.0000,-9.1875,-34.2500,-49.3750,0.3800,-0.1000,0.0000,-9.7800,-0.3200,0.5100,1,1
21986,5983,191047614,-82.375,-2.375,-89.931,270.062,2.187,1.458,-1.247,100042.05,37.21,-66.378,-65.049,-9.9238,-9.4300,-0.4500,0.4700,0.0625,-0.1250,0.0000,-8.7500,-35.0625,-49.7500,0.3400,-0.1100,-0.0400,-9.7800,-0.3200,0.5100,1,1
22001,5987,191169291,-82.438,-2.375,-89.797,270.500,2.248,2.563,-0.643,100028.96,37.22,-65.915,-64.588,-9.9187,-9.4300,-0.4400,0.5100,1.6250,-0.3750,-0.1250,-8.0625,-35.5000,-50.2500,0.3500,-0.1100,0.0000,-9.7800,-0.3200,0.5000,1,1
22014,5990,191270291,-82.375,-2.312,-89.656,270.188,1.945,1.211,-0.923,100044.98,37.22,-65.560,-64.208,-9.3894,-9.1100,0.0100,-0.3000,-13.3750,-4.1250,-0.1250,-8.0625,-35.0625,-49.3750,0.6600,0.3500,-0.8200,-9.7800,-0.3400,0.5100,1,1
22028,5994,191387762,-79.875,1.188,-90.934,269.188,2.161,3.773,-0.594,100014.61,37.20,-65.131,-63.766,-10.5232,-9.8800,-0.5200,0.0000,-32.2500,-0.8125,-68.2500,-7.7500,-35.5000,-52.2500,0.1400,-1.3700,1.0400,-9.7300,-1.0500,0.4600,1,1
22040,5997,191487760,-72.125,73.875,-88.407,274.625,2.327,3.846,1.615,100013.73,37.20,-64.728,-64.279,-19.5188,-9.4600,-2.1200,0.7500,-25.2500,-9.2500,-103.3125,-4.7500,-37.0000,-53.8750,0.3000,0.2800,0.1700,-9.4700,-2.4600,0.4800,1,1
22053,6001,191597751,-60.438,79.250,-81.721,284.000,2.249,1.965,0.810,100036.04,37.21,-64.408,-64.911,-19.3704,-8.6700,-6.7300,-0.5000,0.6875,-6.5000,-142.2500,1.8750,-37.6875,-56.3750,-0.3900,-1.0200,-1.0000,-8.7100,-4.4500,0.5000,1,1
22065,6004,191697767,-42.812,82.062,-68.295,302.250,2.129,2.109,-1.101,100034.34,37.20,-64.261,-65.375,-16.8882,-6.3900,-7.6000,0.3900,-17.1875,0.6875,-147.6875,11.5625,-38.7500,-55.5625,0.7500,-0.9000,-0.0300,-6.9600,-6.8900,0.4100,1,1
22079,6008,191808324,-25.062,83.250,-67.651,285.188,2.086,1.431,0.088,100042.38,37.23,-64.117,-65.662,-14.1987,-4.1100,-7.9900,-0.8200,-24.5000,-38.2500,-169.1250,22.3750,-32.3750,-50.0000,-0.3800,0.7300,-0.7600,-4.4900,-8.7000,0.3600,1,1
22094,6012,191928304,2.562,82.938,-89.969,251.000,2.200,2.303,0.814,100032.03,37.22,-64.001,-65.581,-8.7398,0.6400,-5.2400,-3.2800,2.8750,21.6250,-345.5000,35.7500,-23.3750,-57.3750,1.5600,-2.4500,-1.5000,-0.2500,-9.7900,0.4700,1,1
22108,6016,192048150,7.000,82.562,-107.658,246.625,2.244,2.034,1.302,100035.23,37.21,-63.814,-65.076,-11.3045,-1.6300,-10.0300,0.3100,-1.2500,-9.8125,0.3750,42.0625,-13.3750,-57.0000,-1.6600,-0.0900,0.2500,0.5200,-9.7700,0.5400,1,1
22124,6020,192168841,7.062,82.625,-113.379,244.688,2.109,1.633,-1.251,100039.98,37.23,-63.655,-64.657,-9.5572,0.1600,-9.9500,0.5200,2.8125,-19.1250,0.5625,33.7500,-12.0000,-47.1875,-0.4100,-0.1700,0.0600,0.5200,-9.7700,0.5200,1,1
22139,6024,192288314,7.000,82.938,-116.653,241.312,1.970,1.445,-0.535,100042.21,37.23,-63.480,-64.243,-9.4548,0.2800,-10.0700,0.6300,2.1250,-12.1250,-0.3750,33.7500,-12.0000,-48.3750,-0.5300,-0.2700,-0.4000,0.5200,-9.7800,0.4700,1,1
22152,6027,192388406,6.875,83.000,-118.993,239.312,2.110,2.700,-0.943,100027.33,37.22,-63.304,-63.885,-9.3815,0.3400,-9.9100,0.4700,-0.1250,-27.8125,0.1875,32.2500,-11.5625,-48.8750,-0.1100,-0.2100,-0.2200,0.4900,-9.7800,0.4600,1,1
22165,6031,192498216,6.812,83.000,-120.729,238.062,1.930,2.367,-1.797,100031.27,37.23,-63.125,-63.494,-9.4998,0.2100,-9.9900,0.3800,-2.0625,-22.0000,0.4375,31.1875,-11.5625,-51.7500,-0.2700,-0.2100,-0.0700,0.4800,-9.7800,0.4600,1,1
22178,6034,192598028,6.750,82.938,-122.271,236.812,2.065,2.325,0.532,100031.78,37.22,-62.885,-63.142,-9.4585,0.2900,-9.8400,0.6700,0.0625,-15.6875,0.5625,31.8750,-12.0000,-52.5625,-0.1800,-0.0600,0.1900,0.4800,-9.7800,0.4700,1,1
22191,6038,192708705,6.875,83.125,-124.198,233.125,2.114,2.020,1.052,100035.39,37.23,-62.603,-62.764,-9.3082,0.4400,-9.9400,0.6800,2.0625,-57.0000,1.8125,31.1875,-13.0625,-53.7500,0.4300,0.0000,0.4500,0.4900,-9.7800,0.4300,1,1
22207,6042,192828857,7.062,83.625,-130.180,224.062,1.924,1.101,-1.112,100046.30,37.23,-62.330,-62.378,-10.0597,-0.3900,-10.5000,0.0800,0.2500,-142.2500,2.5000,25.5625,-11.7500,-52.2500,-0.8000,-0.1900,0.3300,0.5300,-9.7800,0.3500,1,1
22221,6046,192948516,7.250,84.125,-140.143,213.938,2.417,3.832,3.002,100013.91,37.22,-61.982,-61.912,-9.0069,0.7900,-10.2700,1.1700,1.6250,-81.3125,0.2500,21.0625,-12.0625,-58.5000,0.1000,0.0600,0.7800,0.5500,-9.7800,0.2700,1,1
22237,6050,193072291,7.250,84.312,-146.896,210.688,2.310,3.369,-1.065,100019.40,37.22,-61.644,-61.488,-9.6733,0.0500,-9.9100,0.4100,2.7500,-40.1875,0.8125,18.8750,-12.0625,-61.3750,-0.5100,-0.1200,0.1700,0.5600,-9.7800,0.2400,1,1
22249,6053,193170291,7.250,84.750,-151.383,204.000,2.249,2.119,0.578,100034.21,37.22,-61.329,-61.113,-9.6321,0.0600,-10.5700,0.0800,-2.2500,-65.5625,0.9375,16.0000,-11.3750,-63.5000,-0.4900,-0.7800,-0.0800,0.5600,-9.7800,0.1600,1,1
22263,6057,193288792,7.250,85.062,-158.380,196.625,2.090,1.876,-2.307,100037.09,37.21,-61.026,-60.744,-10.1117,-0.3600,-9.7300,0.6100,2.9375,-45.0000,1.2500,13.0000,-12.8750,-65.5000,-0.0900,0.3200,-0.2600,0.5500,-9.7900,0.1100,1,1
22277,6061,193409061,7.188,85.375,-164.627,192.188,2.186,2.848,0.001,100025.57,37.22,-60.690,-60.346,-10.2806,-0.5400,-9.7000,0.4200,1.6875,-21.7500,1.3125,10.3750,-12.5000,-67.5625,-2.9900,0.2100,0.2500,0.5400,-9.7900,0.0500,1,1
22289,6064,193509036,6.875,86.250,-173.097,178.125,2.259,1.895,1.579,100036.88,37.22,-60.351,-60.028,-7.7515,1.9500,-9.6500,-0.5200,-1.2500,-147.7500,2.5625,7.0000,-13.2500,-68.7500,0.5200,-0.7100,-0.0200,0.4900,-9.7900,-0.0900,1,1
22303,6068,193621291,6.625,86.438,175.507,169.812,2.123,2.332,-1.425,100031.70,37.21,-60.063,-59.696,-11.3784,-1.4600,-8.8200,2.8800,0.6250,-31.0625,2.2500,-3.3750,-12.8750,-71.2500,-1.9100,0.9700,3.0100,0.4400,-9.7900,-0.1200,1,1
22317,6072,193739126,6.375,86.750,168.221,163.750,2.181,3.139,-0.054,100022.12,37.21,-59.733,-59.367,-9.3555,0.4100,-9.9500,0.3700,1.1875,-74.5625,1.6250,-7.3750,-12.5000,-70.0625,-0.2100,-0.1600,0.5000,0.4000,-9.7900,-0.1700,1,1
22331,6076,193859321,6.062,87.062,160.752,156.312,2.021,2.271,-0.992,100032.42,37.21,-59.396,-59.062,-9.7628,0.0100,-10.3000,0.4300,-5.6250,-73.3125,1.0625,-11.8750,-13.5625,-69.1875,-0.0900,-0.1100,1.3100,0.3400,-9.7900,-0.2300,1,1
22346,6080,193979484,5.875,87.625,152.944,148.188,2.135,1.369,1.682,100043.12,37.24,-59.001,-58.744,-10.2742,-0.4700,-10.0100,0.9800,-11.6875,-85.2500,-12.3125,-16.6875,-12.0625,-66.6875,-0.3700,-0.7000,0.6300,0.3200,-9.7900,-0.3300,1,1
22358,6083,194079376,5.500,87.688,147.171,143.688,2.181,2.650,0.360,100027.93,37.23,-58.736,-58.447,-10.3574,-0.5600,-10.0600,0.7500,6.6875,-44.6875,4.6875,-20.3750,-12.0625,-64.6875,0.1700,0.0500,0.9700,0.2500,-9.7900,-0.3400,1,1
22372,6087,194199311,4.812,87.938,139.462,133.188,2.367,2.707,1.222,100027.24,37.19,-58.341,-58.116,-11.2819,-1.4900,-10.4000,0.4900,-3.1875,-146.4375,1.9375,-24.5625,-12.5000,-63.0625,-0.1900,-0.5900,-0.1300,0.1300,-9.7900,-0.3800,1,1
22386,6091,194315292,4.125,86.375,128.363,122.000,2.264,1.518,0.585,100041.34,37.21,-57.980,-57.838,-8.8430,1.0200,-10.9300,1.6500,14.0000,-91.8750,1.8125,-29.0000,-12.5000,-58.0625,0.9900,-1.1200,1.7600,0.0300,-9.8000,-0.1000,1,1
22398,6094,194415291,4.000,84.250,122.474,119.375,2.311,2.932,-1.565,100024.58,37.20,-57.727,-57.569,-10.0264,-0.1400,-9.6500,1.4800,13.8125,-21.8750,1.2500,-32.6875,-14.0000,-54.0000,-0.1500,0.1400,1.2300,0.0000,-9.8000,0.2400,1,1
22412,6098,194529641,3.938,87.250,118.633,117.062,2.417,2.606,0.981,100028.45,37.22,-57.372,-57.260,-8.4219,1.3500,-10.1500,-0.0600,-49.3125,-0.6875,0.4375,-33.7500,-13.2500,-52.6875,0.2400,0.1500,0.5000,-0.0100,-9.8000,-0.2500,1,1
22426,6102,194649489,4.562,88.188,117.247,116.312,2.406,3.346,-1.411,100019.67,37.22,-57.060,-56.990,-9.2959,0.5000,-9.8800,0.4400,1.1875,-11.9375,-11.2500,-33.3750,-11.7500,-52.6875,1.0600,0.0300,0.7800,0.1000,-9.7900,-0.4100,1,1
22441,6106,194771349,4.125,88.188,117.095,118.875,2.437,3.046,-0.525,100023.23,37.22,-56.703,-56.641,-8.9270,0.8600,-10.6300,0.1300,3.9375,89.6875,7.1875,-33.0625,-12.0625,-52.2500,0.8400,-0.8400,0.5400,0.0200,-9.7900,-0.4100,1,1
22455,6110,194889496,4.750,88.000,124.505,130.438,2.458,2.176,1.172,100033.55,37.23,-56.328,-56.333,-8.0358,1.7400,-10.0700,-0.0800,-0.4375,125.1250,-3.5000,-30.5000,-13.2500,-57.1875,1.9800,-0.1200,0.2500,0.1400,-9.7900,-0.3900,1,1
22469,6114,195009891,5.688,87.625,138.726,147.938,2.380,2.667,-0.937,100027.72,37.22,-56.022,-56.085,-9.3315,0.4300,-9.7900,-0.1300,1.0625,127.3125,-4.3125,-24.1875,-12.8750,-65.0625,-0.2400,-0.3100,0.0900,0.3000,-9.7900,-0.3100,1,1
22482,6117,195109862,6.250,87.375,150.615,156.562,2.195,1.278,-0.265,100044.20,37.23,-55.766,-55.884,-8.3755,1.3900,-9.8300,0.1400,-1.5000,64.2500,-5.0000,-16.0000,-13.2500,-68.0000,0.4900,0.0000,0.5700,0.4000,-9.7900,-0.2700,1,1
22496,6121,195221291,7.188,87.125,160.460,165.938,2.392,2.393,0.391,100030.97,37.24,-55.465,-55.656,-9.0074,0.7600,-10.2200,0.4800,-0.8750,47.1250,1.7500,-8.5625,-12.8750,-70.0625,0.2100,-0.4300,0.7200,0.5400,-9.7800,-0.2300,1,1
22510,6125,195339946,7.000,86.812,167.891,172.000,2.224,2.258,-1.724,100032.58,37.22,-55.203,-55.410,-9.0517,0.6900,-9.8300,0.0100,-3.8750,37.8750,-2.2500,-4.8750,-12.5000,-70.5000,0.8900,-0.7900,1.0800,0.5200,-9.7900,-0.1900,1,1
22525,6129,195464291,6.875,86.750,171.949,170.938,2.249,1.554,1.258,100040.92,37.21,-54.872,-55.197,-10.3422,-0.5800,-10.1400,0.4500,-4.0625,-112.4375,-3.0625,-2.1875,-12.8750,-70.0625,-1.0700,-0.3500,0.6300,0.4900,-9.7900,-0.1700,1,1
22537,6132,195564293,6.625,87.312,165.049,156.688,2.319,0.914,1.458,100048.51,37.21,-54.606,-55.019,-9.6535,0.1000,-9.1600,-0.0800,3.4375,-187.0625,-9.2500,-5.5625,-12.0625,-69.5625,-0.3500,0.6200,0.1800,0.4500,-9.7900,-0.2700,1,1
22551,6136,195680285,5.938,87.312,154.205,149.938,2.328,2.011,-0.467,100035.51,37.22,-54.362,-54.753,-9.1554,0.6200,-9.9400,0.3500,1.5000,-26.8750,4.0000,-16.0000,-12.8750,-66.6875,0.2600,-0.2800,0.4300,0.3400,-9.7900,-0.2600,1,1
22565,6140,195800127,6.062,87.312,150.217,148.250,2.168,1.818,-0.799,100037.78,37.21,-54.114,-54.542,-9.9156,-0.1300,-9.9700,0.6100,3.3750,-26.0000,-3.1250,-18.1875,-12.8750,-68.3750,-0.5700,-0.2000,0.8200,0.3600,-9.7900,-0.2700,1,1
22580,6144,195922291,6.812,86.938,146.266,143.688,2.226,2.018,0.247,100035.41,37.22,-53.845,-54.314,-9.4102,0.3600,-9.9400,0.4900,-1.2500,-23.6250,-16.1875,-19.6875,-12.8750,-65.5000,-0.1100,-0.1500,0.7000,0.4800,-9.7900,-0.2000,1,1
22594,6148,196040314,10.750,85.750,143.616,143.562,2.187,2.541,-1.364,100029.22,37.21,-53.621,-53.974,-7.4426,2.2400,-13.1100,0.7000,75.4375,107.8750,-45.0000,-18.5625,-13.2500,-66.2500,1.0100,-1.9400,0.3800,1.2200,-9.7200,0.2400,1,1
22606,6151,196140308,6.125,65.250,151.501,161.875,2.300,2.489,1.606,100029.84,37.22,-53.361,-53.814,-17.1681,-6.3100,-7.7500,4.7500,152.1875,121.5000,54.3750,-12.2500,-20.2500,-63.0625,-0.7100,1.1200,0.7300,0.3700,-9.1000,3.6100,1,1
22619,6155,196250314,6.125,53.000,160.554,163.812,2.373,2.701,-0.059,100027.32,37.23,-53.127,-53.856,-11.2009,1.4000,-8.6800,5.1300,130.2500,2.2500,-1.3125,-9.2500,-25.5000,-56.8750,1.1000,-0.2100,-0.6300,0.3800,-8.1300,5.4600,1,1
22632,6158,196350582,6.250,45.375,163.575,164.750,2.425,2.532,1.046,100029.32,37.22,-52.927,-54.067,-13.1612,0.1600,-7.8800,5.8300,40.4375,-12.1875,5.8125,-7.0625,-29.5625,-50.1875,-0.3300,-0.3900,-0.5200,0.3800,-7.4600,6.3400,1,1
22645,6162,196460439,6.188,37.375,83.267,350.875,2.156,1.951,-2.334,100036.21,37.21,-52.831,-54.441,-15.1901,-0.3500,-6.8700,7.2900,97.4375,-2.8125,16.1250,-6.0000,-32.5000,-35.7500,-0.7300,-0.3600,-0.0200,0.3800,-6.3900,7.4200,1,1
22661,6166,196580847,6.125,32.188,6.838,348.000,2.023,3.000,-3.511,100023.77,37.23,-52.852,-55.055,-15.2243,1.6500,-5.1000,8.0300,35.3125,-23.4375,41.1250,-7.7500,-33.8750,-26.0625,0.0000,0.5900,0.3000,0.3700,-5.8200,7.8800,1,1
22675,6170,196700515,6.062,19.562,-10.191,343.312,2.107,2.739,0.886,100026.86,37.22,-52.840,-55.674,-17.8013,-1.3700,-3.4600,8.4100,162.1250,-7.1875,24.5625,-10.0625,-33.8750,-24.0000,0.6100,-0.1600,-0.9400,0.3600,-3.7000,9.0700,1,1
22690,6174,196822291,5.938,4.562,-17.171,338.312,2.238,3.146,0.948,100022.05,37.22,-52.923,-56.603,-18.5048,1.3100,-1.2700,9.0100,119.6875,-12.0000,75.6250,-11.5625,-31.5625,-7.8750,0.9800,0.2300,-0.6600,0.3300,-1.5000,9.6800,1,1
22704,6178,196940765,5.062,-2.000,-25.003,330.375,2.424,3.811,0.273,100014.16,37.21,-53.090,-57.673,-19.5188,-0.1400,-0.4400,9.8000,-0.1250,-0.3750,28.3750,-16.3750,-27.1875,-1.6875,-0.3000,-0.1300,-0.1200,0.1800,-0.3900,9.7900,1,1
22719,6182,197062294,5.062,-1.938,-28.854,330.125,2.260,1.807,1.048,100037.91,37.22,-53.336,-58.683,-19.5620,0.1600,-0.4100,9.8300,0.1875,0.1875,-0.0625,-18.1875,-26.3750,-1.6875,-0.0100,-0.0100,0.0300,0.1800,-0.3900,9.7900,1,1
22733,6185,197161743,5.062,-2.000,-29.641,330.125,2.188,2.081,-2.586,100034.67,37.23,-53.669,-59.520,-19.5900,0.1400,-0.4200,9.8600,0.0000,-0.1250,0.1250,-17.8750,-26.3750,-0.0625,-0.0300,-0.0300,0.0600,0.1800,-0.3900,9.7900,1,1
22749,6189,197281584,5.062,-2.000,-29.832,330.125,2.137,3.379,-1.673,100019.27,37.21,-54.168,-60.525,-19.5915,0.1300,-0.4000,9.8600,0.0000,-0.0625,-0.0625,-19.0000,-27.1875,-0.8750,-0.0200,-0.0100,0.0500,0.1800,-0.3900,9.7900,1,1
22763,6193,197401128,5.000,-2.188,-30.004,329.312,2.152,2.449,0.916,100030.30,37.22,-54.627,-61.496,-19.4547,0.0700,-0.5800,9.7400,3.5000,0.1250,46.5625,-18.1875,-27.8750,-2.0625,-0.4000,0.0200,0.0100,0.1700,-0.3500,9.7900,1,1
22778,6197,197523291,5.312,-2.375,-29.473,331.625,1.988,1.660,-0.639,100039.66,37.22,-55.204,-62.483,-19.5775,-0.1400,-0.4600,9.8700,0.8125,-2.1250,-5.3750,-17.5000,-26.3750,-0.5000,-0.3700,-0.1300,0.0700,0.2300,-0.3300,9.7900,1,1
22792,6201,197641103,5.375,-2.375,-27.902,333.000,2.027,2.552,-0.584,100029.09,37.22,-55.818,-63.433,-20.3814,0.7200,-0.9500,10.6900,1.5000,-1.7500,-2.6875,-17.0625,-27.5625,-1.2500,-0.8000,-0.1600,1.4100,0.2400,-0.3000,9.7900,1,1
22806,6205,197761315,0.250,-17.688,-27.678,331.125,2.276,2.513,3.398,100029.55,37.22,-56.399,-64.529,-18.2458,-1.8600,2.5500,9.4400,244.1250,105.7500,46.3750,-17.8750,-26.3750,0.2500,-1.6500,-0.2700,-0.0800,-0.8100,2.6400,9.4000,1,1
22821,6209,197881461,-15.750,-44.125,-32.874,321.375,2.058,2.609,-2.502,100028.41,37.22,-57.102,-64.763,-10.1766,-6.9200,4.7900,8.8600,142.4375,58.1250,108.1875,-27.5000,-12.2500,8.0625,-2.8600,-0.9100,1.7700,-3.3100,5.9100,7.0800,1,1
22836,6213,198001317,3.938,-66.562,-43.952,308.438,1.755,0.634,-0.789,100051.83,37.22,-57.697,-64.752,-12.8917,1.5600,5.6300,3.7800,208.6875,-5.7500,148.8750,-32.0000,-0.0625,11.0625,1.7500,-1.7800,-0.7900,0.1400,8.8200,4.2700,1,1
22852,6217,198123291,4.438,-74.688,-48.157,313.125,2.262,2.794,2.244,100026.21,37.23,-58.190,-64.775,-11.7135,0.7600,8.8700,3.7700,44.6250,-28.5625,-13.0625,-27.5625,14.8750,22.5625,0.6800,-0.3600,0.4900,0.0800,9.2400,3.2700,1,1
22866,6221,198241341,-1.500,-76.750,-44.394,318.375,2.378,1.367,2.613,100043.13,37.24,-58.543,-64.685,-9.3552,-0.9700,8.7700,2.3800,17.1875,27.5000,-67.3750,-27.1875,15.5625,21.2500,-0.0900,-0.4500,-0.5300,-1.0600,9.3000,2.8900,1,1
22880,6225,198361587,-3.125,-80.438,-41.802,318.375,2.284,1.434,-0.993,100042.34,37.24,-58.907,-64.144,-8.7156,-1.4300,8.9100,2.4100,51.5000,-4.7500,42.5000,-30.1875,13.0000,19.1875,-0.5900,-0.5000,0.0700,-1.1500,9.4800,2.2200,1,1
22895,6229,198481839,2.625,-86.750,-44.197,313.500,2.369,2.371,-0.139,100031.23,37.25,-59.169,-63.784,-8.6140,-1.3300,10.4000,1.9100,48.5625,6.5000,32.1250,-27.8750,19.2500,19.1875,0.3000,-0.2000,0.0500,-0.2300,9.7200,1.2700,1,1
22909,6233,198601517,6.500,-89.188,-47.132,311.625,2.425,3.204,-1.152,100021.35,37.25,-59.379,-63.540,-10.6476,0.8200,9.4000,0.4200,18.2500,-1.9375,11.6250,-26.3750,22.2500,18.7500,0.5700,-0.5600,-0.5100,0.4400,9.7600,0.8300,1,1
22924,6237,198723291,6.938,-90.500,-49.525,309.438,3.242,6.208,3.835,99985.73,37.24,-59.398,-63.263,-10.7450,0.9500,9.1800,0.2200,8.7500,-5.0625,8.5000,-24.5625,23.3750,15.8750,0.4400,-0.5800,-0.4000,0.5100,9.7700,0.6300,1,1
22939,6241,198841765,6.500,-90.688,-50.000,310.500,3.741,3.334,7.253,100019.81,37.24,-59.189,-62.974,-9.7273,-0.0600,9.0100,0.6000,-3.2500,-17.4375,-15.2500,-25.6875,23.3750,17.5625,-0.4400,-0.7100,0.0800,0.4100,9.7700,0.5900,1,1
22954,6245,198963291,6.625,-91.562,-48.298,312.500,3.669,5.215,-1.947,99997.52,37.17,-59.215,-62.694,-10.6134,0.8400,9.1900,0.1500,2.8125,-8.5000,-2.8125,-25.3750,24.0625,18.0000,0.3800,-0.5800,-0.3000,0.4500,9.7800,0.4500,1,1
22968,6248,199063295,5.750,-91.562,-47.169,313.562,12.918,48.354,47.205,99487.13,37.48,-57.585,-62.151,-9.6476,-0.1200,9.1500,0.5200,-2.8125,3.3125,-14.6875,-25.3750,36.3750,17.5625,-0.4200,-0.6300,0.0700,0.3000,9.7900,0.4500,1,1
22982,6252,199172560,5.938,-92.125,-46.460,313.688,11.033,2.908,21.903,100024.86,37.30,-56.175,-61.595,-10.1947,0.4300,9.2300,0.1700,7.0000,-7.2500,7.2500,-26.0625,21.5000,18.0000,0.3600,-0.5500,-0.2900,0.3300,9.7900,0.3500,1,1
22994,6255,199273343,5.875,-92.375,-46.321,313.812,16.260,36.229,15.081,99630.38,37.56,-55.313,-61.219,-10.1034,0.3400,9.2500,0.0900,1.2500,-0.8125,-2.5625,-25.0000,31.5000,18.7500,0.0200,-0.5400,-0.2200,0.3200,9.7900,0.3100,1,1
23009,6259,199392155,6.125,-92.625,-46.233,313.750,13.201,-4.341,-2.603,100110.85,37.47,-53.764,-60.659,-10.5058,0.7400,9.2300,-0.1100,2.1875,-6.8125,6.0625,-25.0000,19.6875,18.3750,0.3500,-0.6500,-0.4500,0.3700,9.7900,0.2700,1,1
23023,6263,199512323,5.938,-91.750,-46.476,313.375,27.920,40.682,102.204,99577.76,37.34,-50.357,-59.750,-9.7769,0.0200,9.1200,0.6900,-6.0000,3.9375,-1.3125,-24.5625,19.6875,18.7500,-0.2600,-0.5300,0.1200,0.3400,9.7900,0.4300,1,1
23038,6267,199632465,6.250,-91.500,-46.720,313.188,26.035,6.156,17.958,99986.35,37.55,-47.665,-59.014,-10.0290,0.2600,9.2400,0.4300,-3.5000,0.6875,-0.0625,-25.3750,29.0000,18.3750,-0.0400,-0.5100,-0.1200,0.3900,9.7800,0.4600,1,1
23052,6271,199752133,6.375,-91.125,-46.829,313.062,32.622,58.563,13.744,99366.66,37.54,-45.766,-58.440,-10.1168,0.3400,9.1700,0.5000,0.8125,-1.2500,4.8750,-25.0000,20.3750,17.5625,0.0400,-0.5600,-0.0900,0.4200,9.7800,0.5200,1,1
23067,6275,199872818,6.938,-91.312,-47.174,312.688,33.888,66.803,-22.960,99269.52,37.66,-43.703,-57.879,-10.5958,0.8200,9.1800,0.2300,0.3750,-1.6250,-2.0000,-26.0625,24.8750,18.3750,0.3400,-0.5900,-0.2800,0.5000,9.7800,0.4900,1,1
23081,6279,199992307,6.562,-91.188,-47.140,312.875,30.698,14.407,34.283,99888.59,37.83,-40.514,-57.086,-10.1555,0.3800,9.7100,0.3900,0.2500,0.5000,2.4375,-24.5625,23.0000,17.1875,-0.0200,-0.1000,-0.1200,0.4500,9.7800,0.5200,1,1
23096,6283,200112404,7.062,-91.188,-47.354,312.500,32.679,44.436,-8.580,99533.41,37.53,-39.245,-56.692,-10.2534,0.4800,9.6800,0.4100,0.4375,-4.0000,5.0625,-25.0000,32.2500,17.5625,0.0000,-0.0500,-0.1300,0.5300,9.7700,0.5100,1,1
23112,6287,200232670,7.438,-91.375,-47.419,312.562,31.704,10.216,54.075,99938.24,37.79,-36.364,-56.004,-10.4992,0.7300,9.7000,0.3000,1.2500,-1.5625,3.0000,-23.8750,22.2500,18.0000,0.1700,-0.0900,-0.1800,0.5900,9.7700,0.4800,1,1
23126,6291,200352406,7.250,-91.438,-47.391,312.688,32.744,35.275,-5.059,99641.65,37.60,-35.218,-55.677,-10.1038,0.3400,9.7200,0.4800,-0.8750,3.0000,-2.4375,-25.0000,31.5000,18.3750,-0.2100,-0.0800,0.0200,0.5500,9.7700,0.4800,1,1
23141,6295,200470298,7.500,-91.562,-47.576,312.250,28.239,13.377,-5.786,99900.79,37.22,-34.127,-55.366,-10.3823,0.6200,9.6700,0.3600,-0.5000,-0.8125,1.5000,-25.3750,33.7500,18.0000,0.0200,-0.1000,-0.0900,0.6000,9.7700,0.4500,1,1
23157,6299,200592014,7.125,-91.312,-47.410,312.812,21.884,6.000,-39.851,99988.20,37.22,-34.485,-55.353,-10.3093,0.5400,9.6600,0.4300,-4.3125,1.3750,-4.3750,-24.5625,24.8750,18.7500,0.0000,-0.1100,-0.0600,0.5300,9.7700,0.5000,1,1
23173,6303,200712953,6.500,-90.875,-46.676,313.750,13.824,3.963,-76.953,100012.35,37.26,-36.431,-55.638,-10.1114,0.3300,9.6800,0.5600,-3.5625,-1.0000,-4.7500,-25.6875,23.6875,18.7500,-0.0800,-0.0600,0.0500,0.4300,9.7700,0.5700,1,1
23190,6307,200833038,6.000,-90.438,-45.955,314.375,9.948,3.434,-37.820,100018.62,37.27,-38.022,-55.848,-10.4564,0.6600,10.1500,0.2800,-6.6250,3.1875,-7.3125,-24.5625,22.6875,18.3750,0.5700,0.4500,-0.5000,0.3500,9.7700,0.6400,1,1
23204,6311,200952704,0.438,-80.812,-44.429,317.750,6.794,2.435,-29.383,100030.48,37.27,-39.694,-56.178,-10.0389,-0.1500,9.4200,2.3100,-150.7500,16.3125,-84.8750,-26.0625,21.1875,19.1875,0.4800,0.2100,-0.0400,-0.7500,9.4400,2.5200,1,1
23220,6315,201076291,-9.688,-49.688,-37.718,326.000,4.802,3.023,-19.501,100023.51,37.26,-41.354,-56.395,-11.1897,-2.9300,3.6200,6.2900,-252.1250,20.4375,-93.5000,-27.8750,1.8750,21.2500,-0.6100,-3.1600,-0.3800,-2.3200,6.7900,6.6800,1,1
23234,6319,201192921,-15.500,-24.125,-31.695,331.875,3.935,3.168,-9.268,100021.78,37.26,-42.698,-56.966,-18.0055,-3.0200,2.4300,11.4000,-256.3125,-220.3750,-53.1875,-26.7500,-13.7500,15.8750,-1.3700,-0.5400,1.6400,-3.0400,2.8000,8.8800,1,1
23246,6322,201292873,-7.062,-9.375,-28.116,333.688,3.692,2.462,-3.284,100030.16,37.25,-43.719,-57.750,-17.4451,-4.2200,-0.5900,8.4300,-154.7500,-78.4375,-19.0000,-21.5625,-22.5625,10.1875,-0.8600,-1.7600,-1.1000,-1.7300,0.5900,9.6300,1,1
23260,6326,201413040,4.188,-3.062,-26.348,334.688,3.487,3.431,-2.629,100018.66,37.25,-45.011,-59.081,-19.8784,0.3900,0.0300,10.0900,0.0000,-10.7500,-0.5625,-17.1875,-27.5000,8.0625,0.6700,0.0000,0.5500,0.0500,-0.2000,9.8000,1,1
23276,6330,201533285,5.812,-3.125,-25.363,335.312,3.199,3.447,-2.063,100018.47,37.26,-46.322,-60.285,-19.3241,-0.7800,-0.1600,9.6400,0.0000,0.0625,-13.6250,-16.3750,-28.2500,12.5000,0.3000,0.3300,0.1200,0.3100,-0.1900,9.7900,1,1
23290,6334,201653098,5.750,-3.250,-24.749,335.438,3.040,2.518,-1.349,100029.49,37.28,-47.575,-61.426,-19.6220,0.1900,0.1000,9.8600,-0.0625,-0.0625,-0.0625,-14.5625,-27.8750,12.0625,-0.1200,0.2600,0.0700,0.3000,-0.1700,9.8000,1,1
23304,6338,201769291,5.688,-3.438,-24.605,335.438,2.999,2.644,-0.125,100027.99,37.27,-48.794,-62.506,-19.6339,0.2100,0.1100,9.8700,0.0625,-0.0625,-0.0625,-14.8750,-27.5625,11.2500,-0.0700,0.2500,0.0600,0.2900,-0.1300,9.8000,1,1
23319,6342,201893308,5.625,-3.625,-24.571,335.438,3.226,4.130,0.329,100010.38,37.28,-50.055,-63.625,-19.6217,0.1800,0.1100,9.8600,-0.0625,-0.0625,0.0000,-14.8750,-29.0000,11.6875,-0.1000,0.2100,0.0600,0.2700,-0.1100,9.8000,1,1
23331,6345,201993312,5.562,-3.750,-24.565,335.438,2.862,1.781,0.077,100038.23,37.27,-51.078,-64.508,-19.6319,0.2000,0.1000,9.8700,-0.0625,-0.0625,0.1250,-15.2500,-27.8750,10.8750,-0.0700,0.2100,0.0400,0.2700,-0.0900,9.8000,1,1
23345,6349,202103343,5.500,-3.812,-24.563,335.438,3.012,3.574,-0.212,100016.96,37.28,-52.189,-65.457,-19.6118,0.1900,0.1000,9.8500,0.0000,-0.1250,0.0000,-14.8750,-28.2500,11.6875,-0.0700,0.2300,0.0300,0.2600,-0.0700,9.8000,1,1
23360,6353,202225291,5.438,-3.812,-23.998,336.625,2.807,3.162,-2.150,100021.85,37.29,-53.433,-66.488,-19.7083,0.4400,0.2000,9.9200,-3.3750,-4.7500,-11.8125,-14.8750,-28.2500,11.2500,0.1900,0.2800,0.1200,0.2400,-0.0800,9.8000,1,1
23374,6357,202343493,5.438,-3.938,-23.530,336.562,2.593,2.925,-1.950,100024.66,37.29,-54.640,-67.463,-19.6419,0.2100,0.0900,9.8800,-0.0625,0.2500,-0.0625,-14.5625,-29.3750,11.6875,-0.0300,0.1200,0.0200,0.2500,-0.0500,9.8000,1,1
23389,6361,202465292,5.500,-3.938,-23.216,337.062,2.573,2.259,0.882,100032.55,37.29,-55.805,-68.429,-19.6840,0.1300,0.3900,9.9000,-0.2500,0.6875,-7.2500,-14.5625,-27.8750,11.6875,-0.1200,0.4500,0.0900,0.2500,-0.0500,9.8000,1,1
23404,6365,202583847,5.500,-4.062,-22.312,338.562,2.800,2.857,1.388,100025.47,37.28,-56.892,-69.338,-19.6260,0.4800,0.1600,9.8400,-0.3125,0.5625,-11.3125,-13.3750,-28.5625,11.2500,0.0800,0.1600,0.0700,0.2600,-0.0400,9.8000,1,1
23418,6369,202703512,5.562,-4.062,-21.267,339.188,2.627,1.396,-1.178,100042.80,37.29,-57.989,-70.233,-19.6139,0.2900,0.0800,9.8500,-0.1250,-0.0625,-1.7500,-13.7500,-29.0000,10.8750,-0.0900,0.1200,0.0600,0.2700,-0.0300,9.8000,1,1
23433,6373,202825291,5.562,-4.125,-20.652,339.750,2.435,2.504,-2.720,100029.66,37.29,-59.182,-71.136,-19.6024,0.2700,-0.0200,9.8500,-0.3750,0.5000,-2.7500,-12.3750,-28.2500,11.2500,0.0000,0.0000,0.0500,0.2700,-0.0200,9.8000,1,1
23447,6377,202943767,5.500,-4.250,-20.293,339.938,2.675,2.100,2.952,100034.45,37.29,-60.159,-71.958,-19.6280,0.1200,0.2600,9.8600,-0.0625,-0.4375,-3.6875,-12.0000,-29.0000,11.2500,-0.0200,0.1300,0.0300,0.2600,0.0000,9.8000,1,1
23462,6381,203064688,5.500,-4.250,-20.104,340.000,2.934,2.920,1.652,100024.72,37.29,-61.148,-72.774,-19.6174,0.2600,0.0400,9.8600,-0.0625,0.0000,-2.1250,-13.3750,-29.0000,11.6875,0.0100,0.0400,0.0500,0.2500,0.0000,9.8000,1,1
23476,6384,203164549,5.438,-4.250,-19.931,340.188,2.742,2.229,-0.532,100032.91,37.29,-62.005,-73.443,-19.5886,0.2100,0.0800,9.8300,0.1250,-0.3125,-1.3125,-12.3750,-29.3750,11.2500,-0.0800,0.0800,0.0300,0.2500,0.0000,9.8000,1,1
23491,6388,203276358,5.438,-4.312,-19.837,340.188,2.742,2.183,-0.428,100033.47,37.29,-62.909,-74.164,-19.6373,0.1800,0.1000,9.8800,0.0000,0.1250,-0.1250,-12.7500,-28.5625,12.5000,-0.0600,0.0900,0.0700,0.2500,0.0100,9.8000,1,1
23504,6391,203377291,5.438,-4.312,-19.797,340.250,2.628,2.091,-0.319,100034.55,37.28,-63.744,-74.805,-19.6108,0.2100,0.1100,9.8500,0.0000,0.0625,-0.9375,-12.7500,-28.5625,11.6875,-0.0300,0.1000,0.0400,0.2400,0.0100,9.8000,1,1
23518,6395,203494127,5.375,-4.375,-19.761,340.250,2.584,3.107,-2.172,100022.50,37.29,-64.712,-75.531,-19.6303,0.1900,0.1200,9.8700,-0.0625,0.1250,-0.1250,-12.0000,-29.3750,12.0625,-0.1300,0.1400,0.0600,0.2400,0.0200,9.8000,1,1
23533,6399,203614322,5.375,-4.375,-19.752,340.250,2.641,2.784,1.177,100026.33,37.28,-65.606,-76.239,-19.6091,0.4900,-0.1400,9.8500,0.1875,-0.1250,-0.1875,-12.3750,-29.3750,12.5000,-0.0600,-0.1400,0.0100,0.2400,0.0200,9.8000,1,1
23548,6403,203734485,5.438,-4.438,-19.337,341.125,2.841,3.119,0.399,100022.36,37.29,-66.459,-76.919,-19.6519,0.3900,0.2000,9.8700,0.5000,-1.1250,-7.5625,-12.3750,-28.5625,11.2500,-0.1700,0.0000,0.0200,0.2500,0.0300,9.8000,1,1
23562,6407,203854307,5.375,-4.250,-18.704,341.875,2.779,2.936,-0.509,100024.53,37.29,-67.317,-77.584,-19.5229,0.2500,-0.2400,9.7900,-7.1250,-1.5625,-12.7500,-11.5625,-29.0000,11.2500,-0.0500,-0.0200,0.1100,0.2400,0.0000,9.8000,1,1
23577,6411,203976291,7.500,-4.125,-17.665,342.875,2.371,2.267,-2.755,100032.47,37.29,-68.255,-78.278,-19.9683,0.1800,-0.1300,10.2800,-0.3125,-42.0000,-7.6250,-10.8750,-29.3750,12.5000,-0.4100,-0.1000,0.4900,0.6000,-0.0200,9.7800,1,1
23591,6415,204094314,15.812,-4.188,-16.519,344.125,2.434,2.376,0.305,100031.16,37.29,-69.072,-78.891,-19.0995,1.9400,-0.3300,9.6300,-2.9375,-119.3750,-9.6875,-8.2500,-29.0000,12.0625,0.3300,-0.4000,-0.3100,2.2100,-0.0100,9.5500,1,1
23605,6419,204214499,30.688,-4.188,-15.390,345.188,2.572,2.344,1.563,100031.55,37.31,-69.834,-79.332,-17.7205,4.1700,0.2900,8.7000,-0.4375,-112.0000,-3.3750,-3.7500,-28.2500,12.0625,-0.3900,-0.0600,0.1800,4.5600,0.0000,8.6700,1,1
23620,6423,204334667,53.688,-4.312,9.483,75.062,2.666,3.014,0.366,100023.60,37.31,-70.571,-79.483,-14.2720,7.7400,0.3500,6.1000,6.0000,-168.6875,4.0000,3.2500,-29.7500,10.8750,0.7000,0.8400,-0.0800,7.4700,0.0000,6.3400,1,1
23634,6427,204454514,67.375,-4.375,59.695,74.375,2.622,2.610,-0.365,100028.40,37.32,-71.209,-79.243,-9.5141,3.0700,-1.1100,1.2900,7.8125,-273.0625,3.1250,6.5625,-28.5625,8.8750,-3.0300,0.3600,-1.5900,9.0600,0.0100,3.7400,1,1
23649,6431,204576295,92.625,175.688,71.668,75.062,2.693,2.822,0.697,100025.88,37.31,-71.723,-78.643,-8.4441,9.3600,0.5700,-1.9900,2.9375,-2.2500,0.2500,13.2500,-29.0000,-1.5000,-0.4400,0.5700,-1.7700,9.8000,0.0000,-0.2200,1,1
23664,6435,204694677,92.875,-184.125,74.125,74.750,2.443,2.045,-1.400,100035.09,37.31,-72.132,-77.901,-8.9621,9.7400,0.1400,-0.0900,0.1875,-1.9375,-0.1250,14.3750,-29.5625,0.8750,-0.0100,0.1400,0.0600,9.8000,0.0100,-0.1900,1,1
23678,6438,204794758,92.812,-184.125,74.607,74.750,2.378,2.514,-1.841,100029.53,37.31,-72.404,-77.298,-8.9925,9.7400,0.1100,-0.0800,-0.0625,2.5000,-0.1875,14.0625,-29.5625,-1.1875,-0.0300,0.1100,0.0700,9.8000,0.0100,-0.1900,1,1
23693,6442,204909296,92.812,-184.062,74.765,74.812,2.737,3.620,2.696,100016.42,37.30,-72.517,-76.584,-8.9867,9.7900,0.1200,-0.1400,0.1875,-0.3750,0.0625,14.3750,-28.7500,0.3750,-0.0100,0.1000,0.0500,9.8000,0.0200,-0.2000,1,1
23707,6445,205007291,92.875,-184.062,74.802,74.812,2.648,3.280,0.351,100020.45,37.28,-72.588,-75.983,-8.9833,9.7300,0.1300,-0.0900,0.0625,0.3750,-0.1250,13.6875,-30.2500,0.3750,-0.0600,0.1000,0.0800,9.8000,0.0200,-0.1800,1,1
23724,6449,205127291,92.875,-184.062,74.860,74.875,2.697,1.817,2.360,100037.80,37.29,-72.510,-75.229,-8.9883,9.8000,0.1200,-0.0900,0.0000,0.3125,0.0000,14.0625,-30.0000,0.0000,0.0000,0.0900,0.0800,9.8000,0.0300,-0.1800,1,1
23739,6453,205245075,92.938,-184.000,74.872,74.875,2.358,1.807,-3.129,100037.91,37.29,-72.501,-74.520,-8.9806,9.7000,0.1500,0.0000,-0.0625,1.0625,-0.1875,14.0625,-30.0000,0.3750,0.0000,0.1300,0.0400,9.8000,0.0300,-0.1700,1,1
23753,6457,205363493,92.938,-184.000,74.874,74.875,2.342,0.991,0.879,100047.59,37.30,-72.328,-73.794,-8.9788,9.8100,0.1400,-0.0800,3.3125,0.1250,0.0625,13.0000,-29.5625,0.3750,0.0000,0.1000,0.0700,9.8000,0.0300,-0.1600,1,1
23768,6461,205485400,93.000,-183.938,74.719,74.562,2.355,1.611,0.079,100040.25,37.31,-72.132,-73.056,-8.9346,9.7600,0.2000,-0.0500,3.0000,1.3750,-0.3125,13.0000,-30.6875,1.2500,-0.0500,0.1300,0.1300,9.8000,0.0400,-0.1500,1,1
23782,6465,205605189,93.000,-183.938,74.662,74.688,2.587,3.026,1.507,100023.46,37.31,-71.840,-72.333,-9.0402,9.7800,0.0900,-0.1000,-0.5000,0.4375,-0.1250,14.0625,-30.2500,0.8750,-0.0300,0.0800,0.0700,9.8000,0.0400,-0.1600,1,1
23798,6469,205727294,93.000,-183.938,74.751,74.812,2.887,3.331,2.255,100019.84,37.30,-71.430,-71.591,-9.0239,9.8500,0.1000,-0.1300,-2.4375,-0.1875,-0.1250,13.6875,-28.7500,0.0000,0.0400,0.0500,0.0200,9.8000,0.0500,-0.1500,1,1
23813,6473,205845307,93.062,-183.938,74.849,74.875,3.166,3.587,2.899,100016.81,37.30,-70.962,-70.877,-9.0389,9.8200,0.0900,-0.0700,-0.3125,-0.3750,-0.0625,14.0625,-30.0000,0.0000,0.0100,0.0800,0.0200,9.8000,0.0500,-0.1500,1,1
23827,6477,205963856,93.000,-183.938,74.869,74.875,2.911,2.217,-1.118,100033.06,37.31,-70.522,-70.182,-8.9997,9.7900,0.1300,-0.1000,-0.0625,-0.4375,0.0625,14.7500,-30.0000,-0.3750,0.0000,0.0800,0.0500,9.8000,0.0500,-0.1500,1,1
23842,6481,206085393,93.000,-183.938,74.874,74.875,2.469,2.432,-4.322,100030.51,37.32,-70.180,-69.508,-9.0220,9.7700,0.1100,-0.0800,0.1250,0.6250,-0.1875,14.0625,-30.0000,0.0000,-0.0300,0.0600,0.0600,9.8000,0.0500,-0.1500,1,1
23854,6484,206185502,93.062,-183.938,74.875,74.875,2.443,2.668,-1.124,100027.70,37.29,-69.815,-68.948,-8.9986,9.8200,0.1300,-0.0800,-0.0625,0.3125,-0.1250,13.6875,-30.0000,0.3750,0.0000,0.0800,0.1000,9.8000,0.0500,-0.1400,1,1
23867,6488,206295546,93.062,-183.938,74.875,74.875,2.466,2.947,-0.408,100024.40,37.31,-69.393,-68.341,-9.0321,9.7900,0.1000,-0.0500,0.0000,1.0625,-0.1250,14.0625,-30.2500,0.8750,-0.0100,0.0600,0.0500,9.8000,0.0500,-0.1300,1,1
23881,6492,206415890,93.125,-183.938,74.875,74.875,2.732,2.434,3.021,100030.48,37.30,-68.805,-67.668,-9.0000,9.7900,0.1300,-0.0900,0.0625,0.1250,-0.1250,14.0625,-30.0000,2.0625,-0.0100,0.0800,0.0500,9.8000,0.0500,-0.1300,1,1
23897,6496,206536029,93.562,-4.625,75.375,75.875,2.557,2.096,-1.151,100034.49,37.31,-68.321,-67.065,-10.7654,8.6100,0.3300,1.0300,-1.3750,18.6875,0.3125,13.6875,-30.2500,0.3750,0.1300,0.0000,-0.0700,9.8000,0.0600,0.0000,1,1
23913,6500,206657291,93.250,-183.812,75.782,75.875,2.668,2.838,1.188,100025.70,37.30,-67.779,-66.446,-9.0052,9.8800,0.1400,-0.0900,0.6875,-0.8750,0.1875,14.3750,-30.0000,0.0000,0.0700,0.0700,0.0000,9.8000,0.0600,-0.1000,1,1
23926,6503,206755951,93.188,-183.812,75.851,75.875,2.486,2.267,-1.694,100032.46,37.31,-67.372,-65.946,-8.8829,9.8800,0.2600,-0.1400,0.0625,-2.2500,-0.1250,13.2500,-30.0000,0.0000,0.0800,0.0400,0.0100,9.8000,0.0600,-0.1100,1,1
23942,6507,206867297,93.375,-4.688,75.954,76.125,2.746,3.054,0.902,100023.13,37.29,-66.840,-65.414,-10.7746,9.8400,0.1700,0.0900,-4.5625,15.3750,-0.1875,14.0625,-30.6875,0.0000,0.0300,0.0900,0.0200,9.8000,0.0700,0.0700,1,1
23957,6511,206986304,90.688,-4.625,76.241,76.438,2.679,2.624,1.039,100028.23,37.30,-66.307,-65.032,-10.8168,9.8800,0.2200,0.4800,-5.4375,38.4375,-0.3125,13.6875,-29.5625,0.8750,0.0900,0.0200,0.0000,9.7900,0.0700,0.5500,1,1
23969,6514,207086131,86.188,-7.562,76.685,77.125,2.645,2.227,-1.244,100032.93,37.30,-65.871,-64.732,-11.3608,9.8400,0.1800,1.2300,-9.2500,68.6250,-1.5000,12.5625,-29.5625,1.6875,0.0700,0.0100,-0.0400,9.6900,0.0700,1.4400,1,1
23982,6518,207196133,76.125,-5.750,77.361,77.625,2.566,1.806,-0.109,100037.93,37.32,-65.415,-64.468,-11.6243,9.0500,0.1600,3.1700,0.2500,99.3125,-0.0625,11.8750,-28.7500,3.6875,-0.1800,0.0700,0.0900,9.2800,0.0700,3.1500,1,1
23996,6522,207316481,65.125,-5.188,77.535,77.562,2.540,1.678,0.577,100039.45,37.31,-64.945,-64.277,-12.4186,9.5300,0.1800,3.7900,0.2500,109.6250,0.0625,11.5000,-29.5625,6.1875,0.4900,0.0800,-0.6700,8.4800,0.0700,4.9100,1,1
24011,6526,207436647,49.125,-4.875,77.485,77.375,2.710,3.263,0.161,100020.66,37.31,-64.530,-64.326,-14.8705,6.9100,0.1000,6.7500,2.2500,110.9375,2.5000,6.2500,-30.0000,9.8750,-0.5400,0.0300,0.2700,6.9400,0.0700,6.9100,1,1
24025,6530,207556305,33.125,-4.750,10.463,347.875,2.651,2.204,0.246,100033.21,37.31,-64.150,-64.617,-16.6564,4.2300,0.4100,7.5200,-6.0625,193.9375,-10.2500,3.6875,-30.2500,10.6875,0.2900,-0.4200,-1.7300,4.4500,0.0800,8.7300,1,1
24040,6534,207678291,5.562,-4.938,-7.244,348.000,2.550,2.175,-0.678,100033.55,37.32,-63.909,-65.343,-19.5383,1.0900,-0.2100,9.7400,-0.0625,1.1250,6.1250,-5.2500,-30.0000,12.3750,0.8200,-0.3400,-0.0600,0.2700,0.1200,9.8000,1,1
24054,6538,207796499,5.562,-4.938,-11.177,347.500,2.559,2.654,-1.193,100027.87,37.32,-63.797,-66.080,-19.5952,0.3100,0.1500,9.8300,0.0625,-0.2500,2.3125,-6.2500,-29.5625,12.7500,0.0400,0.0500,0.0300,0.2600,0.1200,9.8000,1,1
24068,6542,207916675,5.562,-4.938,-12.197,347.500,2.486,2.714,-0.879,100027.16,37.30,-63.781,-66.830,-19.7153,-0.1100,0.3300,9.9700,-0.4375,-0.9375,-0.0625,-6.6875,-29.1875,12.7500,0.8900,0.1700,-0.2300,0.2700,0.1100,9.8000,1,1
24084,6546,208036836,5.062,-4.875,-11.645,349.688,2.659,3.057,1.840,100023.09,37.31,-63.802,-67.570,-19.6849,0.3700,0.2400,9.9000,0.2500,-0.2500,-30.1875,-6.6875,-30.0000,12.3750,0.0100,-0.0400,0.0100,0.1800,0.1000,9.8000,1,1
24098,6550,208156678,5.062,-4.875,-10.432,349.500,2.539,2.306,-0.671,100032.00,37.32,-63.929,-68.307,-19.4636,0.4100,-1.3000,9.8100,-0.5000,0.3125,23.0000,-6.0000,-29.5625,12.7500,0.0300,-0.4900,0.1000,0.1800,0.1000,9.8000,1,1
24113,6554,208278351,5.125,-4.875,-10.854,349.000,2.419,3.082,-1.867,100022.80,37.33,-64.193,-69.079,-19.6297,0.2900,0.1500,9.8600,0.1875,-0.6250,2.7500,-6.2500,-29.1875,12.7500,0.0900,0.0400,0.0500,0.1900,0.1000,9.8000,1,1
24126,6557,208378291,5.125,-4.875,-11.003,349.375,2.292,1.815,0.316,100037.83,37.30,-64.419,-69.691,-19.6592,0.3300,0.2200,9.8800,2.3125,-0.3125,-18.0625,-6.2500,-29.5625,12.0000,0.1400,0.1100,0.0800,0.1900,0.1000,9.8000,1,1
24140,6561,208496557,5.125,-4.875,-10.525,349.625,2.578,3.034,1.527,100023.37,37.29,-64.699,-70.405,-19.5698,0.2000,0.1200,9.8100,0.0625,-0.0625,0.0000,-7.0625,-29.5625,12.3750,0.0000,0.0100,-0.0100,0.1900,0.1100,9.8000,1,1
24153,6564,208596920,5.250,-4.938,-10.037,350.688,2.712,4.146,0.525,100010.19,37.31,-64.978,-71.009,-19.7244,-0.3000,1.7700,9.8600,1.7500,-6.3125,-29.5000,-6.0000,-29.1875,12.7500,-1.3600,-0.0300,0.1600,0.2400,0.1300,9.8000,1,1
24167,6568,208709300,5.562,-5.000,-9.169,351.000,2.364,2.151,-1.493,100033.84,37.31,-65.372,-71.683,-19.7547,-0.2700,0.3800,10.0200,-3.5625,-9.5625,1.2500,-4.5000,-29.1875,12.7500,-0.5400,0.2500,0.2200,0.2700,0.1200,9.8000,1,1
24182,6572,208829294,13.000,-4.625,-8.105,353.375,2.266,2.432,-1.869,100030.51,37.32,-65.849,-72.416,-19.6951,2.1800,-0.4300,10.1000,-4.8125,-95.1250,-29.0625,-3.7500,-29.5625,12.7500,0.6500,-0.5000,0.4100,1.5300,0.0600,9.6800,1,1
24196,6576,208947127,28.562,-4.688,-5.505,355.938,2.762,3.170,4.175,100021.75,37.31,-66.196,-72.973,-17.7197,4.0400,0.0600,8.6300,-2.6250,-139.3750,-7.1875,1.7500,-30.6875,12.0000,-0.5400,0.0000,0.0400,4.2800,0.0700,8.8200,1,1
24210,6580,209067320,44.938,-4.938,-4.660,355.062,2.749,2.041,1.265,100035.14,37.31,-66.578,-73.279,-15.6907,5.9300,0.2000,7.4200,10.0625,-142.6875,11.0625,7.0000,-29.5625,9.5000,-1.2000,0.1700,0.4700,6.6200,0.0900,7.2300,1,1
24225,6584,209187505,69.875,-5.562,61.648,83.312,2.500,2.099,-2.511,100034.46,37.33,-67.042,-73.251,-12.1903,8.3000,0.1800,4.1200,21.1875,-219.2500,10.0625,11.0625,-30.0000,5.0000,-0.3600,0.0100,-0.2500,8.9500,0.0900,3.9900,1,1
24239,6588,209307130,93.000,-183.750,77.016,80.625,2.452,2.834,-1.689,100025.73,37.32,-67.427,-72.865,-5.2807,25.8900,2.3500,-9.4000,21.1250,-224.4375,6.5000,13.6875,-29.5625,0.3750,-8.8600,-0.9900,-4.9300,9.8000,0.0800,-0.1300,1,1
24254,6592,209429294,93.062,-183.750,79.617,80.250,2.574,3.503,-0.133,100017.81,37.32,-67.673,-72.255,-9.0344,9.7700,0.1300,-0.0700,-1.0625,0.3125,-0.1250,14.3750,-30.2500,-3.6875,-0.0300,0.0500,0.0600,9.8000,0.0700,-0.1300,1,1
24268,6596,209547025,93.062,-183.750,80.105,80.250,2.488,2.941,-0.691,100024.48,37.32,-67.820,-71.650,-9.0387,9.8000,0.1200,-0.1400,0.0625,-0.3750,-0.0625,13.6875,-30.6875,-2.0000,0.0000,0.0400,-0.0100,9.8000,0.0700,-0.1300,1,1
24281,6599,209647039,93.062,-183.750,80.213,80.250,2.463,2.497,0.704,100029.74,37.32,-67.870,-71.133,-9.0246,9.7600,0.1400,-0.0800,0.0625,0.0000,-0.0625,14.0625,-30.2500,-1.5625,-0.0300,0.0600,0.0500,9.8000,0.0800,-0.1300,1,1
24295,6603,209757412,93.125,-183.750,80.242,80.250,2.620,2.675,1.039,100027.62,37.32,-67.838,-70.557,-9.0257,9.8100,0.1300,-0.1800,-0.0625,1.5625,-0.2500,14.3750,-30.2500,-2.8750,-0.0100,0.0400,-0.0100,9.8000,0.0800,-0.1200,1,1
24309,6606,209857495,93.375,-183.750,80.105,79.812,2.456,1.726,-0.489,100038.88,37.31,-67.790,-70.047,-8.6669,10.7500,0.4000,-0.6500,11.3750,11.0625,-0.5625,14.0625,-30.2500,-1.1875,0.7300,0.1300,-0.5100,9.8000,0.0800,-0.0100,1,1
24325,6610,209979298,83.750,-7.062,79.420,79.125,2.510,2.338,-0.099,100031.62,37.33,-67.688,-69.636,-11.3027,10.2100,0.1400,0.9500,0.0000,141.6250,0.0000,13.6875,-30.6875,0.3750,0.5500,0.0500,-0.7700,9.6500,0.0800,1.7300,1,1
24338,6614,210087862,61.812,-5.188,79.186,79.250,2.537,1.815,1.180,100037.82,37.33,-67.523,-69.354,-12.7812,8.4600,0.3200,4.1000,-6.2500,240.3750,-3.7500,11.0625,-29.5625,4.1875,-0.0900,0.0900,-0.7200,8.3000,0.0800,5.2100,1,1
24351,6617,210197491,29.562,-4.812,37.651,350.438,2.221,1.062,-2.343,100046.76,37.31,-67.479,-69.364,-14.1635,3.5300,-0.1500,4.7700,-12.0000,537.4375,-22.2500,6.6875,-30.2500,9.8750,-1.0600,-0.8100,-4.6100,3.3500,0.0800,9.2100,1,1
24364,6621,210307708,5.500,-5.000,2.640,350.812,2.255,2.468,-1.827,100030.09,37.31,-67.448,-69.889,-19.5611,0.2900,0.1200,9.8000,0.1875,0.1250,-0.4375,-4.5000,-29.1875,12.7500,-0.0500,0.0100,0.0600,0.2600,0.1300,9.8000,1,1
24379,6625,210429291,5.312,-5.000,-6.672,351.562,2.406,3.637,0.251,100016.22,37.33,-67.455,-70.562,-19.6297,-0.6900,0.0400,9.9600,-2.7500,10.6875,-33.1875,-5.5625,-29.5625,13.5625,-0.9200,-0.0800,0.1500,0.2200,0.1300,9.8000,1,1
24392,6628,210529292,5.438,-5.062,-7.189,353.188,2.420,2.006,2.282,100035.55,37.32,-67.460,-71.102,-19.5599,0.3800,-0.1900,9.8200,-1.0000,1.7500,-10.0000,-3.7500,-29.1875,13.5625,0.1400,-0.3400,0.0200,0.2400,0.1400,9.8000,1,1
24405,6632,210638057,5.125,-4.812,-6.800,353.125,2.543,3.221,0.741,100021.16,37.32,-67.567,-71.699,-19.6310,0.0300,0.1800,9.8800,0.2500,-0.1250,1.8750,-3.7500,-30.2500,13.1875,0.1300,-0.0700,-0.0100,0.1900,0.1000,9.8000,1,1
24420,6636,210760299,5.125,-4.812,-6.964,352.938,2.530,3.186,0.030,100021.56,37.33,-67.740,-72.362,-19.5894,0.2100,0.1000,9.8300,1.0625,0.6875,-0.0625,-3.3750,-29.5625,12.7500,0.0100,0.0000,0.0200,0.1900,0.1000,9.8000,1,1
24436,6640,210878580,3.062,-3.812,-6.725,353.562,2.713,3.850,0.261,100013.69,37.32,-67.944,-73.057,-21.2534,0.5800,0.3700,11.4300,-41.1875,99.5625,-1.0000,-3.0000,-30.0000,12.7500,0.3400,0.0000,0.9500,-0.1600,-0.0800,9.8000,1,1
24448,6643,210978630,-19.000,-2.250,-6.890,352.125,2.234,1.183,-0.500,100045.32,37.32,-68.188,-73.569,-17.0472,-3.4200,-0.8300,7.5200,4.3125,314.3750,33.0625,-7.7500,-31.7500,10.6875,0.0200,-0.4500,-1.3700,-3.8300,-0.3200,9.0200,1,1
24461,6647,211088276,-53.188,-2.250,-45.713,259.688,2.312,2.990,-1.072,100023.90,37.32,-68.530,-73.665,-12.5277,-7.5000,0.1000,5.1700,-14.3125,290.5625,9.3125,-16.3750,-30.2500,5.0000,0.0900,0.0900,-0.4900,-8.2400,-0.1800,5.3000,1,1
24473,6650,211198125,-61.938,-5.500,-86.147,256.625,2.522,3.584,0.985,100016.85,37.32,-68.695,-73.370,-11.1222,-9.1600,-0.6100,3.5400,-24.3750,-11.3125,11.8750,-19.0000,-30.2500,-2.5000,-0.1100,-0.7600,-0.4300,-8.9300,0.0800,4.0300,1,1
24486,6654,211308131,-67.688,-5.812,-99.294,256.125,2.455,2.239,0.928,100032.80,37.33,-68.827,-72.942,-10.1093,-8.9300,0.0100,3.2200,-0.3750,84.1875,-0.0625,-19.2500,-29.5625,-3.6875,0.4600,0.4000,-0.3400,-9.3500,0.0800,2.9300,1,1
24501,6658,211430291,-84.188,-4.812,-103.888,254.375,2.409,2.676,-0.692,100027.62,37.33,-68.948,-72.313,-7.2669,-10.3600,1.9000,2.1100,-5.8750,19.6250,-1.5000,-20.5000,-30.2500,-9.0625,-0.5500,1.8000,1.8200,-9.8000,0.1000,0.2800,1,1
24515,6662,211548315,-83.875,-4.750,-105.067,254.812,2.445,2.425,0.095,100030.59,37.33,-68.946,-71.642,-8.6184,-9.6400,0.4000,0.0600,-0.7500,-5.5625,-2.5000,-20.0625,-29.5625,-12.7500,0.4300,-0.1000,0.0900,-9.7900,0.0800,0.3500,1,1
24529,6666,211668034,-83.688,-4.688,-105.174,254.812,2.380,3.066,-1.710,100022.99,37.33,-68.922,-71.017,-9.0938,-9.4600,0.0000,0.5500,-0.1875,0.5625,0.0625,-20.5000,-30.2500,-11.0625,0.3200,-0.0700,0.1700,-9.7900,0.0700,0.3700,1,1
24544,6670,211788668,-83.625,-4.625,-105.185,254.812,2.401,1.705,1.900,100039.13,37.33,-68.742,-70.370,-9.1033,-9.4500,0.0000,0.5300,-0.1250,-0.1875,-0.0625,-19.0000,-30.2500,-9.8750,0.3500,-0.0900,0.1800,-9.7900,0.0700,0.3900,1,1
24558,6674,211908214,-83.625,-4.625,-105.170,254.875,2.183,2.445,-3.136,100030.35,37.34,-68.646,-69.762,-9.1094,-9.4300,0.0000,0.5700,-0.0625,-0.0625,0.0000,-19.6875,-30.0000,-9.8750,0.3100,-0.0600,0.1200,-9.7900,0.0600,0.4000,1,1
24573,6678,212030292,-83.562,-4.625,-105.134,254.875,2.172,0.922,1.961,100048.41,37.32,-68.374,-69.121,-9.1240,-9.4600,-0.0200,0.5400,0.0625,-0.3750,0.0000,-20.0625,-31.0625,-10.6875,0.3300,-0.0900,0.1300,-9.7900,0.0600,0.4000,1,1
24587,6682,212148052,-83.500,-4.562,-105.127,254.875,2.073,1.510,-0.752,100041.44,37.34,-68.158,-68.528,-9.1360,-9.4600,-0.0200,0.5500,0.0625,-0.6250,-0.0625,-20.0625,-30.0000,-10.6875,0.3200,-0.0800,0.1300,-9.7900,0.0600,0.4100,1,1
24599,6685,212248671,-83.375,-4.562,-104.988,255.312,2.171,3.170,-1.620,100021.76,37.36,-67.940,-68.036,-8.9480,-9.9000,0.0800,0.0700,13.6875,-0.4375,-0.5625,-19.6875,-30.0000,-10.2500,-0.5800,0.1500,-0.0400,-9.7900,0.0500,0.4400,1,1
24612,6689,212358677,-83.250,-4.625,-103.617,257.875,2.305,2.412,1.271,100030.74,37.33,-67.598,-67.451,-8.2614,-8.7500,0.8400,-0.0700,36.4375,-2.0000,-0.6875,-20.5000,-28.7500,-10.2500,-0.6600,0.9000,-0.4900,-9.7900,0.0700,0.4600,1,1
24627,6693,212480292,-72.250,-6.438,-101.209,259.875,1.940,0.783,-1.590,100050.06,37.34,-67.268,-66.837,-9.3891,-10.8200,0.0300,2.7200,12.6875,-180.8125,-2.0000,-20.0625,-29.5625,-5.0000,-1.2900,-0.0500,0.3900,-9.5200,0.0900,2.3200,1,1
24641,6697,212598947,-24.125,-4.812,-64.182,347.750,2.302,2.268,1.761,100032.45,37.35,-66.870,-66.660,-13.9760,-7.9700,1.0500,5.7900,-20.6875,-336.1875,36.0000,-19.0000,-30.2500,3.6875,-3.3700,0.3400,-2.3100,-4.1900,0.0800,8.8600,1,1
24655,6701,212719042,0.500,-4.750,-23.569,348.188,2.318,2.801,-1.053,100026.13,37.35,-66.582,-67.264,-20.6250,-0.0500,-1.1200,10.8700,-1.5625,-142.7500,17.6875,-10.7500,-28.8750,11.5625,-0.3700,0.1600,2.5800,-0.4200,0.0900,9.7900,1,1
24670,6705,212839292,5.250,-4.812,-14.048,348.938,2.536,1.725,3.661,100038.90,37.35,-66.291,-68.059,-28.0158,5.9500,0.1900,17.8300,-0.0625,-8.6875,-16.3750,-7.7500,-29.1875,12.7500,-1.8000,0.9500,-1.0800,0.2100,0.0900,9.8000,1,1
24684,6709,212959124,5.250,-4.812,-11.249,349.562,2.853,2.935,1.567,100024.55,37.35,-66.140,-68.720,-19.5967,0.2000,0.1000,9.8400,-0.0625,1.3750,0.9375,-6.0000,-30.2500,14.0000,0.1400,-0.2200,0.0300,0.2100,0.1000,9.8000,1,1
24699,6713,213081295,5.312,-4.812,-10.173,350.875,2.471,2.721,-2.868,100027.09,37.34,-66.199,-69.432,-19.6138,0.5600,-0.1400,9.8500,0.6250,0.5000,-6.6875,-5.5625,-30.0000,12.3750,0.3300,-0.2400,0.0500,0.2200,0.0900,9.8000,1,1
24711,6716,213181296,5.312,-4.812,-9.831,350.125,2.449,2.260,-1.552,100032.55,37.34,-66.253,-70.005,-19.5968,0.2000,0.1100,9.8400,0.0000,-0.0625,0.0625,-5.5625,-28.5000,12.0000,-0.0100,0.0100,0.0400,0.2200,0.0900,9.8000,1,1
24724,6720,213289471,5.312,-4.812,-9.938,350.000,2.078,1.722,-3.194,100038.92,37.35,-66.453,-70.640,-19.5941,0.1900,0.0900,9.8400,0.0000,-0.1250,0.0625,-6.0000,-30.0000,13.1875,-0.0200,-0.0100,0.0400,0.2200,0.0900,9.8000,1,1
24738,6724,213409328,5.312,-4.812,-9.986,350.000,1.933,2.471,-1.854,100030.05,37.34,-66.740,-71.340,-19.5743,0.1800,0.1000,9.8200,0.0000,0.0625,0.0625,-4.8750,-30.0000,12.3750,-0.0100,0.0000,0.0100,0.2200,0.0900,9.8000,1,1
24750,6727,213509341,5.312,-4.812,-9.996,350.000,2.105,2.824,1.110,100025.85,37.34,-66.942,-71.904,-19.5677,0.2300,0.0900,9.8100,0.0625,-0.0625,0.0000,-5.2500,-28.5000,12.3750,-0.0400,0.0000,0.0400,0.2200,0.0900,9.8000,1,1
24765,6731,213631295,5.312,-4.812,-9.999,350.000,2.051,1.974,0.963,100035.94,37.34,-67.244,-72.589,-19.5851,0.1900,0.1000,9.8300,0.0625,-0.1875,-0.0625,-5.5625,-29.5625,14.3750,-0.0200,0.0000,0.0200,0.2200,0.0900,9.8000,1,1
24779,6735,213749391,5.312,-4.812,-10.000,350.000,2.372,2.630,2.695,100028.16,37.35,-67.520,-73.232,-19.5886,0.2100,0.1200,9.8300,0.0000,0.0625,-0.0625,-6.0000,-30.0000,13.5625,0.0000,-0.0100,0.0100,0.2200,0.0900,9.8000,1,1
24793,6739,213869032,5.312,-4.812,-10.000,350.000,2.591,3.231,1.792,100021.03,37.36,-67.838,-73.875,-19.5841,0.2000,0.0800,9.8300,0.0625,-0.0625,0.0000,-5.5625,-29.5625,12.7500,-0.0200,-0.0100,0.0300,0.2200,0.0900,9.8000,1,1
24808,6743,213989584,5.312,-4.812,-10.000,350.000,2.519,2.090,0.678,100034.56,37.34,-68.194,-74.516,-19.5932,0.1900,0.0800,9.8400,0.0000,0.1250,-0.0625,-6.0000,-30.0000,12.3750,-0.0100,0.0000,0.0200,0.2200,0.0900,9.8000,1,1
24823,6747,214109240,5.312,-4.812,-10.000,350.000,2.214,1.852,-2.057,100037.38,37.35,-68.677,-75.163,-19.5950,0.1900,0.1000,9.8400,0.0000,-0.0625,0.0625,-4.8750,-30.0000,12.3750,-0.0200,0.0000,0.0300,0.2200,0.0900,9.8000,1,1
24838,6751,214231293,5.312,-4.812,-10.000,350.000,2.146,2.139,-0.517,100033.98,37.36,-69.166,-75.805,-19.6048,0.2000,0.0900,9.8500,-0.2500,-0.1875,-0.1250,-5.5625,-30.0000,12.7500,-0.0200,0.0000,0.0400,0.2200,0.0900,9.8000,1,1
24852,6755,214349765,5.312,-4.812,-10.000,350.000,2.249,2.366,0.493,100031.29,37.35,-69.627,-76.409,-19.5743,0.1800,0.1000,9.8200,-0.0625,-0.3750,0.0625,-6.2500,-29.5625,12.3750,-0.0200,0.0000,-0.0100,0.2200,0.0900,9.8000,1,1
24864,6758,214449680,5.312,-4.812,-9.550,351.938,2.281,3.119,-0.158,100022.36,37.35,-70.057,-76.917,-19.5393,-0.0200,0.0100,9.8100,-0.3125,-0.5625,-75.7500,-5.2500,-30.0000,14.0000,-0.2300,0.1600,0.0900,0.2200,0.1000,9.8000,1,1
24879,6762,214568970,5.500,-5.250,-3.242,3.562,2.657,3.813,2.207,100014.13,37.33,-70.479,-77.496,-19.3790,0.1200,-0.5600,9.7000,0.0000,-3.7500,-154.6250,-2.5625,-29.2500,12.7500,-0.1300,-0.7300,-0.0900,0.2600,0.1700,9.8000,1,1
24894,6766,214689929,5.125,-5.375,7.368,12.500,2.431,2.844,-1.091,100025.62,37.34,-70.989,-78.083,-19.5636,0.1400,0.1800,9.8100,-0.5625,0.1250,-56.0000,7.6875,-28.5000,12.7500,0.4200,0.1600,0.0400,0.2000,0.1900,9.8000,1,1
24908,6770,214810123,5.125,-5.500,13.364,16.500,2.493,2.043,1.307,100035.12,37.34,-71.446,-78.641,-19.5744,0.1200,0.1200,9.8300,-2.3125,8.0625,-20.3750,8.8750,-27.3750,13.1875,0.3300,0.1700,0.0200,0.1900,0.2100,9.8000,1,1
24923,6774,214932291,5.000,-5.438,16.713,18.188,2.411,2.580,-1.073,100028.76,37.35,-72.001,-79.213,-19.5418,0.0000,-0.0400,9.8200,0.3125,-0.4375,-16.8750,10.0000,-27.0000,14.0000,-0.1600,-0.2600,0.0100,0.1700,0.2100,9.8000,1,1
24937,6778,215050034,4.938,-5.500,18.813,20.000,2.534,2.090,1.305,100034.57,37.35,-72.458,-79.734,-19.5229,0.0600,0.0200,9.7900,-0.6250,0.8750,-11.8750,11.8750,-26.2500,14.0000,0.0400,-0.0600,0.0100,0.1600,0.2100,9.8000,1,1
24950,6781,215150135,4.938,-5.500,20.270,21.062,2.434,1.572,0.112,100040.71,37.35,-72.900,-80.179,-19.5826,-0.0300,0.4700,9.8200,0.6250,-0.0625,-9.9375,11.5000,-25.8750,12.7500,0.1100,0.0000,0.0200,0.1600,0.2100,9.8000,1,1
24963,6785,215260218,4.938,-5.438,20.934,21.125,2.304,2.752,-2.327,100026.71,37.34,-73.441,-80.669,-19.5816,0.2800,0.2200,9.8100,-0.3750,-0.3125,5.1250,12.5625,-25.5000,13.1875,0.3900,0.1100,0.0600,0.1700,0.2000,9.8000,1,1
24975,6788,215360283,5.000,-5.438,20.446,19.625,2.367,2.123,1.248,100034.16,37.36,-73.844,-81.086,-19.6125,0.5300,0.3100,9.8100,0.7500,-1.4375,20.4375,11.0625,-26.2500,12.7500,0.3300,-0.1500,0.0000,0.1800,0.2000,9.8000,1,1
24988,6792,215470470,5.062,-5.438,20.286,21.188,2.431,1.895,1.522,100036.88,37.36,-74.287,-81.538,-19.5410,0.0700,0.0000,9.8100,-1.9375,3.8750,-26.1875,11.0625,-26.5625,12.3750,0.2200,-0.0300,0.0300,0.1800,0.2100,9.8000,1,1
25003,6796,215590677,5.000,-5.438,21.293,21.688,2.520,3.167,-0.094,100021.80,37.37,-74.821,-82.028,-19.5282,0.0800,-0.1700,9.8100,0.7500,-1.6875,-2.5000,12.1875,-25.0625,12.7500,0.6300,0.1800,0.1300,0.1700,0.2000,9.8000,1,1
25017,6800,215710517,5.062,-5.375,20.367,18.188,2.667,3.386,1.330,100019.20,37.37,-75.280,-82.497,-19.5556,0.1400,0.0800,9.8100,-2.6875,4.9375,77.6250,12.5625,-25.8750,12.3750,-0.0800,-0.0900,-0.0100,0.1800,0.1900,9.8000,1,1
25032,6804,215832291,5.125,-5.125,13.875,10.625,2.558,3.012,-1.547,100023.63,37.37,-75.795,-82.964,-19.5940,0.1900,0.1000,9.8400,0.0000,-0.2500,2.8750,7.6875,-27.7500,12.7500,0.0000,-0.0400,0.0400,0.1900,0.1500,9.8000,1,1
25046,6808,215950488,5.250,-5.312,13.546,13.562,2.567,2.838,0.376,100025.69,37.37,-76.271,-83.441,-19.3049,-1.4400,-0.7200,9.7800,2.0625,-5.3750,32.8750,8.0625,-27.3750,13.5625,0.1100,-1.0500,0.0300,0.2300,0.1900,9.8000,1,1
25060,6812,216070591,4.688,-5.625,21.425,33.750,2.706,3.212,0.706,100021.27,37.37,-76.728,-83.865,-19.6707,2.0000,-0.5200,9.7900,-0.1250,1.3750,-291.6250,10.0000,-27.0000,13.5625,1.8800,-0.7600,0.0000,0.1000,0.2400,9.8000,1,1
25075,6816,216190861,4.062,-5.875,47.430,65.062,2.857,3.626,0.475,100016.35,37.36,-77.172,-84.286,-19.5296,-0.0600,-0.3500,9.8300,-6.7500,13.6875,-252.0625,27.0625,-12.8750,12.0000,0.6000,-1.1400,0.0000,0.0100,0.2800,9.8000,1,1
25089,6820,216310677,3.375,-5.750,76.438,93.812,2.598,2.748,-2.501,100026.76,37.37,-77.668,-84.701,-19.7396,0.1500,0.4300,9.9600,4.0625,1.4375,-192.5000,30.3750,2.0000,12.3750,-1.6800,-1.1300,0.1000,-0.1300,0.2400,9.8000,1,1
25104,6824,216432297,2.812,-5.375,99.943,111.938,2.798,2.977,1.694,100024.05,37.37,-78.087,-85.094,-19.7224,-0.8800,0.0900,10.0500,8.9375,1.0625,-135.6875,28.5625,17.8750,14.0000,-0.6700,-0.0900,0.2500,-0.2100,0.1900,9.8000,1,1
25116,6827,216533291,2.750,-5.062,115.905,127.875,2.673,1.973,-0.028,100035.95,37.36,-78.467,-85.425,-19.4892,0.3800,-0.2500,9.7100,-4.5625,1.0000,-116.8125,24.0625,26.0625,12.7500,0.5900,-0.4000,-0.0800,-0.2100,0.1400,9.8000,1,1
25130,6831,216650944,3.312,-4.750,128.551,134.938,2.813,1.924,1.867,100036.53,37.36,-78.849,-85.789,-19.6063,-0.2100,0.3000,9.8500,1.0625,0.3125,-94.7500,20.0000,29.3750,14.0000,0.8600,0.1200,-0.1700,-0.1200,0.0900,9.8000,1,1
25142,6834,216751061,2.812,-4.250,137.756,143.875,2.647,2.855,-3.069,100025.49,37.35,-79.276,-86.108,-19.6404,0.5500,0.2400,9.8200,3.5000,2.6875,-68.1875,15.5625,32.0000,14.3750,1.3900,-0.4300,-0.2400,-0.2100,0.0000,9.8000,1,1
25155,6838,216861136,2.625,-4.062,145.908,151.062,2.334,1.510,-1.194,100041.45,37.38,-79.707,-86.453,-19.4573,0.0100,-0.3400,9.7000,-2.8125,-0.7500,-66.8750,12.1875,34.2500,14.3750,-0.0200,-0.0800,0.0700,-0.2300,-0.0400,9.8000,1,1
25170,6842,216983291,2.812,-3.750,152.877,156.250,2.272,1.564,-0.201,100040.80,37.36,-80.179,-86.823,-19.9234,-0.0200,0.0400,10.1500,-0.9375,0.0625,-35.9375,8.0625,36.8750,14.8750,0.1800,0.1300,0.3400,-0.2100,-0.0800,9.8000,1,1
25184,6846,217101157,2.875,-3.625,157.723,161.000,2.291,2.768,-1.567,100026.52,37.37,-80.656,-87.162,-19.4140,-0.6100,-2.6400,9.8100,-1.5000,14.9375,-86.5625,5.8750,36.0625,14.3750,0.4900,-0.3000,-0.4300,-0.1900,-0.1100,9.8000,1,1
25198,6850,217221336,3.500,-3.625,162.414,165.375,2.468,3.862,0.933,100013.55,37.37,-81.075,-87.492,-19.3271,0.1900,-0.2400,9.5600,-4.0625,7.1875,-52.0000,4.3750,37.1875,15.1875,1.0200,0.6000,-0.0800,-0.0800,-0.1100,9.8000,1,1
25213,6854,217341487,3.312,-3.438,167.383,170.250,2.344,1.273,2.252,100044.25,37.36,-81.426,-87.816,-19.3542,0.9700,0.5600,9.4900,-2.3750,-1.9375,-46.5000,1.3750,37.1875,14.0000,-0.0300,0.6300,-0.0200,-0.1200,-0.1400,9.8000,1,1
25227,6858,217461317,3.688,-3.250,172.149,175.188,2.297,2.852,-2.713,100025.53,37.39,-81.903,-88.154,-17.8178,1.2800,-2.0500,8.1000,-8.0625,-2.1250,-43.5625,-0.3750,38.6875,14.0000,-0.0200,0.1200,0.4800,-0.0500,-0.1600,9.8000,1,1
25242,6862,217583291,3.938,-3.375,176.285,178.250,2.550,1.876,3.262,100037.11,37.38,-82.202,-88.453,-19.3636,0.1800,-0.2100,9.6000,-0.3750,-2.0625,-14.8125,-3.3750,37.5625,14.3750,0.2000,-0.0600,-0.1900,-0.0100,-0.1500,9.8000,1,1
25257,6866,217702029,3.875,-3.438,178.992,180.438,2.485,2.040,-0.258,100035.15,37.38,-82.584,-88.746,-19.2955,0.4300,-0.1200,9.5100,1.0000,-0.5625,-15.5625,-4.8750,38.0000,15.6875,0.4100,-0.1200,-0.1400,-0.0200,-0.1400,9.8000,1,1
25271,6870,217821693,3.750,-3.438,-179.048,182.125,2.626,2.596,1.797,100028.57,37.39,-82.917,-89.026,-19.5729,0.5000,0.5300,9.7400,0.4375,3.4375,-22.6875,-5.5625,34.8750,15.3750,0.8500,0.8000,-0.1300,-0.0400,-0.1400,9.8000,1,1
25286,6874,217941858,3.750,-3.438,-176.888,184.375,2.469,2.259,-1.003,100032.55,37.38,-83.288,-89.313,-19.3426,-0.3000,-0.8900,9.6500,2.9375,5.1875,-14.8125,-8.0625,34.5625,14.8750,-1.8600,-0.9000,0.0700,-0.0500,-0.1400,9.8000,1,1
25300,6878,218061517,3.125,-3.500,-176.288,183.625,2.474,2.442,-0.267,100030.39,37.38,-83.637,-89.584,-19.7715,0.6700,1.0500,9.9000,-4.7500,19.8125,11.1875,-7.0000,34.8750,15.6875,-0.9100,-1.3400,-0.3000,-0.1800,-0.1400,9.8000,1,1
25312,6881,218161678,2.625,-3.562,-175.244,186.000,2.498,1.784,1.068,100038.19,37.38,-83.895,-89.802,-19.8478,-0.0400,0.0800,10.0700,1.5625,3.2500,-10.4375,-7.7500,34.5625,16.5625,0.0800,0.0700,0.0100,-0.2500,-0.1200,9.8000,1,1
25325,6885,218271598,2.938,-3.375,-173.771,187.562,2.626,2.540,-0.118,100029.23,37.38,-84.183,-90.032,-19.6972,0.1700,-0.1800,9.9200,0.1250,2.8125,-18.3125,-7.7500,35.2500,16.1875,0.3600,-0.0200,0.1200,-0.1800,-0.1500,9.8000,1,1
25340,6889,218392029,3.562,-3.375,-171.843,189.188,2.413,2.072,-1.703,100034.77,37.38,-84.542,-90.292,-19.5839,0.1500,0.0700,9.8000,-0.5625,-3.3125,-9.5625,-9.5625,35.2500,16.5625,0.2500,0.1600,0.0300,-0.0700,-0.1500,9.8000,1,1
25353,6892,218492029,3.812,-3.438,-170.902,189.312,2.429,0.726,1.784,100050.73,37.39,-84.773,-90.486,-19.5443,0.2900,-0.4600,9.7900,-0.1250,0.3750,5.3125,-10.0000,34.8750,15.6875,-0.2500,0.3200,0.3500,-0.0300,-0.1400,9.8000,1,1
25368,6896,218611854,3.750,-3.562,-170.761,189.125,2.535,1.843,0.652,100037.48,37.37,-85.063,-90.723,-19.8062,1.1200,0.1600,9.9600,1.8125,4.7500,14.5000,-10.0000,35.2500,15.6875,1.5300,0.3000,-0.2400,-0.0600,-0.1200,9.8000,1,1
25380,6899,218712134,2.875,-4.062,-176.552,174.250,2.279,1.891,-1.878,100036.92,37.38,-85.384,-90.934,-19.4768,-0.9600,-0.1000,9.7800,0.1250,-4.5000,238.6250,-9.2500,35.2500,15.3750,-1.0200,-0.0400,-0.2100,-0.1900,-0.0200,9.8000,1,1
25393,6903,218822344,2.938,-4.750,166.973,154.438,2.316,2.205,0.363,100033.20,37.36,-85.664,-91.136,-19.8261,-0.5700,0.0900,10.1100,-3.5000,-4.6875,240.5000,2.2500,34.1875,15.3750,0.7200,-1.2500,0.8300,-0.1700,0.0900,9.8000,1,1
25408,6907,218942469,4.438,-4.875,142.108,124.750,2.329,2.634,0.109,100028.11,37.38,-85.972,-91.360,-19.5785,1.1200,0.2700,9.7200,1.6875,10.8125,237.0000,19.0000,27.8750,14.5000,1.2500,-0.5600,0.3100,0.0700,0.1100,9.8000,1,1
25422,6911,219062247,4.938,-5.125,115.162,97.312,2.514,1.897,2.720,100036.85,37.38,-86.177,-91.570,-18.6101,-2.1600,0.6500,9.0100,4.3125,-14.2500,225.3125,25.5625,16.3750,14.5000,-1.1400,-0.7900,-0.1300,0.1800,0.1500,9.8000,1,1
25437,6915,219184291,4.125,-4.938,90.230,77.938,2.279,2.391,-2.804,100031.00,37.39,-86.532,-91.774,-18.8908,1.4000,-0.4100,9.0500,-1.0000,-2.8125,143.8750,29.3750,1.0625,14.8750,1.3800,-0.5400,-0.7500,0.0200,0.1200,9.8000,1,1
25451,6919,219302311,4.500,-4.938,70.834,58.438,2.426,2.985,0.684,100023.95,37.39,-86.784,-91.946,-19.7717,-0.2800,0.2200,10.0400,0.5000,-0.0625,193.0625,29.7500,-8.0625,13.2500,-1.1200,0.2000,0.4600,0.0900,0.1200,9.8000,1,1
25465,6923,219422500,4.812,-4.812,49.390,34.688,2.654,3.623,1.548,100016.38,37.38,-86.994,-92.141,-19.9655,0.7400,-0.0200,10.1700,0.6250,-1.1875,218.0625,24.5625,-18.1875,13.2500,1.0000,-1.1900,-0.4000,0.1500,0.0900,9.8000,1,1
25480,6927,219542653,5.125,-4.562,25.211,11.688,2.573,1.499,1.038,100041.57,37.40,-87.176,-92.305,-19.3829,0.0200,-1.5200,9.7800,2.4375,-0.2500,136.3750,10.7500,-29.6875,12.5000,-0.1400,-0.6200,-0.0700,0.1900,0.0600,9.8000,1,1
25495,6931,219662583,5.312,-4.438,8.491,1.938,2.262,1.426,-2.047,100042.45,37.38,-87.474,-92.479,-19.5855,-0.0700,-0.5800,9.9100,-0.0625,-1.6250,25.6875,3.7500,-31.8750,12.8750,0.1700,-0.6900,-0.0400,0.2300,0.0300,9.8000,1,1
25510,6935,219784291,5.250,-4.500,3.357,1.875,1.999,1.225,-2.448,100044.83,37.38,-87.789,-92.660,-18.7265,-0.2900,-0.1300,9.0200,2.5625,4.1250,7.6250,3.8750,-33.5000,14.0625,-0.5100,-0.1700,-0.7700,0.2100,0.0400,9.8000,1,1
25524,6939,219902676,5.125,-4.625,3.052,3.625,2.122,2.653,-0.227,100027.89,37.39,-88.056,-92.829,-19.6274,1.2000,-0.2800,9.8200,-1.5000,-1.3125,-10.3750,4.2500,-32.7500,14.0625,-0.1400,0.0500,-0.0100,0.1900,0.0700,9.8000,1,1
25538,6943,220022848,4.812,-4.875,3.576,3.875,2.317,1.688,2.406,100039.34,37.38,-88.206,-92.972,-19.5836,0.1600,0.1600,9.8200,0.0000,-0.0625,-10.2500,3.5625,-33.0625,13.6875,0.1500,0.0100,0.1200,0.1400,0.1100,9.8000,1,1
25551,6946,220122567,4.875,-4.938,4.709,5.688,2.282,1.760,0.090,100038.48,37.38,-88.402,-93.107,-19.6163,0.2800,0.0900,9.8500,0.1250,-0.1875,-10.0625,4.2500,-33.5000,14.5000,0.1300,-0.0200,0.0500,0.1500,0.1200,9.8000,1,1
25565,6950,220234291,4.875,-4.938,5.510,5.750,2.257,1.857,-0.095,100037.32,37.39,-88.589,-93.247,-19.5839,0.2100,0.1300,9.8200,0.0625,0.0000,0.0625,6.1875,-33.5000,14.5000,0.0600,0.0100,0.0200,0.1500,0.1200,9.8000,1,1
25580,6954,220352943,4.875,-4.938,5.701,5.750,2.314,1.804,0.173,100037.96,37.40,-88.779,-93.391,-19.5896,0.1900,0.1000,9.8300,0.0000,0.0000,0.0625,5.7500,-32.7500,13.6875,0.0400,0.0000,0.0300,0.1500,0.1200,9.8000,1,1
25594,6957,220452941,4.875,-4.938,5.739,5.750,2.476,2.729,0.981,100026.98,37.39,-88.933,-93.509,-19.5921,0.2000,0.1200,9.8300,0.1250,-0.0625,0.0625,5.0625,-32.7500,14.5000,0.0400,0.0000,0.0000,0.1500,0.1200,9.8000,1,1
25610,6961,220573202,4.875,-4.938,5.748,5.750,2.532,2.310,0.863,100031.95,37.38,-89.086,-93.641,-19.5797,0.2000,0.0900,9.8200,0.0000,0.0625,-0.1250,6.1875,-32.0625,14.0625,0.0600,0.0000,0.0400,0.1500,0.1200,9.8000,1,1
25625,6965,220693307,4.875,-4.938,5.782,5.812,2.553,2.647,0.520,100027.96,37.38,-89.256,-93.771,-19.6094,-0.0200,0.4300,9.8400,0.5625,-0.5000,-1.0000,4.6875,-33.0625,14.0625,-0.1200,0.6900,0.1000,0.1500,0.1200,9.8000,1,1
25639,6969,220813101,5.000,-4.812,4.688,2.688,2.283,1.698,-2.423,100039.22,37.39,-89.461,-93.911,-19.8092,-0.8800,0.3500,10.1200,-7.1875,-1.5625,84.7500,4.2500,-32.7500,13.6875,-0.6600,-0.0700,0.2000,0.1900,0.0700,9.8000,1,1
25654,6973,220935291,4.938,-4.062,-18.373,313.812,2.269,2.847,-0.810,100025.59,37.38,-89.689,-94.057,-19.4838,-4.6200,0.6600,10.0100,0.7500,0.6250,443.6250,-14.2500,-31.2500,14.0625,-4.7900,0.7000,0.2000,0.1600,-0.0300,9.8000,1,1
25668,6977,221053290,5.000,-3.875,-47.315,303.375,2.417,2.555,0.994,100029.05,37.40,-89.813,-94.150,-19.6360,1.7500,0.1200,9.7600,-3.1250,5.1875,-107.1875,-30.2500,-19.7500,14.0625,-0.0600,0.3100,-0.0100,0.1700,-0.0600,9.8000,1,1
25680,6980,221153312,5.000,-4.688,-31.785,352.562,2.446,1.974,1.361,100035.94,37.39,-89.917,-94.245,-19.7583,0.7300,-2.2500,10.1600,2.5000,-3.9375,-619.6250,-19.7500,-29.3750,13.2500,1.3600,1.8400,0.5700,0.1600,0.0900,9.8000,1,1
25693,6984,221263311,5.062,-5.312,3.120,18.625,2.525,1.041,2.116,100047.01,37.39,-89.987,-94.365,-19.6015,1.9200,-1.1700,9.8000,-0.3750,-0.3125,-14.1875,9.8750,-31.6875,12.8750,0.8300,-1.1200,-0.0300,0.1800,0.1800,9.8000,1,1
25708,6988,221385293,4.875,-5.250,15.613,18.500,2.767,3.286,0.136,100020.38,37.40,-90.133,-94.474,-19.5839,0.1700,0.4500,9.8000,0.7500,-1.6875,14.7500,12.8750,-29.7500,12.8750,0.0200,0.2800,0.0000,0.1500,0.1700,9.8000,1,1
25722,6992,221503491,5.000,-5.250,16.108,15.188,2.524,2.518,-0.956,100029.49,37.39,-90.279,-94.580,-19.6286,0.7300,0.2700,9.8100,-0.1875,0.1875,19.2500,10.1875,-30.1875,13.6875,-0.1200,0.0700,0.0300,0.1800,0.1700,9.8000,1,1
25736,6996,221623681,5.062,-4.312,-2.573,328.375,2.646,3.515,-0.112,100017.67,37.39,-90.413,-94.693,-19.9806,0.7900,1.8400,10.0200,1.2500,1.7500,658.8750,7.2500,-32.0625,13.2500,0.6500,0.6700,0.1100,0.1800,0.0000,9.8000,1,1
25751,7000,221743847,4.812,-3.625,-44.875,299.375,2.841,3.314,1.395,100020.05,37.39,-90.478,-94.765,-19.4759,-0.3200,-0.0800,9.7500,-0.8750,-0.5625,18.8750,-30.5625,-19.7500,13.2500,-1.2400,-0.2900,-0.4000,0.1400,-0.1000,9.8000,1,1
25765,7004,221863698,5.188,-4.562,-39.867,341.000,2.491,1.365,-1.675,100043.16,37.39,-90.606,-94.856,-19.5274,1.0300,-1.2200,9.8200,-0.3750,-2.1250,-523.0000,-26.0625,-23.8750,13.6875,1.9500,-0.4100,0.1200,0.2000,0.0700,9.8000,1,1
25780,7008,221985291,4.938,-5.000,-4.985,7.375,2.580,2.751,-0.493,100026.73,37.42,-90.753,-94.956,-19.5086,0.4100,-0.2400,9.7600,-1.1250,1.8750,-13.1875,5.7500,-32.0625,14.0625,0.2500,-0.3700,-0.0300,0.1600,0.1300,9.8000,1,1
25794,7012,222103923,4.875,-5.062,5.664,9.688,2.593,3.194,-0.661,100021.47,37.41,-90.887,-95.048,-19.5804,0.2100,0.3400,9.8000,-0.3750,0.8125,-24.6250,6.5625,-31.2500,14.8750,-0.1600,-0.2900,0.0700,0.1600,0.1400,9.8000,1,1
25807,7015,222203969,4.875,-5.125,9.955,12.438,2.689,3.790,0.753,100014.41,37.40,-90.968,-95.119,-19.5260,-0.0500,-0.0200,9.8000,0.4375,-1.1250,-36.1250,8.0000,-32.3750,13.2500,1.8600,2.2600,-0.1500,0.1500,0.1500,9.8000,1,1
25821,7019,222324046,4.688,-5.062,11.325,10.812,2.781,2.946,2.196,100024.41,37.39,-91.029,-95.199,-20.2770,0.9100,0.0700,10.4600,-2.0000,6.0625,62.8125,8.3750,-30.8750,13.2500,0.1900,-0.7200,0.3900,0.1100,0.1300,9.8000,1,1
25836,7023,222444472,4.812,-5.062,8.803,8.000,2.502,2.345,-1.561,100031.54,37.39,-91.176,-95.291,-19.6555,0.4000,0.2000,9.8700,0.2500,-0.7500,0.0000,6.1875,-31.2500,13.6875,-0.0300,-0.0300,0.0100,0.1400,0.1400,9.8000,1,1
25850,7027,222564102,4.812,-5.062,8.184,8.000,2.474,2.007,0.604,100035.55,37.39,-91.284,-95.371,-19.5543,0.2100,0.1400,9.7900,0.0000,0.0000,-0.1875,5.7500,-30.8750,13.2500,0.0400,0.0000,0.0200,0.1400,0.1400,9.8000,1,1
25864,7031,222680291,4.812,-5.062,8.042,8.000,2.837,2.816,2.854,100025.96,37.39,-91.321,-95.433,-19.5715,0.1800,0.1400,9.8100,0.0625,0.1250,0.0000,6.1875,-32.0625,13.2500,0.0400,0.0000,0.0100,0.1400,0.1400,9.8000,1,1
25879,7035,222804307,4.688,-5.000,8.297,8.625,2.743,2.870,-0.425,100025.31,37.40,-91.423,-95.506,-19.5160,-0.4100,0.5500,9.7700,1.1250,-2.5625,-5.6250,6.1875,-31.6875,13.2500,0.3200,0.8500,0.1800,0.1300,0.1400,9.8000,1,1
25891,7038,222904308,4.812,-5.125,9.122,9.312,2.584,2.193,-1.688,100033.34,37.40,-91.516,-95.577,-19.5234,0.0800,0.6300,9.7300,-0.5000,0.7500,22.6250,6.8750,-31.2500,13.2500,0.7000,0.8000,-0.1300,0.1400,0.1500,9.8000,1,1
25904,7042,223014306,4.812,-5.000,6.846,4.562,2.554,3.069,-1.163,100022.95,37.40,-91.637,-95.646,-19.3206,-1.4400,-0.3500,9.7400,-0.8750,2.0625,33.5625,5.7500,-32.0625,13.6875,0.1200,0.2000,0.0700,0.1300,0.1200,9.8000,1,1
25916,7045,223114497,4.750,-5.000,5.479,5.750,2.540,2.656,0.752,100027.85,37.40,-91.704,-95.700,-19.6116,0.4900,0.1600,9.8200,0.3125,-0.1875,-30.7500,4.2500,-31.6875,12.8750,0.2400,0.0000,0.0000,0.1300,0.1300,9.8000,1,1
25929,7049,223224713,4.750,-5.000,5.866,6.000,2.359,1.615,-0.339,100040.20,37.40,-91.799,-95.765,-19.6019,0.1700,0.1400,9.8400,0.0000,0.0625,0.0625,5.0625,-32.0625,13.6875,0.0500,0.0000,0.0200,0.1300,0.1300,9.8000,1,1
25944,7053,223344851,4.750,-5.000,5.972,6.000,2.461,3.312,-0.553,100020.08,37.40,-91.936,-95.839,-19.5903,0.1700,0.1200,9.8300,0.0000,0.1250,0.0000,4.6875,-33.0625,14.5000,0.0400,-0.0100,0.0400,0.1300,0.1300,9.8000,1,1
25958,7057,223464612,4.750,-5.000,5.994,6.000,2.640,2.035,2.410,100035.21,37.41,-91.938,-95.885,-19.5830,0.2000,0.1200,9.8200,0.0625,0.1875,-0.0625,5.0625,-32.0625,12.5000,0.0200,0.0000,0.0400,0.1300,0.1300,9.8000,1,1
25973,7061,223586291,4.750,-5.000,5.999,6.000,2.555,2.445,-0.320,100030.36,37.41,-92.049,-95.952,-19.5962,0.2000,0.1600,9.8300,-0.0625,-0.0625,-0.0625,5.0625,-32.0625,13.6875,0.0600,0.0300,0.0200,0.1300,0.1300,9.8000,1,1
25987,7065,223704783,4.750,-5.000,6.000,6.000,2.556,3.736,-1.627,100015.05,37.41,-92.175,-96.019,-19.5904,0.1800,0.1100,9.8300,0.0625,-0.1250,0.0625,5.0625,-30.8750,12.8750,0.0500,-0.0100,0.0200,0.1300,0.1300,9.8000,1,1
26001,7069,223824862,4.750,-5.000,6.000,6.000,2.521,2.540,0.377,100029.22,37.42,-92.224,-96.069,-19.5829,0.1800,0.1400,9.8200,0.1250,0.0625,-0.0625,4.2500,-31.2500,13.6875,0.0500,0.0000,0.0200,0.1300,0.1300,9.8000,1,1
26013,7072,223924948,4.750,-5.000,6.000,6.000,2.618,2.363,1.534,100031.32,37.42,-92.256,-96.109,-19.5739,0.1900,0.1400,9.8100,0.0000,0.0000,-0.1250,4.2500,-32.3750,13.6875,0.0400,-0.0100,0.0200,0.1300,0.1300,9.8000,1,1
26028,7076,224045210,4.750,-5.000,6.000,6.000,2.257,1.718,-2.966,100038.98,37.39,-92.413,-96.179,-19.6102,0.1700,0.1200,9.8500,-0.0625,-0.1250,0.1250,5.3750,-32.0625,12.8750,0.0300,0.0100,0.0300,0.1300,0.1300,9.8000,1,1
26041,7079,224145291,4.750,-5.000,6.000,6.000,2.414,2.956,-0.489,100024.30,37.40,-92.491,-96.225,-19.5887,0.1700,0.1000,9.8300,-0.0625,-0.0625,-0.1250,4.6875,-32.0625,14.0625,0.0600,0.0000,0.0100,0.1300,0.1300,9.8000,1,1
26054,7083,224255125,4.750,-5.000,6.000,6.000,2.432,2.364,-0.177,100031.31,37.41,-92.549,-96.271,-19.6094,0.1800,0.1000,9.8500,0.0000,-0.0625,0.0625,5.3750,-32.0625,12.8750,0.0700,0.0100,0.0100,0.1300,0.1300,9.8000,1,1
26068,7087,224375337,4.750,-5.000,6.000,6.000,2.608,2.792,1.588,100026.24,37.41,-92.585,-96.313,-19.5822,0.2000,0.1100,9.8200,-0.0625,0.0625,0.0625,5.0625,-33.5000,14.5000,0.0600,0.0000,0.0200,0.1300,0.1300,9.8000,1,1
26083,7091,224495472,4.750,-5.000,6.000,6.000,2.740,2.656,1.787,100027.85,37.40,-92.598,-96.350,-19.5920,0.1800,0.1300,9.8300,0.0000,-0.0625,0.0000,5.0625,-32.3750,12.5000,0.0200,0.0000,0.0100,0.1300,0.1300,9.8000,1,1
26097,7095,224615307,4.750,-5.000,6.000,6.000,2.533,2.004,-1.773,100035.59,37.41,-92.676,-96.399,-19.5813,0.1900,0.1100,9.8200,-0.0625,-0.0625,0.0625,4.6875,-32.0625,12.8750,0.0500,0.0000,0.0300,0.1300,0.1300,9.8000,1,1
26112,7099,224737292,4.750,-5.000,6.000,6.000,2.461,2.598,-1.215,100028.55,37.41,-92.780,-96.451,-19.6028,0.1900,0.1300,9.8400,0.0625,0.0000,0.0000,5.3750,-32.7500,12.5000,0.0600,0.0000,0.0300,0.1300,0.1300,9.8000,1,1
26126,7103,224855315,4.750,-5.000,6.000,6.000,2.406,1.984,-0.276,100035.83,37.41,-92.839,-96.493,-19.5730,0.1900,0.1300,9.8100,-0.0625,0.1250,-0.0625,5.0625,-32.0625,12.8750,0.0500,0.0000,0.0400,0.1300,0.1300,9.8000,1,1
26140,7107,224975414,4.750,-5.000,6.000,6.000,2.466,3.630,-1.278,100016.30,37.40,-92.947,-96.546,-19.5938,0.2000,0.1300,9.8300,-0.0625,0.0000,0.0625,4.6875,-32.0625,13.2500,0.0600,0.0000,0.0300,0.1300,0.1300,9.8000,1,1
26155,7111,225095667,4.750,-5.000,6.000,6.000,2.230,1.274,0.148,100044.24,37.43,-92.989,-96.584,-19.6020,0.1800,0.1300,9.8400,0.0000,0.0625,0.0000,5.7500,-32.0625,13.6875,0.0600,0.0000,0.0100,0.1300,0.1300,9.8000,1,1
26169,7115,225215494,4.750,-5.000,6.000,6.000,2.446,2.097,1.528,100034.48,37.43,-93.027,-96.618,-19.5597,0.1700,0.1100,9.8000,0.0625,0.0000,0.0625,5.3750,-32.0625,12.8750,0.0400,0.0000,0.0400,0.1300,0.1300,9.8000,1,1
26184,7119,225337291,4.750,-5.000,6.000,6.000,2.705,4.181,0.805,100009.77,37.43,-93.084,-96.657,-19.5730,0.1900,0.1300,9.8100,0.0625,0.1250,-0.0625,5.3750,-32.7500,13.2500,0.0500,0.0000,0.0000,0.1300,0.1300,9.8000,1,1
26198,7123,225455652,4.750,-5.000,6.000,6.000,2.696,2.509,0.409,100029.59,37.42,-93.070,-96.680,-19.5821,0.1800,0.1300,9.8200,-0.0625,-0.1250,0.0625,6.1875,-32.3750,14.0625,0.0700,0.0100,0.0300,0.1300,0.1300,9.8000,1,1
26212,7127,225574785,4.750,-5.000,6.000,6.000,2.709,3.606,-1.209,100016.59,37.42,-93.135,-96.719,-19.6012,0.1900,0.1100,9.8400,-0.1250,-0.1250,0.1250,8.6875,-34.2500,12.8750,0.0600,-0.0100,0.0300,0.1300,0.1300,9.8000,1,1
26227,7131,225695959,4.750,-5.000,6.000,6.000,2.663,3.129,0.247,100022.24,37.43,-93.159,-96.750,-19.6119,0.1800,0.1300,9.8500,-0.0625,0.0625,0.0000,4.6875,-38.3750,12.5000,0.0400,0.0000,0.0200,0.1300,0.1300,9.8000,1,1
26241,7135,225815710,4.750,-5.000,6.000,6.000,2.712,3.607,0.208,100016.57,37.42,-93.195,-96.780,-19.5912,0.1900,0.1100,9.8300,-0.0625,0.0000,0.0625,1.6875,-38.7500,12.8750,0.0500,0.0100,0.0500,0.1300,0.1300,9.8000,1,1
26256,7139,225937291,4.750,-5.000,6.000,6.000,2.684,1.901,1.043,100036.80,37.42,-93.173,-96.800,-19.5912,0.1800,0.1200,9.8300,0.0625,-0.0625,0.0000,2.7500,-36.0625,13.2500,0.0400,0.0000,0.0200,0.1300,0.1300,9.8000,1,1
26270,7143,226056099,4.750,-5.000,6.000,6.000,2.341,1.291,-1.536,100044.03,37.44,-93.265,-96.841,-19.6020,0.1800,0.1300,9.8400,0.0625,0.0000,0.0625,2.7500,-38.0000,13.6875,0.0500,0.0200,0.0600,0.1300,0.1300,9.8000,1,1
26282,7146,226156132,4.750,-5.000,6.000,6.000,2.281,2.983,-4.142,100023.97,37.42,-93.384,-96.883,-19.6003,0.1800,0.1100,9.8400,0.0000,0.1875,0.0625,2.3750,-37.5625,12.8750,0.0400,-0.0100,0.0100,0.1300,0.1300,9.8000,1,1
26295,7150,226266128,4.750,-5.000,6.000,6.000,2.474,3.276,1.107,100020.49,37.42,-93.413,-96.907,-19.5705,0.1700,0.1200,9.8100,0.0000,0.0000,0.0625,2.0625,-37.2500,12.8750,0.0300,0.0000,0.0300,0.1300,0.1300,9.8000,1,1
26310,7154,226388291,4.750,-5.000,6.000,6.000,2.549,2.127,1.713,100034.12,37.45,-93.396,-96.926,-19.5822,0.2000,0.1100,9.8200,0.0000,0.0000,0.1250,2.7500,-36.5000,14.0625,0.0600,-0.0100,0.0100,0.1300,0.1300,9.8000,1,1
26324,7158,226506315,4.750,-5.000,6.000,6.000,2.735,2.823,0.676,100025.88,37.43,-93.403,-96.947,-19.5606,0.1900,0.1000,9.8000,0.0000,0.0625,0.0000,3.1875,-36.8750,13.6875,0.0300,0.0100,0.0200,0.1300,0.1300,9.8000,1,1
26338,7162,226626500,4.750,-5.000,6.000,6.000,2.759,2.308,0.360,100031.98,37.43,-93.395,-96.965,-19.5713,0.1700,0.1300,9.8100,0.0625,-0.0625,-0.0625,2.3750,-36.8750,12.8750,0.0500,0.0000,0.0100,0.1300,0.1300,9.8000,1,1
26353,7166,226746666,4.750,-5.000,6.000,6.000,2.620,2.268,-0.833,100032.45,37.45,-93.441,-96.993,-19.6193,0.1700,0.1100,9.8600,-0.0625,-0.0625,0.0625,2.3750,-37.5625,12.8750,0.0200,0.0000,0.0200,0.1300,0.1300,9.8000,1,1
26367,7170,226866486,4.750,-5.000,6.000,6.000,2.454,1.119,0.074,100046.07,37.46,-93.468,-97.017,-19.5954,0.2000,0.1500,9.8300,-0.0625,0.0000,-0.0625,3.1875,-36.8750,12.5000,0.0400,-0.0100,0.0200,0.1300,0.1300,9.8000,1,1
26382,7174,226988290,4.750,-5.000,6.000,6.000,2.567,2.694,-0.080,100027.40,37.44,-93.530,-97.047,-19.5912,0.1800,0.1200,9.8300,0.0625,-0.0625,0.0625,4.2500,-37.2500,12.8750,0.0500,0.0000,0.0200,0.1300,0.1300,9.8000,1,1
26396,7178,227106548,4.750,-5.000,6.000,6.000,2.340,1.685,-0.933,100039.37,37.43,-93.586,-97.075,-19.6128,0.1900,0.1300,9.8500,0.0000,-0.0625,-0.0625,2.7500,-36.5000,14.0625,0.0400,0.0000,0.0300,0.1300,0.1300,9.8000,1,1
26410,7182,227226684,4.750,-5.000,6.000,6.000,2.426,1.303,1.730,100043.89,37.44,-93.593,-97.093,-19.5912,0.1800,0.1200,9.8300,-0.0625,0.0625,-0.0625,3.5625,-37.2500,14.5000,0.0300,0.0000,0.0200,0.1300,0.1300,9.8000,1,1
26425,7186,227346862,4.750,-5.000,6.000,6.000,2.123,1.432,-3.089,100042.36,37.44,-93.725,-97.134,-19.5788,0.1700,0.1000,9.8200,0.0625,0.1250,0.0000,2.7500,-37.2500,14.0625,0.0500,0.0000,0.0300,0.1300,0.1300,9.8000,1,1
26439,7190,227466677,4.750,-5.000,6.000,6.000,2.240,3.065,-0.221,100023.01,37.44,-93.809,-97.165,-19.5325,0.1900,0.1200,9.7700,-0.0625,0.1875,-0.0625,3.1875,-37.2500,14.0625,0.0600,0.0000,0.0100,0.1300,0.1300,9.8000,1,1
26454,7194,227587441,4.750,-5.000,6.000,6.000,2.426,1.716,2.565,100039.00,37.43,-93.770,-97.171,-19.6136,0.2000,0.1300,9.8500,-0.1250,0.1250,0.0000,2.0625,-36.8750,14.0625,0.0600,0.0000,0.0400,0.1300,0.1300,9.8000,1,1
26468,7198,227706770,4.750,-5.000,6.000,6.000,2.452,2.305,0.233,100032.02,37.46,-93.807,-97.192,-19.5804,0.1700,0.1200,9.8200,-0.0625,-0.1250,0.1875,3.8750,-36.8750,13.2500,0.0500,0.0000,0.0300,0.1300,0.1300,9.8000,1,1
26480,7201,227806756,4.750,-5.000,6.000,6.000,2.399,2.310,-0.591,100031.95,37.42,-93.847,-97.211,-19.5722,0.1900,0.1200,9.8100,0.0625,-0.1250,0.0625,3.1875,-38.0000,13.2500,0.0600,0.0000,0.0200,0.1300,0.1300,9.8000,1,1
26494,7205,227926952,4.750,-5.000,6.000,6.000,2.359,1.539,0.670,100041.10,37.42,-93.857,-97.226,-19.5821,0.1900,0.1200,9.8200,0.0625,0.0000,0.0625,2.7500,-36.8750,12.5000,0.0400,0.0000,0.0200,0.1300,0.1300,9.8000,1,1
26506,7208,228027157,4.750,-5.000,6.000,6.000,2.317,2.497,-1.744,100029.73,37.42,-93.927,-97.250,-19.5813,0.1800,0.1200,9.8200,-0.0625,0.0000,0.0000,3.1875,-36.8750,13.6875,0.0400,-0.0100,0.0200,0.1300,0.1300,9.8000,1,1
26519,7212,228138292,4.750,-5.000,6.000,6.000,2.466,3.152,0.621,100021.97,37.44,-93.947,-97.265,-19.5887,0.1700,0.1000,9.8300,0.1250,0.0000,0.0625,3.8750,-37.5625,13.2500,0.0400,-0.0200,0.0200,0.1300,0.1300,9.8000,1,1
26533,7216,228257148,4.750,-5.000,6.000,6.000,2.396,3.050,-0.813,100023.17,37.42,-93.994,-97.286,-19.6128,0.2100,0.1100,9.8500,0.0625,0.1250,-0.0625,3.5625,-36.5000,13.6875,0.0600,0.0000,0.0100,0.1300,0.1300,9.8000,1,1
26547,7220,228377308,4.750,-5.000,6.000,6.000,2.338,1.552,0.625,100040.94,37.43,-93.983,-97.295,-19.5606,0.1800,0.1100,9.8000,0.0625,0.0000,0.0625,3.1875,-37.5625,14.0625,0.0400,0.0000,0.0400,0.1300,0.1300,9.8000,1,1
26562,7224,228497484,4.750,-5.000,6.000,6.000,2.389,2.131,-0.080,100034.09,37.44,-94.022,-97.314,-19.5995,0.1800,0.1000,9.8400,-0.0625,0.0625,0.0000,3.1875,-36.5000,13.2500,0.0400,-0.0200,0.0200,0.1300,0.1300,9.8000,1,1
26576,7228,228617318,4.750,-5.000,6.000,6.000,2.632,2.344,1.960,100031.55,37.45,-93.986,-97.317,-19.5524,0.1900,0.1200,9.7900,-0.0625,0.0625,0.0000,2.3750,-37.2500,14.5000,0.0400,-0.0100,0.0000,0.1300,0.1300,9.8000,1,1
26591,7232,228739291,4.750,-5.000,6.000,6.000,2.672,3.411,-1.336,100018.91,37.44,-94.023,-97.335,-19.5846,0.1800,0.1600,9.8200,0.0000,0.0000,-0.0625,2.3750,-37.2500,14.0625,0.0400,0.0200,0.0200,0.1300,0.1300,9.8000,1,1
26605,7236,228857402,4.750,-5.000,6.000,6.000,2.706,3.088,0.465,100022.73,37.45,-94.008,-97.342,-19.6201,0.1600,0.1300,9.8600,-0.0625,-0.0625,0.1250,2.7500,-37.2500,13.2500,0.0600,0.0000,0.0100,0.1300,0.1300,9.8000,1,1
26619,7240,228977214,4.750,-5.000,6.000,6.000,2.736,1.494,2.289,100041.63,37.45,-93.934,-97.337,-19.5912,0.1800,0.1200,9.8300,0.0000,0.2500,0.0000,3.8750,-36.8750,15.3750,0.0400,0.0000,0.0200,0.1300,0.1300,9.8000,1,1
26634,7244,229097847,4.750,-5.000,6.000,6.000,2.761,2.332,-0.243,100031.70,37.44,-93.946,-97.350,-19.6011,0.1800,0.1200,9.8400,0.0000,0.0000,0.0625,3.1875,-38.3750,12.5000,0.0400,0.0000,0.0500,0.1300,0.1300,9.8000,1,1
26647,7248,229217492,4.750,-5.000,6.000,6.000,2.759,3.303,-0.811,100020.18,37.45,-93.973,-97.365,-19.5830,0.1900,0.1300,9.8200,0.0000,-0.1250,0.0000,2.7500,-37.2500,13.2500,0.0400,-0.0200,0.0300,0.1300,0.1300,9.8000,1,1
26662,7252,229339291,4.750,-5.000,6.000,6.000,2.547,1.838,-1.028,100037.55,37.46,-93.985,-97.378,-19.6020,0.2000,0.1100,9.8400,0.0000,0.0625,-0.0625,3.5625,-36.8750,12.8750,0.0700,-0.0100,0.0400,0.1300,0.1300,9.8000,1,1
26676,7256,229457652,4.750,-5.000,6.000,6.000,2.520,1.461,0.595,100042.02,37.45,-93.987,-97.387,-19.6119,0.1800,0.1300,9.8500,0.0000,0.0625,0.0000,2.7500,-36.8750,13.6875,0.0400,0.0000,0.0000,0.1300,0.1300,9.8000,1,1
26690,7260,229576619,4.750,-5.000,6.000,6.000,2.709,2.159,1.290,100033.74,37.44,-93.975,-97.393,-19.5962,0.2000,0.1600,9.8300,-0.1250,-0.0625,0.1250,2.3750,-37.5625,13.6875,0.0700,0.0200,0.0200,0.1300,0.1300,9.8000,1,1
26705,7264,229697948,4.750,-5.000,6.000,6.000,2.778,2.618,0.807,100028.30,37.45,-93.967,-97.401,-19.6128,0.1900,0.1300,9.8500,-0.0625,0.0000,0.0000,3.5625,-37.5625,13.2500,0.0600,0.0000,0.0200,0.1300,0.1300,9.8000,1,1
26719,7268,229817908,4.750,-5.000,6.000,6.000,2.970,3.575,0.600,100016.95,37.44,-93.940,-97.404,-19.5605,0.1700,0.1200,9.8000,0.0000,0.0000,-0.1875,3.8750,-36.8750,12.8750,0.0600,-0.0100,0.0300,0.1300,0.1300,9.8000,1,1
26734,7272,229939291,4.750,-5.000,6.000,6.000,2.928,1.795,0.924,100038.06,37.46,-93.874,-97.400,-19.6037,0.2000,0.1300,9.8400,0.1875,0.0625,-0.2500,3.8750,-37.2500,12.8750,0.0600,0.0000,0.0300,0.1300,0.1300,9.8000,1,1
26748,7276,230058123,4.750,-5.000,6.000,6.000,2.841,3.153,-1.750,100021.95,37.45,-93.927,-97.419,-19.5920,0.1800,0.1300,9.8300,0.0000,0.0625,-0.0625,2.7500,-37.2500,12.5000,0.0500,0.0000,0.0000,0.1300,0.1300,9.8000,1,1
26761,7280,230178299,4.750,-5.000,6.000,6.000,2.774,3.507,-1.646,100017.76,37.46,-93.959,-97.433,-19.5812,0.1700,0.1300,9.8200,0.0000,0.0000,0.0000,2.7500,-37.2500,13.6875,0.0200,0.0000,0.0300,0.1300,0.1300,9.8000,1,1
26776,7284,230298485,4.750,-5.000,6.000,6.000,2.877,3.333,0.872,100019.82,37.46,-93.936,-97.436,-19.5804,0.1700,0.1200,9.8200,0.0000,0.1250,0.1250,3.5625,-36.8750,14.5000,0.0500,0.0000,0.0400,0.1300,0.1300,9.8000,1,1
26790,7288,230418126,4.750,-5.000,6.000,6.000,2.860,1.405,1.943,100042.69,37.46,-93.865,-97.430,-19.5937,0.1900,0.1400,9.8300,-0.1250,0.0000,0.1250,3.5625,-36.8750,14.0625,0.0300,0.0100,0.0300,0.1300,0.1300,9.8000,1,1
26805,7292,230540291,4.750,-5.000,6.000,6.000,2.385,2.168,-5.254,100033.64,37.46,-94.024,-97.470,-19.6003,0.1800,0.1100,9.8400,-0.0625,-0.1875,0.0625,3.1875,-36.8750,14.0625,0.0400,-0.0100,0.0400,0.1300,0.1300,9.8000,1,1
26819,7296,230658306,4.750,-5.000,6.000,6.000,2.570,2.455,2.297,100030.24,37.45,-94.018,-97.476,-19.5821,0.1900,0.1200,9.8200,0.0000,0.1875,-0.1250,2.3750,-37.5625,13.6875,0.0500,0.0100,0.0100,0.1300,0.1300,9.8000,1,1
26833,7300,230778371,4.750,-5.000,6.000,6.000,2.505,1.264,0.287,100044.35,37.46,-94.015,-97.482,-19.5929,0.1900,0.1300,9.8300,-0.0625,0.1250,0.0000,3.1875,-37.5625,14.0625,0.0500,0.0100,0.0100,0.1300,0.1300,9.8000,1,1
26848,7304,230898645,4.750,-5.000,6.000,6.000,2.478,1.265,0.321,100044.34,37.45,-94.036,-97.493,-19.6020,0.1800,0.1300,9.8400,0.1250,0.0000,-0.0625,3.5625,-38.3750,14.0625,0.0500,0.0000,0.0400,0.1300,0.1300,9.8000,1,1
26862,7308,231018508,4.750,-5.000,6.000,6.000,2.655,3.520,0.273,100017.61,37.47,-94.085,-97.509,-19.5696,0.1600,0.1200,9.8100,-0.0625,-0.0625,0.0000,3.1875,-37.2500,13.6875,0.0400,0.0000,0.0100,0.1300,0.1300,9.8000,1,1
26876,7312,231139291,4.750,-5.000,6.000,6.000,2.691,2.665,1.043,100027.74,37.46,-94.062,-97.510,-19.5730,0.1900,0.1300,9.8100,0.0000,-0.0625,0.0625,2.3750,-36.5000,14.8750,0.0500,0.0000,0.0100,0.1300,0.1300,9.8000,1,1
26890,7316,231258498,4.750,-5.000,6.000,6.000,2.773,3.080,-0.079,100022.83,37.44,-94.063,-97.516,-19.5615,0.1900,0.1100,9.8000,-0.0625,-0.0625,0.0000,3.5625,-36.5000,14.0625,0.0600,0.0000,0.0200,0.1300,0.1300,9.8000,1,1
26904,7320,231378422,4.750,-5.000,6.000,6.000,2.835,1.516,2.278,100041.38,37.46,-93.989,-97.506,-19.5704,0.1600,0.1300,9.8100,-0.1250,-0.2500,0.0000,3.8750,-36.8750,14.8750,0.0300,0.0000,0.0100,0.1300,0.1300,9.8000,1,1
26919,7324,231499018,4.750,-5.000,6.000,6.000,2.954,3.211,-0.572,100021.27,37.46,-94.012,-97.518,-19.6102,0.1700,0.1200,9.8500,0.0625,0.0625,0.0000,2.7500,-36.5000,13.2500,0.0400,-0.0100,0.0100,0.1300,0.1300,9.8000,1,1
26933,7328,231618713,4.750,-5.000,6.000,6.000,2.972,2.249,1.319,100032.68,37.47,-93.956,-97.512,-19.5938,0.2000,0.1300,9.8300,0.0000,0.1250,-0.0625,3.5625,-37.5625,14.0625,0.0400,0.0000,0.0100,0.1300,0.1300,9.8000,1,1
26948,7332,231740291,4.750,-5.000,6.000,6.000,2.970,3.145,-0.326,100022.05,37.47,-93.972,-97.522,-19.6111,0.1800,0.1200,9.8500,0.0625,0.0625,0.0625,3.5625,-36.8750,13.6875,0.0400,0.0000,0.0400,0.1300,0.1300,9.8000,1,1
26962,7336,231858943,4.750,-5.000,6.000,6.000,2.912,3.955,-1.194,100012.45,37.47,-94.008,-97.535,-19.6011,0.1800,0.1200,9.8400,0.0000,-0.1250,0.0000,3.5625,-36.5000,13.6875,0.0400,-0.0100,0.0100,0.1300,0.1300,9.8000,1,1
26976,7340,231976667,4.750,-5.000,6.000,6.000,2.648,1.368,-0.404,100043.13,37.46,-93.992,-97.537,-19.5514,0.1700,0.1300,9.7900,0.0000,-0.0625,0.0625,2.7500,-37.5625,13.2500,0.0400,0.0000,0.0000,0.1300,0.1300,9.8000,1,1
26991,7344,232099281,4.750,-5.000,6.000,6.000,2.544,2.310,-2.376,100031.96,37.46,-94.084,-97.561,-19.6020,0.1800,0.1300,9.8400,0.0000,-0.0625,0.1250,3.5625,-36.8750,13.6875,0.0400,-0.0100,0.0500,0.1300,0.1300,9.8000,1,1
27003,7347,232199392,4.750,-5.000,6.000,6.000,2.607,3.344,0.033,100019.70,37.48,-94.120,-97.571,-19.5821,0.1800,0.1300,9.8200,-0.0625,-0.0625,0.0625,4.2500,-36.8750,13.2500,0.0500,0.0000,0.0500,0.1300,0.1300,9.8000,1,1
27016,7351,232309133,4.750,-5.000,6.000,6.000,2.292,1.124,-0.668,100046.02,37.47,-94.155,-97.583,-19.5912,0.1800,0.1200,9.8300,0.0000,0.1250,-0.1875,4.2500,-37.2500,13.2500,0.0400,-0.0200,0.0200,0.1300,0.1300,9.8000,1,1
27030,7355,232429481,4.750,-5.000,6.000,6.000,2.287,2.327,-1.216,100031.75,37.46,-94.243,-97.604,-19.5821,0.1900,0.1200,9.8200,0.0000,-0.1250,0.0000,2.7500,-37.2500,12.8750,0.0400,-0.0200,0.0100,0.1300,0.1300,9.8000,1,1
27045,7359,232549465,4.750,-5.000,6.000,6.000,2.367,3.068,0.314,100022.97,37.46,-94.294,-97.618,-19.5804,0.1700,0.1200,9.8200,0.0625,0.0000,0.0000,3.1875,-36.8750,13.2500,0.0500,0.0100,0.0300,0.1300,0.1300,9.8000,1,1
27059,7363,232669311,4.750,-5.000,6.000,6.000,2.603,3.221,1.739,100021.16,37.48,-94.270,-97.615,-19.5515,0.1900,0.1100,9.7900,-0.0625,0.1250,-0.0625,3.1875,-36.8750,13.6875,0.0400,0.0000,0.0400,0.1300,0.1300,9.8000,1,1
27074,7367,232791293,4.750,-5.000,6.000,6.000,2.493,1.126,1.703,100046.00,37.47,-94.234,-97.612,-19.6094,0.1800,0.1000,9.8500,0.0625,0.0000,0.0625,3.1875,-36.8750,13.2500,0.0500,-0.0200,0.0500,0.1300,0.1300,9.8000,1,1
27088,7371,232909332,4.750,-5.000,6.000,6.000,2.580,3.198,-2.159,100021.42,37.47,-94.302,-97.629,-19.6102,0.1700,0.1200,9.8500,0.0000,0.0000,-0.0625,3.8750,-38.3750,13.6875,0.0500,0.0000,0.0100,0.1300,0.1300,9.8000,1,1
27102,7375,233029698,4.750,-5.000,6.000,6.000,2.368,1.809,-0.487,100037.90,37.48,-94.320,-97.636,-19.5730,0.1900,0.1300,9.8100,0.0000,0.1250,-0.1250,3.5625,-37.2500,15.3750,0.0400,0.0100,0.0200,0.1300,0.1300,9.8000,1,1
27117,7379,233149846,4.750,-5.000,6.000,6.000,2.208,2.776,-2.666,100026.42,37.47,-94.432,-97.661,-19.5903,0.1700,0.1200,9.8300,0.1250,-0.1875,0.0625,2.3750,-36.5000,13.6875,0.0300,0.0000,0.0300,0.1300,0.1300,9.8000,1,1
27131,7383,233269651,4.750,-5.000,6.000,6.000,2.330,2.630,0.868,100028.16,37.48,-94.437,-97.664,-19.5713,0.1800,0.1200,9.8100,0.0000,-0.1875,-0.0625,2.7500,-37.2500,14.8750,0.0400,-0.0200,0.0200,0.1300,0.1300,9.8000,1,1
27146,7387,233390355,4.750,-5.000,6.000,6.000,2.828,3.610,3.625,100016.55,37.48,-94.361,-97.651,-19.5929,0.1900,0.1300,9.8300,-0.0625,0.1250,-0.0625,3.5625,-38.0000,13.6875,0.0500,0.0000,0.0300,0.1300,0.1300,9.8000,1,1
27158,7390,233491291,4.750,-5.000,6.000,6.000,2.974,3.779,2.116,100014.54,37.46,-94.305,-97.642,-19.6201,0.1700,0.1200,9.8600,-0.0625,-0.0625,0.0000,4.2500,-37.2500,13.6875,0.0400,0.0000,0.0500,0.1300,0.1300,9.8000,1,1
27172,7394,233609744,4.750,-5.000,6.000,6.000,2.811,2.085,0.337,100034.62,37.48,-94.257,-97.636,-19.5631,0.1900,0.1300,9.8000,0.0000,0.0625,0.0625,3.5625,-37.2500,14.0625,0.0400,0.0000,0.0100,0.1300,0.1300,9.8000,1,1
27186,7398,233730021,4.750,-5.000,6.000,6.000,2.870,2.925,-0.375,100024.66,37.45,-94.251,-97.637,-19.5912,0.1700,0.1300,9.8300,-0.0625,0.1875,-0.0625,3.1875,-36.5000,13.2500,0.0400,-0.0100,0.0300,0.1300,0.1300,9.8000,1,1
27198,7401,233829950,4.750,-5.000,6.000,6.000,2.818,2.843,-0.735,100025.63,37.48,-94.251,-97.640,-19.6102,0.1800,0.1100,9.8500,-0.0625,0.1250,-0.0625,2.3750,-37.2500,13.2500,0.0600,0.0000,0.0300,0.1300,0.1300,9.8000,1,1
27212,7405,233941291,4.750,-5.000,6.000,6.000,2.903,3.228,0.365,100021.06,37.46,-94.229,-97.639,-19.5771,0.1600,0.0900,9.8200,-0.1250,0.0625,-0.1250,3.1875,-37.5625,13.6875,0.0200,-0.0300,0.0200,0.1300,0.1300,9.8000,1,1
27226,7409,234060130,4.750,-5.000,6.000,6.000,2.861,2.324,0.816,100031.79,37.46,-94.189,-97.634,-19.5714,0.1900,0.1100,9.8100,-0.0625,0.0000,0.0000,2.7500,-37.2500,13.2500,0.0400,0.0000,0.0100,0.1300,0.1300,9.8000,1,1
27240,7413,234180321,4.750,-5.000,6.000,6.000,2.618,3.089,-3.657,100022.71,37.47,-94.272,-97.653,-19.6029,0.2000,0.1200,9.8400,0.0000,0.0625,0.0000,2.7500,-37.5625,12.8750,0.0500,0.0000,0.0100,0.1300,0.1300,9.8000,1,1
27255,7417,234300465,4.750,-5.000,6.000,6.000,2.527,2.823,-0.296,100025.88,37.51,-94.295,-97.660,-19.6102,0.1700,0.1200,9.8500,-0.1250,-0.1250,0.1250,3.1875,-37.5625,14.5000,0.0500,0.0000,0.0300,0.1300,0.1300,9.8000,1,1
27269,7421,234420333,4.750,-5.000,6.000,6.000,2.568,2.059,1.110,100034.94,37.47,-94.273,-97.658,-19.5705,0.1700,0.1200,9.8100,-0.0625,0.0000,-0.1250,2.7500,-37.5625,13.2500,0.0500,0.0000,0.0300,0.1300,0.1300,9.8000,1,1
27284,7425,234542291,4.750,-5.000,6.000,6.000,2.542,1.969,-0.010,100036.00,37.48,-94.292,-97.663,-19.5795,0.1600,0.1200,9.8200,0.0625,0.1250,0.0000,3.8750,-36.5000,13.6875,0.0300,0.0000,0.0200,0.1300,0.1300,9.8000,1,1
27298,7429,234660310,4.750,-5.000,6.000,6.000,2.735,3.299,1.627,100020.23,37.48,-94.287,-97.664,-19.5821,0.1900,0.1200,9.8200,0.0625,0.1250,-0.0625,3.1875,-35.7500,14.5000,0.0500,0.0000,0.0200,0.1300,0.1300,9.8000,1,1
27312,7433,234780201,4.750,-5.000,6.000,6.000,2.745,3.254,-0.440,100020.77,37.48,-94.280,-97.666,-19.6045,0.2000,0.1400,9.8400,0.0000,-0.0625,-0.0625,2.3750,-37.5625,13.2500,0.0600,0.0100,0.0300,0.1300,0.1300,9.8000,1,1
27327,7437,234900828,4.750,-5.000,6.000,6.000,2.487,1.010,0.417,100047.37,37.49,-94.269,-97.666,-19.6029,0.2100,0.1100,9.8400,0.0000,0.1250,0.0000,2.0625,-37.2500,13.2500,0.0500,0.0000,0.0100,0.1300,0.1300,9.8000,1,1
27341,7441,235020493,4.750,-5.000,6.000,6.000,2.449,1.913,-1.292,100036.66,37.48,-94.326,-97.678,-19.5903,0.1700,0.1200,9.8300,-0.0625,0.1250,0.0000,3.1875,-37.2500,14.0625,0.0400,-0.0200,0.0300,0.1300,0.1300,9.8000,1,1
27356,7445,235142291,4.750,-5.000,6.000,6.000,2.399,1.722,-0.075,100038.93,37.48,-94.355,-97.687,-19.6037,0.2000,0.1300,9.8400,0.1250,0.1250,0.0000,2.7500,-36.5000,12.0625,0.0600,0.0000,0.0300,0.1300,0.1300,9.8000,1,1
27370,7449,235260845,4.750,-5.000,6.000,6.000,2.222,2.628,-3.418,100028.19,37.49,-94.466,-97.709,-19.5623,0.1900,0.1200,9.8000,0.0000,0.0625,0.0000,4.2500,-36.8750,12.8750,0.0700,0.0100,0.0100,0.1300,0.1300,9.8000,1,1
27385,7453,235384293,4.750,-5.000,6.000,6.000,2.026,0.799,0.809,100049.88,37.51,-94.495,-97.717,-19.6119,0.1800,0.1300,9.8500,0.0625,-0.1250,0.0625,3.1875,-35.7500,13.6875,0.0400,0.0000,0.0400,0.1300,0.1300,9.8000,1,1
27400,7457,235510754,4.750,-5.000,6.000,6.000,2.084,1.594,0.144,100040.45,37.50,-94.549,-97.728,-19.5838,0.1900,0.1400,9.8200,0.1250,0.0000,-0.0625,2.3750,-36.8750,13.6875,0.0700,0.0000,0.0000,0.1300,0.1300,9.8000,1,1
27412,7460,235610864,4.750,-5.000,6.000,6.000,2.608,3.601,2.607,100016.65,37.48,-94.500,-97.718,-19.5729,0.1700,0.1500,9.8100,0.0000,0.0000,0.0000,2.3750,-37.2500,13.2500,0.0300,-0.0100,0.0200,0.1300,0.1300,9.8000,1,1
27425,7464,235721106,4.750,-5.000,6.000,6.000,2.480,2.005,0.414,100035.57,37.47,-94.486,-97.716,-19.5813,0.1800,0.1200,9.8200,-0.0625,-0.1250,0.0625,3.1875,-37.5625,14.0625,0.0500,0.0000,0.0000,0.1300,0.1300,9.8000,1,1
27440,7468,235843292,4.750,-5.000,6.000,6.000,2.778,3.193,1.618,100021.48,37.50,-94.448,-97.709,-19.5615,0.1900,0.1100,9.8000,0.0000,0.0625,-0.1250,3.5625,-37.5625,12.8750,0.0600,-0.0100,0.0000,0.1300,0.1300,9.8000,1,1
27454,7472,235961135,4.750,-5.000,6.000,6.000,2.978,2.811,2.521,100026.02,37.49,-94.357,-97.693,-19.6020,0.1900,0.1200,9.8400,0.0000,-0.0625,-0.0625,2.7500,-36.8750,13.6875,0.0500,-0.0100,0.0100,0.1300,0.1300,9.8000,1,1
27468,7476,236081390,4.750,-5.000,6.000,6.000,2.909,3.255,-1.066,100020.74,37.48,-94.352,-97.693,-19.5589,0.1700,0.1000,9.8000,-0.0625,0.0000,-0.0625,3.8750,-38.3750,14.5000,0.0300,-0.0100,0.0100,0.1300,0.1300,9.8000,1,1
27483,7480,236201647,4.750,-5.000,6.000,6.000,2.482,1.662,-2.812,100039.63,37.50,-94.397,-97.704,-19.6136,0.1900,0.1400,9.8500,0.0625,-0.0625,0.0625,2.3750,-37.5625,14.0625,0.0400,-0.0100,0.0100,0.1300,0.1300,9.8000,1,1
27497,7484,236321311,4.750,-5.000,6.000,6.000,2.357,2.027,-1.186,100035.31,37.50,-94.451,-97.716,-19.5738,0.1800,0.1500,9.8100,-0.1250,-0.0625,0.0625,2.3750,-36.8750,13.2500,0.0400,0.0000,0.0100,0.1300,0.1300,9.8000,1,1
27512,7488,236443290,4.750,-5.000,6.000,6.000,2.516,2.692,0.956,100027.43,37.48,-94.453,-97.718,-19.5814,0.2000,0.1000,9.8200,0.0000,0.0000,0.0625,2.7500,-37.2500,13.2500,0.0600,-0.0200,0.0100,0.1300,0.1300,9.8000,1,1
27526,7492,236561493,4.750,-5.000,6.000,6.000,2.583,3.009,-0.621,100023.66,37.50,-94.464,-97.721,-19.5714,0.1900,0.1100,9.8100,0.0625,0.0000,-0.0625,3.5625,-37.5625,13.6875,0.0500,0.0200,0.0400,0.1300,0.1300,9.8000,1,1
27540,7496,236681378,4.750,-5.000,6.000,6.000,2.503,2.500,-0.064,100029.70,37.50,-94.467,-97.723,-19.5821,0.1800,0.1300,9.8200,0.0625,-0.1875,-0.1250,3.8750,-36.5000,12.8750,0.0400,0.0000,0.0200,0.1300,0.1300,9.8000,1,1
27555,7500,236801763,4.750,-5.000,6.000,6.000,2.794,3.279,1.518,100020.47,37.50,-94.426,-97.717,-19.5895,0.1600,0.1200,9.8300,-0.0625,0.0000,0.0000,3.5625,-37.2500,14.0625,0.0300,0.0000,0.0300,0.1300,0.1300,9.8000,1,1
27569,7504,236921701,4.750,-5.000,6.000,6.000,2.610,2.042,-0.089,100035.13,37.51,-94.410,-97.716,-19.6037,0.2000,0.1300,9.8400,0.0625,0.1250,-0.1250,2.7500,-37.5625,13.2500,0.0500,0.0000,0.0200,0.1300,0.1300,9.8000,1,1
27584,7508,237043291,4.750,-5.000,6.000,6.000,2.386,2.108,-1.947,100034.35,37.50,-94.475,-97.730,-19.6029,0.2000,0.1200,9.8400,0.0000,-0.1250,0.0625,4.6875,-36.8750,13.2500,0.0700,0.0000,0.0300,0.1300,0.1300,9.8000,1,1
27596,7511,237143291,4.750,-5.000,6.000,6.000,2.345,2.624,-1.474,100028.23,37.50,-94.517,-97.739,-19.5821,0.1700,0.1400,9.8200,0.0000,0.1875,-0.1875,3.1875,-37.2500,12.5000,0.0300,0.0100,0.0100,0.1300,0.1300,9.8000,1,1
27609,7515,237252215,4.750,-5.000,6.000,6.000,2.037,1.196,-1.711,100045.16,37.51,-94.580,-97.753,-19.5813,0.1800,0.1200,9.8200,0.0625,0.1875,0.0000,2.3750,-36.0625,14.5000,0.0400,0.0000,0.0100,0.1300,0.1300,9.8000,1,1
27622,7518,237352288,4.750,-5.000,6.000,6.000,2.344,3.100,-0.020,100022.58,37.50,-94.599,-97.757,-19.6028,0.1900,0.1300,9.8400,0.0625,-0.0625,-0.0625,2.7500,-37.5625,14.8750,0.0300,-0.0200,0.0400,0.1300,0.1300,9.8000,1,1
27635,7522,237462152,4.750,-5.000,6.000,6.000,2.649,3.934,2.267,100012.70,37.50,-94.564,-97.750,-19.6028,0.1900,0.1300,9.8400,0.0625,-0.0625,-0.1250,3.1875,-36.0625,13.2500,0.0200,-0.0200,-0.0100,0.1300,0.1300,9.8000,1,1
27649,7526,237582307,4.750,-5.000,6.000,6.000,2.439,2.452,-1.033,100030.27,37.50,-94.560,-97.749,-19.5696,0.1600,0.1200,9.8100,0.0000,-0.1250,0.0625,2.7500,-36.8750,14.5000,0.0500,0.0000,0.0300,0.1300,0.1300,9.8000,1,1
27664,7530,237702489,4.750,-5.000,6.000,6.000,2.615,2.801,0.577,100026.13,37.49,-94.544,-97.747,-19.6110,0.1700,0.1300,9.8500,0.0625,0.1875,-0.1250,3.1875,-36.8750,14.8750,0.0400,0.0000,-0.0100,0.1300,0.1300,9.8000,1,1
27678,7534,237822305,4.750,-5.000,6.000,6.000,2.398,2.802,-1.682,100026.12,37.51,-94.591,-97.756,-19.6003,0.1900,0.1000,9.8400,0.0625,-0.0625,0.0000,2.3750,-38.0000,14.0625,0.0500,0.0000,0.0100,0.1300,0.1300,9.8000,1,1
27693,7538,237944291,4.750,-5.000,6.000,6.000,2.585,3.370,1.114,100019.38,37.49,-94.574,-97.753,-19.6111,0.1900,0.1100,9.8500,0.0625,-0.1250,0.0000,3.5625,-36.8750,14.0625,0.0500,-0.0100,0.0500,0.1300,0.1300,9.8000,1,1
27707,7542,238062329,4.750,-5.000,6.000,6.000,2.508,1.702,1.160,100039.17,37.51,-94.530,-97.744,-19.5722,0.1800,0.1300,9.8100,0.0000,0.0000,0.0625,3.1875,-38.0000,13.6875,0.0500,-0.0200,0.0000,0.1300,0.1300,9.8000,1,1
27721,7546,238182372,4.750,-5.000,6.000,6.000,2.332,1.100,-0.619,100046.30,37.51,-94.550,-97.748,-19.5895,0.1700,0.1100,9.8300,0.0625,0.0000,0.1250,3.5625,-37.2500,14.0625,0.0300,-0.0100,0.0300,0.1300,0.1300,9.8000,1,1
27736,7550,238302846,4.750,-5.000,6.000,6.000,2.512,2.556,0.699,100029.04,37.50,-94.562,-97.752,-19.6011,0.1800,0.1200,9.8400,0.0000,0.0625,0.0000,2.7500,-36.8750,13.2500,0.0400,0.0000,0.0100,0.1300,0.1300,9.8000,1,1
27750,7554,238422488,4.750,-5.000,6.000,6.000,2.623,2.935,-0.529,100024.55,37.51,-94.556,-97.750,-19.5821,0.1700,0.1400,9.8200,0.0000,-0.1250,-0.0625,3.5625,-37.2500,14.5000,0.0600,0.0100,0.0300,0.1300,0.1300,9.8000,1,1
27765,7558,238544291,4.750,-5.000,6.000,6.000,2.427,2.516,-1.522,100029.52,37.50,-94.591,-97.758,-19.6003,0.1700,0.1200,9.8400,0.0000,0.0000,0.0000,3.8750,-37.5625,12.8750,0.0400,0.0000,0.0300,0.1300,0.1300,9.8000,1,1
27777,7561,238644291,4.750,-5.000,6.000,6.000,2.659,3.057,0.902,100023.09,37.49,-94.553,-97.750,-19.6011,0.1700,0.1300,9.8400,0.1250,0.0625,-0.0625,3.1875,-36.8750,13.6875,0.0400,0.0000,0.0400,0.1300,0.1300,9.8000,1,1
27791,7565,238762759,4.750,-5.000,6.000,6.000,2.784,2.568,2.063,100028.90,37.48,-94.483,-97.737,-19.5830,0.2000,0.1200,9.8200,-0.0625,-0.1250,0.0625,3.1875,-36.8750,13.6875,0.0500,0.0000,0.0100,0.1300,0.1300,9.8000,1,1
27805,7569,238880843,4.750,-5.000,6.000,6.000,2.783,3.142,-0.084,100022.09,37.49,-94.471,-97.734,-19.5920,0.1700,0.1400,9.8300,-0.1250,-0.2500,0.0625,2.7500,-37.2500,13.6875,0.0300,0.0100,0.0200,0.1300,0.1300,9.8000,1,1
27820,7573,239002971,4.750,-5.000,6.000,6.000,2.890,2.735,1.247,100026.91,37.51,-94.410,-97.723,-19.5903,0.1700,0.1200,9.8300,-0.0625,-0.1250,0.0625,3.5625,-36.5000,13.2500,0.0300,0.0000,0.0400,0.1300,0.1300,9.8000,1,1
27832,7576,239102952,4.750,-5.000,6.000,6.000,2.884,3.290,0.479,100020.34,37.48,-94.398,-97.722,-19.5912,0.1700,0.1300,9.8300,0.0625,-0.0625,0.0000,3.1875,-36.8750,13.6875,0.0500,0.0000,0.0200,0.1300,0.1300,9.8000,1,1
27845,7580,239212786,4.750,-5.000,6.000,6.000,2.533,2.276,-2.854,100032.35,37.48,-94.444,-97.731,-19.5399,0.1700,0.1100,9.7800,0.0000,0.0000,-0.0625,3.5625,-36.8750,12.8750,0.0300,-0.0100,-0.0200,0.1300,0.1300,9.8000,1,1
27859,7584,239333322,4.750,-5.000,6.000,6.000,2.716,2.609,0.615,100028.41,37.51,-94.414,-97.726,-19.6028,0.1900,0.1300,9.8400,-0.0625,-0.0625,0.0000,3.5625,-37.5625,13.2500,0.0500,0.0000,0.0200,0.1300,0.1300,9.8000,1,1
27874,7588,239453484,4.750,-5.000,6.000,6.000,2.699,1.360,1.695,100043.22,37.52,-94.361,-97.716,-19.5895,0.1700,0.1100,9.8300,0.0625,-0.0625,-0.0625,2.7500,-36.8750,13.2500,0.0400,0.0100,0.0300,0.1300,0.1300,9.8000,1,1
27888,7592,239573152,4.750,-5.000,6.000,6.000,2.436,2.840,-3.749,100025.67,37.48,-94.475,-97.739,-19.5796,0.1700,0.1100,9.8200,-0.0625,-0.1875,-0.0625,2.7500,-36.5000,13.2500,0.0700,0.0000,0.0000,0.1300,0.1300,9.8000,1,1
27903,7596,239695291,4.750,-5.000,6.000,6.000,2.633,2.714,2.127,100027.16,37.49,-94.432,-97.731,-19.6119,0.1900,0.1200,9.8500,0.0000,0.0000,0.0000,2.7500,-36.8750,14.5000,0.0500,0.0000,0.0400,0.1300,0.1300,9.8000,1,1
27917,7600,239813309,4.750,-5.000,6.000,6.000,2.570,2.122,0.042,100034.18,37.51,-94.425,-97.729,-19.5713,0.1800,0.1200,9.8100,0.0000,0.0625,-0.3125,2.3750,-36.0625,13.6875,0.0100,-0.0300,0.0000,0.1300,0.1300,9.8000,1,1
27931,7604,239933587,4.750,-5.000,6.000,6.000,2.626,2.773,0.305,100026.47,37.51,-94.431,-97.731,-19.6028,0.1800,0.1400,9.8400,-0.0625,0.0000,0.0000,2.3750,-37.2500,13.2500,0.0500,0.0000,0.0300,0.1300,0.1300,9.8000,1,1
27946,7608,240053648,4.750,-5.000,6.000,6.000,2.439,2.731,-1.999,100026.97,37.50,-94.488,-97.742,-19.5813,0.1800,0.1200,9.8200,0.0000,-0.0625,-0.0625,3.5625,-37.2500,13.2500,0.0600,0.0100,0.0400,0.1300,0.1300,9.8000,1,1
27960,7612,240173493,4.750,-5.000,6.000,6.000,2.585,2.911,1.348,100024.83,37.51,-94.464,-97.738,-19.5705,0.1700,0.1200,9.8100,0.0625,0.0000,-0.1250,3.1875,-36.5000,13.2500,0.0500,-0.0100,0.0400,0.1300,0.1300,9.8000,1,1
27975,7616,240295291,4.750,-5.000,6.000,6.000,2.538,2.605,-0.278,100028.45,37.50,-94.473,-97.741,-19.6036,0.1800,0.1500,9.8400,0.0000,0.0000,-0.0625,2.7500,-37.2500,12.8750,0.0500,0.0200,0.0300,0.1300,0.1300,9.8000,1,1
27989,7620,240413672,4.750,-5.000,6.000,6.000,2.397,2.027,-0.658,100035.31,37.49,-94.498,-97.746,-19.5812,0.1700,0.1300,9.8200,-0.0625,0.0625,0.1875,2.3750,-36.5000,13.6875,0.0800,0.0100,0.0000,0.1300,0.1300,9.8000,1,1
28003,7624,240533788,4.750,-5.000,6.000,6.000,2.530,2.808,0.271,100026.05,37.49,-94.504,-97.747,-19.6020,0.1800,0.1300,9.8400,0.0625,-0.1250,0.0000,3.1875,-36.5000,13.6875,0.0400,0.0000,0.0100,0.1300,0.1300,9.8000,1,1
28018,7628,240654011,4.750,-5.000,6.000,6.000,2.332,0.819,-0.424,100049.63,37.49,-94.497,-97.746,-19.6003,0.1700,0.1200,9.8400,0.0000,-0.0625,0.1250,3.1875,-36.8750,12.8750,0.0500,0.0000,0.0300,0.1300,0.1300,9.8000,1,1
28032,7632,240773743,4.750,-5.000,6.000,6.000,2.463,1.899,0.632,100036.83,37.49,-94.506,-97.748,-19.5830,0.2000,0.1200,9.8200,-0.0625,0.1250,0.0000,3.1875,-37.5625,13.6875,0.0300,-0.0200,0.0100,0.1300,0.1300,9.8000,1,1
28047,7636,240894389,4.750,-5.000,6.000,6.000,2.356,1.597,-0.300,100040.41,37.51,-94.532,-97.754,-19.6119,0.1900,0.1200,9.8500,-0.1250,-0.0625,0.0625,3.1875,-36.0625,14.0625,0.0500,0.0000,0.0100,0.1300,0.1300,9.8000,1,1
28061,7640,241013751,4.750,-5.000,6.000,6.000,2.476,3.189,-0.067,100021.52,37.51,-94.565,-97.760,-19.6028,0.1800,0.1400,9.8400,0.0625,0.0625,0.1250,3.5625,-36.8750,14.8750,0.0400,0.0000,0.0100,0.1300,0.1300,9.8000,1,1
28075,7644,241133970,4.750,-5.000,6.000,6.000,2.436,1.764,0.126,100038.43,37.49,-94.535,-97.754,-19.5614,0.1800,0.1200,9.8000,0.0000,0.1250,-0.0625,2.3750,-36.8750,13.6875,0.0400,0.0000,0.0000,0.1300,0.1300,9.8000,1,1
28090,7648,241254417,4.750,-5.000,6.000,6.000,2.425,3.340,-0.671,100019.74,37.49,-94.601,-97.767,-19.5919,0.1600,0.1500,9.8300,0.0000,0.0000,0.0000,3.8750,-37.5625,13.2500,0.0400,0.0000,0.0200,0.1300,0.1300,9.8000,1,1
28104,7652,241374132,4.750,-5.000,6.000,6.000,2.497,1.698,1.887,100039.21,37.49,-94.534,-97.753,-19.5705,0.1700,0.1200,9.8100,0.0000,0.0000,-0.0625,2.7500,-37.2500,13.6875,0.0500,0.0100,0.0100,0.1300,0.1300,9.8000,1,1
28119,7656,241496291,4.750,-5.000,6.000,6.000,2.592,3.036,-0.366,100023.34,37.50,-94.556,-97.758,-19.5928,0.1800,0.1400,9.8300,0.0625,0.1875,-0.1250,3.5625,-37.2500,13.6875,0.0400,0.0100,0.0200,0.1300,0.1300,9.8000,1,1
28133,7660,241614310,4.750,-5.000,6.000,6.000,2.583,2.513,0.239,100029.55,37.50,-94.540,-97.755,-19.5813,0.1900,0.1100,9.8200,0.0625,0.0000,0.0625,3.5625,-36.5000,14.5000,0.0500,0.0000,0.0300,0.1300,0.1300,9.8000,1,1
28147,7664,241734517,4.750,-5.000,6.000,6.000,2.547,1.442,1.634,100042.25,37.50,-94.497,-97.747,-19.5821,0.1700,0.1400,9.8200,0.1250,-0.0625,-0.0625,2.7500,-36.5000,13.6875,0.0600,0.0000,0.0500,0.1300,0.1300,9.8000,1,1
28162,7668,241854667,4.750,-5.000,6.000,6.000,2.628,2.598,-0.062,100028.53,37.52,-94.512,-97.750,-19.5912,0.1800,0.1200,9.8300,-0.0625,0.0000,0.0000,4.2500,-36.8750,13.6875,0.0400,0.0000,0.0400,0.1300,0.1300,9.8000,1,1
28176,7672,241974493,4.750,-5.000,6.000,6.000,2.726,4.087,-0.746,100010.88,37.51,-94.529,-97.753,-19.5614,0.1700,0.1300,9.8000,0.0000,0.0000,-0.0625,3.1875,-36.8750,13.6875,0.0500,-0.0100,0.0200,0.1300,0.1300,9.8000,1,1
28191,7676,242096291,4.750,-5.000,6.000,6.000,2.769,2.352,1.747,100031.46,37.52,-94.446,-97.737,-19.5937,0.1900,0.1400,9.8300,0.0625,0.0625,-0.1875,3.5625,-36.5000,14.8750,0.0600,0.0100,0.0300,0.1300,0.1300,9.8000,1,1
28205,7680,242214516,4.750,-5.000,6.000,6.000,2.876,3.702,-0.237,100015.45,37.51,-94.445,-97.738,-19.6185,0.1700,0.1000,9.8600,0.0000,-0.1250,0.0625,3.5625,-37.2500,13.6875,0.0300,-0.0100,0.0000,0.1300,0.1300,9.8000,1,1
28219,7684,242334887,4.750,-5.000,6.000,6.000,2.870,3.693,-0.746,100015.56,37.50,-94.422,-97.734,-19.6011,0.1800,0.1200,9.8400,0.0000,0.0000,-0.1250,2.0625,-36.8750,14.5000,0.0400,0.0000,0.0400,0.1300,0.1300,9.8000,1,1
28234,7688,242455038,4.750,-5.000,6.000,6.000,2.900,2.037,1.981,100035.20,37.50,-94.334,-97.717,-19.5704,0.1600,0.1300,9.8100,-0.0625,-0.0625,0.0625,3.1875,-36.8750,14.0625,0.0400,0.0100,0.0400,0.1300,0.1300,9.8000,1,1
28248,7692,242574748,4.750,-5.000,6.000,6.000,3.087,2.610,1.478,100028.40,37.51,-94.269,-97.704,-19.5523,0.1800,0.1300,9.7900,0.0625,-0.0625,-0.0625,2.7500,-37.5625,13.2500,0.0500,0.0000,0.0500,0.1300,0.1300,9.8000,1,1
28263,7696,242695550,4.750,-5.000,6.000,6.000,2.647,1.909,-3.906,100036.71,37.50,-94.332,-97.719,-19.6003,0.1700,0.1200,9.8400,0.1250,0.1250,0.0000,2.3750,-37.2500,13.6875,0.0300,0.0000,0.0400,0.1300,0.1300,9.8000,1,1
28277,7700,242814926,4.750,-5.000,6.000,6.000,2.532,2.170,-1.380,100033.61,37.49,-94.374,-97.730,-19.5994,0.1600,0.1200,9.8400,0.0000,0.1250,-0.1250,3.1875,-37.2500,14.0625,0.0300,0.0000,0.0200,0.1300,0.1300,9.8000,1,1
28291,7704,242935143,4.750,-5.000,6.000,6.000,2.620,2.677,0.421,100027.61,37.51,-94.377,-97.731,-19.5847,0.2000,0.1400,9.8200,-0.0625,-0.1250,0.1250,3.5625,-37.2500,13.2500,0.0500,0.0000,0.0300,0.1300,0.1300,9.8000,1,1
28306,7708,243055456,4.750,-5.000,6.000,6.000,2.505,2.583,-0.454,100028.71,37.51,-94.413,-97.738,-19.5814,0.2000,0.1000,9.8200,-0.0625,-0.0625,0.0625,3.1875,-37.2500,13.2500,0.0400,-0.0100,0.0400,0.1300,0.1300,9.8000,1,1
28320,7712,243175130,4.750,-5.000,6.000,6.000,2.527,2.709,-0.557,100027.23,37.50,-94.432,-97.742,-19.5713,0.1700,0.1300,9.8100,0.0625,-0.1875,-0.0625,3.1875,-37.2500,13.2500,0.0400,0.0000,0.0200,0.1300,0.1300,9.8000,1,1
28335,7716,243297291,4.750,-5.000,6.000,6.000,2.627,2.362,1.177,100031.34,37.51,-94.404,-97.737,-19.5821,0.1900,0.1200,9.8200,0.0000,0.0000,-0.0625,3.5625,-36.8750,13.2500,0.0600,0.0000,0.0100,0.1300,0.1300,9.8000,1,1
28349,7720,243415305,4.750,-5.000,6.000,6.000,2.538,2.168,-0.939,100033.64,37.51,-94.424,-97.741,-19.6110,0.1700,0.1300,9.8500,-0.0625,0.1875,0.0000,3.5625,-36.8750,12.8750,0.0500,-0.0200,0.0000,0.1300,0.1300,9.8000,1,1
28363,7724,243535507,4.750,-5.000,6.000,6.000,2.618,2.786,0.253,100026.31,37.49,-94.430,-97.744,-19.6010,0.1600,0.1400,9.8400,0.1250,0.0000,-0.0625,3.1875,-36.5000,14.0625,0.0400,0.0100,0.0100,0.1300,0.1300,9.8000,1,1
28378,7728,243655665,4.750,-5.000,6.000,6.000,2.418,2.083,-0.327,100034.64,37.50,-94.460,-97.751,-19.6011,0.1700,0.1300,9.8400,0.1250,0.1875,-0.1875,2.0625,-37.2500,14.0625,0.0400,0.0000,0.0100,0.1300,0.1300,9.8000,1,1
28392,7732,243775511,4.750,-5.000,6.000,6.000,2.252,1.323,-0.602,100043.66,37.51,-94.492,-97.757,-19.5821,0.1800,0.1300,9.8200,-0.0625,0.0000,0.0625,2.7500,-36.8750,14.0625,0.0500,-0.0200,0.0300,0.1300,0.1300,9.8000,1,1
28407,7736,243897291,4.750,-5.000,6.000,6.000,2.415,2.849,0.117,100025.56,37.50,-94.533,-97.766,-19.6011,0.1800,0.1200,9.8400,0.0000,0.0000,0.1250,3.8750,-36.8750,14.5000,0.0500,0.0000,0.0300,0.1300,0.1300,9.8000,1,1
28421,7740,244015619,4.750,-5.000,6.000,6.000,2.581,2.459,2.792,100030.19,37.50,-94.485,-97.756,-19.5921,0.1900,0.1200,9.8300,0.1250,0.0000,0.1250,3.1875,-37.2500,14.0625,0.0100,0.0000,0.0000,0.1300,0.1300,9.8000,1,1
28435,7744,244135836,4.750,-5.000,6.000,6.000,2.672,2.051,1.969,100035.03,37.52,-94.437,-97.746,-19.5739,0.1900,0.1400,9.8100,-0.1250,-0.0625,0.1250,3.1875,-36.5000,13.2500,0.0600,-0.0100,0.0000,0.1300,0.1300,9.8000,1,1
28450,7748,244256033,4.750,-5.000,6.000,6.000,2.634,2.205,0.013,100033.20,37.51,-94.441,-97.746,-19.5796,0.1700,0.1100,9.8200,-0.1250,-0.1250,0.0625,3.1875,-36.5000,14.0625,0.0400,0.0000,0.0100,0.1300,0.1300,9.8000,1,1
28462,7751,244356043,4.750,-5.000,6.000,6.000,2.502,1.344,-0.755,100043.41,37.51,-94.455,-97.749,-19.6119,0.1800,0.1300,9.8500,0.0625,0.0000,0.0000,3.8750,-38.0000,14.0625,0.0500,-0.0100,0.0000,0.1300,0.1300,9.8000,1,1
28476,7755,244475748,4.750,-5.000,6.000,6.000,2.535,2.955,-0.296,100024.31,37.53,-94.486,-97.755,-19.5821,0.1900,0.1200,9.8200,-0.0625,0.1250,0.0000,3.1875,-36.0625,12.5000,0.0500,-0.0200,0.0400,0.1300,0.1300,9.8000,1,1
28491,7759,244595643,4.750,-5.000,6.000,6.000,2.658,2.191,2.066,100033.37,37.49,-94.431,-97.745,-19.5804,0.1700,0.1200,9.8200,0.0000,0.1250,0.1875,3.5625,-36.0625,13.2500,0.0400,0.0000,0.0100,0.1300,0.1300,9.8000,1,1
28505,7763,244716147,4.750,-5.000,6.000,6.000,2.861,3.393,0.696,100019.12,37.49,-94.409,-97.741,-19.5895,0.1700,0.1100,9.8300,0.0625,0.0625,-0.1250,3.5625,-36.8750,13.2500,0.0500,0.0000,0.0000,0.1300,0.1300,9.8000,1,1
28519,7767,244836315,4.750,-5.000,6.000,6.000,2.492,1.876,-2.327,100037.09,37.52,-94.436,-97.746,-19.5903,0.1600,0.1300,9.8300,-0.0625,0.1250,-0.1875,3.5625,-36.5000,14.5000,0.0400,0.0100,0.0300,0.1300,0.1300,9.8000,1,1
28534,7771,244956483,4.750,-5.000,6.000,6.000,2.574,2.192,1.044,100033.36,37.50,-94.435,-97.748,-19.6128,0.1900,0.1300,9.8500,-0.0625,-0.0625,-0.0625,3.1875,-37.5625,13.6875,0.0300,-0.0200,0.0300,0.1300,0.1300,9.8000,1,1
28548,7775,245076317,4.750,-5.000,6.000,6.000,2.704,2.867,0.679,100025.35,37.50,-94.424,-97.746,-19.5606,0.1800,0.1100,9.8000,0.0000,-0.1250,0.0000,3.5625,-36.8750,12.8750,0.0500,0.0000,0.0100,0.1300,0.1300,9.8000,1,1
28563,7779,245198294,4.750,-5.000,6.000,6.000,2.817,1.985,2.035,100035.81,37.50,-94.352,-97.732,-19.6094,0.1700,0.1100,9.8500,0.0625,0.0000,0.0625,3.8750,-36.8750,14.0625,0.0300,-0.0100,0.0500,0.1300,0.1300,9.8000,1,1
28577,7783,245316281,4.750,-5.000,6.000,6.000,2.504,1.237,-1.459,100044.68,37.52,-94.389,-97.740,-19.5821,0.1800,0.1300,9.8200,-0.0625,0.0000,-0.0625,2.7500,-38.3750,13.6875,0.0500,0.0100,0.0000,0.1300,0.1300,9.8000,1,1
28591,7787,245436685,4.750,-5.000,6.000,6.000,2.562,2.341,0.058,100031.59,37.50,-94.419,-97.747,-19.6011,0.1700,0.1300,9.8400,0.0000,0.0000,0.0000,2.0625,-37.2500,13.6875,0.0400,0.0000,0.0100,0.1300,0.1300,9.8000,1,1
28606,7791,245556772,4.750,-5.000,6.000,6.000,2.336,1.560,-1.470,100040.85,37.51,-94.464,-97.757,-19.6085,0.1600,0.1100,9.8500,0.0000,-0.0625,0.0000,13.5625,-36.8750,19.8750,0.0500,0.0000,0.0000,0.1300,0.1300,9.8000,1,1
28620,7795,245676491,4.750,-5.000,6.000,6.000,2.610,2.655,1.584,100027.86,37.51,-94.450,-97.754,-19.5929,0.1900,0.1300,9.8300,-0.1250,-0.1875,0.0000,3.5625,-36.8750,11.6875,0.0400,0.0000,-0.0100,0.1300,0.1300,9.8000,1,1
28635,7799,245798291,4.750,-5.000,6.000,6.000,2.788,3.504,0.831,100017.80,37.51,-94.431,-97.750,-19.5705,0.1800,0.1100,9.8100,0.0625,0.0625,-0.1250,2.3750,-36.8750,10.3750,0.0500,-0.0100,0.0000,0.1300,0.1300,9.8000,1,1
28649,7803,245916691,4.750,-5.000,6.000,6.000,2.657,1.598,0.333,100040.40,37.50,-94.390,-97.741,-19.6011,0.1800,0.1200,9.8400,-0.1250,0.0000,-0.0625,2.7500,-36.8750,12.0625,0.0500,0.0100,0.0200,0.1300,0.1300,9.8000,1,1
28663,7807,246036862,4.750,-5.000,6.000,6.000,2.579,2.009,-1.246,100035.52,37.50,-94.419,-97.748,-19.5929,0.1900,0.1300,9.8300,0.0625,0.1250,-0.1250,3.1875,-37.5625,10.8750,0.0400,0.0100,0.0200,0.1300,0.1300,9.8000,1,1
28678,7811,246157217,4.750,-5.000,6.000,6.000,2.689,3.442,0.010,100018.53,37.51,-94.445,-97.754,-19.6201,0.1700,0.1200,9.8600,-0.0625,-0.1250,0.0000,3.5625,-36.8750,12.0625,0.0400,0.0000,0.0000,0.1300,0.1300,9.8000,1,1
28690,7814,246257042,4.750,-5.000,6.000,6.000,2.333,1.213,-0.934,100044.97,37.50,-94.471,-97.760,-19.5912,0.1700,0.1300,9.8300,-0.1250,0.1250,0.0625,2.3750,-37.2500,12.0625,0.0400,0.0000,0.0200,0.1300,0.1300,9.8000,1,1
28704,7818,246376946,4.750,-5.000,6.000,6.000,2.518,2.474,0.757,100030.01,37.51,-94.455,-97.757,-19.5829,0.1800,0.1400,9.8200,0.0000,-0.0625,0.0000,2.7500,-36.8750,12.0625,0.0500,-0.0100,0.0200,0.1300,0.1300,9.8000,1,1
28716,7821,246477125,4.750,-5.000,6.000,6.000,2.459,2.030,0.543,100035.27,37.50,-94.467,-97.760,-19.5705,0.1700,0.1200,9.8100,0.0000,0.0000,0.0000,2.7500,-36.8750,10.8750,0.0500,0.0000,0.0100,0.1300,0.1300,9.8000,1,1
28729,7825,246587305,4.750,-5.000,6.000,6.000,2.404,1.931,-0.778,100036.45,37.50,-94.490,-97.765,-19.5920,0.1800,0.1300,9.8300,-0.0625,0.0000,0.0000,2.7500,-37.2500,11.6875,0.0400,0.0100,0.0400,0.1300,0.1300,9.8000,1,1
28744,7829,246707465,4.750,-5.000,6.000,6.000,2.403,1.873,0.905,100037.14,37.50,-94.502,-97.768,-19.6019,0.1700,0.1400,9.8400,0.0625,0.1250,0.0000,2.3750,-37.5625,10.8750,0.0400,0.0000,0.0100,0.1300,0.1300,9.8000,1,1
28758,7833,246827306,4.750,-5.000,6.000,6.000,2.420,2.025,0.054,100035.34,37.50,-94.517,-97.770,-19.5822,0.2000,0.1100,9.8200,0.0000,0.0000,0.0000,2.7500,-37.5625,12.0625,0.0300,0.0000,0.0300,0.1300,0.1300,9.8000,1,1
28773,7837,246949291,4.750,-5.000,6.000,6.000,2.462,2.209,1.077,100033.16,37.51,-94.521,-97.770,-19.6003,0.1800,0.1100,9.8400,0.0000,-0.1250,0.0625,2.7500,-36.8750,11.1875,0.0500,-0.0100,0.0400,0.1300,0.1300,9.8000,1,1
28787,7841,247067329,4.750,-5.000,6.000,6.000,2.391,1.423,0.604,100042.47,37.51,-94.520,-97.769,-19.5805,0.1900,0.1000,9.8200,0.0000,0.0625,-0.0625,2.7500,-37.2500,11.1875,0.0400,0.0000,-0.0100,0.1300,0.1300,9.8000,1,1
28800,7845,247187211,4.750,-5.000,6.000,6.000,2.580,3.118,0.859,100022.38,37.51,-94.536,-97.771,-19.5804,0.1800,0.1100,9.8200,0.0625,0.0625,-0.0625,2.3750,-36.8750,11.6875,0.0400,-0.0100,0.0100,0.1300,0.1300,9.8000,1,1
28815,7849,247307828,4.750,-5.000,6.000,6.000,2.569,2.389,-0.198,100031.02,37.51,-94.515,-97.767,-19.5921,0.1900,0.1200,9.8300,0.0000,-0.0625,0.0625,3.5625,-36.8750,11.6875,0.0500,0.0000,0.0300,0.1300,0.1300,9.8000,1,1
28829,7853,247427492,4.750,-5.000,6.000,6.000,2.589,2.411,0.628,100030.76,37.50,-94.505,-97.765,-19.5631,0.1800,0.1400,9.8000,-0.0625,0.0000,0.0000,2.0625,-37.2500,11.1875,0.0600,0.0000,0.0300,0.1300,0.1300,9.8000,1,1
28844,7857,247549291,4.750,-5.000,6.000,6.000,2.303,2.603,-3.435,100028.48,37.51,-94.597,-97.784,-19.5821,0.1900,0.1200,9.8200,0.0625,0.0000,0.0625,2.3750,-36.8750,11.1875,0.0500,0.0000,0.0200,0.1300,0.1300,9.8000,1,1
28858,7861,247667676,4.750,-5.000,6.000,6.000,2.449,2.310,1.513,100031.95,37.51,-94.572,-97.779,-19.6102,0.1700,0.1200,9.8500,0.0625,0.0625,0.1250,2.3750,-37.5625,11.6875,0.0400,0.0000,0.0100,0.1300,0.1300,9.8000,1,1
28872,7865,247787406,4.750,-5.000,6.000,6.000,2.565,2.465,1.809,100030.11,37.52,-94.545,-97.772,-19.5920,0.1800,0.1300,9.8300,-0.0625,0.0625,0.0625,2.3750,-36.8750,11.1875,0.0500,0.0000,0.0200,0.1300,0.1300,9.8000,1,1
28887,7869,247907943,4.750,-5.000,6.000,6.000,2.562,2.890,-0.012,100025.08,37.50,-94.559,-97.775,-19.5995,0.1800,0.1000,9.8400,0.0625,0.0000,-0.0625,2.3750,-37.2500,10.8750,0.0400,0.0000,0.0100,0.1300,0.1300,9.8000,1,1
28899,7872,248007947,4.750,-5.000,6.000,6.000,2.621,2.636,-0.139,100028.09,37.51,-94.535,-97.770,-19.5929,0.1900,0.1300,9.8300,0.0625,0.0625,-0.0625,2.3750,-37.2500,9.1875,0.0100,-0.0100,0.0100,0.1300,0.1300,9.8000,1,1
28912,7876,248117759,4.750,-5.000,6.000,6.000,2.728,3.837,0.310,100013.84,37.49,-94.535,-97.768,-19.6102,0.1800,0.1100,9.8500,0.0625,0.0625,-0.0625,1.6875,-36.8750,11.1875,0.0500,0.0000,0.0100,0.1300,0.1300,9.8000,1,1
28925,7879,248217951,4.750,-5.000,6.000,6.000,2.410,2.548,-1.303,100029.12,37.51,-94.581,-97.778,-19.5829,0.1700,0.1500,9.8200,0.0000,0.0000,-0.0625,3.1875,-37.2500,11.6875,0.0200,0.0100,0.0100,0.1300,0.1300,9.8000,1,1
28939,7883,248338311,4.750,-5.000,6.000,6.000,2.613,1.791,2.769,100038.12,37.50,-94.505,-97.761,-19.5605,0.1600,0.1300,9.8000,0.0000,0.1875,-0.1875,2.3750,-37.5625,10.3750,0.0500,0.0200,0.0300,0.1300,0.1300,9.8000,1,1
28954,7887,248458488,4.750,-5.000,6.000,6.000,2.648,2.309,0.202,100031.97,37.53,-94.509,-97.762,-19.5903,0.1700,0.1200,9.8300,-0.0625,-0.1250,0.0625,2.7500,-36.8750,11.6875,0.0400,0.0100,0.0400,0.1300,0.1300,9.8000,1,1
28968,7891,248578124,4.750,-5.000,6.000,6.000,2.641,3.367,-1.731,100019.41,37.50,-94.544,-97.770,-19.6011,0.1700,0.1300,9.8400,-0.0625,0.0000,0.0000,2.3750,-36.8750,11.6875,0.0400,0.0000,0.0400,0.1300,0.1300,9.8000,1,1
28983,7895,248700297,4.750,-5.000,6.000,6.000,2.563,2.280,-0.102,100032.31,37.53,-94.524,-97.767,-19.5813,0.1800,0.1200,9.8200,-0.0625,-0.1250,0.1250,2.3750,-37.2500,11.6875,0.0500,0.0000,0.0200,0.1300,0.1300,9.8000,1,1
28997,7899,248818308,4.750,-5.000,6.000,6.000,2.496,2.981,-1.184,100023.99,37.52,-94.563,-97.774,-19.5813,0.1800,0.1200,9.8200,-0.0625,0.0625,0.1875,2.3750,-37.2500,10.3750,0.0400,0.0000,0.0000,0.1300,0.1300,9.8000,1,1
29011,7903,248938500,4.750,-5.000,6.000,6.000,2.744,3.903,1.558,100013.06,37.51,-94.530,-97.766,-19.5705,0.1700,0.1200,9.8100,0.1250,0.1875,0.0000,2.7500,-37.2500,10.3750,0.0400,-0.0100,0.0300,0.1300,0.1300,9.8000,1,1
29026,7907,249058666,4.750,-5.000,6.000,6.000,2.748,2.292,1.152,100032.16,37.51,-94.458,-97.752,-19.5696,0.1700,0.1100,9.8100,0.1875,0.0625,0.1250,1.2500,-37.5625,11.1875,0.0500,0.0200,0.0100,0.1300,0.1300,9.8000,1,1
29040,7911,249178510,4.750,-5.000,6.000,6.000,3.043,3.495,2.093,100017.90,37.53,-94.391,-97.738,-19.5606,0.1800,0.1100,9.8000,0.0000,-0.1250,0.0625,2.7500,-36.8750,10.8750,0.0400,0.0000,0.0200,0.1300,0.1300,9.8000,1,1
29055,7915,249300291,4.750,-5.000,6.000,6.000,3.075,3.287,0.189,100020.37,37.52,-94.337,-97.727,-19.5920,0.1800,0.1300,9.8300,0.1250,0.0000,-0.1875,3.1875,-38.0000,12.0625,0.0400,0.0000,0.0300,0.1300,0.1300,9.8000,1,1
29069,7919,249418675,4.750,-5.000,6.000,6.000,3.020,1.927,0.999,100036.50,37.51,-94.262,-97.712,-19.5730,0.1800,0.1400,9.8100,-0.0625,0.0625,0.0000,2.3750,-37.2500,10.0000,0.0200,-0.0100,0.0300,0.1300,0.1300,9.8000,1,1
29083,7923,249538881,4.750,-5.000,6.000,6.000,2.732,2.682,-3.684,100027.54,37.52,-94.334,-97.727,-19.5895,0.1600,0.1200,9.8300,0.1250,0.0000,-0.1250,2.7500,-37.5625,10.3750,0.0500,0.0000,0.0100,0.1300,0.1300,9.8000,1,1
29098,7927,249659038,4.750,-5.000,5.969,5.750,2.699,1.996,0.697,100035.67,37.51,-94.315,-97.725,-19.6701,0.6300,0.2400,9.8600,0.2500,-0.6250,4.4375,2.3750,-37.2500,11.6875,0.2700,0.1100,0.0700,0.1300,0.1300,9.8000,1,1
29112,7931,249778808,4.875,-5.062,5.982,6.938,2.587,1.758,-0.772,100038.50,37.49,-94.333,-97.741,-19.6004,-1.0700,1.0900,9.8700,4.5625,-9.6875,-28.8750,1.6875,-36.5000,10.3750,-0.0900,0.2300,0.3600,0.1600,0.1400,9.8000,1,1
29124,7934,249878850,4.812,-5.000,7.214,8.375,2.620,3.083,-0.955,100022.79,37.51,-94.371,-97.754,-19.6601,0.4600,0.7800,9.8200,1.9375,-4.0625,-24.8125,1.2500,-36.8750,10.0000,-0.2700,1.4100,0.0000,0.1400,0.1300,9.8000,1,1
29137,7938,249987975,4.938,-5.125,9.138,9.500,2.387,2.902,-2.349,100024.93,37.51,-94.447,-97.769,-19.2255,0.3300,-2.2900,9.6600,0.1250,0.3125,28.0625,1.6875,-36.8750,10.3750,0.1700,-2.4500,-0.1300,0.1600,0.1500,9.8000,1,1
29152,7942,250109301,4.750,-5.062,8.653,8.062,2.518,2.687,2.030,100027.48,37.52,-94.429,-97.740,-19.5453,0.0900,0.1500,9.7900,-0.4375,1.0625,-0.8750,-0.5000,-36.5000,12.5000,0.0600,-0.0200,0.0300,0.1300,0.1400,9.8000,1,1
29164,7945,250209325,4.812,-5.062,8.059,7.500,2.434,1.713,-0.295,100039.03,37.49,-94.435,-97.740,-19.5594,0.0900,0.0900,9.8100,0.5000,-1.6875,5.9375,-1.2500,-35.7500,12.0625,-0.0900,0.0100,0.0400,0.1400,0.1400,9.8000,1,1
29178,7949,250329140,4.812,-5.062,7.071,6.562,2.423,3.327,-1.437,100019.89,37.50,-94.508,-97.755,-19.5633,0.0600,0.0500,9.8200,-0.0625,0.2500,0.0000,-1.5625,-36.8750,12.5000,-0.1800,-0.1100,0.0600,0.1400,0.1400,9.8000,1,1
29190,7952,250429122,4.875,-5.062,6.588,6.375,2.414,2.494,0.699,100029.77,37.49,-94.501,-97.755,-19.5898,0.1800,0.1300,9.8300,0.0000,0.0000,0.2500,-2.3750,-36.0625,11.1875,-0.0400,-0.0600,0.0000,0.1500,0.1400,9.8000,1,1
29203,7956,250539489,4.875,-5.062,6.304,6.125,2.544,2.992,0.912,100023.87,37.50,-94.498,-97.754,-19.5556,0.1300,0.1300,9.8000,-0.0625,0.1875,-0.2500,-2.3750,-36.0625,11.1875,0.0700,0.0100,0.0300,0.1500,0.1400,9.8000,1,1
29216,7959,250639487,4.875,-5.062,6.527,6.812,2.688,4.154,-0.495,100010.09,37.50,-94.498,-97.755,-19.6484,0.2700,0.2600,9.8700,0.1250,-0.3125,0.8750,-1.5625,-36.0625,12.8750,0.0500,0.1900,0.0200,0.1500,0.1400,9.8000,1,1
29230,7963,250751291,4.875,-5.062,6.747,6.812,2.746,2.968,2.504,100024.16,37.51,-94.451,-97.746,-19.5897,0.1700,0.1400,9.8300,-0.1250,-0.0625,-0.0625,-1.2500,-35.3750,13.2500,0.0100,0.0000,0.0300,0.1500,0.1400,9.8000,1,1
29244,7967,250869357,4.875,-5.062,6.798,6.812,2.642,2.831,-0.615,100025.77,37.52,-94.458,-97.748,-19.5798,0.1700,0.1400,9.8200,-0.0625,-0.1250,0.0625,-2.0000,-35.7500,12.0625,0.0200,0.0000,0.0000,0.1500,0.1400,9.8000,1,1
29258,7971,250989028,4.875,-5.062,6.809,6.812,2.860,2.592,1.654,100028.60,37.51,-94.387,-97.733,-19.5815,0.1800,0.1500,9.8200,0.0000,-0.2500,0.0000,-2.0000,-36.8750,11.6875,0.0300,0.0000,0.0100,0.1500,0.1400,9.8000,1,1
29273,7975,251109666,4.875,-5.062,6.806,6.750,2.627,1.864,-0.572,100037.25,37.53,-94.404,-97.738,-19.6270,0.1900,0.0900,9.8700,0.0625,0.0000,1.1875,-3.8750,-36.0625,12.5000,0.0400,-0.2100,0.0400,0.1500,0.1400,9.8000,1,1
29287,7979,251229495,4.875,-5.062,6.601,6.375,2.638,2.827,-0.841,100025.83,37.51,-94.429,-97.744,-19.5679,0.1500,0.0200,9.8200,0.1250,-0.0625,5.8750,-2.7500,-36.0625,12.0625,-0.0500,-0.1700,0.0000,0.1600,0.1500,9.8000,1,1
29302,7983,251351291,4.875,-5.062,5.874,5.375,2.540,1.606,0.071,100040.30,37.54,-94.415,-97.739,-19.6166,0.3800,0.5900,9.8000,-0.5000,3.0000,9.0000,-2.7500,-36.0625,11.6875,0.2200,0.4500,0.0000,0.1500,0.1400,9.8000,1,1
29317,7987,251469477,4.875,-5.062,4.619,3.562,2.486,1.803,0.248,100037.97,37.52,-94.439,-97.740,-19.3852,-0.3900,-1.8100,9.8400,-0.8750,2.4375,23.3125,-3.0625,-36.5000,11.6875,-0.1900,-2.2400,-0.0800,0.1500,0.1400,9.8000,1,1
29331,7991,251589420,5.000,-4.812,2.520,0.688,2.568,1.623,1.924,100040.10,37.52,-94.411,-97.720,-19.4956,-0.4200,-0.3900,9.8300,1.3750,0.8125,47.0000,-4.2500,-37.2500,10.8750,-0.6000,-0.5000,0.0200,0.1700,0.1000,9.8000,1,1
29346,7995,251709856,5.375,-4.688,-6.411,345.438,2.394,2.078,-2.200,100034.70,37.52,-94.476,-97.740,-19.7025,-0.3900,0.1600,9.9900,2.1250,3.2500,112.9375,-9.7500,-37.5625,10.3750,-0.4300,-0.0900,0.0900,0.2300,0.0800,9.8000,1,1
29360,7999,251829699,5.312,-4.562,-17.503,336.688,2.503,1.766,1.239,100038.41,37.51,-94.451,-97.729,-19.7845,-0.9900,0.1300,10.1200,-4.6875,18.5000,31.6875,-15.3750,-34.5625,12.0625,-0.1400,-0.9800,-0.3000,0.2500,0.0600,9.8000,1,1
29375,8003,251951291,5.625,-4.625,-22.479,336.375,2.649,2.197,1.215,100033.29,37.52,-94.430,-97.719,-19.5785,0.8900,0.0900,9.7700,1.0000,3.0000,4.3750,-17.5625,-33.5000,12.5000,0.6000,0.0300,-0.0200,0.2800,0.0600,9.8000,1,1
29389,8007,252069951,5.250,-4.625,-22.285,339.000,2.754,2.477,0.995,100029.97,37.51,-94.393,-97.713,-19.5384,-0.3300,0.5600,9.7800,-1.9375,3.8750,-41.0000,-16.8750,-33.8750,12.5000,-0.2600,0.3200,0.0800,0.2000,0.0600,9.8000,1,1
29404,8011,252194300,5.188,-4.562,-16.810,348.938,2.522,2.635,-1.924,100028.10,37.52,-94.453,-97.735,-19.6317,-0.8900,0.6400,9.9100,-1.8750,-1.5625,-110.0625,-14.2500,-33.8750,11.6875,-1.1000,0.5700,0.1000,0.2100,0.0600,9.8000,1,1
29416,8014,252294291,5.188,-4.688,-7.995,359.375,2.561,3.367,-0.558,100019.42,37.52,-94.467,-97.735,-19.4355,0.6400,0.2000,9.6300,3.1875,3.6250,-123.7500,-8.0000,-36.5000,12.0625,0.4300,0.1200,-0.1600,0.2100,0.0800,9.8000,1,1
29430,8018,252409919,4.938,-5.000,0.859,5.188,2.536,2.658,0.325,100027.83,37.51,-94.459,-97.726,-19.7241,-2.3100,1.4500,10.0700,0.8125,0.5625,-79.1250,-0.5000,-36.8750,12.0625,-2.5300,0.5700,-0.0400,0.1600,0.1400,9.8000,1,1
29444,8022,252529870,4.750,-5.250,10.572,16.938,2.644,3.453,-0.327,100018.40,37.52,-94.467,-97.723,-19.5452,-0.1000,-0.2100,9.8400,0.6875,-1.1250,-108.3125,5.0625,-36.8750,12.5000,-0.6100,-0.8600,0.0300,0.1200,0.1700,9.8000,1,1
29456,8025,252629852,4.562,-5.438,20.372,27.875,2.825,2.615,3.107,100028.34,37.50,-94.387,-97.702,-19.8016,-0.3200,1.1600,10.0100,-3.3125,2.2500,-118.1875,11.6875,-34.2500,12.5000,0.4800,-0.8900,-0.3400,0.1000,0.1900,9.8000,1,1
29469,8029,252740315,4.375,-5.562,30.723,37.250,2.675,1.679,0.849,100039.43,37.52,-94.364,-97.697,-19.7597,-0.3200,0.4000,10.0300,4.2500,-0.8125,-73.3125,19.1875,-31.6875,11.1875,0.2400,-0.7700,0.0100,0.0600,0.2300,9.8000,1,1
29484,8033,252860309,4.188,-5.625,40.191,45.062,2.721,2.189,-0.057,100033.38,37.52,-94.361,-97.700,-20.0413,0.1400,0.7900,10.2400,0.5625,-0.1250,-61.5625,24.3750,-26.5000,11.6875,0.4400,0.5700,0.1300,0.0300,0.2300,9.8000,1,1
29498,8037,252980106,4.062,-5.688,47.456,52.500,2.662,3.526,-2.529,100017.54,37.51,-94.422,-97.721,-19.5713,-0.4500,0.6000,9.8400,2.5000,-3.9375,-112.0625,27.6875,-23.0625,12.5000,-0.1100,0.4400,0.0200,0.0100,0.2500,9.8000,1,1
29513,8041,253102293,4.000,-5.750,56.005,59.500,2.686,3.715,0.202,100015.30,37.51,-94.425,-97.723,-19.5498,-0.1400,0.1500,9.8200,0.4375,-0.1250,-46.1875,30.6875,-17.1875,13.2500,-0.1400,-0.1100,0.0100,0.0000,0.2600,9.8000,1,1
29525,8044,253202291,4.000,-5.812,60.871,66.125,2.499,1.882,-0.567,100037.03,37.53,-94.427,-97.724,-19.6631,0.6900,-0.2700,9.8800,-1.3750,5.1250,-164.6875,31.3750,-15.6875,13.6875,0.7000,-0.5500,0.0800,0.0000,0.2700,9.8000,1,1
29538,8048,253310487,3.625,-5.812,73.886,83.812,2.330,2.468,-1.994,100030.09,37.51,-94.503,-97.741,-19.6383,0.1600,0.4100,9.8600,-1.8750,4.0625,-89.4375,35.8750,-5.6875,13.2500,-1.9600,-0.7700,-0.0300,-0.0600,0.2600,9.8000,1,1
29552,8052,253430306,3.500,-5.750,85.051,92.562,2.418,1.284,2.665,100044.12,37.53,-94.452,-97.735,-19.5471,-0.7200,0.0100,9.8800,-1.5000,2.1250,-186.3125,35.8750,-0.0625,12.0625,0.1700,0.2500,-0.7000,-0.0800,0.2500,9.8000,1,1
29567,8056,253552291,3.438,-5.688,95.755,98.938,2.560,2.806,0.563,100026.07,37.54,-94.477,-97.733,-19.6241,0.1700,0.2800,9.8500,-0.1250,0.0000,0.6875,35.5000,9.1875,13.6875,0.2800,0.0300,0.0500,-0.1000,0.2400,9.8000,1,1
29581,8060,253670500,3.625,-5.750,94.604,90.562,2.574,2.414,0.530,100030.72,37.52,-94.459,-97.734,-19.4682,0.0200,0.4400,9.7000,0.1875,0.8750,116.9375,35.0625,7.6875,12.0625,0.1900,-0.2600,0.0500,-0.0600,0.2600,9.8000,1,1
29595,8064,253790583,4.125,-5.875,81.950,69.500,2.514,2.954,-1.552,100024.31,37.52,-94.497,-97.739,-19.4247,0.0900,-4.6500,10.0200,1.3750,-0.6875,264.3125,36.1875,-0.5000,11.6875,0.3100,-0.1200,0.0000,0.0300,0.2700,9.8000,1,1
29610,8068,253910846,4.938,-5.688,55.480,39.188,2.310,1.558,-0.235,100040.88,37.52,-94.513,-97.724,-18.8278,3.3800,-2.1800,8.9500,0.5000,0.0625,172.9375,28.7500,-23.5000,10.3750,-2.2500,1.1100,0.7500,0.1600,0.2500,9.8000,1,1
29624,8072,254030496,4.938,-5.625,36.504,28.250,2.458,3.290,-0.683,100020.34,37.52,-94.556,-97.733,-19.6692,1.4600,0.3800,9.7700,1.1250,0.6875,-1.6250,18.7500,-31.6875,12.5000,0.8600,1.5500,0.0200,0.1600,0.2300,9.8000,1,1
29639,8076,254152291,4.438,-5.500,28.812,26.125,2.569,3.173,1.513,100021.73,37.52,-94.532,-97.737,-19.8000,0.8400,-0.9200,10.0600,-1.0000,3.2500,15.7500,13.5625,-32.7500,12.0625,0.7600,-1.1400,0.2500,0.0800,0.2200,9.8000,1,1
29653,8080,254270763,4.562,-5.438,24.802,21.250,2.769,2.037,2.608,100035.19,37.52,-94.435,-97.701,-19.3656,-1.4300,-0.0100,9.7700,0.1875,-0.5000,119.8750,12.0625,-33.5000,10.8750,-0.8900,-0.6100,-0.0900,0.1000,0.2000,9.8000,1,1
29667,8084,254390575,5.125,-5.250,18.043,13.500,2.720,1.710,0.671,100039.07,37.53,-94.407,-97.721,-19.9001,0.3800,1.6900,9.9900,-9.5000,-12.1250,147.7500,6.5625,-34.5625,13.6875,0.1800,1.5200,0.1900,0.1900,0.1700,9.8000,1,1
29682,8088,254511029,5.000,-5.125,7.681,1.875,2.609,2.982,-2.098,100023.99,37.52,-94.466,-97.732,-19.5479,0.8100,0.7400,9.6800,4.9375,2.3750,52.6250,-0.8750,-35.7500,13.2500,0.0300,1.0700,0.2100,0.1700,0.1500,9.8000,1,1
29694,8091,254610953,5.250,-5.000,3.109,1.188,2.583,2.535,0.597,100029.29,37.52,-94.456,-97.737,-19.5880,0.5200,0.8100,9.7400,-6.5000,-2.5000,0.8125,-2.3750,-36.0625,13.2500,0.4200,0.5700,0.0000,0.2000,0.1100,9.8000,1,1
29708,8095,254730852,5.000,-4.938,2.242,2.438,2.721,3.219,0.423,100021.18,37.51,-94.441,-97.733,-19.7463,-0.0200,0.7600,9.9500,2.0625,1.7500,-9.7500,-2.7500,-36.5000,12.8750,0.1700,0.4400,0.1500,0.1700,0.1300,9.8000,1,1
29722,8099,254847291,5.062,-4.938,2.961,3.250,2.610,2.473,0.212,100030.02,37.51,-94.429,-97.734,-19.2940,1.5100,-0.3500,9.4600,1.4375,1.5000,3.5625,-2.3750,-36.5000,13.2500,1.3200,-0.4700,-0.3300,0.1800,0.1100,9.8000,1,1
29734,8102,254947291,5.000,-4.938,3.615,4.250,2.715,2.599,0.994,100028.53,37.51,-94.401,-97.728,-19.8309,-0.1800,0.7500,10.0500,0.6875,-0.1250,2.3125,-1.5625,-36.5000,11.1875,-0.3500,0.6300,0.2400,0.1700,0.1200,9.8000,1,1
29748,8106,255061302,4.750,-5.125,3.791,4.062,2.788,2.398,0.885,100030.91,37.52,-94.358,-97.717,-19.3484,-0.1700,-0.2600,9.6500,0.0000,0.3125,-10.5000,-4.2500,-36.5000,10.8750,0.4300,0.2700,-0.0200,0.1300,0.1500,9.8000,1,1
29762,8110,255181095,4.750,-5.188,4.548,5.000,2.962,3.032,1.023,100023.40,37.52,-94.315,-97.708,-19.5015,0.4200,0.0000,9.7300,-1.8125,2.5000,-1.8125,-3.8750,-37.5625,11.6875,0.6600,0.6400,0.0400,0.1300,0.1600,9.8000,1,1
29777,8114,255303291,4.688,-5.125,6.029,7.688,2.743,1.688,0.090,100039.34,37.52,-94.297,-97.706,-19.5633,-1.1500,0.8800,9.8600,-4.6875,-4.1250,-36.1875,-2.7500,-36.0625,12.0625,-1.2700,0.7300,0.0500,0.1200,0.1500,9.8000,1,1
29791,8118,255421312,4.562,-5.250,7.814,8.375,2.638,2.169,-2.174,100033.62,37.51,-94.338,-97.717,-19.6043,0.1800,0.1700,9.8400,0.0625,0.0625,-0.2500,-0.5000,-36.5000,11.1875,0.0500,0.0000,0.0000,0.1000,0.1700,9.8000,1,1
29805,8122,255541490,4.562,-5.250,8.247,8.375,2.794,3.362,-0.574,100019.48,37.54,-94.345,-97.719,-19.5759,0.1700,0.2000,9.8100,0.0000,0.1875,0.0000,-0.0625,-35.3750,11.1875,0.0400,0.0000,0.0200,0.1000,0.1700,9.8000,1,1
29820,8126,255661647,4.625,-5.250,8.342,8.312,3.060,3.570,2.315,100017.01,37.52,-94.270,-97.706,-19.6083,0.3600,-0.1000,9.8500,1.3125,0.9375,8.1875,-0.5000,-36.0625,11.6875,0.4000,-0.1900,0.0000,0.1000,0.1700,9.8000,1,1
29834,8130,255781328,4.688,-5.125,5.356,3.312,2.718,1.896,-2.199,100036.86,37.52,-94.279,-97.707,-19.4856,0.4200,0.5200,9.6700,-0.6250,1.6875,3.8125,-3.0625,-36.0625,11.6875,0.6200,0.6700,0.0600,0.1200,0.1500,9.8000,1,1
29849,8134,255902023,4.688,-5.125,3.684,3.250,2.775,3.201,-0.006,100021.39,37.52,-94.306,-97.716,-19.6025,0.1400,0.1900,9.8400,0.0000,-0.0625,-0.0625,-4.5625,-36.5000,12.0625,0.0400,0.0200,0.0300,0.1200,0.1500,9.8000,1,1
29861,8137,256001073,4.688,-5.125,3.372,3.250,2.897,2.969,0.928,100024.15,37.52,-94.262,-97.708,-19.6026,0.1500,0.1800,9.8400,-0.0625,0.1250,-0.1875,-3.8750,-37.5625,11.6875,0.0300,0.0200,0.0300,0.1200,0.1500,9.8000,1,1
29874,8141,256111559,4.688,-5.125,3.281,3.250,2.617,2.873,-2.222,100025.28,37.51,-94.325,-97.722,-19.5746,0.1700,0.1800,9.8100,-0.0625,0.0625,0.0000,-3.5000,-36.5000,12.0625,0.0400,0.0100,0.0200,0.1200,0.1500,9.8000,1,1
29887,8144,256211916,4.688,-5.125,3.258,3.250,2.513,3.290,-2.519,100020.34,37.53,-94.382,-97.735,-19.6035,0.1600,0.1800,9.8400,0.0000,0.1250,-0.1875,-4.5625,-36.0625,11.6875,0.0300,0.0000,0.0200,0.1200,0.1500,9.8000,1,1
29900,8148,256321571,4.688,-5.125,3.252,3.250,2.492,2.382,-0.102,100031.10,37.52,-94.391,-97.737,-19.5737,0.1600,0.1800,9.8100,0.0625,-0.0625,-0.1250,-4.5625,-36.0625,12.5000,0.0400,0.0100,0.0300,0.1200,0.1500,9.8000,1,1
29914,8152,256441588,4.688,-5.125,3.250,3.250,2.528,2.627,0.245,100028.20,37.53,-94.407,-97.740,-19.5837,0.1700,0.1700,9.8200,-0.0625,0.0000,-0.1250,-4.2500,-36.0625,11.6875,0.0300,0.0200,0.0100,0.1200,0.1500,9.8000,1,1
29929,8156,256561832,4.688,-5.125,3.250,3.250,2.759,2.040,3.089,100035.16,37.52,-94.336,-97.727,-19.5819,0.1500,0.1700,9.8200,-0.0625,0.0000,0.0000,-4.5625,-37.5625,11.1875,0.0400,0.0100,0.0100,0.1200,0.1500,9.8000,1,1
29943,8160,256681673,4.750,-5.125,2.730,1.875,2.712,3.127,-2.238,100022.27,37.53,-94.384,-97.733,-19.4070,-0.3200,-0.1100,9.7100,0.0000,-0.2500,18.3125,-5.0000,-36.5000,12.0625,0.1700,0.0800,0.0900,0.1400,0.1600,9.8000,1,1
29959,8164,256803291,4.812,-5.125,1.563,1.250,2.536,2.421,-0.736,100030.63,37.52,-94.411,-97.741,-19.6192,0.2400,0.1800,9.8500,0.1250,0.1875,-0.0625,-5.0000,-36.0625,11.1875,0.0900,0.0200,0.0400,0.1400,0.1500,9.8000,1,1
29975,8168,256929687,4.812,-5.125,1.308,1.250,2.670,2.880,0.777,100025.19,37.53,-94.403,-97.741,-19.5525,0.1600,0.1800,9.7900,0.0000,-0.1250,0.0000,-5.2500,-36.5000,12.0625,0.0200,0.0200,0.0000,0.1400,0.1500,9.8000,1,1
29989,8171,257031398,4.812,-5.125,1.263,1.250,2.676,3.064,-0.144,100023.02,37.50,-94.412,-97.745,-19.5896,0.1500,0.1600,9.8300,0.0000,0.1250,-0.1250,-5.6875,-35.7500,11.1875,0.0100,0.0000,0.0200,0.1400,0.1500,9.8000,1,1
30004,8175,257142578,4.812,-5.125,1.253,1.250,2.392,2.558,-2.791,100029.01,37.52,-94.490,-97.761,-19.5824,0.1800,0.1600,9.8200,-0.0625,0.0625,0.0000,-6.0625,-36.5000,11.1875,0.0100,0.0100,0.0100,0.1400,0.1500,9.8000,1,1
30020,8179,257262207,4.812,-5.125,1.250,1.250,2.609,1.735,2.476,100038.77,37.53,-94.427,-97.748,-19.5905,0.1600,0.1600,9.8300,-0.0625,0.1250,0.0000,-6.5000,-36.8750,10.3750,0.0400,0.0000,0.0300,0.1400,0.1500,9.8000,1,1
30033,8182,257362095,4.812,-5.125,1.250,1.250,2.678,2.268,0.094,100032.45,37.51,-94.434,-97.749,-19.5904,0.1500,0.1700,9.8300,0.0000,-0.0625,0.0000,-6.5000,-36.0625,11.1875,0.0300,0.0000,0.0200,0.1400,0.1500,9.8000,1,1
30046,8186,257472152,4.812,-5.188,1.221,1.125,2.600,2.770,-1.192,100026.50,37.53,-94.466,-97.756,-19.6849,1.1100,0.3900,9.8200,0.8750,-1.7500,9.1250,-6.7500,-36.0625,11.6875,0.1500,0.0000,-0.0800,0.1400,0.1600,9.8000,1,1
30061,8190,257597300,4.875,-5.188,0.960,0.875,2.313,1.944,-1.857,100036.30,37.53,-94.522,-97.765,-19.5016,-0.0100,0.1300,9.7600,-0.8750,2.0625,-7.6250,-6.5000,-35.0000,12.5000,-0.1600,-0.0200,-0.0300,0.1500,0.1600,9.8000,1,1
30073,8193,257698296,4.812,-5.188,1.339,1.938,2.558,3.585,-0.462,100016.84,37.52,-94.529,-97.767,-19.8785,1.4200,-0.3600,10.0500,1.3750,-4.0000,-6.6250,-6.7500,-33.5000,12.5000,1.2700,-0.5200,0.2500,0.1400,0.1600,9.8000,1,1
30087,8197,257812484,4.812,-5.188,2.109,2.625,2.614,2.999,1.144,100023.78,37.51,-94.507,-97.763,-19.6935,0.6500,0.0400,9.9000,-1.1250,2.6250,1.8125,-5.0000,-32.0625,12.0625,0.0300,-0.3000,-0.0200,0.1300,0.1600,9.8000,1,1
30101,8201,257932153,4.750,-5.188,2.647,3.000,2.784,1.893,2.457,100036.91,37.51,-94.414,-97.743,-19.5866,-0.0100,0.3000,9.8300,0.6250,-1.1875,-9.0000,-5.2500,-31.2500,12.0625,0.5100,-0.1800,0.0400,0.1300,0.1600,9.8000,1,1
30115,8205,258048291,4.750,-5.188,2.730,2.688,2.544,2.032,-1.239,100035.26,37.53,-94.451,-97.750,-19.5723,0.1700,0.1700,9.8100,-0.0625,0.0625,0.0000,-3.5000,-29.7500,14.0625,0.0300,0.0000,0.0100,0.1300,0.1600,9.8000,1,1
30130,8209,258172331,4.938,-5.312,2.639,2.438,2.434,1.994,-1.052,100035.70,37.53,-94.485,-97.758,-19.6275,0.3900,0.6200,9.8100,1.8125,-1.1875,11.0000,-2.7500,-30.1875,16.5625,-0.0600,0.2200,0.0200,0.1700,0.1900,9.8000,1,1
30144,8213,258292024,5.188,-5.438,2.432,2.375,2.648,2.715,1.561,100027.16,37.52,-94.464,-97.754,-19.5982,0.3800,0.2200,9.8200,0.9375,-1.1875,-0.2500,-1.5625,-29.0625,16.5625,0.1700,0.0100,0.0200,0.2000,0.2100,9.8000,1,1
30160,8217,258412644,5.188,-5.688,2.461,2.812,2.462,2.402,-1.866,100030.86,37.53,-94.512,-97.763,-19.5731,0.0700,0.4200,9.8100,1.0625,1.4375,-20.0625,1.0000,-29.2500,18.0000,0.5600,0.0000,0.0000,0.2000,0.2400,9.8000,1,1
30174,8221,258532508,5.125,-5.625,3.789,5.125,2.293,2.373,-2.077,100031.21,37.53,-94.574,-97.774,-19.5695,-0.3900,0.0900,9.8800,0.2500,-0.8125,-27.1250,2.7500,-29.2500,19.2500,-0.6900,-0.1200,0.1600,0.1900,0.2400,9.8000,1,1
30189,8225,258654291,5.062,-5.562,4.508,3.438,2.466,1.962,1.807,100036.08,37.53,-94.538,-97.763,-19.5769,0.4800,0.0900,9.8000,-1.1250,2.8750,41.3750,2.0625,-27.8750,17.5625,0.2800,-0.1300,0.0000,0.1900,0.2200,9.8000,1,1
30203,8229,258772489,5.188,-5.438,1.649,0.125,2.316,1.709,-0.823,100039.09,37.54,-94.573,-97.775,-19.6196,0.7200,0.3200,9.8000,-0.2500,0.1250,5.3750,-2.3750,-28.1875,18.8750,-0.0900,-0.0100,0.0300,0.2100,0.2100,9.8000,1,1
30218,8233,258894297,5.125,-5.438,0.389,0.062,2.159,1.664,-1.781,100039.61,37.54,-94.638,-97.787,-19.6099,0.2100,0.1900,9.8500,1.8750,-4.6875,0.3125,-2.3750,-28.8750,18.0000,0.0100,-0.0100,0.0400,0.1900,0.2000,9.8000,1,1
30233,8237,259012835,5.000,-5.375,0.011,359.875,1.993,1.999,-1.441,100035.64,37.54,-94.730,-97.804,-19.5521,-0.0400,0.1100,9.8200,0.0625,0.1875,-0.0625,-1.5625,-29.2500,18.0000,-0.0800,-0.0300,0.0300,0.1800,0.1900,9.8000,1,1
30247,8241,259132200,5.062,-5.438,-0.094,359.875,2.364,2.709,2.866,100027.22,37.52,-94.695,-97.796,-19.5839,0.2900,0.2500,9.8100,-1.0625,2.6875,0.0000,-1.2500,-29.2500,18.3750,0.1000,0.0400,0.0100,0.1900,0.2000,9.8000,1,1
30260,8244,259232581,5.000,-5.375,-0.117,359.875,2.349,2.437,0.943,100030.45,37.53,-94.700,-97.797,-19.5960,0.2300,0.2100,9.8300,0.3750,-0.2500,-0.0625,-0.8750,-28.5625,18.8750,0.0700,0.0300,0.0300,0.1700,0.1900,9.8000,1,1
30274,8248,259342400,5.000,-5.375,-0.173,359.750,2.491,1.642,2.083,100039.88,37.53,-94.645,-97.785,-19.5831,0.1300,0.1700,9.8300,0.1875,-0.1875,1.6250,-1.5625,-28.8750,18.0000,-0.0400,-0.0200,0.0200,0.1700,0.1900,9.8000,1,1
30288,8251,259443655,5.000,-5.312,-0.351,359.500,2.505,2.980,-1.359,100024.01,37.54,-94.690,-97.794,-19.5759,0.1500,0.1700,9.8200,-0.1250,0.2500,1.1250,-1.5625,-28.5625,18.3750,-0.0100,-0.0100,0.0200,0.1700,0.1800,9.8000,1,1
30304,8255,259563035,5.000,-5.312,-0.472,359.500,2.385,1.649,-0.394,100039.80,37.53,-94.694,-97.794,-19.5922,0.2000,0.1900,9.8300,0.1250,-0.1250,0.0625,-1.2500,-29.2500,18.8750,0.0100,-0.0100,0.0000,0.1700,0.1800,9.8000,1,1
30319,8259,259682393,5.000,-5.312,-0.494,359.500,2.860,3.356,3.536,100019.55,37.53,-94.620,-97.777,-19.5797,0.2000,0.1600,9.8200,-0.1875,0.2500,-0.1250,-1.2500,-29.2500,19.2500,0.0300,-0.0200,0.0100,0.1700,0.1800,9.8000,1,1
30335,8263,259800291,5.000,-5.312,-0.499,359.500,2.677,2.896,-1.727,100025.00,37.53,-94.627,-97.779,-19.5860,0.2500,0.1800,9.8200,0.4375,-0.5000,0.0625,-0.8750,-28.5625,18.3750,0.0800,0.0000,0.0200,0.1700,0.1800,9.8000,1,1
30351,8267,259923123,5.000,-5.312,-0.512,359.438,2.637,0.768,2.095,100050.24,37.53,-94.540,-97.762,-19.5932,0.2200,0.1800,9.8300,0.6875,-1.2500,4.0625,-1.5625,-28.8750,18.0000,0.0400,0.0100,0.0100,0.1700,0.1800,9.8000,1,1
30363,8270,260023129,5.000,-5.312,-0.683,359.125,2.915,3.597,-0.924,100016.70,37.54,-94.534,-97.760,-19.5992,0.2300,0.0100,9.8500,0.0625,-1.8125,9.8125,-0.8750,-28.8750,18.0000,0.1400,-0.1600,0.0100,0.1700,0.1800,9.8000,1,1
30376,8274,260133134,4.938,-5.188,-1.129,358.688,2.568,1.935,-1.094,100036.41,37.53,-94.537,-97.760,-19.5711,0.1800,0.1700,9.8100,-0.3125,0.0000,0.0625,-3.8750,-30.0625,18.0000,0.0400,0.0000,0.0000,0.1600,0.1600,9.8000,1,1
30391,8278,260255291,4.938,-5.188,-1.275,358.688,2.570,3.156,-1.280,100021.92,37.54,-94.575,-97.767,-19.5918,0.1900,0.1700,9.8300,-0.0625,0.0000,0.0625,-6.7500,-31.8750,15.8750,0.0300,0.0000,0.0200,0.1600,0.1600,9.8000,1,1
30405,8282,260373126,4.938,-5.188,-1.304,358.688,2.628,2.901,1.106,100024.95,37.54,-94.544,-97.761,-19.6090,0.1700,0.1600,9.8500,-0.1250,-0.1250,0.0000,-8.0000,-33.7500,15.0625,0.0200,-0.0300,0.0100,0.1600,0.1600,9.8000,1,1
30419,8286,260493352,4.938,-5.188,-1.311,358.688,2.641,2.401,0.145,100030.88,37.54,-94.512,-97.754,-19.6026,0.1900,0.1800,9.8400,-0.0625,0.0000,-0.0625,-7.5625,-34.8750,13.0625,0.0200,0.0200,0.0400,0.1600,0.1600,9.8000,1,1
30434,8290,260613473,4.938,-5.188,-1.312,358.688,2.803,2.657,1.669,100027.84,37.54,-94.469,-97.746,-19.5818,0.1800,0.1800,9.8200,0.0000,-0.0625,0.0625,-5.6875,-36.0000,12.2500,0.0300,-0.0100,0.0100,0.1600,0.1600,9.8000,1,1
30448,8294,260733311,4.938,-5.188,-1.312,358.688,2.620,2.228,-2.196,100032.92,37.53,-94.489,-97.750,-19.5620,0.1900,0.1700,9.8000,0.0625,0.0000,0.0000,-5.6875,-36.3750,12.6875,0.0300,0.0000,0.0100,0.1600,0.1600,9.8000,1,1
30463,8298,260855291,4.938,-5.188,-1.312,358.688,2.757,2.859,0.963,100025.44,37.54,-94.466,-97.746,-19.5836,0.1900,0.1900,9.8200,0.0000,0.0000,0.0000,-5.0000,-36.7500,13.0625,0.0300,0.0200,0.0200,0.1600,0.1600,9.8000,1,1
30477,8302,260973305,4.938,-5.188,-1.312,358.688,2.955,3.116,1.593,100022.40,37.54,-94.400,-97.734,-19.6126,0.2100,0.1600,9.8500,0.0000,0.0625,0.0625,-5.0000,-37.5000,13.5000,0.0300,0.0000,0.0300,0.1600,0.1600,9.8000,1,1
30491,8306,261093589,4.938,-5.188,-1.312,358.688,2.989,3.462,-1.091,100018.29,37.54,-94.374,-97.729,-19.6017,0.1900,0.1700,9.8400,0.0000,0.0000,0.1250,-4.2500,-37.8750,12.6875,0.0300,0.0000,0.0200,0.1600,0.1600,9.8000,1,1
30506,8310,261213650,4.938,-5.188,-1.312,358.688,2.661,2.179,-1.538,100033.51,37.55,-94.388,-97.733,-19.5891,0.1700,0.1600,9.8300,-0.0625,0.0625,0.0625,-3.8750,-36.7500,12.6875,0.0100,0.0000,0.0200,0.1600,0.1600,9.8000,1,1
30520,8314,261333495,4.938,-5.188,-1.312,358.688,2.376,2.371,-2.622,100031.23,37.54,-94.466,-97.750,-19.6637,0.4800,0.2400,9.8700,0.0000,0.0625,0.0625,-4.5625,-36.3750,12.6875,0.0500,-0.0100,0.0600,0.1600,0.1600,9.8000,1,1
30533,8317,261433217,4.875,-5.188,-1.312,358.688,2.238,2.519,-2.364,100029.47,37.54,-94.534,-97.766,-19.6313,0.2800,0.1800,9.8600,0.3125,-0.2500,-0.0625,-3.8750,-37.5000,12.6875,0.1300,0.0100,0.0500,0.1500,0.1600,9.8000,1,1
30546,8321,261543573,4.938,-5.250,-1.312,358.688,2.504,2.885,2.677,100025.14,37.54,-94.505,-97.757,-19.5505,0.1900,0.1600,9.7900,-0.8125,0.0625,0.0000,-5.2500,-36.3750,13.5000,0.0200,-0.0100,0.0400,0.1600,0.1600,9.8000,1,1
30558,8324,261643689,4.938,-5.188,-1.312,358.688,2.498,2.800,0.176,100026.15,37.54,-94.509,-97.758,-19.5703,0.2000,0.1400,9.8100,-0.1875,0.1250,0.0625,-5.0000,-37.5000,13.5000,0.0100,0.0100,0.0300,0.1600,0.1600,9.8000,1,1
30572,8328,261755291,4.938,-5.188,-1.312,358.688,2.423,3.171,-1.313,100021.74,37.54,-94.558,-97.767,-19.5836,0.1900,0.1900,9.8200,0.0625,0.0000,-0.1250,-4.5625,-36.3750,13.5000,0.0300,0.0200,0.0200,0.1600,0.1700,9.8000,1,1
30586,8332,261873599,4.938,-5.188,-1.312,358.688,2.671,2.670,2.538,100027.68,37.54,-94.490,-97.753,-19.5630,0.2000,0.1700,9.8000,0.0625,0.0625,-0.0625,-4.5625,-37.0625,13.0625,0.0200,0.0000,0.0100,0.1600,0.1600,9.8000,1,1
30601,8336,261996297,4.938,-5.188,-1.312,358.688,2.523,1.149,0.050,100045.73,37.55,-94.468,-97.749,-19.5883,0.1800,0.1400,9.8300,0.0625,0.0000,0.0000,-5.2500,-37.0625,14.2500,0.0200,-0.0200,0.0200,0.1600,0.1700,9.8000,1,1
30615,8340,262113564,4.938,-5.188,-1.312,358.688,2.434,3.507,-2.938,100017.77,37.54,-94.574,-97.770,-19.6117,0.2000,0.1600,9.8500,0.1250,0.0000,0.0000,-3.0625,-37.8750,13.8750,0.0100,-0.0100,0.0100,0.1600,0.1600,9.8000,1,1
30630,8344,262233375,4.938,-5.188,-1.312,358.688,2.585,2.779,1.441,100026.40,37.55,-94.531,-97.760,-19.5521,0.1900,0.1700,9.7900,-0.1250,-0.0625,-0.0625,-2.7500,-36.7500,13.8750,0.0200,0.0000,0.0000,0.1600,0.1600,9.8000,1,1
30643,8347,262334539,4.938,-5.188,-1.312,358.688,2.466,1.671,0.696,100039.53,37.54,-94.531,-97.761,-19.6009,0.1900,0.1600,9.8400,0.0000,-0.0625,0.0625,-2.0000,-36.7500,13.0625,0.0200,0.0000,0.0400,0.1600,0.1600,9.8000,1,1
30658,8351,262450291,4.938,-5.188,-1.312,358.688,2.576,3.031,-0.087,100023.40,37.54,-94.549,-97.764,-19.5413,0.1900,0.1600,9.7800,-0.1250,-0.0625,0.0000,-1.2500,-36.3750,13.0625,0.0300,0.0000,-0.0100,0.1600,0.1600,9.8000,1,1
30673,8355,262573945,4.938,-5.188,-1.312,358.688,2.762,3.280,1.387,100020.46,37.54,-94.505,-97.755,-19.5810,0.1900,0.1600,9.8200,-0.0625,0.0000,-0.1250,-0.5000,-36.0000,12.6875,0.0300,0.0100,0.0000,0.1600,0.1600,9.8000,1,1
30687,8359,262694305,4.938,-5.188,-1.312,358.688,2.723,2.551,0.769,100029.09,37.54,-94.465,-97.747,-19.5819,0.2000,0.1600,9.8200,0.1250,0.0625,0.0000,-1.2500,-35.2500,13.8750,0.0300,0.0400,0.0500,0.1600,0.1600,9.8000,1,1
30702,8363,262814303,4.938,-5.188,-1.312,358.688,2.835,2.701,1.403,100027.32,37.54,-94.421,-97.739,-19.5829,0.2200,0.1500,9.8200,-0.0625,-0.1875,0.1875,-0.8750,-35.5625,11.3750,0.0400,0.0000,0.0200,0.1600,0.1600,9.8000,1,1
30716,8367,262934125,4.938,-5.188,-1.312,358.688,2.701,2.843,-1.521,100025.63,37.55,-94.442,-97.743,-19.5594,0.1800,0.1500,9.8000,0.0625,-0.1250,0.0625,-0.0625,-34.8750,11.0625,0.0200,0.0000,0.0200,0.1600,0.1600,9.8000,1,1
30730,8371,263050291,4.938,-5.188,-1.312,358.688,2.910,3.156,1.232,100021.92,37.54,-94.395,-97.734,-19.5919,0.2000,0.1600,9.8300,0.0000,0.0000,0.1250,-0.5000,-35.5625,11.0625,0.0400,0.0000,0.0200,0.1600,0.1600,9.8000,1,1
30745,8375,263174149,4.938,-5.188,-1.312,358.688,2.594,2.887,-3.700,100025.11,37.56,-94.456,-97.747,-19.5909,0.1800,0.1700,9.8300,0.1250,-0.1875,-0.0625,-0.0625,-35.2500,11.8750,0.0400,-0.0100,-0.0100,0.1600,0.1600,9.8000,1,1
30759,8379,263294389,4.938,-5.188,-1.312,358.688,2.634,1.952,1.100,100036.20,37.56,-94.414,-97.738,-19.5928,0.2200,0.1500,9.8300,-0.1250,-0.0625,0.1250,-0.5000,-35.2500,11.3750,0.0200,0.0000,0.0300,0.1600,0.1600,9.8000,1,1
30774,8383,263414592,4.938,-5.188,-1.312,358.688,2.426,2.897,-2.898,100025.00,37.55,-94.505,-97.757,-19.5846,0.2200,0.1700,9.8200,0.1250,0.0000,0.1250,-1.2500,-35.5625,11.0625,0.0200,0.0200,0.0100,0.1600,0.1600,9.8000,1,1
30788,8387,263534333,4.938,-5.188,-1.312,358.688,3.008,4.025,4.499,100011.62,37.55,-94.396,-97.735,-19.5801,0.1800,0.1600,9.8200,0.0625,-0.0625,0.0625,-1.2500,-35.2500,11.8750,0.0200,-0.0200,0.0300,0.1600,0.1600,9.8000,1,1
30803,8391,263656299,4.938,-5.188,-1.312,358.688,2.927,2.834,0.398,100025.74,37.56,-94.347,-97.727,-19.5991,0.1700,0.1600,9.8400,0.0000,0.0000,0.1250,-0.8750,-36.0000,11.8750,0.0100,0.0000,0.0400,0.1600,0.1600,9.8000,1,1
30817,8395,263774515,4.938,-5.250,-1.312,358.688,3.038,3.727,0.435,100015.16,37.56,-94.315,-97.721,-19.5836,0.1800,0.2100,9.8200,0.3750,-0.1875,0.0625,-0.8750,-34.8750,11.3750,0.0500,0.0100,0.0100,0.1600,0.1700,9.8000,1,1
30831,8399,263894395,4.938,-5.250,-1.312,358.688,2.932,2.302,0.442,100032.05,37.56,-94.258,-97.710,-19.5909,0.1700,0.1900,9.8300,0.1875,-0.1250,0.1250,-1.2500,-35.5625,10.1875,0.0100,0.0100,0.0200,0.1600,0.1700,9.8000,1,1
30846,8403,264014847,4.938,-5.250,-1.312,358.688,2.635,3.608,-4.186,100016.56,37.56,-94.370,-97.733,-19.5793,0.1800,0.1600,9.8200,-0.0625,0.1875,-0.0625,-0.8750,-35.5625,11.0625,0.0200,0.0000,0.0200,0.1600,0.1700,9.8000,1,1
30860,8407,264134521,4.938,-5.250,-1.312,358.688,2.785,2.617,1.243,100028.31,37.56,-94.311,-97.721,-19.5621,0.1900,0.1800,9.8000,-0.1250,-0.1250,0.0000,-0.0625,-34.1875,11.3750,0.0300,-0.0200,0.0000,0.1600,0.1700,9.8000,1,1
3